chain,subject_id,threshold1_event_id,threshold3_event_id,threshold1_time,threshold3_time,delta_seconds
bsc,eip155:56:0x510ba20014ef1ac0dd90555e9ca138411ae04444,eb34a036a7d2e7c63209c4a0d1460a3f7d7193050e9ef1a6a607335f79a09899,7732c8721684c67009676b67d383453063da698699e2a5fbeec1755bae11a978,2026-09-14T12:00:34+00:00,2026-09-14T12:03:37+00:00,183
bsc,eip155:56:0x6d485f5be09eb926d42cec5c7f904150bc774444,6d2b7dbc60d99d11d2c539ef276f5baf24cec91420e6abcbf4b272b73e2042cc,12782c2f1cc46e05249453ade02f2377bad461d4c74db24c33634bd7b864a1ee,2026-09-14T12:01:24+00:00,2026-09-14T12:01:49+00:00,25
bsc,eip155:56:0x718864d5c63b74c6dcf57ee0dee6bbee3e704444,4ce9b4a78fb80b517c4c8c88ac4e788f3b36d437c025411849269b86d2a74b9f,2c1c221383f34131a2fadf18c0c95ec98d834bed45c672f1c768ad30d6cd0393,2026-09-14T12:01:02+00:00,2026-09-14T12:02:28+00:00,86
bsc,eip155:56:0xa3c791ce79ee140705830e96035dbb4fe8324444,47fa25cbac71150c3c8980d3855e109c67c9d17a374ba5d98ce651663bc781a0,4816698d88e2a8414a0bc9df4384c35a48da540f90d986fe952e330c89658cfb,2026-09-14T12:01:34+00:00,2026-09-14T12:01:54+00:00,20
bsc,eip155:56:0xd4c759630467cac11bfd51600ced9b685be4ffff,5e171d8c769d81495d2276a3bfac287549b3eac5e628a53adf2c843afb7c9326,b9600ac4709553a2038fa62c964b712bf8516b14322f4a2ec8790f56ee6fa537,2026-09-14T12:02:46+00:00,2026-09-14T12:02:48+00:00,2
solana,solana:mainnet:12DqvhKnLFV9uiGiQYJeAkSLS7eF5FiE5UE61vA1pump,6c53890d3999f28cc73beb1fb4c31c9a023d622fd3545b0375d78a29df67789c,fc690244b9e5d1b4313e5107055150fe53e8ae827f6937f82fb29e5e3c0b7c38,2026-09-14T12:00:00+00:00,2026-09-14T12:00:00+00:00,0
solana,solana:mainnet:14B1NRQEWbhdEo8NCNPn2d7NcP2szQXbmbZVm7i9pump,ad5ad849dd38c9d815808f23cd4d5c87caf630305381e6945fcf5291c5f331ec,bbbde8b2b8d5791fddcffba20fd0a7ac14f2947fd19ed477d0e9d0b364afc99b,2026-09-14T12:00:08+00:00,2026-09-14T12:00:32+00:00,24
solana,solana:mainnet:14fCGcC5faM9QASd8uCBHBu3pGoQU3KadMNL3V5Epump,32063422c0598866a93acce454ca8e16a04f84dfca18f752461586a93ec5ff31,1f48351012c1ad9cd868783cd4d9b6682021fb1463445b2218499325020532c4,2026-09-14T12:00:07+00:00,2026-09-14T12:00:32+00:00,25
solana,solana:mainnet:2181Sc2DTBz9QTLHV53sMSukgGWjaAQGmxBDBBK5pump,d518fb08251e21dbca2ef50733b030590a4b54636cb70e7ec0b9a453a0544de6,e55361bf69392c9fef4ba9751fcb4c7ced83b7e6fe066eeec7cc8c189202c243,2026-09-14T12:00:01+00:00,2026-09-14T12:00:15+00:00,14
solana,solana:mainnet:2Ez7EX1UWT6MTssVKe8AuNrVVKS8rerrXQ6n9fDHpump,b606180397c0b061c4fcc8fdcc368d8baeac7fae07cb02c8309a10db82be3f95,6b7e1a1204c194fc9a6b90c7754f853d3d40a97c0d918faad8f2cce8f8925928,2026-09-14T12:01:33+00:00,2026-09-14T12:01:33+00:00,0
solana,solana:mainnet:2F8mwasxTfsoHd5aCtwhDvrWSBLEnqVGoungC9KBpump,a9f03563531067550acd293fa13944add34165f3bb52fdae14fb409f9c3d9472,b67e247f084f914625151bcc68317648ad89f73f574be2c04fdf390d6b29a828,2026-09-14T12:00:15+00:00,2026-09-14T12:00:59+00:00,44
solana,solana:mainnet:2JHrkVb5NwQEKRgLbBu9CyrG7F7SmvJyLW1NkpdP8WWR,c2a326c0fce88dc8ba9b264def6a5c3c8a15ea9ebbffb1ca305dd859b5e367a8,db7597a5d612b8ad954ee7f15fe19005db26eb7eae8a77d66112c9f9f38f9eff,2026-09-14T12:00:29+00:00,2026-09-14T12:01:05+00:00,36
solana,solana:mainnet:2K7U1b5iSeN2jWY6wQZUwwidMgbWSUU2TUXehiqVpump,b328b37a6cea3166f8139a816f35c4926f51e502ee47fa8387d5a3773828ce57,93dc9aee6d6ed9e3241362b131c02db0ec9140219b659d93495edd80299ca630,2026-09-14T12:00:01+00:00,2026-09-14T12:00:07+00:00,6
solana,solana:mainnet:2QRqp5k3uefWisqCXSpSRWmMPu5pWFfEP9JXXbSA6ALL,12c2b07d7256b07ed4627baf502fe7d16e2ad72460fea6f3110cfe5af4bd8c32,8e12e85b19f202bc93df65deeefd563f3824c26b16604a77df210bc4b0f99a6e,2026-09-14T12:01:03+00:00,2026-09-14T12:03:43+00:00,160
solana,solana:mainnet:2QkUmzcNAzDpjKsVUHpvThat94UMBnR2PHuTVMEtpump,ef2345e0ce542e4b7a5d3546c4d0a6e55ea824267c092b9a5f53c668f56b5b74,9153fe42b97cd507f1cdda2c61348b3711f5d4a4840e9cdd44936ac958167b20,2026-09-14T12:00:05+00:00,2026-09-14T12:01:18+00:00,73
solana,solana:mainnet:2R9VkKSwXpHTjmCcutzdCmY4Mw2h5yZ8GatRjTQppump,0e437f7f97f009fec4d79271d754f58e2ff9de745de4e0abd12e921a8ad4f852,238c7fdc346c11ccaafd66cecfdc2a458d81085e785df058ae167371193ebfb4,2026-09-14T12:00:54+00:00,2026-09-14T12:04:29+00:00,215
solana,solana:mainnet:2Y6wkgpq9gd8pFK9xNEr8U71NuVbmx5MN6rkAitzpump,04c06c12fa65c1eb69a22b8139984d4a78dc66631cd0bff3efa90fce0f940ec0,c90c397749011ad6881c0feea23de11c9d22a4f2b80a78d3ef840ac7cf3003dd,2026-09-14T12:00:36+00:00,2026-09-14T12:01:03+00:00,27
solana,solana:mainnet:2ZQp9UoyMrgnCbidjYW4b4XGhEbVGQHNK1zuaBhbpump,34560567a8b460d06f9ad8f9136b5515efb8f36850afbfe8cbb2ba09308f4caf,fe849c8b3e30b009c8215b74fab1e035b99b2545e27b48f08564eaae2c5ab7e3,2026-09-14T12:00:02+00:00,2026-09-14T12:00:12+00:00,10
solana,solana:mainnet:2Zp3puJe5JWFEJ6NviPqLbroszfXgavgfNPLc21cpump,57d83faec543a29604d625d888ea6bb4b0108d2448787cea8d82d836249d095a,bf47269fdf78a26e0e24792af612ba72ec8b87a01c639228168f2a4292161e63,2026-09-14T12:02:26+00:00,2026-09-14T12:02:30+00:00,4
solana,solana:mainnet:2abWLzmRjzmt13619kX1uGzCviGaj2TLXQX3M6NDpump,e6bc328f0c7cd311d2b7d5a7449a7510c3d8b9cc393645fd57dc73900388d097,c760bcbf89e108c2838685366f8eedb39a18e46bdb0216139bcfde500b06f236,2026-09-14T12:00:00+00:00,2026-09-14T12:00:05+00:00,5
solana,solana:mainnet:2dv3wbMjaUuLiAsZcZaeCcRvuaHevpHetd9Bdjy3pump,6e7acbde8fbcd73bdad043d324e8fc4d752afa725b40d93f4dbc0ff607d3e076,11788abcb39f044ba0fe91b5afe4d4ae7711183420c3bb99d281afe1d9f01062,2026-09-14T12:00:10+00:00,2026-09-14T12:00:10+00:00,0
solana,solana:mainnet:2fWzx35rQMAATQGhJzVTvzeXHcenCQLqCog9Jkg5pump,c96390e9f8899e587caca4be90ac3065af39ee608e0d4c2fc7131add24938ceb,e81128df98cf9e127883561939c185fd03f52e5e35a1faec38deaabf6ce29c45,2026-09-14T12:00:08+00:00,2026-09-14T12:01:41+00:00,93
solana,solana:mainnet:2gv9aKzNap2oE9mgMSJVMNnPQAMKPaTr9aX43zQYpump,0426ef14146c3e0045daa3a9d9c1bc118c4ff82606941658397e041fa66a464f,c50951c9f8dff6c2abdebaf538de35fc4716908ea0e9d17a3ae3affbee91cd36,2026-09-14T12:00:04+00:00,2026-09-14T12:00:08+00:00,4
solana,solana:mainnet:2iXKT6ry329YDuoxwQPXMFNhAq6RaRSyqwhn6ftSpump,21f4cd61c3a5b6342de0a4cf826f5e62453bb9c2f693ed7985271c28c6588000,2859000497b7aeccb33c189791dbc21a4034667965c569bfe2d447a1c43988cd,2026-09-14T12:01:03+00:00,2026-09-14T12:01:05+00:00,2
solana,solana:mainnet:2j1sYU27gjhrqhB6qC7zbdcKzThX1QbsQsML5VZ2pump,42a458ce19fe50674cecad53e1e7b220cac4ab753d1a2c191c5f6215eca733ff,acf6b25205f7675e8e378b0723e35f3e94766d2b53292566e6ced84db27942f4,2026-09-14T12:02:22+00:00,2026-09-14T12:02:22+00:00,0
solana,solana:mainnet:2jk7pBcRkBqWwwHn2vgQ9wBxWaXaRqKeWS1G8uCmpump,444cc2a64fd0a2ecff0e97c24e44b0d41967945af2a45e054d6ce626ee1612f9,53ed31488b02843abb431272bf9de0948e06089b955e7a43dd8c0f7bac116a7f,2026-09-14T12:00:01+00:00,2026-09-14T12:01:47+00:00,106
solana,solana:mainnet:2qEubd7GwtZbCqDu1uQwNC4kNaJLBdRUcWKpckTypump,ef46671b80a1f082dc76203eaf98ec79a5aae9d4fb7cecde4d42dde1836b77b9,e2e4207e48feaf32f20a274e6c628494832e9ce8355b4192fcb06248ee15e849,2026-09-14T12:02:48+00:00,2026-09-14T12:03:48+00:00,60
solana,solana:mainnet:2tczgD3Jy94DQ7JNMzqJjRyp9y2xFxqAp5h6uvRqpump,fd00731e94381e39cef374353ecd45cd574bd12bf574dd57c882ccc43363941b,d3a1d7a3637df2539f0b715e7c0190a01ac38b214edba6baf3971bff59254e9d,2026-09-14T12:01:32+00:00,2026-09-14T12:01:48+00:00,16
solana,solana:mainnet:2vLZz5EGx7CjVRqxjvdm6138aVX2M3mqZjZGBjUFpump,accb7489911427a5705dd33b5e7d7c09f46d0f606be68704cc99e22b479cc1d6,dc19b9b348d9d30f2531f239923e163ba5d99afa1fe5c0d107c482db510b1fc5,2026-09-14T12:02:25+00:00,2026-09-14T12:02:30+00:00,5
solana,solana:mainnet:2zMMhcVQEXDtdE6vsFS7S7D5oUodfJHE8vd1gnBouauv,33771e607d290c772b1e0569e2d93a3407c477ba050a19115ca3cb6c1108fac5,44076a214eb565f94c147350c3110ca6a19771a2e19d511196731c6fe00b8bb2,2026-09-14T12:00:49+00:00,2026-09-14T12:03:28+00:00,159
solana,solana:mainnet:33LZGLLvtRDx3uAfJ1CcBSC7pNFqdiCBAvwPsVkBpump,724beac355dc4bc221d9541027b1f7bbcd2cde9b68539ffdabc7c608d3b51f79,ccc511f9999ae14e5ad9afb9c8acfc7769f40fd30b080f688e9502251db36ffe,2026-09-14T12:00:54+00:00,2026-09-14T12:04:50+00:00,236
solana,solana:mainnet:38ti9sKjT4bb4PPENHp3cwHWNR7wLbbtWotjGXaNpump,286fb3111e4160c72f5c92abbaa124889ea036107f1dc9654da22c2d43487e96,e8b8236396d45e99c6ccdf40aa71fae9599e3dd4c0b5888f3a849a8c98748c90,2026-09-14T12:02:06+00:00,2026-09-14T12:02:46+00:00,40
solana,solana:mainnet:39fNg98hhpyiRTGD8Gf8y5MwFVgJJZEnDyTMKdDZpump,57d7e321483d745ecf14849f98a83c174042e88de7c100db60732b07d03a8542,37a126cea68ff9b14ef39aee6c6a85864b7c372a3e73b1a2d956016300dc4c15,2026-09-14T12:04:38+00:00,2026-09-14T12:04:53+00:00,15
solana,solana:mainnet:3CXP3aBugnJDfeySgCnJewimNgYcQAd3KeAUNoY8pump,ba9e374c4e5bb46bb38444c729fd5acf1dd1874028d8163fd70eb1a132c1d6e5,b6c23bb7433f718d7096a6dc1f38307c99b7eb296aecc8ffc49376e86c0e6cdd,2026-09-14T12:00:00+00:00,2026-09-14T12:00:11+00:00,11
solana,solana:mainnet:3Cw3zbt818hftC2aEN4F32ayirGwAw6M92fSiEN6pump,b32b2de8647475194e36839f14ab07a12a3253ce52c29a7a884e621981168db4,c0aedb15e67c3784367c4c2c8d492879af6c6a151807f1b0374d33b4119cdf83,2026-09-14T12:00:33+00:00,2026-09-14T12:00:33+00:00,0
solana,solana:mainnet:3EMheh5MPVWpAGDdXnGBgs6uaukKL29zv65uuXxspump,4b7a90ea052e31d40badcf52c4619d6665a11ff92a0b001e32e8356fcb8b7e4d,9c58e4332ef32da90194949885592fca725d81b54e6e21e32cf37eb2b941fdc7,2026-09-14T12:01:24+00:00,2026-09-14T12:01:34+00:00,10
solana,solana:mainnet:3Lk99NKuvLNqN7zT9woV1JHHf8eSpKwsG4gcq78zpump,ab29ae111126d40be06734fd70f3444e8112dbf2e012b1760354338d7f8a58ba,51a6afd99e215346fbe0d4f629429ea638aa09c94399560ea63ea439d3af2e49,2026-09-14T12:00:04+00:00,2026-09-14T12:00:25+00:00,21
solana,solana:mainnet:3QaQNucJJrGJXS3VP4S2efywBsRixyB2xf9a83R2pump,ecd09b6fcd80b818f73bba1d6690aaaa0953b0fec3dc111b69fe87e54a030a19,9e113db9a71efeac4d7973a29a91c31f7025b13b8e68c6dd6a738f9a5a67b7ee,2026-09-14T12:00:03+00:00,2026-09-14T12:00:05+00:00,2
solana,solana:mainnet:3RXnsrd9M5w9AGsSFBeH88yhssmqEswM22FZjnpxpump,3830df3b110f294d7204c92f21d194d37896134186ea4119d91ea55a775383a8,d83272bf12a04ac397d894b936a08a1db31da7d60aa69656d1246d54625bf016,2026-09-14T12:00:35+00:00,2026-09-14T12:04:58+00:00,263
solana,solana:mainnet:3XX2VopKW6bquqaErzdMQCX85D674EnmEjAv7TDLpump,0c19214a9aad72c61e0d82ad164d9eacb8eedd8a0587ec7c7ebd5c0dc81beaba,66b7357c0170a350ed880e51a0ee0c7fa320051732feee64493dca3ef26e1c1f,2026-09-14T12:02:29+00:00,2026-09-14T12:03:17+00:00,48
solana,solana:mainnet:3YEeBQZ3SNBnBVWFBLDdSwE2Rt2Y35TRAGms1qHcpump,1ce7fb07947179ac0d18a8a47f069c1cacc390acd17209185e3097c22d276c3e,51bd5970c9c94a3340d52d8ca7a17c09ddf93704b00e76b0453a4a40125aeeb1,2026-09-14T12:00:01+00:00,2026-09-14T12:03:44+00:00,223
solana,solana:mainnet:3b9JSQ4gnbzw9KVVNfdVcQxnKDi9urJAFvzJJpsWEgt8,3d011358e8edd9574e626a3a8736ca70aa2a52d371063b5ca6e36569ba5df3ca,8d2b5c5d483845f4b2123fc1eba6cff3b2a7533ce5476ec0303abd0dec46cecb,2026-09-14T12:00:34+00:00,2026-09-14T12:02:33+00:00,119
solana,solana:mainnet:3f9LEP4RNM1yq5VnCD1LYMvq7FZis5tfGqyZMsiRpump,13f27de07da32f0e3dd6441c2a56bb1ada545a683a7a949946f61f325db50498,4896101078343a2eca45755d1da9d266541839cac3a3418da4ff2d89d9dd3d61,2026-09-14T12:00:34+00:00,2026-09-14T12:01:27+00:00,53
solana,solana:mainnet:3j8NSfkLReLCFyjUoauFgK6XQfeTZnNhfZaDiz9Bpump,14052f4ef6dea6832389c4ceb060f27691cc1feb0322558332199c8bbf9c1c9c,3d760ed42225391ae85346ae83847cd5aa4584e1fe1a809907d5e14aa8980f19,2026-09-14T12:03:56+00:00,2026-09-14T12:03:56+00:00,0
solana,solana:mainnet:3nMmNz5vfu4gFtK1EuDcfzJAwA1wHsbzVbE6knbEpump,2044d3f885bce0d3bc4d9bd6a00a097d2117a94c1a1bbb44430626e016227a79,5615cd361634639e7fb62a4de0230a42f6371bd9023df4203defa3988906d09f,2026-09-14T12:00:39+00:00,2026-09-14T12:00:40+00:00,1
solana,solana:mainnet:3nkVw4JwdDLGM23Wzqpy2ptAPV5YgMnokEBgijDBpump,742cc9f85162a542012e683bacda4b57f445bb11159b90b5a716d1f89976d039,6b2f039de236ed251ec6b0c9f6846705cc9dc5b112fdb0f390adff3159591d80,2026-09-14T12:00:00+00:00,2026-09-14T12:00:01+00:00,1
solana,solana:mainnet:3oY5NnNAbnRK4eNzPWZFmtAWVW4RNumpni4XtGarpump,1f09cba73158a503b954781c00af32c84f7f2e2db13cf2b003794f61a70b805f,e7d1172c066363acef093f1da315b648e6515471958413a8de20ba2c07878b40,2026-09-14T12:02:39+00:00,2026-09-14T12:03:55+00:00,76
solana,solana:mainnet:3ooMdXcxpqSVt9nJpbaiGe1urV4f6Z8CFbMNXXiapump,b8b57a6e081768ec617aaa0bf0311c772a54089be1f657a83b09e2c6f7beb16b,6911efc46add4a19b6f3718a04c58665a2436ffb9cc52b94c4fb7caa0d75578e,2026-09-14T12:00:05+00:00,2026-09-14T12:01:33+00:00,88
solana,solana:mainnet:3qPhuonnNWkJCW8o5tbbKkvyrEo4TabJQhPp6izRpump,166f61fb324921383d8da5df49224b3a60c719093ef9dd1afd82d91ebf3865fc,b11bfb1ecf3a654abc7f172bdd3f0b79383ac603b66e78434d1cce0152955d9c,2026-09-14T12:03:50+00:00,2026-09-14T12:04:57+00:00,67
solana,solana:mainnet:3qX9PCPvcsUGasdjekbvHLry7tMU8Wxus3TJq7RBpump,1876bb91151433eed48fab25f4bd4393e4d6b471489134950ef6966c018d2840,1cf2ec19dcb35462567ebd8bf5b714b5d75973504b3774277033753a8f18157e,2026-09-14T12:00:00+00:00,2026-09-14T12:00:04+00:00,4
solana,solana:mainnet:3xhYqY8pRZBqkEkVMC39zuiXW7Exn1xMzEdE85NRpump,0f16521727458300e712f66d9a43ff5f9ad085082d9c3c04539bb6793c54bddf,bb362bc6b6d7eb7fed7ac58715e623bac973dff7f19ab9a58923d0e653f3a5bd,2026-09-14T12:01:17+00:00,2026-09-14T12:03:22+00:00,125
solana,solana:mainnet:3zcVSPFs9aPr36vij3qUJayV2G5aSqziTmnEgfhopump,bba4c81ddd532f8cb1e6039d0c3bd145ce1c19feb10fe334e2f5d3bd69da4d7d,9ce5a1e79abd687b40dd3dca4e1bbe5f41b6ab1d09248fd72aaa19444fee913d,2026-09-14T12:01:40+00:00,2026-09-14T12:01:47+00:00,7
solana,solana:mainnet:4775QEyTS7ECpvhbeEg1a5XUjpK6CtEJwRpw6vvwpump,a32b1eb141befaf0d24a7c85fb66a60c09305dd4587a871fa82fe2526a9ff8a6,340e189e76f667c64df961a92d0c72cab7f14c9d88b0c4e538fe319a9769145b,2026-09-14T12:02:56+00:00,2026-09-14T12:03:22+00:00,26
solana,solana:mainnet:4GKLtUsBaBiRxs2yTr5XcmoMYn1Eh2gsiaoFFVcApump,b0c0d5132907ac52db6d0537ed83af52aae7e6c2a2405357055f64098707a487,058f2500d11e65b113a0a93be8d49531c20d03f7a17164dc99bbb2172a602f99,2026-09-14T12:00:00+00:00,2026-09-14T12:00:00+00:00,0
solana,solana:mainnet:4JiyyzzVFpkXgmTnggFdjuibMZ42ovozoneZU4xVpump,71bf8dace37533946201e6b6f67049579a647f93e5f3b7f0d40f29240861d726,7a6671eac3d726c45a820e806b192e4d7ae02b05733bed6ffbd410abf3da0c5a,2026-09-14T12:01:18+00:00,2026-09-14T12:01:38+00:00,20
solana,solana:mainnet:4bVEV9cmEJbH1hrsg3QeD4PG9U2TB87X3he125dNpump,d742be7952a35c08734c434760f2e67c6e69d8c94de896b0c6a40ec965a18eac,890924a11d1c7f1224f66ccb4fc337f5c136f31eaf726bae68dcb4a015364934,2026-09-14T12:00:00+00:00,2026-09-14T12:00:03+00:00,3
solana,solana:mainnet:4ehAacgHtLA9jhYpFFD7yTKDLuNiGkuLdfX3FiZNpump,9ac1a83ec01fd897d6656ad3c2908d7424216e820f3da49435eba8c4d83ff9c8,cd373f59558f653e2a4f2eba613a17d02ffb95e72e040de6a8d682f1f5230bff,2026-09-14T12:02:31+00:00,2026-09-14T12:03:07+00:00,36
solana,solana:mainnet:4k4av1ao3WENJWZPXrDerk2Nq881S7Xdzq31up9Rpump,8740750bf25250528369574bf23f1b6747bac8e1fe05d5501f15d8295c252585,0d5eb153821ff8223070c8e5fe526cd4c814070dd1c829f13584ff52aa16ca9f,2026-09-14T12:00:33+00:00,2026-09-14T12:01:08+00:00,35
solana,solana:mainnet:4kkrecvSVnnkK3RZcJ85tNFiZu9pWg584yHjNCqEpump,900a257aa1965b8fb23d701aba2189e48c5735c37b1e541b88a84422d621edd3,41b7753dcf288fb74d91f38757e618b275fabe6f22a71abdc000d80ddeda3425,2026-09-14T12:00:11+00:00,2026-09-14T12:00:42+00:00,31
solana,solana:mainnet:4sdXypKHHHfU75qX57r73w676fYidikJsTdxagfzpump,0bfdec7003918ab7a840bb1581d6d6b6d45430e7b8847180fe2d171d9b55f647,ec836aeec0f362e4d2347ef31d00ed1ce5f35d30e6a66fbded600f101bf3c394,2026-09-14T12:00:03+00:00,2026-09-14T12:00:04+00:00,1
solana,solana:mainnet:4wmm49P3dgjmRhUx7hUS7fePTn3csSQzVXGxt6DKG113,2f428e3820569eb199438d8eab19d5716aab7c2c83c3d20e6e20b95c7d65fb06,5fda7f70a11d34d0e94889fb99c17c2fb683bdca826e735aa3ee15eafd489de5,2026-09-14T12:00:10+00:00,2026-09-14T12:00:36+00:00,26
solana,solana:mainnet:52nVoVk3BimAtvu2y9q1gnxqgR8pmjcc3v3byGnCuBa,63d27faf1bcfcb2137b5b266efcfcf35b5da7fc4faac4e53bb58307f887a97d2,17f80aa069fd67f3050c0aa7ddca05081c4ef32cf574ec7baefbee8e67d7d195,2026-09-14T12:02:11+00:00,2026-09-14T12:02:34+00:00,23
solana,solana:mainnet:55VWo7QQpqfYwratKUZHhSSnSghyTVCJx54yNoWVpump,d3618c13e8f0968e79897c59765493fc5736bab07c2ce3850a7419d2cfdb3baf,c4be6e4a9dbaafaf940a42d8101cbaa719f9ac3cfc23c2b6dfd778ad75a6e593,2026-09-14T12:00:00+00:00,2026-09-14T12:00:02+00:00,2
solana,solana:mainnet:55ifZAdD8w22SENhvPscugUHoDF3NU7nCH8T4ru3pump,c26b8c0da710e81eb48b579383d8d176c460e8eeb0788239aa08f1c7f638c68d,d5e0311c58742f24ca5c958c7f0cc23e7887b59c9c5d9bdaa901160ab94656dd,2026-09-14T12:02:49+00:00,2026-09-14T12:03:47+00:00,58
solana,solana:mainnet:56ZRmWDDJELD73f2bbhkJYqf4ruHKsbCU6bK5eXupump,b93644a7ebcce4cc1cd8a579bdbe340b64102ea139f6742f5d34f517ccc47f1c,9d27c2194dd7b116d5dc77a0b78f9766045989540214fe639454a385374825a4,2026-09-14T12:00:08+00:00,2026-09-14T12:00:28+00:00,20
solana,solana:mainnet:57L636DoJzp23Jzb3iLzhYj1FcF2LEK63s6tFg9Wpump,ac608c10306bbafca2b1c1692b5cdc7fc013aa39154bab9f933fc239425084c9,7294b682258dbcb778abbbefec94d7218b8ae61905d1a6d5c62e50612020dcb9,2026-09-14T12:01:58+00:00,2026-09-14T12:03:23+00:00,85
solana,solana:mainnet:5AgNR4G4ZM5PF9NyxTRWvTy57KP34psLqG4ng94qpump,4587afa90a9b8b1feb977c7935041376a22790a66d47590e4805281fda605e4c,b822b084df3059feb1492a4d7202b4e0bdb3ac06cb43ff4426f071407e4a505e,2026-09-14T12:01:55+00:00,2026-09-14T12:02:34+00:00,39
solana,solana:mainnet:5DLHALXwttdKGWQsW6k8yvWxJhWtsxAZB1RaYGeApump,6cf74f386c316294a9686f4b06c54969a9cef30bca3dc7625135cca077a5a56c,c0af2bf1ff80029d03ff96edadd7fe8abb22b1485927619d6a94738897956309,2026-09-14T12:00:52+00:00,2026-09-14T12:01:35+00:00,43
solana,solana:mainnet:5NJfQ6UQ1LJTxtKLrsZQcbiSUWequSD6aZLNJaN7Zviv,3fce2c4e6846a579f4184d59f9ef2159cc6b3236dc44eaff893d3892adbbb08a,048f04ac98fb060ac2e265b5447ef39e994db49ceee3c2081f510402f7811355,2026-09-14T12:01:34+00:00,2026-09-14T12:01:40+00:00,6
solana,solana:mainnet:5QoMpMzesjC3nDEJNwqur5YZznPttCQxLSAWJ3YYpump,abba29935501c1b712f0161ec938961a0b623509bb42c1dec6912d8fac396415,815f63a2d0958ece8f1393b4bb5dbcd2b72a4c891624307503a27ff3643d715d,2026-09-14T12:01:44+00:00,2026-09-14T12:01:57+00:00,13
solana,solana:mainnet:5T7wichXt1c6oiuWWoRc13nmdmZP7ygxg6Eib62Spump,4dd77729cbe3c81e001258b7961e8eafe4e8613f3db178e4fa2b9f1e264b6392,53a739396db0a6fd13c6227365a416f095301352ac8c0b65b530f9dedff64560,2026-09-14T12:00:00+00:00,2026-09-14T12:00:02+00:00,2
solana,solana:mainnet:5THtNEGTF1y67eRWvcgz3MomDZePCVx1xdskHHeCpump,192a56f8823311b96af8b74001feb0d88f0cd43a736896014eb0f8247f0160b5,dfb8910c81d1878c03988aa06627a5c62522c833faa4da2672304b116995508f,2026-09-14T12:00:00+00:00,2026-09-14T12:00:16+00:00,16
solana,solana:mainnet:5UUH9RTDiSpq6HKS6bp4NdU9PNJpXRXuiw6ShBTBhgH2,9ec88a377db78a7133df8d724b075d391dbd254b5f437aeab291ece773f4b1b1,f4fedca5edc80135d6750c91f238a7f9c5724194bce2a66e481229b76e29a43c,2026-09-14T12:00:38+00:00,2026-09-14T12:00:59+00:00,21
solana,solana:mainnet:5UsoPeogNz6eAzdcGhTspEQWuQd4oeW8jz4n7GeTpump,2b29faed0555658098ea916fe8df217e68d1d1e398143d4aac493f4a757a8f64,2ab276808d554b244b90254e4ca149052e01393182513a0a25011ceed8177898,2026-09-14T12:02:05+00:00,2026-09-14T12:02:08+00:00,3
solana,solana:mainnet:5WM8iNEFeiJY6Da71VgrZCKLQQkKacpgMWV7Drghpump,e24752893ca3756f078f42d2a36c8d4ec4c7e68506973ae7e25037dfeab9e50f,2b0e64b28f0627a9df54acb366eda105050bc6aa873481d0004e96f08304517a,2026-09-14T12:00:00+00:00,2026-09-14T12:00:10+00:00,10
solana,solana:mainnet:5WUUk6HVQrx8XZ4ksbXAMZHhny2DEyocJPE55M9Npump,9124d2838b6cfdb41fd6a743cd5b6fdb74468d873cadded4118aa675e9887aa2,a336bd19a4e3da6b15b0be5cf89eb2b83f760e4abec1842631465168994d03dc,2026-09-14T12:01:25+00:00,2026-09-14T12:01:29+00:00,4
solana,solana:mainnet:5Y4VGmDeFcq2NG7wRrXK9oYJhLGPkaSPLsoEsxdGpump,d144fdaf93eed2786d04ac90515e3ad3ad4e29f3db32693f6eed52474821b4f6,e7ab7750c0d9e643e725eaaecbd70f1f28f5818b9914e8a6697d5a8e8f46144a,2026-09-14T12:01:25+00:00,2026-09-14T12:01:29+00:00,4
solana,solana:mainnet:5Zspimi8VD6LctJLtaSjLqaSUvmh3Rs849iPtGocpump,606bba6cb7d7115298c5c0f7656d0bd2988f110f32968765b2d9cee710e623de,8e41da30a4ac6717687cdf98bd76d037dfd30b2c2a5a37ab86bb3f6b813b900a,2026-09-14T12:00:02+00:00,2026-09-14T12:00:04+00:00,2
solana,solana:mainnet:5pz5Mc5vYT254pMGEL2adjxvN5wKcDT9STmGxpSZpump,914e79fe6009d810aa0162942a38b549e0bf4b15e6e529f2b417f48ad3d228a2,6b88a4f6341b8b49991c1d18109000b7b87c6ef4a2f58afa058374ad7add3942,2026-09-14T12:02:26+00:00,2026-09-14T12:02:29+00:00,3
solana,solana:mainnet:5sAazbaCzaVnc8gyVCkd3pHh6its9919UTB54kLmpump,0259bd8813f2ce5f7282d9bf714e8d96141bf7b30729b29e7026ec768ce8b356,36309520b7f73b313e63e16a073a6f6072b32a0e6ae7144b4f4aa0fb2fe278c1,2026-09-14T12:00:06+00:00,2026-09-14T12:00:11+00:00,5
solana,solana:mainnet:5xReA5QB1E1hikDA6ZsqLBvhzV18MGqWfcz2rsNzpump,a94f2dfc4ce69c15dab14d9b6098e6f38f61c755d1c543ad9c96bbb05d84d2ef,0c13cceb19460c17ee5459e6298d399b04effef9322e84849d69ff78dc2028b8,2026-09-14T12:00:00+00:00,2026-09-14T12:00:00+00:00,0
solana,solana:mainnet:64roYNJpFEgtxaFhmMvY5St9QKFNN8YDTFPetVAEpump,f51ad588ce191156813f24b2555e80d6303f0156efd679998403be9c408ffe6a,b6e953abb1c3743c4e964e290ea64efdeab25c43a2f5a65915e4a0ec664b210f,2026-09-14T12:01:07+00:00,2026-09-14T12:01:07+00:00,0
solana,solana:mainnet:66HnpEBxzqUh3gpyp71iG4qL7uZyhgRGvk6xZ4dLpump,2d8f292f15e457dea75ad72ea12663f419b0f7553b4038441593a517c923e295,c8dbdcaa6f96b2e2363836a9843c26daaf46a9d942a28981d7a5915ebe6f68de,2026-09-14T12:01:23+00:00,2026-09-14T12:01:25+00:00,2
solana,solana:mainnet:6C1x3w653zgfHhgf9KQmnAwU4YsEkyJZmkFuiNL7pump,194d605dced52e30f06c5650ebfb4bdea7890979c1e6b6392d134594887f7a0b,56f97ad21d2aa54895202b1c24a055b3a272dc784484478622325cef65286b96,2026-09-14T12:02:35+00:00,2026-09-14T12:03:07+00:00,32
solana,solana:mainnet:6Gzz3tSTLV47svZmVKA86n1guHcZrwicQB5KCNSApump,0d9667b1638bf50ee15f7aad01fff1bf47a01ef6dfb30e7c16b181e10d872a29,3edd44851be914b7e40e0ffe5a19ef1f5330afe2fddcb2e9ec8ab09ae76e5a87,2026-09-14T12:00:01+00:00,2026-09-14T12:00:01+00:00,0
solana,solana:mainnet:6NwarBvDkXhByqVp2Qkq5i9XbtA2B3Bwe8SWGu9vpump,c5d525745588ff9fa262f02b414e637a8c11f0f59186fe1da7aaa99481a31c75,740a988d8fc366365dfb4bce35009659fd3529cc92742ec747a07e188f50bc79,2026-09-14T12:01:27+00:00,2026-09-14T12:04:12+00:00,165
solana,solana:mainnet:6R2b6N8iiocq3nbYvRpg7KrwpFS75Ak5ctNtNzMepump,1df1d6a4e1c7eae3c41769b50be1d2f091c825d66399bb9e9eaa3ab4e9f64c2c,256aea400acb645f62f26e19318357b8c05f435a6fed81ffc4c2b63fd3190c83,2026-09-14T12:02:34+00:00,2026-09-14T12:02:52+00:00,18
solana,solana:mainnet:6boEmBug6wfpRcv9V3zuGFhA4P6xJdCKZYWAbqxpump,95b0d500705685b51514ce8e9a16b59af38f7ed9e74abb761ad67546f33aa68f,8d07a29c31127e45bdcc6991183189e017cfbabb7e304878aa954cbf064b4f43,2026-09-14T12:00:02+00:00,2026-09-14T12:03:00+00:00,178
solana,solana:mainnet:6fbZDxyWoK9MRKg2L8Z3EWbZ1HsQ16S7fjZeZxaLpump,80cde78787ae8369368ce6f8efe4e29a08a0c5ee7140dc2438f56533ac05d01e,914da0e6d292fbce871a8a3d7ad451cbe67826ff7c35a5f4a85e85f31e00a981,2026-09-14T12:01:17+00:00,2026-09-14T12:04:56+00:00,219
solana,solana:mainnet:6jRTP7MWb8ihnXLJc3R58i5ExrMvAxV9CybXPvYepump,4a4c5ab80859ace91b8f93502a1bac542d16f8397a203f5e705b6386f540afc9,ed492e7c57ce78f665f1fb448e9346a13bf582b57709505e38163171392bcf83,2026-09-14T12:00:32+00:00,2026-09-14T12:01:04+00:00,32
solana,solana:mainnet:6jiFyN3Z59iMzAYPsUs99B7jVLhYc2MxhHpD9wk1pump,c9f1cd08cadfc528b31c838b02f3bf7f0856998738a1b2c294d82c5fad3c31d4,057b8c64e53c9acf407c8b5d0d0de6df266510a062a833d48865125ed4562587,2026-09-14T12:00:20+00:00,2026-09-14T12:04:54+00:00,274
solana,solana:mainnet:6m2K2UW9DTknodw5ekCMXEoxnjyGBRiDQw71gGcqpump,707feea9d000da5662d0b8169e4e9727e7f4c5489137993901aa4ffe7acd9612,7de658e1b3d9f3abf6c1de9d4abf04bad2f35d5232bfea2505ba475f04ca0e23,2026-09-14T12:00:29+00:00,2026-09-14T12:03:12+00:00,163
solana,solana:mainnet:6qEYpMfLCtQN2sKFtYnqtAZzYQjLGuqTDbo3ZUGypump,e423a33c53cb89286f16cd920f8b83ee4a216e31f80ea74a0fdc2df800543eb5,fe07b8809ee994dabf02d3d7f8228aa3a73486994dfb8fba0b4a5b9af33043a9,2026-09-14T12:01:25+00:00,2026-09-14T12:01:55+00:00,30
solana,solana:mainnet:6ssGtD5KUhzrENtn5BiEdTt4tcb6sfn7wPHRJyBYsp7N,4eec127412cd1bd79c5e1f261eb74c586ed538af995940353ed5f48921c56000,2ca906879eb733175168361457e3b6524267f0650b9250f79fc8870aa5b6f742,2026-09-14T12:00:06+00:00,2026-09-14T12:00:19+00:00,13
solana,solana:mainnet:6swYT9ab3S5YH1BJ6J7Ldr88ntiUAK3pZn3iAEDVpump,e96389dc24a971a9b4a3ca28849334a679aceae740f8e2940f0098bfe7f7e555,ee239474692b0ced19c1f6ed7f650bd966a7586f99d6429a1bfe4bade46954df,2026-09-14T12:01:32+00:00,2026-09-14T12:02:29+00:00,57
solana,solana:mainnet:6v4XyHhHj6uNsach9W4u59DntpdB7Q216E9fx37upump,edfb5ae704a0f090c2f896cd758b45a746d19d73489123a0452203dfa1e824ef,efa0c26bcad460eca468b469891f694318691d0c75f497d46adc273fb86d6272,2026-09-14T12:01:24+00:00,2026-09-14T12:02:43+00:00,79
solana,solana:mainnet:72cKVep2nJFsWypwCbEKL1PdF9bSbUPhJhgPvkEPpump,a87a65bcfbe14f19207bf6992a3b5b514379a7f1b308ba18cb712cd81ace93db,aa352ba9bf04166ae9818b6d5e0c37d83902380af0dfa4566df2823e132e9cbb,2026-09-14T12:00:01+00:00,2026-09-14T12:00:38+00:00,37
solana,solana:mainnet:76vtyUXAedrSAWJetcdQx4tZmKK9GfmhnCXQq55rpump,edf29422d07b2f642c3ccc6c5d3b530cf47eae7f5032524706d6caa05d67b578,d03999384d21d9b986c6b8ef9dd620244b166f8e790173097911b30251aa0fd3,2026-09-14T12:01:31+00:00,2026-09-14T12:01:31+00:00,0
solana,solana:mainnet:7Dy34M9UCd6w8BS1vJxttiqi3MAWeufdhjbCFJCxpump,988fd7841917b1bc4fbec9de6883bc75bbae1fc191f45d3d5c96aba1b876c1b9,767d534cb7b72c5e86c60237518e46f56d812476b9dfd9e1f24a37185ae50a1c,2026-09-14T12:00:00+00:00,2026-09-14T12:00:01+00:00,1
solana,solana:mainnet:7EmsPTiXVr9ybysVothCWWLNA6Pidbn9EpBp9nyYpump,0487c467dd3cd2dbffe406aa3bfaedb49d4aaf4eccf9ab33ea95e66dbcede916,429396a2a8fef5b2abc453729fc0060a390a56315592618bcc80d0ee94f682cc,2026-09-14T12:00:59+00:00,2026-09-14T12:01:03+00:00,4
solana,solana:mainnet:7Lbe787dJ4bxpPiEWLb9R9VnQsMiET6Gbacxedm3pump,d87188291d81c56e92d6a21d5159eb3c3b64af8ec8658cdc3203dcafae463344,50abc01f6c6dfef31d013107699c07e04922e4610d01d3349f771df230a739b1,2026-09-14T12:03:46+00:00,2026-09-14T12:04:06+00:00,20
solana,solana:mainnet:7Mrsaqsi2cgdQmBurZxHj8s6yM7hddfbyv8sa1G3pump,b587032cd2091840ec959a6d3758744935d912d91360318bb6c971d0e53ea5ce,484f7a5a94c86c526b431a92e25209c64ba4488beea57a4081099573ddf0ff1c,2026-09-14T12:00:12+00:00,2026-09-14T12:00:12+00:00,0
solana,solana:mainnet:7RdiUt8h4SwjVydst4dMiMMHvjJuyR4oNaCeBs4apump,25d9d0ebc0f5e7eb413214049e8629bbbb876eaea17493dc0a47618f935616f0,9c4e4ef82c3d7931e7ce1df8989165f222099592f99b172d1b7e820cc69e9532,2026-09-14T12:00:53+00:00,2026-09-14T12:02:02+00:00,69
solana,solana:mainnet:7TgfC7finEVA1QcCbn1Jb2cz4RiDL4if4ATEGHZupump,bc4b5bac6442264407583feaad9a8d1dd90a5636fb50187ee96165bc51a1c840,b3dc980727654dadd010f796bc2eff0c1f8c4579bc57eb270c97b7eaa93c90ea,2026-09-14T12:00:02+00:00,2026-09-14T12:00:15+00:00,13
solana,solana:mainnet:7Y7V1a4m2nWK7BMgbka5B4vR1pDvCK7yva3Hnrqkraze,426bbd75cef25eb4ef56496ca3b410d834087e465cde679f13328b6450e979bd,e5e7adc8c1bc815e7a5ea647a8ec34904f8991a02c4865222b60ba31f00e5fb3,2026-09-14T12:00:05+00:00,2026-09-14T12:00:39+00:00,34
solana,solana:mainnet:7YkVB7wohCf51NFWMWY2h6FHpJsYa8VZVDvAczx8pump,416484dcc184b57e285bc418f6eb55abe28198f715e6b23189afb3b2b2a1121c,2af6da377c325ca4679482c6718e75aedff4d786e5193718a84d2595bb7c3f28,2026-09-14T12:03:44+00:00,2026-09-14T12:04:11+00:00,27
solana,solana:mainnet:7iZ99ULZLwki7aXn6rC3fLxCvCnhV34Uxf49ddtPpump,8f3b7b5f9d1d2f49cb9ecf6b11242d73d8e873fbc0bdb2f2263431e60e24896d,1cc54eb2cab7ab6f7bfefccd54c9a2b1541af2fb9fef61039981b8a64e3deca5,2026-09-14T12:00:35+00:00,2026-09-14T12:03:57+00:00,202
solana,solana:mainnet:7kyVgjNyeX6En4UyzVgGzViWQRQQh7VG6qgwMRZfpump,0cd2ecb0e60fc8ceb0da0f9cb10da3edb49e35b06b2775dcae88dfe1ca393666,5e02449066df47b16844567c257a2c3503922ef7f6e1aebb36e4b56e483f6958,2026-09-14T12:02:29+00:00,2026-09-14T12:03:38+00:00,69
solana,solana:mainnet:7n8kRipxAQBfpGQtcGA2AbkM2HASSVCzqZ5F3QEopump,aeeee25ffae16dac0204d8ec4fb4888970d7431093b9cd84925c26074761a995,b4c4159ba511f839f07aad4285637b9d2406a4c3cc1df9d287a30a4ac6cf2e86,2026-09-14T12:01:22+00:00,2026-09-14T12:03:13+00:00,111
solana,solana:mainnet:7tgHBsLsjCEyRVyakCDqvTTCCF1CC4dQfLm9X6mrpump,aa5e853cfa5ea9a2521f65e80444afdd6c03dab7c6b4803d015b8ff805480a72,d130213221a7a77754f062c4c8265ff90dc14f2942badc4d256fc858cd2aef77,2026-09-14T12:00:00+00:00,2026-09-14T12:00:00+00:00,0
solana,solana:mainnet:7upKjbgh8hAZHNFhgfQFGZJj8wg4V6KyVsdSkPUUpump,e9954b09f1a1aa94771d941d2bdced56a1b5bc87a14def3477228894c375bb2a,a9eed8e2c50820bd2e1b58d29b44b8a7a4f6d7dd8d6ff2d0b41a9940092f1943,2026-09-14T12:01:30+00:00,2026-09-14T12:01:30+00:00,0
solana,solana:mainnet:7wTu7jh344uQ6SZJEwSYtfo7RGv2tQzEfgEeXB7fpump,d44b3adeedeaf2dde914c0f5e6cdb83487a401769cc200d5a4b279db3fb6ac4d,f56bdb44065970c2d87527c8846f5c67d9a8b9d75d3f3fac07d75f4390ac04cc,2026-09-14T12:00:00+00:00,2026-09-14T12:00:51+00:00,51
solana,solana:mainnet:7yCqavtCEqQ9wpTKeuKo81Psbp8zLHa72ngxgUvHpump,c369c26800baf78ccdae1c540dfcc8a00a9cbce812a0060c37d72709a6cd6d53,527d8e37fe4c7d6fa27e3caca408e98341702aa9f6d92e53c89bf2c359be008f,2026-09-14T12:03:06+00:00,2026-09-14T12:03:07+00:00,1
solana,solana:mainnet:7yY3Xo1CMFFiDEePsRk9FUMpZJV5TsbgKyEQkD57f9n4,4218a819f083314662c6b4a647b1fb38c250845af422bb020a40470252411455,af781b8f87f482e2928aa14124aaeb3f3ae93696376bc5b856fd0d60bbf098a3,2026-09-14T12:02:20+00:00,2026-09-14T12:02:20+00:00,0
solana,solana:mainnet:8246V4RiH8zti1UEdrQDsD1heWPcfW3w8tAsYvzbpump,ddd422e0a8261f1a8ade7cf20c85eace57586700bbdbf7bffffbacc005f3f944,18f16ab68c6c0f9a262df00cb03968b0743d1868ebe8ec8fd187a36367cc68f3,2026-09-14T12:02:07+00:00,2026-09-14T12:03:04+00:00,57
solana,solana:mainnet:82MmG1uH2BWLyoU7VCFYMohP9CT63q5paiKHAAAn3zWx,241c811c0db1636b07adb3b3490acb7a3304322a5a6f7e77c7adc337e1c4ec77,fb5eafb47ab99793198b72ed6dc6bc3f0c7254ab4cf8715f34e2cf7838dd85b2,2026-09-14T12:03:43+00:00,2026-09-14T12:03:43+00:00,0
solana,solana:mainnet:82jjMfEvQxb8JWm2FWJfnUsfC49j1jkWVJ74nMjVpump,2f93471eecd09868014656ff059dae8df4c13169eaf45478d6cd87b0d6fa845b,761b3217f4d0c87b6a17894e8b2313092a8f08e9aeed81e91b1c9fd64db783f0,2026-09-14T12:00:49+00:00,2026-09-14T12:01:05+00:00,16
solana,solana:mainnet:85nkU91qwoPkKpTw7BN3ascc44btjm3Bipb3X4Fipump,f5c2f325c826db4121e56247e13aaf895159f774be699f825ef5163d1fe709a2,3bae00454ef520da61c1c4df60cd04cb749abbed270c09fb059138307bca60e1,2026-09-14T12:00:45+00:00,2026-09-14T12:01:43+00:00,58
solana,solana:mainnet:88S7wK39GJN8m94htMPb1zcxJeMXc7PQ2b7gKN9apump,07ccac499997c1cd20409a5875b30a995a5f57d322ba10a0a89161d0ac65eb7f,c465035cf1ada39b16531f923fa2bb01a63de9fc3c119d1a979a6e3a6a353661,2026-09-14T12:01:35+00:00,2026-09-14T12:01:35+00:00,0
solana,solana:mainnet:88t4EdAjiuUDzHujJnK5nywitQzYQWEJq2ouUgRGpump,f3772f7ce4ee19a6fadcca1a54ce5e20f38cf50269527966c39fc2863849b180,b12df34f1b6b3a2e122056e1860e40514262fe921e5d2248116c24f0e43df352,2026-09-14T12:03:38+00:00,2026-09-14T12:04:03+00:00,25
solana,solana:mainnet:8CrnruyzTqdG7jZBQYj1dg9emyUg46NHySqtk2Jwpump,1e852540146bcbbea08b24e3b86aaf629661303e5bf06566410baec9dc74fa71,56f53ed8ff1985dda047917c6de46cff3d25905cbc77c18cd9fa497aaea8aefa,2026-09-14T12:00:03+00:00,2026-09-14T12:01:46+00:00,103
solana,solana:mainnet:8H5yfL1GoDETLDaLYZzrgQuZs37eiKJjdfP21b6ypump,816b22dc063a1a8d1ffc8dd79261da04f84c6b4f8496c29552529cb10a0324fd,eeb0108486542c0a6229caea28a59b2d459151cae90f60924487c747a372fa15,2026-09-14T12:00:15+00:00,2026-09-14T12:00:23+00:00,8
solana,solana:mainnet:8X95p6DDQPzRxMMZUJnuiX9v1nKP4EhYVt8wiy9Epump,1ca540d5b03eb413a114948ddfe7316e409fa0650aa1914c26c85f62fe5284ae,3de029a2ca66f1dfda29b160b567076d61be7b185ae16e34c58b46f852f600b9,2026-09-14T12:02:57+00:00,2026-09-14T12:02:57+00:00,0
solana,solana:mainnet:8ZxtAE1DCGoZQ2wFovus1fbhv3wanWL4M7nYCw7Apump,f13b68779762999f31604ffd82d5ed2a2889143084a7b250d18f40bb396d31ef,4a410ddcb2cccdc86a5dc99ceab0a0632d9b30be80a5adcbb235c89297283e5f,2026-09-14T12:00:00+00:00,2026-09-14T12:00:05+00:00,5
solana,solana:mainnet:8eaTKu3hpJwaLQbsVbUjAVt1CPCvwP3PfYHP8k5Ypump,54a573ee510269dfc0b4e7a71c853cba70d46e4c701914cfc74a0c0d1758dc31,11ca83c566d19ebed041da8b5438fb932ad48b979abd54021dc9ebd45b78f1cf,2026-09-14T12:00:46+00:00,2026-09-14T12:03:31+00:00,165
solana,solana:mainnet:8gHPxqgHj6JQ2sQtMSghQYVN5qRP8wm5T6HNejuwpump,e427f502e7694b3695862d2dc1b0313a564a4a05e6b1e86fa4eee836f42531b8,7fadab421e6c098ef58bdd14a4fbfc3fb977e42c4924fe3515ef1be27835c027,2026-09-14T12:00:43+00:00,2026-09-14T12:04:33+00:00,230
solana,solana:mainnet:8oHGDC3xLYZGbAYxPweZoarAfEzuc6fynz5A1kqWpump,618708a8918d0f2803081f99ccd2afe14cdf297ceb7f67786ecb5cf28b140410,f9ba542886d411545721650417cd35f2fb195b6472fab6277fbd89132e704489,2026-09-14T12:03:16+00:00,2026-09-14T12:03:26+00:00,10
solana,solana:mainnet:8sJMtCYg63FHfuC2C3bAga61DEFeAEyRDTyvG5nmpump,3c42be33126bc2f83070900c952f5a7e61b5c3c0e23227f753bd02f2507f7d50,916b8de4c97cc567f11efa3e5f83545aaa590893c5d96121e099705d5870c52e,2026-09-14T12:02:20+00:00,2026-09-14T12:02:20+00:00,0
solana,solana:mainnet:8tNvSWbP5CmaC666Krhpm1md6QBX9WfJshNgRRf5pump,268fb8c9939a4bea291bc69ae840919fe7a046bca06123cd985c10a50a1956c1,e5f449f8cf9926e01e8f657a4d7269b7483310140dc35578d1ea58d137af512b,2026-09-14T12:02:56+00:00,2026-09-14T12:02:58+00:00,2
solana,solana:mainnet:8uxSg41M2rgQm7nyz5AA9iem7G8guG3Wv2Pbou9Ypump,0adc44358f6273b1a2f2bea4df3f10f71c34c2c7e17ceb4df06d115ab52bc3bc,33278662fadc8e2a3bce31ef11f4741cd36542c5b4ebce3f143be1beddf9bb21,2026-09-14T12:00:01+00:00,2026-09-14T12:00:12+00:00,11
solana,solana:mainnet:8vGr1eX9vfpootWiUPYa5kYoGx9bTuRy2Xc4dNMrpump,15a193efb562f64153130a536767d244907a8f15cc41ed6cb67c9151cd02465a,9740737c3609c973ad9cac5821eb60b317e2bf92ceb909c38ca807865c364075,2026-09-14T12:00:00+00:00,2026-09-14T12:00:02+00:00,2
solana,solana:mainnet:99KyMR3uAWd1DCasE558Fz2e5Zn9BzHKvn6hWK1Epump,4fdc5f4581a36ddee6c05f8017076b59aa3dfcd8202c8cfe880b48d9376a1278,c2ecf1b85892ba5721ce8e2862c420632c4e80e4f68d74c1a05dbb40af233de2,2026-09-14T12:00:01+00:00,2026-09-14T12:00:04+00:00,3
solana,solana:mainnet:99gWFt8Wkwgyet3ejbAnenoHMfTA4CRomMpArjM1pump,4502542d0905d8d03fc83736a5b5ea68f25e72fccdb0c8670faf9816fb6dcad1,30c4bef6a195405d6d89f407222755580d2ee5c24c199c936e1a730f5a84e2a8,2026-09-14T12:00:04+00:00,2026-09-14T12:03:38+00:00,214
solana,solana:mainnet:9LsmvhiNThFurje813v7STBDoQS4wtUySQL3oJXJpump,8cc37d102cf2b7f90b27fe9836eb7a528a2a53ddfa88eb82b954667c7e3819ae,dfe37b84ec7e36f06401b302b77f19332410c916a1f1e5f8123beaf679212211,2026-09-14T12:00:00+00:00,2026-09-14T12:00:00+00:00,0
solana,solana:mainnet:9PV2wx6iL3iSYjS5g2tjjaN5aZchSc1xnG91wyVgpump,4f84d1e6171647a40d8f62ec17e0a4382706898d0268c4f4f57d5d43e216a6be,4ae6e401e81c09352133065c9811d2c1ac8d03d164057d5082e8caa925cb7797,2026-09-14T12:00:58+00:00,2026-09-14T12:01:00+00:00,2
solana,solana:mainnet:9Pfync3ejPC9eHqVzq3nYQJAhyhjqpnB9UsaSfLxpump,f542c128c54280b7ee3595b3ef73362f2c1ffb593e731bf4b03a4a1637724a24,71384f337ac97fd58ba17d54b2ba9f091cacd8b73779d7569939a3c49413c5ee,2026-09-14T12:00:17+00:00,2026-09-14T12:01:49+00:00,92
solana,solana:mainnet:9RkhjDzH8M7GsUavjzavXoBJmHuMyqLgpdFUyByzpump,b43247b0fc725308ce9a12ff386bf89cc39e4dedf0fed4a86025eed2bfacbcf9,676afadfbbe10437ff89479ba068e8b6f72bbb310f9591340cd48ceabb9cbfc2,2026-09-14T12:02:27+00:00,2026-09-14T12:02:28+00:00,1
solana,solana:mainnet:9WfSri9XkJgHX6YBZ7i94YmSYGEwNtAV9jKb7Fd4pump,bc81491aab8a46dfeb20b3f3981b4315b2a28ed2914ce07d01f60da39ecffa2e,8dd0a9f02e8cff9c86d5fe9fdc2639f453ad89a8cee3b33eedb43ea8a3624964,2026-09-14T12:00:00+00:00,2026-09-14T12:00:01+00:00,1
solana,solana:mainnet:9aqNwm6PuJViP4QSTJUmkqxNuZ3bYauQYgCSfktApump,6ece93a2ccd7401c267543e4573975f18ed2fa1addc1174e5cf56612f9e2c3d0,814a9d2a8dc49483c6a3259f519e6d35be363cae35b52d6a83555cf18ae825bd,2026-09-14T12:02:32+00:00,2026-09-14T12:02:36+00:00,4
solana,solana:mainnet:9cRCn9rGT8V2imeM2BaKs13yhMEais3ruM3rPvTGpump,61803b3210323d89296665e262f7917d9893a71f185c3b96e8dcc478e0713126,41263f9919fa03146254af8c07a046754eff5080327c487ed4dc98e4d3dbd2aa,2026-09-14T12:00:00+00:00,2026-09-14T12:00:36+00:00,36
solana,solana:mainnet:9crNVUuotb3kyXauFxHmD4iNXghtNkZ5hBtf7cLEpump,1597b652fb5920436369c067fd4a0aa3f5dac619ceaf19bfa5a285d0aac1b7f6,a27319085db35b775b7603666d8db68f4c6689d8e2d5bf26070153fbf8726c3a,2026-09-14T12:00:30+00:00,2026-09-14T12:02:06+00:00,96
solana,solana:mainnet:9dQunXVZoNZAiZCK2rA6yq1WLH6n7nBSPLjsLLW7pump,d0dbbe69491e3b70e73e20799710ba74f632e58280d5b2f27c580b6f35ebe2d2,10eea5ef05669c90e4b0b7371d04a0a94a243934d50875a5844d31c75ee08ec1,2026-09-14T12:00:00+00:00,2026-09-14T12:00:00+00:00,0
solana,solana:mainnet:9efYkCp6XK1wMTBpbeQZeMvTAoZ3fYzfaqRxyN5ipump,c9082b7b853f6c485c85068df119132b0ef91631d5b0bc3d5e49b5392e904cb1,3eac6c936f8653a888b65115d45f27a6f3eac549d70d2903d86c95d346466f12,2026-09-14T12:00:27+00:00,2026-09-14T12:03:33+00:00,186
solana,solana:mainnet:9fzCVngWyCEFh9JJZ4wjLpBbopBoywVnDF8odtPvpump,f829f7923b8e086807ea0fec8d5ba61b0bc92da33d7e7cf18095053d6b4c99de,67332282ec24296aaa0b6b25db398c2a82d14c3296eef3d5d3d0b583b5285b7e,2026-09-14T12:01:14+00:00,2026-09-14T12:04:08+00:00,174
solana,solana:mainnet:9g1tHUeg8hSqf6JuJPDWWrSsuEdSqtM9D7TCcjPMpump,722bfc0d0df419fbbf9c0a137187e69a0bf4d43f064882c7048a00f043789129,9b1ca5d174b137895e7e723fe2fb4749ebd4a23caba0d2fd09fba88af1aca125,2026-09-14T12:02:59+00:00,2026-09-14T12:03:00+00:00,1
solana,solana:mainnet:9gMyvDXBRUb4BaWSmoG7msm5eX8cCBggoBnU72Fupump,3ed998495c9dd5b7dee994372385aa8c035057b3cce8440392032073b9e4b370,8e47d25837dcda9ad43bd5646c99bd0abf8c19b4fe8726d6b8e3fedc8137cf6d,2026-09-14T12:02:29+00:00,2026-09-14T12:03:13+00:00,44
solana,solana:mainnet:9i3NFMa9pqR3suCUhyX3nQE1dy6i5wXafDtppUxYpump,d4518aeee5817cebe306af18d6d05942a09e5147d194c8f221f8e2ee7b96db29,8d0458b60784221eed24f73c087cb34c76cdf9ba654dc5721808c5101f4bdb6e,2026-09-14T12:00:44+00:00,2026-09-14T12:00:44+00:00,0
solana,solana:mainnet:9iUFEkjpqnVqxpPu4PZuA3rv4N89jou8Cx4Dv4oRpump,a949c7254616dd38a9ec4f6db2878d838ace593bcaaaa963bc84b053790909d5,884b149cbbc7c1a257021bb8a6beb59707835d03fd9df80671290dcf478ae7ea,2026-09-14T12:04:17+00:00,2026-09-14T12:04:17+00:00,0
solana,solana:mainnet:9kThduLD4ZBuuu4fmtnkEgCrMsaGm7wzawcVSpzkpump,601b3007550bc721afc66863aef4012ce8450ddcbdec8fbc86a6fc89f917a878,5f319a5891e58401dcbeb84d06720214417f186eb0ea89dab4433f223c525425,2026-09-14T12:03:21+00:00,2026-09-14T12:03:24+00:00,3
solana,solana:mainnet:9mM1Mc4Ta9UJJ32v5qsHef91PiXi7EWyiSsqF5WXpump,bc1509f7093c2c378c8659805c19766c45c075ca4170c75ada0450977a8e66d5,8ca77ea5c919a4e81d73ba56b964d2c3e4cf355d93bac6f31c46bcb11265d9b0,2026-09-14T12:00:23+00:00,2026-09-14T12:00:42+00:00,19
solana,solana:mainnet:9pBUrghvL7hiQG1EKemVWDQPNngncyBWyrMFDX8Jpump,fe7fa34e20504a92755cc8d75cfc2c1f808568bbc7a81bc50a526d84852d388f,d59f2ca5b4e534ec952770e24712651a32591f5b44bd9f4a2da56e8e96481e56,2026-09-14T12:00:00+00:00,2026-09-14T12:00:01+00:00,1
solana,solana:mainnet:9suLjFZKxHXfcSPFW3kf3GzRh4RToJWRhEntLzTqpump,434196d31e5b05de62890c69bf12602b98ab1a94c7be39c343f7597a9595cb3c,c89b6ff0e1747ebcdf45ad88117c3811307c79f0e43d1a0b65a31041e9b99494,2026-09-14T12:00:00+00:00,2026-09-14T12:00:00+00:00,0
solana,solana:mainnet:9zevBpe7176QbuEEbHaPuQXxfW8SWJsoW25CRnbWpump,f8dbc52c783f942390fd3a1790df94a8dd3f05d8a42f544961d5b3ba631e53f4,18b5c715e73674ad4d52c7f49aa19b0678b06982f3f9a2ad53d9c522aa42979f,2026-09-14T12:00:03+00:00,2026-09-14T12:00:09+00:00,6
solana,solana:mainnet:A13oRB9FFaiUjfi6LdCg6p9ka1u8SfGkUFs4SKvPpump,75db54b3b658a2a49fec36885425304f3a9a20f3abb44b747fe282e7ebdf884c,a53e169b39ee25d3c8f5b28859234b86b941878a9085e12155cc024b29081c87,2026-09-14T12:00:28+00:00,2026-09-14T12:03:40+00:00,192
solana,solana:mainnet:A3xosxdjYdpYq1eQKnKqKFo1UJX2Pp428eC1US9Wpump,930da6c46f1bb8ae28dcdd07e6f6f2e8b0e6cd7600dda5f3e35161118625caf1,a5c41610d3a761a5d57e57bde6f6227315088c69941a924e38f042123ac560da,2026-09-14T12:04:07+00:00,2026-09-14T12:04:59+00:00,52
solana,solana:mainnet:A48KeWUuiDSdRQBqAFssgyYATDuBv7cer54V2JSDpump,8fb1bcac141f4ca9d867cfe8dcaf70d3fe4a9c5be6fb002171f54527dc44d80c,3206402a782c96ace7f601b07513b755df631895c854351ca54704adaefd1aae,2026-09-14T12:04:15+00:00,2026-09-14T12:04:19+00:00,4
solana,solana:mainnet:A4j77ZgCEW3i4k94jBDQY5XwPikBB41WYi2vCQqSpump,fb1dc2e2752f844cccbf63317c88eb6695319d53516bd98246cec5bd9128fe26,4235c86c4cd36b8a3267e82e1045032ce9d1c4704dc7b604d624240cef000a90,2026-09-14T12:01:13+00:00,2026-09-14T12:04:15+00:00,182
solana,solana:mainnet:A4pqJaF31QiLz12Mv8Fx4dEVFYJQ3maqLqzPDTSHpump,4b2262ba798016a36edc5ca7072992be1a77d3b20b30fcdba8b1f6f90629a518,f3a5de8b2f6933422d3590d60228afe1adc627e4b90f1cec3a6c3a19360ec146,2026-09-14T12:00:29+00:00,2026-09-14T12:00:45+00:00,16
solana,solana:mainnet:ACC82HwfEThus5ukgZATHUtohp5C8aqnoqZnrqxGpump,1607162272e0f752a1d2e2cac9d624354c70d49f2a996e163514a1e7da97f8c4,cafc2e2a9323f5ebe839a3791c907efd9a19df69c2ebde727c6e8c916536d790,2026-09-14T12:02:27+00:00,2026-09-14T12:03:08+00:00,41
solana,solana:mainnet:AJnifnzkyXFfKgL2GM4ehDYyPHyEFxUj77bKFq2dpump,cc196ff5fc258436d57e6068c934b8418da367d8be2e4a2a11d2e88c44057e77,8771590c6a7566aaacfde8811227718fa04f763c0e78656a1a8933326d0a915a,2026-09-14T12:00:00+00:00,2026-09-14T12:00:00+00:00,0
solana,solana:mainnet:AM1SMhZAKZycsNBak41igbAcJEheDjgH22dh49Dtpump,f542c5d1e7590d0eb08129af519fc2661b13eb31a7a80a2dd02583fbf3a464cc,122d89f20ee8431645e94312d0b8d1aa46dcfb522db00b7403e07ca4861bcf72,2026-09-14T12:00:01+00:00,2026-09-14T12:00:05+00:00,4
solana,solana:mainnet:ANM35KbUcfKdEVBXzSjZBoT6ceSwYRs3fuc79fp7kRqP,a60f6e65fd2810f96d87fd5640b0fe8daa9bad5aa2eea8ff07b67b853332e091,4aac755c53cc1e790713c76bb02d2d3e41d4fba540758e6af0efe5cab8c57e25,2026-09-14T12:00:16+00:00,2026-09-14T12:00:37+00:00,21
solana,solana:mainnet:AQi9C9ak1TKTse3kSFKANybEhZmaVpTab1ukhsEhpump,3c10bbf6066907613209d946e66622710b8ea0dce5aa503bae044564ce8fc0ff,332795f036b46a8aff766e0c20fbadbe575e83d6524648b8a53464e41f7c87f1,2026-09-14T12:00:24+00:00,2026-09-14T12:00:30+00:00,6
solana,solana:mainnet:ASoQZA3Dee2HU34Vwx3b5SAtTaczJtZcyx1T413nDALL,d5a70a1a3265c257cccfcbbf847e246230791f9e1aabd6113917b2b4f35f2020,3a4a868fe500c5803a733142975e547e44985ea8629a3cb132c8418550238552,2026-09-14T12:00:12+00:00,2026-09-14T12:00:16+00:00,4
solana,solana:mainnet:AYSATG14ECCDp8zyiVZK5BB9y8tNf8yLBotRQSiXpump,4c44118e917cb18b679938a4ba428986d406df619b9702515dafc2e71c95731e,600825698da360102806b055b723f972fd91763e83cef376138ae5345e88fb43,2026-09-14T12:02:01+00:00,2026-09-14T12:02:30+00:00,29
solana,solana:mainnet:AZmw7fo4vWFKo4sAX3MWKpGAKGXuJrdFYPvM8mSEpump,e48d479ee409bb15a77a5551e8bb1468e1795b7a896f362dad85cf17d994d0e8,12f0c74cfe31168477c9282a83237a93e92aba553c046ff5df633df1cac86b09,2026-09-14T12:00:26+00:00,2026-09-14T12:00:49+00:00,23
solana,solana:mainnet:AbqBVEVebBazAydzVAUGYkS5MEGCEpvVkKNujnJrpump,09704bec29525bd8c978878271fd2a25d08a16ac2a06518a8c84d3edfe3a07fa,6ec3e2acc5080322e9ca21ca1830b5e2b6208bb54b826527d8dbbbeefed8ea8a,2026-09-14T12:01:38+00:00,2026-09-14T12:02:14+00:00,36
solana,solana:mainnet:AgdEr3eKzqqxEc9im4tbtu4h6BsZYKyq2HPggrdpump,f634a1d3244bf1082225dc141d25ee23ea3647f728c34b7d42eb5d557434896b,710cb361319772af1015dc864b1a27a85077e767666e18c900c7ca702243b3d9,2026-09-14T12:00:00+00:00,2026-09-14T12:00:18+00:00,18
solana,solana:mainnet:AhMLkhi35HbvWWgbzzoRe3wvBwuChge4WAwiBZ1roDDG,02a327d355055b9731b15e6bbc13c30fe60b84ab99a342fbd4a74a8b22e4a969,5bd5576fe29be609898b1979a0ee9165b8aa0140fc6aa20e49524e10b2c17d7a,2026-09-14T12:00:00+00:00,2026-09-14T12:00:04+00:00,4
solana,solana:mainnet:Ai66LHZG9MCzg1WKdawwqduVAXpNDUuV8M3uyq5ppump,e2a6c1d0588d41b65b741266596cdb1443e36bc79ca48c828e9450c17e93c846,84fcc48548cef83d1986e85147217083d7d0feac776ac466390c8db995906ead,2026-09-14T12:00:04+00:00,2026-09-14T12:00:05+00:00,1
solana,solana:mainnet:Aj6oS2fbiWKwho6sFsrPGsN5DwTREGGzbgEhwhmcpump,dffd21de1a5b6e51fc8a223c877915e609f998ea2e9fa767a802dc4647db126f,d1d33dc7fe0bad92fb1e9104980b01a64879afcd44f2228692d88501c43c71c6,2026-09-14T12:02:00+00:00,2026-09-14T12:04:15+00:00,135
solana,solana:mainnet:AjToeC9PjBK7NnHG8xFz3bwu3UZLQC37LfyPjUDRpump,82f79bc5481436208cbd3b776978756fd36c318a9d38265312a4f8ab341c6a00,fbf7195be5b215cf3a1e048ee05f25cd96f6a584436a16bae86fa61bd27be81c,2026-09-14T12:00:03+00:00,2026-09-14T12:04:57+00:00,294
solana,solana:mainnet:AjevTnqDM6dbRHtbPtapyhXn21vVP8fw696MPqn4pump,994610383af4d3510063bd92e29df7f145eb0f29b3dc283fd0e09a66935f5416,b031224fafc8ae9a2b633fb5062e86abe2ee1103bc61b8765fd776ca3a692e87,2026-09-14T12:03:09+00:00,2026-09-14T12:03:13+00:00,4
solana,solana:mainnet:AmPojoiSMGzwMMmrXFzovcnUA8UuwSTBf1myCBbhR4Mf,d11da708639c50c346ddb98680cff853c2252f7bb12294e2612e4fcc69365023,1f52f74196cbc16d2f39688ab322d9a3e7564b5a8655314c54989f18ddc82974,2026-09-14T12:00:11+00:00,2026-09-14T12:00:54+00:00,43
solana,solana:mainnet:AtNfXEt9vSZtHovxVYKXrfFwATfddmeMvApugZzcdWiQ,d5da638522ebd6050cf749802b515cada8263fed187aeb438457b55c697145ee,ac3d80a4d967cfe8263dbd7d57525c4f24990486713bfa81c50d12a222c71c29,2026-09-14T12:00:09+00:00,2026-09-14T12:00:27+00:00,18
solana,solana:mainnet:Aw6fiDPWLUnjSsJQtsyEMSaoPaKAUUrStAsYPiPwpump,e53177d54b3daa4f1a5b6d5b06450907660c5eabe6fa6aad858ee0e4ff72ff74,8f3019903d1662fe1e78bd43910534857e949a71b9464b7c2224d785e9ab83cb,2026-09-14T12:00:05+00:00,2026-09-14T12:02:02+00:00,117
solana,solana:mainnet:AyLn7YdHqh3pGSNC1YrdEtEdSCVjG7BxQedxBvkTpump,187fcce751674b04ca63a0db4fe72194e452822346b01cba7d1de8b54ca21697,650ad7a60910fd21adba32e79fff9f7c0c36d90d27de2c07b106cfae6744514d,2026-09-14T12:00:17+00:00,2026-09-14T12:00:18+00:00,1
solana,solana:mainnet:B16n7x6yKbyJMw8caer9y3cXyKdiooMzkwcKZZyr8jXb,62e544e84a75d66b579758057ca0a69f9d7345dd8fa20f1c56cd01808815905e,40e5026b3cf91d721892b96a57106e93ee7ae4bf52837f8d2cbd25a32928ca28,2026-09-14T12:00:20+00:00,2026-09-14T12:00:26+00:00,6
solana,solana:mainnet:B1NspNLrJGDSs4ZE7F6Ew3kBW1WGnnUvHbJA2U5Hpump,395ae421f51ab736ea701211b3f6dc58e85a98bd0aa3566adc4583f3dada4a09,a4fc2c4ab94a3a610484cf423e9ea6630c2bb917dc019b3d8c1cc5145b71121d,2026-09-14T12:00:10+00:00,2026-09-14T12:00:15+00:00,5
solana,solana:mainnet:B4KX2V8MX8yJ7E4VuL55dDM6tsSwygb3rP1dgEsXpump,55e65a542b8cd83c80f994907227ea347b56dce4052ab68012aef4101733376d,25f3dbf98c5869973f6251d7e7bbcc305194c8d9cd1a9b3ac59f84e4a62bbda4,2026-09-14T12:03:35+00:00,2026-09-14T12:03:52+00:00,17
solana,solana:mainnet:BBH6nKdMQzArL7ettUimVMUQCs59NPCdwMApd2mcpump,790c524ae7808a7170cb6e67be37f04dfc41bc96ac3c4435b13f5d70386d6f20,4bfd17b7134ef7beaa1c5e16d3f8e0f9615079e430f8e6771e6448b2a95fbb62,2026-09-14T12:00:02+00:00,2026-09-14T12:00:02+00:00,0
solana,solana:mainnet:BDXUaN4Bx6yaCBKAmCyGfdXd3UkRobiQwbV8mB1Kpump,54a706b6fbd4b49368c49924ab63e78df9a7114acf5a1705f092d1b1bd88a850,28b2c502ff77c83426d9b6b4a7a966033e485f6441929b38da8e0d97ee11a978,2026-09-14T12:04:54+00:00,2026-09-14T12:04:54+00:00,0
solana,solana:mainnet:BGDN2HkajLoax3vkSXWm86UjdAjdw6KEYmLrmM5fpump,a8ca3e607aadd99c264011d1c6e650287738cf9475fe77a1ec2c6366dfdffecc,ebc4d5d55be0845e1cf54e2ce2368a854bce97b2f9a6a5e57c11e671db9969f8,2026-09-14T12:00:00+00:00,2026-09-14T12:00:03+00:00,3
solana,solana:mainnet:BHS8LHW11NKxzxyCtqz9NJbTkh3h94WqeMVYgTY5pump,9623e3e420b70fd13cd8aebfb244fd105dc28cdd8976cbccf92940281e5ee180,4934c817ce07902b27ad678bea58f03e2c5a51efb43aa85592cd600782d0bb89,2026-09-14T12:00:09+00:00,2026-09-14T12:02:02+00:00,113
solana,solana:mainnet:BLmaMbYNfErSMboj1mUmT6Ng1uNZ1JKbjMTGvGdKpump,7daf5be148a84eb57e4af2da3facdb0c4aa0c3f7e2db875635dbc10c22a1d651,8b50a8a08247e0b4daabce10e8d34fc1fbb7770f3b35425bf9886bff09e20cd4,2026-09-14T12:00:23+00:00,2026-09-14T12:00:36+00:00,13
solana,solana:mainnet:BPLPREyYFx1WEPyfTsBWouKN1r91gQHxnAQhUceeddXk,1683f4431bb3abd58abfc86945b0f4e05e5f5e9c5091a0ab4ab0461ec00c06a1,2a9cb47763ae1ac148bace64a131d1f4f9be81312a5dd8a7247f57147398437d,2026-09-14T12:00:17+00:00,2026-09-14T12:01:36+00:00,79
solana,solana:mainnet:BRZ5aeJCDuruA42V1CntqKvofa2G7DS3yyxx1pZEpump,240cb36841c9f0ad5d76fb06d93a7dfb97db295970a52689e520635c023585cc,77fcd2bf9f7794de01723d5e5fd19656189ec5dc77fa300fd533e6524aa224f6,2026-09-14T12:01:25+00:00,2026-09-14T12:03:44+00:00,139
solana,solana:mainnet:BSdj5Bh5QgZut5zmKEbLwATLpiwUpix9U6dNL6pzpump,f7d84aac49388878f979ebb328d7f87e42016cbc1ac76f6d0367be075952f440,d3cf2ee41916cebf76c6440b5654afe5968e99996dad7f09f539e153a06c083a,2026-09-14T12:00:08+00:00,2026-09-14T12:00:20+00:00,12
solana,solana:mainnet:BYh4G7a7vWEXkXUFtNVBe2Xa2S5J1o8DDaMbruc5pump,4b2e8f730eba44f2fd21fa67f9df0aa434e0ca8cf85a7f7287d50dbb5cdc8cbd,8e480fe20baba4011906dd917fcb760dd4382785c82a12007a20c53dc1d4c75c,2026-09-14T12:01:52+00:00,2026-09-14T12:02:00+00:00,8
solana,solana:mainnet:BYkfK4eXgbGf7i2S6ZimT5CGPhCDCsuGn8v2DVTApump,73b8076bcb1996f060ae5fc469e4adc4651db9088e0b2e4c9bd39d97ac56a365,9ddf826ac9511573510622c219afbf99df59727bae7726551c473c7abfe5616c,2026-09-14T12:00:01+00:00,2026-09-14T12:00:01+00:00,0
solana,solana:mainnet:BcHEaaTCvycPwwsJ9yQTXdHP9X2gCLkznDbZ8VySpump,a49c5a2226141786d2c6122163a7031b1f9ce58fc5dc4ad4cd25771bc48ec07c,7e56ea9c3f779e70f952f24905fbbbe21ee1232e2797703892c5954d621c46ba,2026-09-14T12:00:54+00:00,2026-09-14T12:02:01+00:00,67
solana,solana:mainnet:BdDk56xSLCLtrWrDe9DAbpo2VJjVtynNJve5WwKtpump,420bec5372abf6fe6bb583dd0a7929ba53fa3e1bd0df26fb95cc7149d0151290,9af39e052a3055b07dadb3f9eaf10c8eb1b1ffe0379c9c09ea3b462b7f1141fa,2026-09-14T12:00:26+00:00,2026-09-14T12:01:15+00:00,49
solana,solana:mainnet:Bp421LqKFqLJvykGu4jpgmJw5q5t66fQbyvyKNz8pump,bb912fe4edcd8a3961c837fd984fad0bc1b468db122c98283924b23d9079f510,2a1bc5ef71c690f68cc9844d1fbf7e65f883f294a0ffa35b10cb66752fe1ea04,2026-09-14T12:00:06+00:00,2026-09-14T12:00:10+00:00,4
solana,solana:mainnet:BqaTaf66Awhf9rY84JBbN8diqJ7NdwQtLYB2vXCpump,8eabd700b0020d1b39f020b1c955b6966d7b84e2972bd782ddc0ec229fa1b284,a92262d972f95943e654743f00f6df705f7c0fce977645e19ef37d15af7204a0,2026-09-14T12:00:00+00:00,2026-09-14T12:00:24+00:00,24
solana,solana:mainnet:Bre52w6rFyH7mx3HKVGuKsupJ3djPQTMhWKeL5Xpump,8c21af7c2b45f95a90372dc2c9d1e666af048808ddfcdc04b5dbfa03d89e5a37,4713043bc4111aa5b9a6240980303c4fa84ee422c35bff848aeea93552cb8bda,2026-09-14T12:01:49+00:00,2026-09-14T12:01:50+00:00,1
solana,solana:mainnet:BsqBDrP27rBDYomPFzBFWUQmZ47qY2g4Urddnfepump,3e87e84782489f8099dae87b56879e84002516afcc92a077ea8a683bcfc3f3e1,a9f82fbbd771c26ef7c44acc79816382c9a646b0714d6dd2ccdf3dce9ce0593e,2026-09-14T12:00:11+00:00,2026-09-14T12:00:41+00:00,30
solana,solana:mainnet:Bsssjph4u33XfDU8cUVXcSKVYz5DqL8hLebyGHMNpump,1341531150dd9267512e17b4a01ee8d908ffb209c9737eb62aae844e1b7adc1c,26e8220b5a88527904d4e314bec5381ef6d33d52f362d3cb9aed3d8f9ead9c9d,2026-09-14T12:00:00+00:00,2026-09-14T12:00:01+00:00,1
solana,solana:mainnet:C5xph2yL6gMdxmuLGxJBkGpmuDFfyi5fqkBNhvL6pump,c209bc8eee3bd26a51c3a67836ef18bfe26df453ca858405ebce83e05b8ef552,62c733bb6fe328fc12afd953bd813084fd905a322c1d68758f128c2ba63f5f67,2026-09-14T12:00:01+00:00,2026-09-14T12:00:04+00:00,3
solana,solana:mainnet:CDzeLcNeNMxWaLaTsX6a3PUe6tb3L6GfBseCaR99pump,52179068ea3e67b379eed7886605c5bfc5f36ba0161b9d198221c8307e72c55c,9a81e13358cc440534ed9d51d6c1fb4cb8f1deb091edc24a3767ed594ca7e8ab,2026-09-14T12:00:00+00:00,2026-09-14T12:00:02+00:00,2
solana,solana:mainnet:CE5s44Kren64c1cp8h2W2C3s9EHbmDRtYUBpiKK5pump,659cf71cc31aa5f76d08b9b5e4a38b59c3f631a50d493d0a7ea0140a27071d2c,910f93a46b6156f055d934b9ac64092e445bf2871cf4706e12aedae8241fbda5,2026-09-14T12:02:26+00:00,2026-09-14T12:02:26+00:00,0
solana,solana:mainnet:CGEDT9QZDvvH5GmVkWJH2BXiMJqMJySC9ihWyr7Spump,4c9beafe1f2da2f540e185527e8893610c35717a53a5cd0eb46a552c4578a56b,b9813566e3c87aa45f5fe1765d3d3e9023a13c751daac9ac7fd098168e5d82e9,2026-09-14T12:01:44+00:00,2026-09-14T12:03:24+00:00,100
solana,solana:mainnet:CLa2rdDWJtPygwtuN7etqrSiMQmEyWpGmuw4x8cSpump,6bc7217563a4d5246ab3c56010fa0278cc8c10211b89e5f8f4aee5f14e76eaa4,f20352f09ca1d55721fbbbf92f814d66831a0565c2876e68e10610554f65abf8,2026-09-14T12:00:10+00:00,2026-09-14T12:00:40+00:00,30
solana,solana:mainnet:CNWxmoBSQZo2Sgp5KSAK5m9FwSqDbXQRP4CNMuoe78Gm,7bfab7a1f11d920f805c466c63e8293bd2e734498fd3305d6f557e6837830c6d,6862915ad4539888057d826f9f94581ebadfe353a5c435a4e8aee8f0a3e01b25,2026-09-14T12:00:01+00:00,2026-09-14T12:00:04+00:00,3
solana,solana:mainnet:CRiHMeMupoBsgYZaGdhvjvDd38Y9ubEw1LGoxntcpump,692e46a8ee07a31a6d5aa66adfc9ea126cea73a1da13a0c508a72b2a1ac0dc57,b6312d52d500fd7252abc94b9ed4d12e58b085f83eb0fc1f8956f45e72f1daca,2026-09-14T12:00:00+00:00,2026-09-14T12:00:20+00:00,20
solana,solana:mainnet:CSE6QUG33774zUESuj9ox8Kdnd5yFCVkagCmokRupump,f51ae63b4c17d674d73ab314af58ccd2ad2a48fbb71ddb0494ee3c95a7fa27b8,3483fefc9c08ccb5de9358687b85db82f72f895a73f979492b77468fb0ee0217,2026-09-14T12:00:19+00:00,2026-09-14T12:04:44+00:00,265
solana,solana:mainnet:CTPoyCwkjMvoJwU4xvZZqoD8tiYk6yDchySiN5gGpump,948b96d9570e3b82914a8b92d136b89860cad8c2efcd82b09ed0dcd8f4afcd0b,933ffc4485bc63af99daf8afada00ca104b5decab89eac5802d7082d779d55eb,2026-09-14T12:00:38+00:00,2026-09-14T12:01:20+00:00,42
solana,solana:mainnet:CULQUX5wW2hbwbCPSKbKiS4QmU3oxVrAzQNwtSLxpump,b17db18190986c16059dc8075a356c2077eab85a1801bb562d8338c9286d33dd,8d097f3809a9ae8e2ecbbb7b21f554222aadc891dd09aedae18c88e453cc7a45,2026-09-14T12:00:29+00:00,2026-09-14T12:01:23+00:00,54
solana,solana:mainnet:CY1iVEGj2kAjHkj8AQZpsdVTPEdTMkXgs7Vsaswgpump,419c71a1e54084ac608d89148b6da9c1bcf9b77473c7265eba00eb5c5f70d3a5,e75e5889b15acbdbb1c69e5575b0f975a299efe4e118ddf6809339ecb7b95483,2026-09-14T12:00:00+00:00,2026-09-14T12:00:01+00:00,1
solana,solana:mainnet:CY9Jrp9Tz5FPN9QJ5oN7HSJdQNxQFA9mVS2jKBh4pump,68fc541ee8781144c01b7709873595b0f1e5a8748f87490f4cf8eb5facc8572b,2073832e359867a85f1e6d062be3204d63cc3d97edf58a054cf1d96c7b214826,2026-09-14T12:01:27+00:00,2026-09-14T12:02:53+00:00,86
solana,solana:mainnet:CYSx8M2ZRKoRcfswcJnDjHYz139erQwwCpHRd7Zbpump,15ab6d331ec253417d75a806ff2e1ce99dbe4107cfddcacf8cd964ce56738e5a,ba8def726b69415e788ada866efd8bdcbc7a2a906e13e0ee571adde07e451ed8,2026-09-14T12:00:01+00:00,2026-09-14T12:00:01+00:00,0
solana,solana:mainnet:CaGKSN9aqrF753bPjtt9xuytx63u7K9tPqVuFurDpump,905886ea489a86096f53aa40f3c4cdbccede230255882111d1d809af170cbd4a,6e4aac04cac56564d354326ebad22568a7d5c7957f5aa9381b606eb0ee80dd0b,2026-09-14T12:01:23+00:00,2026-09-14T12:01:43+00:00,20
solana,solana:mainnet:CbyTNf7UPzvewHh4Zp6umogM2RWahhmGRJWLJnPwpump,2a18279770283a4742c12aa28e1634ecb8f712408b2ed75a1c453ac2f9866c28,cec2d42a0a73bcdd12ce1bf5776f45b462f04a72e40347e5e76f7c8f6a98c326,2026-09-14T12:00:23+00:00,2026-09-14T12:01:27+00:00,64
solana,solana:mainnet:CcZmANwEeQrNfJaNCUA4X52FrvYLo5iqXBgHZ97wpump,30594aa53563d052cdcd8c3f33a6136ef43a4d032d3584155ef95b2fc1991b85,93e4f4cf14d04c856ba454e283a6e59279569a51068357c2c90db1c28d53d076,2026-09-14T12:00:00+00:00,2026-09-14T12:04:14+00:00,254
solana,solana:mainnet:Ce2gx9KGXJ6C9Mp5b5x1sn9Mg87JwEbrQby4Zqo3pump,1f0216528c2fbfff2d56cb1f41c4e268db3430624806ffc330d904d85220ebfa,3815b4e6369e0c52291a187a64d8e732031c55bcac86ded5b16886eff7fbb7c4,2026-09-14T12:00:13+00:00,2026-09-14T12:00:37+00:00,24
solana,solana:mainnet:CeSFzoAqSMXMgodeLzrTMe3V5MdV5Nhinehedxohpump,750bcab05a88fb23a05307f913f1af1e2512c0b32153ea07ab036dd77a8d2c7b,15b58e0ec8511203048bdb2d405b94c0e02769bdc9be347dddf36e187fe7150b,2026-09-14T12:00:31+00:00,2026-09-14T12:01:02+00:00,31
solana,solana:mainnet:CeUfw3D5TUvfGu5ohSryU6JjY3gzkRVE9MbZwGuhpump,dd7dbd55a21f22bf66d522c1c778a7a8249769c3e7557fdf8fa228637a9d0ffa,62c9d7220cdc70ed7c9ef61bd550d6c003c9f8e04509afc7476a47c56d47f1e3,2026-09-14T12:00:00+00:00,2026-09-14T12:00:07+00:00,7
solana,solana:mainnet:CfQxtPmwVtFJBk7qTe4fPy2h13FoonCYP71xtDR7pump,0de84ab38abbb4eb3d035ce63db2afd87a61608e3560ad13730e32ae3f39cf71,4d86980ff6a2cb98d9adb38f8bf350d4df5060786ca44edf7464a646fc676312,2026-09-14T12:00:01+00:00,2026-09-14T12:00:05+00:00,4
solana,solana:mainnet:CfXwEn55uXAzx9qV1p7fa83opqRkbRKrMJuqQ8Rspump,edbc29ddfff83f4fa8569a19ffd64b399e207d1abf124c6b6666c99397503598,3adbb5ef286a45c6a37b4a6768bda4bdef2266de703e79a1dc8ab60782d47eb9,2026-09-14T12:00:16+00:00,2026-09-14T12:03:42+00:00,206
solana,solana:mainnet:ChYuSyGLMCXAjmMcobjf5XmmPLmMz1dqj9hZN1awpump,d3a43e96fc125675fbe646edf6e6e01ad93b6f17864c8d402e0973c970802666,1a469bee94f58e5007bbbe408d1780b3c88dacd768fcb9d358fe386184bb09e6,2026-09-14T12:03:06+00:00,2026-09-14T12:03:07+00:00,1
solana,solana:mainnet:CkTFDNGUtw58dBDEnMD9RW3tjTVKaoVXctcXdq8Gpump,07acb82125a910faac7c5dbcae0a248c265404554568cf9d29acf698ea4810f4,060b8fba9b91c1ecc3a8e6cb2c17355384d7612bcc8835bac17c8c0524e0bcbb,2026-09-14T12:02:16+00:00,2026-09-14T12:02:28+00:00,12
solana,solana:mainnet:Cm6fNnMk7NfzStP9CZpsQA2v3jjzbcYGAxdJySmHpump,84a22103486df8d287c496ff6648549f7d7eb07a3f0e47686f5719b631594105,a459afdfdc1fb3667733077b24d407a6894cbbcb29767ac041a4efcb4516a7c1,2026-09-14T12:00:01+00:00,2026-09-14T12:03:32+00:00,211
solana,solana:mainnet:CokcF6eho7CbRaya6N4iJ2mhBPCVLQfwMRbg6MqMpump,94edaf534ea7903d2bdf3ec24c68237b9cf37fd24972cedb4816e8fdc1e05951,41deca01681e8b5fd6a29de5dbe188b5d5c1b3c7d35c099f4c21525b6096a214,2026-09-14T12:00:28+00:00,2026-09-14T12:00:36+00:00,8
solana,solana:mainnet:CygfJt67TZBEqJnib8RfSoAgrf1v15ooJNFCFZt8pump,97a683ef72929d317313d0ad1517380677f73a5d55319c2cb63a0e00d42c5bec,3d6837c656e78e4d57d784319d6e88644098fb85791c3d8e21f185ce0242b845,2026-09-14T12:02:31+00:00,2026-09-14T12:03:10+00:00,39
solana,solana:mainnet:Czd8aagRRdRtxBztu5K85JXpomtUgkuhmusY5jSZpump,00fa087222f22ff8f7890d1fb7955b8bace6fc90d9336da433d2eeebee533670,116ecc1191a0d82b001a0191c3a90015ba4b7831b3c4804a481e2ce851114a2f,2026-09-14T12:01:38+00:00,2026-09-14T12:01:41+00:00,3
solana,solana:mainnet:D2yMqnArDR8zVibnsdgrPQMGkEMozmvDmmTPVRUJpump,a6d400ee46e5d91ee7954099a318b2ff8968ab319fea9cc9015c7358ca2755f4,477f334bffcffa5ac99b76efb684432b5371e34838ae71ced7739380b278c171,2026-09-14T12:00:04+00:00,2026-09-14T12:00:05+00:00,1
solana,solana:mainnet:DDoDYLQnxo8ppZBiZM5X981aUFmdM2Vi8RP3dSm4pump,36e81eeb71772c0447e7935ec02f0b11eff563665f3b44ac399aa88d44b9e30f,a4b7e9dd30ed5958d5ee968626163e39e4b70e7955d6a4ee03d2a89024473342,2026-09-14T12:00:00+00:00,2026-09-14T12:02:23+00:00,143
solana,solana:mainnet:DFkrD8xDANHCwgp6fKr5EPVYE2CyFyY6fTrrXfiHJSdd,a26e18e1a66679f8cb57afe8c0deb62ed56e6e7a7a3f86b44c8fa2722827e682,b2391d73884f38dbee9d9d497a39005cc504c776e5044e94af118f2fb67d8b0e,2026-09-14T12:01:10+00:00,2026-09-14T12:01:56+00:00,46
solana,solana:mainnet:DKu9kykSfbN5LBfFXtNNDPaX35o4Fv6vJ9FKk7pZpump,943cc36fe56cfc65657652b0eac09542839aacdb7ff77c3fee32fec7cb55965e,ff650da00d834306b75c619ac0136808d8105a0840df1688ac4463675de4290e,2026-09-14T12:01:27+00:00,2026-09-14T12:03:47+00:00,140
solana,solana:mainnet:DLGRpmkMGr7J4KD1xR5x2XjaGeQH64PLFQkyxNNSpump,45af9703a65c64098c727d1ee6e2ce9b35a3c6bab89d7e054da4e3c578bfb9b7,e35c7770852650725eaead37102c8be8411c351a2e519a36137576b0c4aad81c,2026-09-14T12:01:01+00:00,2026-09-14T12:04:03+00:00,182
solana,solana:mainnet:DQqfge4wAHonKL94xEDw2UvyrDwfnBprmAXHmyBrpump,9490afecd034df080efe84ef00fab52ca7ac96ae2ed4563465fe1e2c2ea1171b,00c296a56e09dd0a81358f706eb3027f13cfb0bd69d4e6bcb9de9e02961d28e9,2026-09-14T12:00:03+00:00,2026-09-14T12:01:04+00:00,61
solana,solana:mainnet:DVGPP6QVGBwvgkV5nHfzzHav2df1V7NPcXhZVRuRpump,9f4c9b9c50c5c81723a878f7b986d64ae2e531ac135079bf40bc319e3c8455d2,e86b06eb89ec4ec8f79513f1a22acdc2c2e368964c0b2be4dea78e850bf9b57a,2026-09-14T12:04:36+00:00,2026-09-14T12:04:36+00:00,0
solana,solana:mainnet:DVL2mEFgtnyFL6m2HG2RCiRCaxazKkQ7kuTiCt4rpump,508d8aa5b10613afacff819fd16d2d0e5f65f804d5cb9e98e2cd57cc26a7301d,5f0b89250fb34662434d52e8b519666e86a6648466c649496ab5b7cbb7086402,2026-09-14T12:01:05+00:00,2026-09-14T12:01:58+00:00,53
solana,solana:mainnet:DVYMBbbXnRoZ3o4oXnLjjTx8RrVH3HoJzsKkTkXHpump,1adc36461cb48d08ea74a366e914d4f4ab29202f29504c83c060ad6323637462,9045349290477699252cfeedd5298341d45f122ed7d57f062307d39d954bbff6,2026-09-14T12:00:00+00:00,2026-09-14T12:00:03+00:00,3
solana,solana:mainnet:DVxaAXi3L2NMgqpBqYmuVJkSK4bVJ1JgjvTmQgTpump,7999fef5a0e494e076c235e12356a4a0a6eefe4c6e3f74dddb778e8da4c94bef,69925e999ac8e115c61fe1051af94cc4ca7e876a635f8707355ecb19a9dfe00a,2026-09-14T12:00:04+00:00,2026-09-14T12:00:43+00:00,39
solana,solana:mainnet:Dbjy6uN3DNxn1NdnM1sKrMXb5XXkuWrM5yuL1PqDpump,fd5174bd049905caee33ff15c323cb561491afb074915577da1e852f9d50423f,283d123b8bb4ba6bae6d7ae5ca16b0300b7aab14aeaa2f78e3c78c91f66136d1,2026-09-14T12:00:57+00:00,2026-09-14T12:01:56+00:00,59
solana,solana:mainnet:DcsaffcdPpA8EhtGFXDQpn1i3cyUgWcfC5pMx5mdpump,8af22b42741c4e14277e38f5275ef0dffd5cb1c7d520b70f7e118226f62eb284,0713e0de5c910ddb66a6a816e3991945a4cfe3482e10607c127a4ca7b0431ecb,2026-09-14T12:00:01+00:00,2026-09-14T12:00:05+00:00,4
solana,solana:mainnet:DfCb8aTnKh3KXwDabiSC5gygd6nNTysVgFTMaqQpump,194d95530e451200fce8665e72b2adaceae7b8b1ca9f9ec8042ece3de21681c3,76ec689f2d3b8b925f18c756bb6c7f017c8f83040c43fc8227f09367c8d0dfd5,2026-09-14T12:00:11+00:00,2026-09-14T12:00:35+00:00,24
solana,solana:mainnet:DgnSpZRJUm597QHCTu1eTNfZUAMqR9knGDATw3sjpump,fe8e52299bb33562b6bce54a263fbe8792598a8e3723a6eea93317af58f7e0c7,319fe8e9c8c6c205111b3757b2cd0781147dc9f978944c3cedd7e4a9884186c3,2026-09-14T12:00:09+00:00,2026-09-14T12:00:37+00:00,28
solana,solana:mainnet:DhM9xy8gQzZmjoCyyCNPn57nMPPBGgXxj6rXtJnpump,606512533e1d89f3cab52d108cb5217a18569ce0a2f2f0cf39e472414aa8befd,f6ea7cf26358fdd2652c14089e8c129fc9a03970efab4e71a49cdf0eac8b2de1,2026-09-14T12:00:21+00:00,2026-09-14T12:00:27+00:00,6
solana,solana:mainnet:DibPBVPYzGGz5ZBGTAKDjeJio4K47wUXvjy42RnaATXx,091c90a03ada161ff037d2dcd3ceb868e60a8da2d73bd406126cdc36b8a183d4,26fd1e00621cca2dec79288eb64ba6f271303b9d03b6d50e36d0a5dfcf4ffca7,2026-09-14T12:00:14+00:00,2026-09-14T12:02:08+00:00,114
solana,solana:mainnet:DjtYAhSeN55XYLtCEKjF7M8ajZCvVzEFtVcKq8bTpump,2826f1954cbc17adf285aa0f73003a74f44949e87566ce687fe4fda3eda27dd6,18689e7b2fa8ff892e245901376f41ed7eab4747b6694cb3b7929851edaf0660,2026-09-14T12:00:03+00:00,2026-09-14T12:04:08+00:00,245
solana,solana:mainnet:DjxzeMapBtXB7B9nfFE19TVSQJuQko49YX5gWDSypump,7167c854a90efea8b38174d379386b082524fd27bf729f2e5c79485b1a1940fb,27a7ba3293acedd595267ac2452b383fe210368a091d9e277a7368e2dc6d8fbb,2026-09-14T12:00:24+00:00,2026-09-14T12:00:33+00:00,9
solana,solana:mainnet:Dm7bbB3KKpKh4QF9Q9DXpmSt6PaJ7Rz2HTozhzPS3fJC,3e824655596bf01c4e49fa4befbf96939fa6afb6e1d7f6625a7ebc77e863607b,4664ff53ce1de128fb06a76e7b71925f982c17b76b2e83841d3596cf13f52523,2026-09-14T12:00:33+00:00,2026-09-14T12:03:44+00:00,191
solana,solana:mainnet:DqWSxnmxkiPsnea9SmLcKPdhAsFjn3z3nu1Ld73pump,982952199c6ebc00ebd792dae97fe9b81424e2d78e264da91e167b2da85c179f,c00bd668c043f662970cc96ae3d34c7daed369d0fdf65ae5eabc050b49a46c99,2026-09-14T12:00:06+00:00,2026-09-14T12:00:32+00:00,26
solana,solana:mainnet:DsPxcTvqJYvVsa4nHnxCU9rSgYMQbGym77csDj17pump,2af61d507589734690d082be46b9ef39be5dc0f3f7ff3976758b2c6926862fcc,94b0c8870a6887ebeb3fd9b3a96bc3ce515e8e271e21127fc22d0fde2e6d12e2,2026-09-14T12:00:19+00:00,2026-09-14T12:00:21+00:00,2
solana,solana:mainnet:DuWSBrFF31xyapyBHyd1ZMrPprkFSjuW4DSSS8DYpump,53e0a99310a19dd17744ca006284b3153e76077c9b75517deccd65b8153ca641,bb855342bf17755f1ab804cd46da5f44456838bf0053552440aa98f6594a0821,2026-09-14T12:04:23+00:00,2026-09-14T12:04:23+00:00,0
solana,solana:mainnet:DvdmEnztCmXwBnAbedD48XVGZJSxq31zNvnyftXdpump,b9404e4e33d49037319efe27c824ab541fb5f20e28be90e0baa0dff73023b285,948a7ab4447e03a84e3455363d2c8a2e9d727e166068ecfc0a779e8ce4a6610f,2026-09-14T12:01:31+00:00,2026-09-14T12:04:41+00:00,190
solana,solana:mainnet:E3TWexbj7ie2JHQ9nhNT9VEktbzC9F7bmH6kbmzapump,47d808d96a41707b549850b2829389271eacef9b7d27080438e13a682bfff4f8,15450b14373aab5b522929786f6010ffce4af668ad0b2dd3ff1f1b4792530d05,2026-09-14T12:01:12+00:00,2026-09-14T12:01:23+00:00,11
solana,solana:mainnet:E5xt4BXoo9mskPobYnrJDA3zgiA9LzywEDc4uvueAsFL,6430b77a7420ed178fe2286ba3c2a02f4eccbf4d0b7b285cc68b73d4950380c1,ef2fc42f112c2481d765680cdbb8cfbcd9fe0ed9b52f8f4cd058af3bcb868b2c,2026-09-14T12:02:31+00:00,2026-09-14T12:02:53+00:00,22
solana,solana:mainnet:E7mRvAbgZdA6dF7cgXZevkbjd9Yfy5q11XEFnWZfpump,2aa6b9cc76667aec099c434ade7db7d462d78e6e997b239e0b1ddfc836811a3d,79c6e9ad6a3ac8b043e14cc40c7ae68747c3afa6002c3136d8434199a234a891,2026-09-14T12:00:03+00:00,2026-09-14T12:04:44+00:00,281
solana,solana:mainnet:E8o3gTJSjCofWfDs73D3aTUpipfoVJeB9iZtiwYBpump,b35ea3d174f1ec019df88ac35e2a390ebe1af7d0256b26d03c03c25046a6e8c7,5c9d12496bb45d428e28158fb4e37c92a7b2adc7f9063ffbf5693499635ddec6,2026-09-14T12:00:12+00:00,2026-09-14T12:01:27+00:00,75
solana,solana:mainnet:E9nmbyzLqnBQbAJL7dMta9aR3HYy5W1ewPRf221zpump,f69fbd391b6310166e4387a1c36532244b39b32a5c59879fa7a5e0dcd6150672,3ca25acfa31ea22915311742e63d43320efa46ff6c8a9e27239c08e1eedab8f6,2026-09-14T12:00:44+00:00,2026-09-14T12:04:13+00:00,209
solana,solana:mainnet:EAYnpZ82rC2q2Gke2N3onuSX6H8VgnpQsw7k7V7ypump,5c1824475be532051f8ad66fe24dcaa27a6edc7036e4cb23593899815d7f0204,20bb6e0532c50a513440745f7d56d17ff0a8918d45982e69aa02e3ebabf0a172,2026-09-14T12:00:00+00:00,2026-09-14T12:00:01+00:00,1
solana,solana:mainnet:EBf8yn3qd8UsSC9XCu5AxnByiuYjw4EHyLErEC1Qpump,e8ef4198184f7b7dcda94b25fcdf2b05a208be22004b804b466c246d7cf2786c,af3f358125f718893529e5eb90ddf9282a58b2ea044acba269e93838142cd6b2,2026-09-14T12:00:34+00:00,2026-09-14T12:00:41+00:00,7
solana,solana:mainnet:EEpng77ZPn9FbgbT4xsRjwuxNCcMBYq3HTwEscyTpump,b212a76dde593f14b15dbcd21f757afa85b518a29ce7c5e08e7061a9e7f666f9,1a65ee779cd4be3142d8210dc48ff5f983c51cbddc66a05de5ad18d70b793f3c,2026-09-14T12:01:28+00:00,2026-09-14T12:02:22+00:00,54
solana,solana:mainnet:EEujaucMJCsBLda6fFkYvQbKmKRJbaWoaaqV1AMpump,70d669ba2b06d893b94b6da0d58d4106fb2f34bc0616bc6478911faa526c5cfd,94dea7c26d789443de1de4d0a1ca02237e34950f95a5018e1209af8a7632ff71,2026-09-14T12:00:01+00:00,2026-09-14T12:00:41+00:00,40
solana,solana:mainnet:EHpaxqVVjyyPt2cjfft5SqTkfaEjCF7RUCaFxCrZpump,8ef9dd1217f6ed0c58cb317958b051da6363af626a6fe1229c829026d23af931,b449e49fcdb0645c8c358ef4988f0b8f5cc1da30d9d540bb1777f16339cf7d34,2026-09-14T12:00:39+00:00,2026-09-14T12:00:50+00:00,11
solana,solana:mainnet:EPjFWdd5AufqSSqeM2qN1xzybapC8G4wEGGkZwyTDt1v,4b3c060ed4547f9dd7db410faaa243a2a1ee61a06fef0f3e55a76830b10b2e24,efa144af44114b9864fe77d02beeae388c0a037825b8626cf8fcc7fe6d59a85b,2026-09-14T12:00:47+00:00,2026-09-14T12:01:07+00:00,20
solana,solana:mainnet:ES8ys8owxZ5S4CHmN3gqQt96MBswxnJuirkzaWgopump,1c95a6641a66b4b4d44f9682af692667a349e13b634c19f178d61e6904bfdd15,d06c6782ad78473fe0d05a35e0a030f1bca0f7e7686d111d5d1a3d514e3c89e4,2026-09-14T12:04:13+00:00,2026-09-14T12:04:16+00:00,3
solana,solana:mainnet:EUTipzFepgT9614RaCQaKcqL2NnJFDmvpTcZTrXYpump,4c210016d9205194f4acab69a060a589937f00cd800a23ebdb49a15f18e3fadd,9e9625a7cf31060f378ff160ff79866c65cd4ef7bb378394dd3ddaa0acd65efa,2026-09-14T12:00:57+00:00,2026-09-14T12:01:27+00:00,30
solana,solana:mainnet:EWgq2xUb6eVCApeQombkPxd6uFjM8j9zRUXFS9MjKTiv,cf3f236b2ff2de25d64e643ebe9f4eebe78c21361642c2a186a599bc8f2db131,9f9ea14deec6c32985d68bebaa3c1d821efd570ac67c1687e4c2b840a95c3d11,2026-09-14T12:02:07+00:00,2026-09-14T12:02:17+00:00,10
solana,solana:mainnet:EXtusSRFsvtREbEH7fUKPusRoE6YxUqk6Ufx9gtFpump,d622bfbd91ff03efc240d9305ecf83faca06b8ba5dc7e14f79fa03b5a11ca40a,59622c63a8ab691f928417b7ed13eddf1c4a2727238d6900bb0014e5e97e3d9b,2026-09-14T12:00:00+00:00,2026-09-14T12:00:04+00:00,4
solana,solana:mainnet:EYBMhikmdqUs6j5p9mv1tfPY3HszsCyYeRpwme6Bpump,0c383b8a2a6a55d9f9dcc44e3cde434eb8a61f2f5ba6d7c636fac53cd9651b8e,2ed50a14487e5e2bcb2d5f063b8d786757efb7a474139ccd7316b551ef12e1aa,2026-09-14T12:01:21+00:00,2026-09-14T12:01:23+00:00,2
solana,solana:mainnet:EcBX81cciVM1UocuFtU4kGAfZckm8rUvGfxb3tW2pump,b7c5f0b41e657c9a6f0031c50da00aa41ba1cab5ca870624355c312926851a6f,40b779f82771125d838260244f64232bab9d3acd4e8e5046195afb01a86990cf,2026-09-14T12:00:00+00:00,2026-09-14T12:00:19+00:00,19
solana,solana:mainnet:EcZMqqYxFdcKSMMEYuacVoaeeRxpc7R7G7zWma9zpump,561c7cca75eb98a339b89462648bf9ebfe6454a62802624f690d42dfd1e7286b,cd9248084a1a2e96c2f8bf675bed5a085c04feefcd91b0be583664eb822dcbe1,2026-09-14T12:02:30+00:00,2026-09-14T12:03:17+00:00,47
solana,solana:mainnet:EdRE5zDMaDYRsnJcdhP8gLPo9tgKdstxUMHmvagxpump,1dc52e42f600ca493ed4823c6864e49e63ef8070cede75df66bd06ce68c02425,e35426bb8ce710cb51ec6d67b802df415300f95a1dc44fc9d9ce8c37c6f96f37,2026-09-14T12:00:15+00:00,2026-09-14T12:00:25+00:00,10
solana,solana:mainnet:Efr7sRviezw9Ygp39J5UPfyrqGhYVuHALgAzw8D8pump,5ffab7aa29fbd37b00beb3e4083f705b105ad14817ea6289a0b3b0a26308415a,6803d8ac3083c4a5d1e7b0b6ce8b0615552409e7afcd477534999ddecbedd040,2026-09-14T12:00:02+00:00,2026-09-14T12:04:05+00:00,243
solana,solana:mainnet:EfupM6buY9QeqVHYcB9Se5ukhavggEkdaxyAWdfKpump,30055179a2cb467960268eac3ba9536711476b8e4c1ff1cd772828f148dd512c,8b8a6397c70bab6ce7f48ec3cfbddb9b9ddfa891aafb34b9dea8b69ca139d917,2026-09-14T12:00:03+00:00,2026-09-14T12:00:17+00:00,14
solana,solana:mainnet:EhCzWhMyUAo87bQ663fV2A6reLhXgdhdcf9ynJV8pump,cec96df0a5a4250912870520b61f601b70b3021583adaf9c9732dafa621bc8e1,5ce5b3463b45af2fe0ec69174eef403b7f7dbc45990912b640b6da92509b65b9,2026-09-14T12:04:22+00:00,2026-09-14T12:04:22+00:00,0
solana,solana:mainnet:EjD5Y9NVhXmtEqU7wYvAyZvDWZFQeEuHXFatJmTbpump,0eb519d6fd9842c6c8fe0c4db4518f8a0aed52808961fba5a46ac06096451ca9,3f0ff6b5eaff86380afff1cb8d244af45d375fc9f606e160a1d47161c13073a0,2026-09-14T12:01:11+00:00,2026-09-14T12:02:01+00:00,50
solana,solana:mainnet:EknwJz9YYZCyGJ5pxzFo6xLnQ2aQzYf6UmowW3kbpump,17f54fd78b46e053db66a990f68a0f92a68ccf967a89a7c557a6ca9a20343dcc,4bf58220668c23fb2710a404ca26fd009320cdbae7fdbe8e45586ea4160725d5,2026-09-14T12:00:09+00:00,2026-09-14T12:01:28+00:00,79
solana,solana:mainnet:Eo7cn4RH43KudEcG5bzZ5UcmNsanyaPUWmuMd1m2pump,fa8b4ed39e13ac7a38a581771ccdd1a5e0810fdfa4f6c9b75280d8fe28a285fd,cedce15ac9339e48efc7db898ac35ce8e4a51c1bda9e15743449515535ccc2fd,2026-09-14T12:03:12+00:00,2026-09-14T12:03:35+00:00,23
solana,solana:mainnet:EpEfnZxQyiBXppSKi8sncc8w4corn1UJbF9G91fQpump,f7ada063e8b6dee1fa80bed8d61ff95168f2cbcadd89f9aa617ee97dd06cedec,92e35c675cdbc726b3d907c71846c9bcd2193053b13a0db9adab5ece6d99da35,2026-09-14T12:00:12+00:00,2026-09-14T12:01:20+00:00,68
solana,solana:mainnet:EpFTb2XcGiMyGLykZ9VYmyPWz2AHEwAggqSbwJpypump,c11c29276e3fd274ec0818ac676e1efe21fc23fd2c829692e4da665f1215edfb,07291ee91b10ba8223a76fb9144080296fa18077350a66d26818b2b84588384f,2026-09-14T12:00:20+00:00,2026-09-14T12:00:21+00:00,1
solana,solana:mainnet:EtcqhZN2gfBjD3J5ZkeHtdopjSMhFdDynRDg1nBMpump,29263d9ae4653c713c82bf510e164f74c4e158cc7484344b2a0a16a6b25ed521,5f659fa1aa7cce044e54939833dc0c876cbb78b0a5c4b5be3465b8cf5b74317f,2026-09-14T12:01:14+00:00,2026-09-14T12:01:54+00:00,40
solana,solana:mainnet:F3dx5KRyz3jAjLsXC6TawScbGiBD2oLwBjKTLvXgpump,0654dad7d2ee35810c0ea173e4079b267fea1fd993077d0044adc830bf45b097,35410afb9b0a1a754081b7faf3b3ad45d72d40140173e65c689a47e26bea0b79,2026-09-14T12:00:01+00:00,2026-09-14T12:03:53+00:00,232
solana,solana:mainnet:FHqN4a79JEtFG5a4csDv3xvwX9WoZuyyRMxWZHBpQacz,4866d0428bbf1eedd4ba1a97ef1006160304c63dfadc3861442f310b7b8b07ab,4a54077d4290ac9d678675c0f45bf9ce56cdd83f2a268a815a7954ff92fcfdf3,2026-09-14T12:00:06+00:00,2026-09-14T12:00:06+00:00,0
solana,solana:mainnet:FSABHLW3xoNk1kiMNnZyepHpTKksPKcBiqYFGmcqpump,3dd306ea8dbbf3da21dbc505a11cf76880863968618ff54a5bd22e323b26e898,10c404db291f009a09c084fc5825fb7c1925ba6223b2d196ccf3b5a181f9d05d,2026-09-14T12:00:41+00:00,2026-09-14T12:00:43+00:00,2
solana,solana:mainnet:FVNf9uw1ztdMTmhQfMGUU6kxzEewquGC667Yew2Epump,70718a2acb45aba23d1b2fd4f7a51ec687d912914d0a72a3c505882c897c56db,106d8178ce9f77d45da17261fb11a9c05d4476888b4808b1776640276a033ac3,2026-09-14T12:03:43+00:00,2026-09-14T12:03:45+00:00,2
solana,solana:mainnet:Fd8TNp5GhhTk6Uq6utMvK13vfQdLN1yUUHCnapWvpump,b78a32971386e8250ac8151f7e63ecc476a8d551d1215b43554fd5c8a577c487,2b011b322f0dfdf452cddd6c5a67211c41a5a306d1d94cb0fe09c8b2961e42db,2026-09-14T12:01:05+00:00,2026-09-14T12:01:05+00:00,0
solana,solana:mainnet:FeMbDoX7R1Psc4GEcvJdsbNbZA3bfztcyDCatJVJpump,9bef2d4a657489cf16a0f149b30a36fd231a9cb5df935676ecdb7f38494865fd,52560495002e23fff8032b4267917f253f646891a5f7e6c4fa9f8e4966886632,2026-09-14T12:01:33+00:00,2026-09-14T12:01:33+00:00,0
solana,solana:mainnet:FeRZxnBgAkk3XuJcarfsKmcrETBt8m2tnKyZJHkMpump,dd20605483c6622dbeb16e35a16a0fad9d18047f9500b26cd224eb35aed7599f,25a1111df0920658ba0fb521b3112b1b421c77ca760a7efe07dabb7ee31b864f,2026-09-14T12:01:11+00:00,2026-09-14T12:02:30+00:00,79
solana,solana:mainnet:FfaApaAbykweZTT1UEsCU8QQhh49NCc22A29sYEPpump,7d66fd077101c8a69f6ba72d2ce5ca9bc7b7647cade4b78c89547fab58e25850,42a051efee9882f06603b83e4f3e9c822a17660c0d954f21282df7ac6f9d8e2b,2026-09-14T12:00:00+00:00,2026-09-14T12:00:08+00:00,8
solana,solana:mainnet:FgJReZeYfmKZeWrCaGYL8gLnUixwBhjdHuRknC6ypump,2be18c919b038ee7cd3b8f66d431970936232ba993e18e1cb46177919edceda4,4f1a5bab0b546327e38554a40173ed4304352c08864e6ccfe9aa1604ce501b34,2026-09-14T12:00:01+00:00,2026-09-14T12:00:24+00:00,23
solana,solana:mainnet:FgehWcjab6LU4FGwpLnqtwx3S9avYQt1VHMYYcXpump,d54a298dc221a389eafed8ee1fe24daf2ccfa5cdc14deba20f65b97f1fc97e4b,a9c42dafc591cf980f8287f8dd4777c16c3b8954b5fdbc4e0c87b2e993b8cf09,2026-09-14T12:00:01+00:00,2026-09-14T12:00:27+00:00,26
solana,solana:mainnet:FhwV2wZicstWLnULi7dXZYaCRRv17AtQ9RcmJSngpump,82956efb94565056fd95faa3a972f85b1e1f6f06c2d4f4cf497c132805d960ed,46e4da788659ff8a9f2f14b81688e1ed9ae29c2b07c19cffcf236f50653421d9,2026-09-14T12:00:07+00:00,2026-09-14T12:01:38+00:00,91
solana,solana:mainnet:FkLqaRrAn7VkMaMHSM5hQMRCezu1jeDapQ9nFtBJpump,80cf8edfd2fa769a72181508fdee5874cf1a7369607fc92098b2c29a63c6fad9,44d7724e295d6a4df9cb9968f628ee82c90a492473d1cdc82aad76446dd19936,2026-09-14T12:00:02+00:00,2026-09-14T12:03:23+00:00,201
solana,solana:mainnet:FmUyXoThMSCZs9znH3UCKrkDPK3UQfgE3RB5yAgmpump,74adabd0508302b5daa0e1726512cacb65f232c1e14c3fb47811f9c3ceda8f68,6f944e055a25232871de3b287ff74dd559845c40fdfe758d0e97573b9ead69c6,2026-09-14T12:03:55+00:00,2026-09-14T12:03:56+00:00,1
solana,solana:mainnet:FsD5wZ5tbntMQC5fc6ooH1svs3AzomKNpP8f9e3bpump,8db85718cf816c642ec1f3b445f9c2bc593706df8f399ff5aabfc7fdf9975116,f0fe3df1473f5595db20dc933423432e286357e1e17f4d112369542307692e90,2026-09-14T12:00:07+00:00,2026-09-14T12:00:08+00:00,1
solana,solana:mainnet:Fshau9GqHDUJ3J2qRhVk27DN84XRBjEcu2CjP4VCpump,ebd662e0fa1435d10f4f323f1d5970966e6596db3928ec9e4c497dbde0df27b3,ddcad81ebe4301b475334c2c2ab10fb5faea678d1207f5432bda9c2766198624,2026-09-14T12:03:36+00:00,2026-09-14T12:04:54+00:00,78
solana,solana:mainnet:FtateF34Xzawa91bpbVNdX72hZYo9cymRDYqBreHHbJi,a0c942a203bbb52efe888f10476e42f4862b628e81a9220d45e77ea1b232ef70,3e09e5917b581567cf883823f30c46c4c5cff6268d708a7372f97a0acd80c2c6,2026-09-14T12:00:14+00:00,2026-09-14T12:00:44+00:00,30
solana,solana:mainnet:G1tSAGdgsWTWx5AGTvggGJ2hXEDr4GXJvsQskJBGpump,c27b7bf2a6f0d38b4ae8f54f93c8742af9bc68d2cc40b6a69e84e472f5bbec8a,37430ebfb05f325ebd4464c0fbe2c5cdbb5dfd94809bcdf1f5e2e358727ad3b1,2026-09-14T12:00:07+00:00,2026-09-14T12:00:35+00:00,28
solana,solana:mainnet:G3bPabJmzZhwsvV9GCHuCB1bDxafFHJZqBUPyHDopump,0a1c3eef85255826f70394afd8542e2239103e6567a9af6ef91b73ba53dadf82,a3fcfc2ebc9382d8adaf01be791177f69e0db7a8103f95025af1206421533d3f,2026-09-14T12:02:27+00:00,2026-09-14T12:02:27+00:00,0
solana,solana:mainnet:G4vqe8KAcRGTb7Kc55n9sz43aR4ugTPdSeUnAXZhpump,bb2cc6cdce95260ee8c56f5b9dba8dc96e853fefebf5425edeac35ec0695d3a1,25c3211c4ebca7f879ed10c5d844e90aeb36d95a0a9613d95a3e7c764aa0be70,2026-09-14T12:00:20+00:00,2026-09-14T12:01:33+00:00,73
solana,solana:mainnet:GA8BnK3FE6755J2j1GyUUXksaC6VZoJP4dQKtXVKpump,5fd955963e91d1110d912760c4e81dfecf68f5c9960fc1c9034d477a16fea913,fe2cca8d683f101a382634daccbc53efdac817e5b7e9bd2f3ca8a809694d08c9,2026-09-14T12:00:32+00:00,2026-09-14T12:02:54+00:00,142
solana,solana:mainnet:GDz2tXD7DG2hBRe9fJcmFqWYTmkp4svedN5uKG5Epump,3781b8fafac10952073cacb847dbc7bc5222117522a8587c382f54d06371acd4,6683c972bd633f1a1b02d2c638cbdb30cf18d033024d86bb00f797571fd436d1,2026-09-14T12:01:39+00:00,2026-09-14T12:02:08+00:00,29
solana,solana:mainnet:GEP59sB6eBbkVqBrnyUjXPi7Fdi4FUmj1mMNgzpdpump,a6c773af45fbced22c63e668ea4e7b393d09c1df67535ebef8dc07379e616af8,0713c6600fe0d2d89cd06eea83bcd7fc4ec4e7d953f8a321533db7139d6f69cd,2026-09-14T12:00:03+00:00,2026-09-14T12:00:04+00:00,1
solana,solana:mainnet:GJRxYW8MiEPhJztdh41EXsuZvNQj7sJZRnuKSrTBpump,931fd8ca4cc980a72f06e12a6dd64d17b0c5e7bde356ec64d758a407c066b434,2780ecd5e82202aea5ec35bee587206169251f57ec8040864123c0f6118380dd,2026-09-14T12:00:11+00:00,2026-09-14T12:00:29+00:00,18
solana,solana:mainnet:GKaYkXHF6n5mKQ9htxWjN1SaXw7nTXQT4Y8S8vMYpump,3090d3c549aa74e835c4e8abd7c6fe874bf42134c3900b9dbbbda4f952060813,5cd14571a7e8fa154b80021f234fbec98f35c32f2c2c0473b9bad910e67b1e5b,2026-09-14T12:00:29+00:00,2026-09-14T12:00:36+00:00,7
solana,solana:mainnet:GNacvcvPv9ZMAXAd1L3g1ks8YT9e3PXEkPM7Bm5epump,2cf5fdc27a04b60c5841636d79def1a4cdcc4689c9f1596a1501588f789b6fc8,4ca0031b491f6e0faf846d285ce8728ea506ae0a60bc3291217f71f3275e93d8,2026-09-14T12:01:55+00:00,2026-09-14T12:03:26+00:00,91
solana,solana:mainnet:GPzpoXpD74E2C4CJNayuoyBqPQJEsPtdse3nhntrpump,e4553c057ac17173ac44860b44d44ab4b6f219e5a5769cbfaad6181312e182fe,29db78bc65a15010808c40bcdb864839d69491d3a5754b3638549c57e88faef2,2026-09-14T12:00:05+00:00,2026-09-14T12:02:20+00:00,135
solana,solana:mainnet:GSqWK3ETVZzd2rs5XcdwPQnxKKRpvC9A3MV8zi9pump,cc0e269c8a0e8b49e4e571f920387826ff5c99e019e4907d8e9ec08c26b36549,b73091ca9859866e2ebb8481043c97d35dcd731de137e8dede59dcc28958ba1d,2026-09-14T12:00:00+00:00,2026-09-14T12:00:01+00:00,1
solana,solana:mainnet:GTa6nHgT5drBhUuRm4yz6o2gynZhwrFEAeBuGNrrpump,96fe9e1b5f8c2c4f3d21007ad1ed730a4187e4af50cdebaf319a53bc48654133,4000401c98f924b2957fe51803555d86143e73839af0178f6ce0d06567e58294,2026-09-14T12:00:06+00:00,2026-09-14T12:00:37+00:00,31
solana,solana:mainnet:GZPasuSvn7qWFZvCr7MQs8Wtf7ZGdDum7tVn5jiQpump,2ce31df6df169a6834db1770eab978184b71a3dac36b9ed1bb381c716c8c9d71,ee29d88c8ac95ee1df215bbf96d3ba0e6215ae0cdf4fd71ddd8d8a3644a2e429,2026-09-14T12:02:24+00:00,2026-09-14T12:02:24+00:00,0
solana,solana:mainnet:Gbu7JAKhTVtGyRryg8cYPiKNhonXpUqbrZuCDjfUpump,3b7fdcec4a9e303a17fa894ab4527e1e474c1ffc66c21f7451dafa791ab698af,8cdd54100557bc2bace840bb682ac0a6bf7403f321a77d9f40b9a532997f72cd,2026-09-14T12:02:51+00:00,2026-09-14T12:03:05+00:00,14
solana,solana:mainnet:Ge87EtsjwRQbHaqQmKRno69RFTwh9bfSsm99XNxTpump,c3d0d4f15302ee302354a0bc0fec42876045d567a0933272a1640febb8439267,856fe7544cd702559a0b8f37007a7a69cc9c423010a303471ac065c6b2386c01,2026-09-14T12:02:30+00:00,2026-09-14T12:03:35+00:00,65
solana,solana:mainnet:Gex4iBUiKg2sEu1QgvxyrndQ5ihtzfFsLrN7itBpump,c24e4bd08717b4aff18f23b0703bc6e928389b9053785b5fb85edc35d6bb5a86,206ea84326d330eec60cf88fb18574acde8d34ca622a601a740bfd76b006adc5,2026-09-14T12:00:01+00:00,2026-09-14T12:00:16+00:00,15
solana,solana:mainnet:GgNievf2eNHc6vvNU97WKTcJGqzssK9TTCdY8K8Ysons,ec6d63ac1932180f94603a5003dc10148bd535e69df15ce03cd1c88418b1fb4d,68c0fb928ac8c86e86e89ad856e163dd6fda03a2f04150bf22db09702c5c38f6,2026-09-14T12:00:04+00:00,2026-09-14T12:00:15+00:00,11
solana,solana:mainnet:GiUHYs5Hsv94P8bR9m26DsXsX8E786rQsFsPK6spump,0172f0de95c521cda2e4b0d045186ab12a583c6513634dbe92b3d249e07681a3,d67a9ebb20c103c0919176dfcf079b9987badaeabb2fdc36715691f54070947b,2026-09-14T12:00:31+00:00,2026-09-14T12:02:34+00:00,123
solana,solana:mainnet:GijKnTfuqDsXztauzH6rzgmHcy9b3aj3ZKSbSLETFDWy,68c750bf586fcc5fdd86f877dcde967ec4cd6498bcede9e20d9c245fb92ccc24,2b4a494db656289f0bd059c7835240ce1cdcd87790ba39508a18036de753271b,2026-09-14T12:00:28+00:00,2026-09-14T12:00:44+00:00,16
solana,solana:mainnet:GjoTKsmw783Jw7Aqu49tSd3fN85RGL8UZxfva6CHpump,b2aceec534c3e5f5b53f3e836a38f2575ad5eb85098b677b58d778cd82818536,bd3227d3d66bcb258e321aec96c8b3a05f6edd7c1bd9da47c54598f7ff7e3c0a,2026-09-14T12:02:01+00:00,2026-09-14T12:02:15+00:00,14
solana,solana:mainnet:GkyPYa7NnCFbduLknCfBfP7p8564X1VZhwZYJ6CZpump,ab04f4a2870bcf8ef825aa233322275d07ce384ff1ce594e4de9ea06fc199826,ece8c5835123c848ad086f04685a5785861d9a77e4a625e50255e0391c956885,2026-09-14T12:00:32+00:00,2026-09-14T12:03:38+00:00,186
solana,solana:mainnet:GqXX9MfkURBZ5cFym9HDzqTL7uZkjtCSqLkUSe2xpump,f011d81f5233f4cf6ca185160be2546e07e752b3f3642265d094dfad58390dd0,4dfc1089fac221485bd8884725abc8c01a4f82954c4642ad315100731aa98cd7,2026-09-14T12:00:11+00:00,2026-09-14T12:01:17+00:00,66
solana,solana:mainnet:GrFcbbz26W2PUvbEdxpAYnXkZ7CxTZYcURfPAGySpump,2248934d96df692df8ba12921f89a0f7d5d8764a51698c28f18d096bbe05833e,42fe6492ecbbf553188285756cf59f3c8701a465dde0fbd2876caf79d05aa5ea,2026-09-14T12:04:43+00:00,2026-09-14T12:04:44+00:00,1
solana,solana:mainnet:GsBuipatRqfQutaCrJ2rTggtHgUm444pe3Zcmeepump,7cafc080ef2f93297df16eb3f5665b967535ff9a7507cdb057ed324575514bbb,5e95efff8199c5f399b760b096f0f3a946e81c44267901bd8eaa2e8ec0503ef6,2026-09-14T12:00:11+00:00,2026-09-14T12:00:24+00:00,13
solana,solana:mainnet:Gvm6DySUh28Kmkdev2xcZFNvmZXkDiQ2wQFJ5Ttpump,e8375802ad5f5435f64b282e4226cb74b74295911b6a27494f185bdef3c450fe,4ebe79878a1d479cdec0b918cb0c85bdf81e897841defb53f65853523d89e036,2026-09-14T12:00:04+00:00,2026-09-14T12:00:28+00:00,24
solana,solana:mainnet:Gx3dVHqK1fs1kGMjyMCNpt7JgAT9WDU6h249eJsupump,1370fa9535d38ddbe3922a9a15d125e042ac8b3da06905aa06fc5662b9b50e54,a9ac65b0ae4d6838b27857b04189fd6b42974dd58aa556f276a4f65cb989fb77,2026-09-14T12:03:54+00:00,2026-09-14T12:04:07+00:00,13
solana,solana:mainnet:Gzj71jijFzPhsDB3N7gV4CKpx69jaPsHS5cV4aSypump,427d03810e5fd99c6b40f2c45f1d0207fade31ce9d2579db972c062b6bb42572,803e37e7f1352cb5aec0e07b61f5c59f90041e87745651a26d2d6c707b66a641,2026-09-14T12:02:33+00:00,2026-09-14T12:02:37+00:00,4
solana,solana:mainnet:H118HpvTMPGno3rSiq2Bx6GF6WMcUyyGUzWSfw24pump,4bda1dec289409e0f4293cda2a5d5423bd64178c432865ce205c3c5dccb2b571,7175ade097b8d64dc7ea085bca0fa277f4fb23d531482b1dd210a857fe5e5251,2026-09-14T12:01:54+00:00,2026-09-14T12:01:54+00:00,0
solana,solana:mainnet:H1KTt1AaHYHNQs2RnJryuG2Bsj8g4EedqF5xFerrpump,f92bd44a0d448b3cc033bcaf187d4ca82aa61fdffc545b42656e817a71b65c0c,2aeacc36f65831a40a3fd019b7ed3978be707460f8b3466f3ad88000c9335222,2026-09-14T12:00:01+00:00,2026-09-14T12:00:04+00:00,3
solana,solana:mainnet:H22aquDouZNFyfykwnXmY5Y9z5sMQtLFy5tUKR99pump,3e3e14de03197f22f02c96ce15c27c290b27b9b7646f5eeba2a7765dd1bcbd6c,7cc802f3d915d48ac067001996c5cac9225f17413c86e5a4722a86a43e734f07,2026-09-14T12:00:00+00:00,2026-09-14T12:00:38+00:00,38
solana,solana:mainnet:H4scGEd64jRY67EcDmEK9XuMnBbkkE2tNtFM2Ni3pump,a4fca96133cec426f1862e32a6834e168a5da2243c03c05cc577ff6db85cd15f,abc3c5d655fedcbff630b10ca8033703b6489d6e48b3b0499745508892fe17cc,2026-09-14T12:02:10+00:00,2026-09-14T12:03:41+00:00,91
solana,solana:mainnet:H7TRxFmS1WrXxD7wsRNBnaydxenVf6GscJ9h5Hehpump,ba19aadbbcd180ed703184444469f2fbb1dfe0730a3ee3872b8a6687eb7eb5fd,65d3df61b5666e9022cd3e1a5a86c3dc71908c405004b7adf9a0b070ffd6a14a,2026-09-14T12:01:28+00:00,2026-09-14T12:01:33+00:00,5
solana,solana:mainnet:HKZDfZnkHZxd9agRDNPyDv4iT6LmAurJnpRtj9wpump,91f53109837ff3366f14e42f036d611bbc0944df50776e6fff430a2ab9504985,af1f49a5fe8343c9c31012bc26b9d5d6c3b8cd9093570a45b29c8ff2297753d8,2026-09-14T12:00:27+00:00,2026-09-14T12:01:01+00:00,34
solana,solana:mainnet:HUrKTQ2JukrBh53H3wNp3yTHaucyQy5JqphTaiQxpump,b4dee2b7afe9b7c8a377da30106c711debca6557fa08436f8087b091f61826d4,1b453bde327bb26925b4d7750cacfaf2f907e497d2191796701a4516876bfaea,2026-09-14T12:00:36+00:00,2026-09-14T12:01:13+00:00,37
solana,solana:mainnet:HbsNbyKWaYAEVBYpEtq1hxHQfwDDe5q24xWuAZfKNED4,b60c02ff42af93a0bc5be3c561910c2eadb78fdd2de042a8d18c1d9bbada03a9,2c4d31a56f1d772db979f7ddcb6260cd528260b4b5ea6a3a6afd830459f9f4b6,2026-09-14T12:01:08+00:00,2026-09-14T12:01:39+00:00,31
solana,solana:mainnet:Hc7aFpw4X61VtEjarPbg1RoZzHGigV3BqogoySnWpump,ed0ea430be96a6bb83aabbb595eb39569aac676b091c148fdffb3309d544aa2e,33c7f404353c8d4e38b1033911913332a848f6486fe1cfb009a204cc47d1dc36,2026-09-14T12:00:04+00:00,2026-09-14T12:00:48+00:00,44
solana,solana:mainnet:Hg1QtW1trLn13x4Pbh6M2rStTkABDEhcHmfEbKh28ALL,070dcfa470472805ba184bebb5ff7176d862e40f35efa660d4e6ccb675fb076d,1befc70141c4c1a3328756e16f209391492dfb325ccb198b1822c3f98fe7cfb4,2026-09-14T12:00:09+00:00,2026-09-14T12:04:56+00:00,287
solana,solana:mainnet:Hg5Ja55T5wESq4vyFoiVCMeHXtGyVA69X2UHq8hgpump,3e136eba3ba9db2ad89a8974368ca98ecb96a0828e1fec91fb58ce5c3f97f798,16e992981fb1dce1aa5204669a1b9a7d0f0cdf7a4c0c13ded8ad312678aca0d4,2026-09-14T12:00:27+00:00,2026-09-14T12:01:08+00:00,41
solana,solana:mainnet:Hh3oTaqDCKKfdBgsQEvxp9sUwyNf8x9qmKqEMLBWpump,5f4c835a5a11bf9890386cb24886a637d37dc95a02ce4ed3de6c1c6441634cc9,14a0bd68e56d2b15f0c4cc5edc5dd07dd63c22586d11e7ba968edf3e7e6e3538,2026-09-14T12:00:37+00:00,2026-09-14T12:00:47+00:00,10
solana,solana:mainnet:HkXc2aaT9EymfzPo2E42kGKcmrgtD2RVPNryPLMpump,a3e4c03147dd28c151ae45bc465daa71bb9483193755ef143465e38fb58eba4f,d42260f2ce63216a06ea26c3c4df87cccc39284902da6f0eec76183eebbbe27f,2026-09-14T12:00:03+00:00,2026-09-14T12:00:18+00:00,15
solana,solana:mainnet:HmJDgky11u77hpBss6D8sjNpYPD5B6fWgSVDj58jpump,757949cee4bb3e057a084c91dae128253513699bbd2fb3785aa9bfd5cafce64b,62a3df8395926369c6e2c0586dde8947110e7ae4b0277bf2694896fc3b55abac,2026-09-14T12:02:22+00:00,2026-09-14T12:03:23+00:00,61
solana,solana:mainnet:HoCeDUrd5BqfYmaRk2eiUpzshEvpwfYpgrJ4YKFCpump,f02dff050d8e86a693bbcf3a02b51f91622267d336bc050157bc35c98b1dd897,9c21a25f0e0bb6f50a03e65aa153c9b8401709df4174ae43875445d9f1de7b03,2026-09-14T12:02:52+00:00,2026-09-14T12:03:00+00:00,8
solana,solana:mainnet:HodeVUQ4msRAoUMdH8ExDCURULhdhuVTLTmkuiCqpump,cb59abd89d421ee93e375393d343e441f6c24d6d1b341028c37c3aa10e2b52cd,471d29b52be8a3b06b4486cfc68eac4fd287b2533a6e0a1a7932221912f8b37e,2026-09-14T12:00:00+00:00,2026-09-14T12:00:31+00:00,31
solana,solana:mainnet:HuV6cyMkVvw4VipNFPCKzim53u1EU9eYFy6Hao6Bpump,410c930b3f2cead71af11c5005cda6efa1b0ec606407e0ac9139d5ee22c79fdf,cdb14ac04d54d7ce4e965b22d936a4baaabfc3a985c01400e87d76b9bc381538,2026-09-14T12:03:42+00:00,2026-09-14T12:04:53+00:00,71
solana,solana:mainnet:HuqeZbPp4X8K2rUsxXXS9JwFdWJpkzfVsP5CM4a6pump,a6d861d6d48ba46a3a24fc2a102052d11704f4bf3b84fabaf10bd67f5e4fbd93,e5d3caa4f2fbebdcfc84bd31397182a4a6157b7dd15f5507afe5f21f307034e8,2026-09-14T12:00:25+00:00,2026-09-14T12:04:54+00:00,269
solana,solana:mainnet:HyGQhTXowuMA3zPrUuqgadZ7NPLjczLTEnZ7Exkmpump,d5f0998b4327e12cc65d35f4786dda8d8d9e411a681bbdfdbe1fd09d5662ae33,e63cc036358545b08a98be62180c099cb666ee9b4d05c9ffecc7696d1983fd37,2026-09-14T12:01:11+00:00,2026-09-14T12:02:38+00:00,87
solana,solana:mainnet:J1U1BWkVUDtujjkew4fCGwvUteeaJwDirEkuPcYCgALL,7f02ae04ed87d8bb9c80bc788d68e067904457b046506c7e96f279613af93825,7f4e75340e0c3c3ffb3daab33ca2c5e29ce05ea9bc124031065810f839b70dc7,2026-09-14T12:00:48+00:00,2026-09-14T12:01:49+00:00,61
solana,solana:mainnet:J52CTiCT6iCLvbHeC7RFoShrx9mvWNKJDNRfpUvpump,a553f27da53383146409e0c034f2791e5c10828d413d9b632e6e7a1711ab3564,5678c3e95b1297e3611429678f8c480cc413d21a7999312b1d60c5029023de63,2026-09-14T12:00:00+00:00,2026-09-14T12:00:19+00:00,19
solana,solana:mainnet:J6Rfx6ZTAycGaxTwzcLHEaQzMbnjo2ZUAUzz9ouVpump,51abf778cb5431d44971973c4477968c37b27aa44c69ca6285a37033235ca574,7d81d449373d57103afba609e8ceb603e5a9e9e797e22f32cce7a63077a119c0,2026-09-14T12:03:08+00:00,2026-09-14T12:03:18+00:00,10
solana,solana:mainnet:J8PSdNP3QewKq2Z1JJJFDMaqF7KcaiJhR7gbr5KZpump,c4a4ee2937da1df4c4483a32a84c7b04738dfdc5d070ad37d8415d680844ab70,051f4fc81d2aa5170628cc1bc79e471fdc2d3cd761056ad5e16a796abba3dd7d,2026-09-14T12:00:38+00:00,2026-09-14T12:02:03+00:00,85
solana,solana:mainnet:JA4hkTx9NfjghaeAh4VeEqLcsU3aiKWf7yajimnrpump,4ed13ca61dfb645f7ed42378d0e08442fd8b00b55f361174ffd066edbe9d7f50,f347a330cd00677297dc7f31c919537f9f848be57710870a475edad55ace826f,2026-09-14T12:00:01+00:00,2026-09-14T12:00:01+00:00,0
solana,solana:mainnet:KGMfrA944duVjg77eWUTkJpJX1ZGAmodJ236RP2pump,5e22a0d7b3dd0799a2ced5f141dcdf438dbce55208b1d7bb4eed3d9e6c2ed5d9,c339e5400b619a447402032091e8cedaa3f74f94800c5d501cb94b4453cecad4,2026-09-14T12:00:21+00:00,2026-09-14T12:03:14+00:00,173
solana,solana:mainnet:KxithTDy1gsFCYtKTcZsqy3sB22dqv3Lf8QYDnbpump,853dba86e7c85a3ede65fc87a52f718b5914c715c965ab492c2f00c16ea7dbbf,729ee50ce251915c76f32ebbb0291e8604c2b91465c3cd4d7b752a4d405822db,2026-09-14T12:00:05+00:00,2026-09-14T12:00:29+00:00,24
solana,solana:mainnet:L9uP86msnn6V5NmZYVEDR6pZMBgGx7MEMsJWHjapump,d0ef8b20cd4d9e9c157f69e9cb882591422c8f4b121384063b4715faa75c339f,768aced880be296641cfee832c4d44d106863499d5c16efee81eda9ac567bc66,2026-09-14T12:00:01+00:00,2026-09-14T12:00:26+00:00,25
solana,solana:mainnet:LsBqCUEk5c2WL9eS3WZggEiqSEkYzdLRdVqApDwpump,126c831134f8ce6ca4e72bb7322cd40e537693c3c5e2934d2bfe2d168c61ad1c,03eab702740f5112e5c30d9924d6f98877be11b19989e104e0dd0ffce91cc6dc,2026-09-14T12:00:04+00:00,2026-09-14T12:00:28+00:00,24
solana,solana:mainnet:M2KX4KdA3Rsen4sgprkPdP4umxnkbUgkoxMPQB5pump,1dc87dda7fbb457cda7b49090cfe16c6363b96571fd384336e6f06e157673e79,8357351b7afb178d58f8fd62577f31d480c9d228b607bed642ed3cbe904e1535,2026-09-14T12:00:00+00:00,2026-09-14T12:00:02+00:00,2
solana,solana:mainnet:MgpKH174Z9UTMxUAU5NyLHKYPqXs7cFTytXgTDApump,66388125500f631e1c100ef37f32b985d16cf7adad7a70838f221ec663edbc9b,b284ef9d85f812bef9fc793b9666b67945a17cccb27ff53de62aa4ccc059728b,2026-09-14T12:00:28+00:00,2026-09-14T12:00:33+00:00,5
solana,solana:mainnet:MukLDtJ8Cx9DxLbeyLRSWPSposTMWuwHANbuaudpump,dc530814a2121f69da8bfd52206a171a218f94e499658921229d1e984d500c7a,8c3d97555edd190f90227c44dadccee2e03f6556eb30528f826d038357f8ed8a,2026-09-14T12:00:04+00:00,2026-09-14T12:00:08+00:00,4
solana,solana:mainnet:N8R71WeXN5iLyVRNJTTRgTCvsLnkbRVNVHBZsbcpump,c49d812a8c4e09b062f0f9506791635182eef3f25007bda29ca158f081e2ad97,0b72db800b5a46d102decab2d839a59d56941211b10cceafdd710c1b22a4ef88,2026-09-14T12:00:17+00:00,2026-09-14T12:00:32+00:00,15
solana,solana:mainnet:NwffF1pPD7YPZkdmB9Q8HLbZGuEyRbRhHx6XhNtpump,72f3aa24399415fd807d37b5ea19a4c4009b69a6e59e5d6a5fdbc968c28badb6,761b104ce046617cce34cb78a0e3a8187ae9cda68a1b6e39809fcb243c30e764,2026-09-14T12:00:09+00:00,2026-09-14T12:00:33+00:00,24
solana,solana:mainnet:P9nfKEyFugwcKD3DYNLWF7C4c8DWWGBkVQzJvdgpump,fb4bf6d9eb83f1c2c428e2cb513fd04ff2e8d9d717549052e7bb898a08b6ed4a,c2611f53100214288e79eab0d8ac552ea7ca188592100020b774b2bcb6bdc8c2,2026-09-14T12:00:10+00:00,2026-09-14T12:00:34+00:00,24
solana,solana:mainnet:PGjnoh2AYCe8bueiHq8rF73V2svqVLJche7SxLHpump,7f0bf9eff895487c7c1f0fc29b0d7d4619ffd7b1dbf30f5c2a7bc7a6414bae3a,04afd0333f6c00f0f7c74bb411a7d4c4d6cae7ae92151dd2e386dfe313a2b8c6,2026-09-14T12:00:03+00:00,2026-09-14T12:00:09+00:00,6
solana,solana:mainnet:PhvVwQaqEneuwgBA66bGugn1zEBj1JK9iwTw2U2pump,cf4f696166e4f92f442bdeba8afef3cda09d53d85354fe8d81e91d81d185658e,1804be3fe4bbfa9228d99bb7d33b6d69ce46692c57ba9033c52a2519b3cef2a1,2026-09-14T12:00:05+00:00,2026-09-14T12:00:06+00:00,1
solana,solana:mainnet:Q9kH9WGHJYSfwMuApmrJ6Vgbj6C54zHo1AvDmQxpump,f2e93b3e45937c33e9c7221c7f16399d87d81f0d1576d188dd090abbe3544323,2cae64256f7a65afb16f6d099cb3d7e4eb18284886dd858b239b97e63317b0ce,2026-09-14T12:00:19+00:00,2026-09-14T12:01:00+00:00,41
solana,solana:mainnet:QrHX7m6WPg7E6q8ruEUKChMazHCNVUsty2ifK7xpump,654d44e3feefbefc590aa6e0a866710b16131daba0d50bc640bcae36fd67c5cf,dfc187b5a22c8be471df6e582be2ee1f1f47fc601830cf6357c6837dd74d6e35,2026-09-14T12:00:09+00:00,2026-09-14T12:00:33+00:00,24
solana,solana:mainnet:Qzkx3SawTqiGhTki7jJwQf5m6zZNEFXNyN9qhHhpump,5eaa522bbd59367d6f84f4564a51a640c97558a6df5d4783f61c56456bd260a9,d784be2db9b802f935051e495d85fa52556aaba7748f3bb95cd84d496b85df6b,2026-09-14T12:00:00+00:00,2026-09-14T12:00:02+00:00,2
solana,solana:mainnet:R5sLWyBWURw4rLLgzsmGNDp8Wz1kXox59WU1ESMpump,3f4508a1f01cfd01eb675a132ba88e498f15b36227ff4012c5d91465ac87d596,6683d8a8d824dd22feb1e8debeee386954b127b2bc3961bab1f95ac067046d25,2026-09-14T12:00:12+00:00,2026-09-14T12:00:36+00:00,24
solana,solana:mainnet:RSkNufVcUYosY6ApaLB2VmM9ho97DdH5Tcisvebpump,30092b88e780872c87e5f1404fb3298fcf81f0b3ed3774d33669e16f8063d233,0a87b0724099099bf6316e7abbb92bf8d0daf1f12f8d9bd8feee4b3169c0989e,2026-09-14T12:00:40+00:00,2026-09-14T12:00:52+00:00,12
solana,solana:mainnet:RdSJAdbWBBgKejj8GDzmqcQPdpnhMPYBTNog77Qpump,0c26186c4a8751c74c3079851384940d845c994f41d60d4d15b9e71b0da82f6a,a570d036146eca83229c0cd2d2c05fda36274f2056b7cb8433073e98bdd550fa,2026-09-14T12:00:00+00:00,2026-09-14T12:00:02+00:00,2
solana,solana:mainnet:Rv6PpVdxFFhmStfVxshudChAMfcBoATnenArQUypump,5455670b6334698e67974b7efac87bdc19f267da44e5d824051a6c61e217c6d5,13c1bda9edbd127cfc8140c014142ee2530f2bb1e26ad508dc8bf2925d3f5ca2,2026-09-14T12:00:16+00:00,2026-09-14T12:00:21+00:00,5
solana,solana:mainnet:SUKSSNkK2jAzattDn7QHKJLEYNtqaUDzLADGdDSpump,3c3b831ba50beba497e7d83de3756c34abcb46992fb4aa2ebc8d82d62a17f6b0,8341af12dc1e258bb2b66bcc659865165193aa248c8bb64acf735629b143a5cf,2026-09-14T12:00:02+00:00,2026-09-14T12:00:27+00:00,25
solana,solana:mainnet:SZSeU6eYuStbeonWpYf5g3YnomcJAgBwXTjfvynpump,26dfc26ca5ea5d2da052f25b4e9ffe1019dd95c324a94a82b998861e5708bd68,8c34940c845706aeaf21deb63a0fe57c638fc70028f500cc180a06edcb780b88,2026-09-14T12:00:09+00:00,2026-09-14T12:00:33+00:00,24
solana,solana:mainnet:So11111111111111111111111111111111111111112,61cc4a44564db519226a8e0153866b7d5b8ade3a54cd3e8224e9f713778065ab,537db1d67ec48186a5edd282414471fd710feb4351c2a8298776d00c960d691e,2026-09-14T12:00:01+00:00,2026-09-14T12:00:05+00:00,4
solana,solana:mainnet:T5SALycbBz4h1T1hYkutwtr6nVnPCy7ZrrBa62ppump,5b050fcf60f44804f3bf6f9afb34c31cefeabd94abd3960b8f20fe3d58b7ce0e,5e8fd0327fed9d22ec9059b9d3d7ac03d3dbf91481be56b310f2b7a20c0feadf,2026-09-14T12:00:04+00:00,2026-09-14T12:00:34+00:00,30
solana,solana:mainnet:TaQY3KnwpSdhSgzDeKEYYoq36YV1qT5xDZPCT9Gpump,16271252d65062915a80c26964623e1b4008dfdeb79d4d35132e5562b1b6e4af,756e79c69c4b78752e9b9d57f2908440cda592975727572a884edeb67fa643ee,2026-09-14T12:00:04+00:00,2026-09-14T12:00:13+00:00,9
solana,solana:mainnet:Tm2iqbxYjKpW8xCMe6q1xUraNMNzcG5xMztAir3pump,5242695f508fd8ecce93b4d2921be268a50febf05a7a4865eb066b913d2dc423,d3d849389debb860049f2415118434a150df88aa2f459bda31ef17bd4107b709,2026-09-14T12:00:12+00:00,2026-09-14T12:00:13+00:00,1
solana,solana:mainnet:UW1QTBi9hbdRMVRu94aBkQSpFDDGBvTVGC9xodgpump,c7b9dbf516e11f3a481220bb4b3aaf9dc644ff403e5a304c2dc73a2e762cc65a,c53356ab9b4c555858d58facaab5406af5575923642a23ee117b6e59b60e0a95,2026-09-14T12:02:37+00:00,2026-09-14T12:03:55+00:00,78
solana,solana:mainnet:Ugu8xGdj7cps1wp9jfDinYCu9RmLMiNJz5ZmUbjpump,3e6cfe9ba8f3ba05fb1eaca576653514c8682430275f52ebc13bd93d097c68a1,222fd6ee4cdd24364a1b3c3d91f9832892921a7143b916e8770b5696ad17e2c3,2026-09-14T12:00:00+00:00,2026-09-14T12:00:01+00:00,1
solana,solana:mainnet:VyQABSPLS6inWQrGB366o7zV9GKh7mus6b4sBWtpump,1b606bbb9c69576055415d7651a26df289d4b20a65e7492b1103c70895c6a24e,cbed988032fb1bb854177cbe78860d806d5ce5c37ee706b2a6b906b6d5b38480,2026-09-14T12:00:10+00:00,2026-09-14T12:00:34+00:00,24
solana,solana:mainnet:XUUvj9TQpmwXLQBDWGUfaqW2a1zrkPLTbKH7KiBpump,d13ccc8c4e18b19908eafe5c6356ebc1af9b1e6ccf3ac5e30e2c49371443f766,414643fe9c862277a5b98becb1c8d6f990cbf24d934d1834e4a3922c3e8b1214,2026-09-14T12:04:40+00:00,2026-09-14T12:04:40+00:00,0
solana,solana:mainnet:XgvyYcHtuo1r31VSHu52cxWdNACGhxo9GtvB86vpump,caa9d1ebe2059aa3c20cabd6dcd545bac865c0023600ba71980e6f2512c609fb,80eda984cec200408050ce76469aa577fb9f3f49e3ecc3a78af1980b1f6d9d84,2026-09-14T12:00:09+00:00,2026-09-14T12:00:33+00:00,24
solana,solana:mainnet:XhbqEBvc2pyE24jxDcZz7UUh9NseXeKAoTaV4GLpump,8f2fdb2b3bbf408b9712aefc2164c6b8a639559db84566a1dec24bf891c4ad7f,5426c22acdff00821e0b6f5b78355d401896c22aac97cf9aa01116f3841f3c76,2026-09-14T12:00:02+00:00,2026-09-14T12:01:08+00:00,66
solana,solana:mainnet:XkJRs4SM72ke9jkMUKuJdWFAd7vpuTcDRZsmwQnpump,0a8430bb144f971afcf7699c7bdb4a6b5867f50fb8b923075fb3986110ec5314,28924615503d6acf5bef0ea6a82ae7ac5ec971211ac06071cd69629b427e4706,2026-09-14T12:00:01+00:00,2026-09-14T12:00:27+00:00,26
solana,solana:mainnet:XkeTXo1125vz5H9svJpGiw4JvLbN8VmMu9cmMvspump,2f8e84d8a85857430954637be48c5c39adcdcd1f1b4be66eec4d7b371dd3af75,e1e51aaa8dcd3103821f0ff5b02391676c037f3408416969a60efe8b5ff7f46f,2026-09-14T12:00:00+00:00,2026-09-14T12:00:06+00:00,6
solana,solana:mainnet:Y4X16CuDrSmLkSpNxm3VeDF2q1tnXcTvx3WPyD7pump,7288af5768a0e32eab4e0106eaf331cdaa856ee469afda08c33fc3b133990bf7,197308015027335497a426e52aad5af080065f7d553a817deee9c4121e92758d,2026-09-14T12:00:10+00:00,2026-09-14T12:00:35+00:00,25
solana,solana:mainnet:YoJzhwuhxyXVnqjSC8jFQb6SKgTHyB3tcxSELHopump,9ebc90e0e829f0df5e93b3b17b512c75051d4d4c5c08c47958606be002eafda7,8bd292a68b54304d453b807ba2772f9fb4382923dbd96b8eb7757658a9e25bfc,2026-09-14T12:00:29+00:00,2026-09-14T12:01:36+00:00,67
solana,solana:mainnet:Z2ZA3cMD36rxJUXuHkr6Rf5w5GceCvC2dgpZUPJpump,2bd5e58c31da1d1358e5b6bbc881bcf08bca9ef85ce8bc0765c670c075248511,8f29073f27abc7e3c158b539ee5cfd5ea6bf8b305a306f5eeeb9ef7c5d664fe5,2026-09-14T12:00:04+00:00,2026-09-14T12:00:21+00:00,17
solana,solana:mainnet:ZR17jetEdi3tk1NpX3kWKpGqPB7ucmND587Hm3cpump,d8cbd6d342772d4b0e707c837ef484c5dae419449f208e866ef5cac163c1206a,580f58ea0ae4f45e960b261810f1b06cc63ce55a32db9fc8f317cfa35864be93,2026-09-14T12:00:06+00:00,2026-09-14T12:00:32+00:00,26
solana,solana:mainnet:Zzph8pgSqFBatiyi72Rum7SWKbhks3uyX3qyJLcpump,e28f483fc64a3681a8a51592d3c72f83b56151fe35bc416d0609afa57144a9ad,7a9f861165405984cf2ed38535800843a431c9fca8b5bd90524e6be6d21ed912,2026-09-14T12:00:01+00:00,2026-09-14T12:00:27+00:00,26
solana,solana:mainnet:aB4mznS9i2THDGB6nEmWyXqYwqSVoVqAaHJ6i64pump,91cba2ce2a390002cbf517e21a7747c28f07050b71756fe2ad35d7d39ea6ec5b,fb56c96bf7a4fe87708d425052a6c71c5a63b54934114f6aff205fb5dcb3db74,2026-09-14T12:00:05+00:00,2026-09-14T12:00:29+00:00,24
solana,solana:mainnet:aEXwZerTRjt5tiALHXa6H1QBZxsTqnTC1g6mGtCpump,8bb798da43d54df8842bd9a958d882feeef6b9ae13eec7e3a9d0ccd065d3696e,21acea6ee8d3b5f8dc9753abff36e93636d37f35bfa1d8bbf6c4e180c46e0605,2026-09-14T12:00:02+00:00,2026-09-14T12:00:47+00:00,45
solana,solana:mainnet:bLMmVu9jN3ZGoqJ8vkVF2fBXBz1UH8Fekh2PfJFpump,ba6b5609a076a1e70cc854f196123c2de782d79186678122be7bac6b38866352,add05201cd1381df1431c742ec722045c4737d9b6c037962f48782ee339387ec,2026-09-14T12:00:04+00:00,2026-09-14T12:00:28+00:00,24
solana,solana:mainnet:bouZB7jPt2vcDyDNdLF13knqVuva82mon8vkK1Apump,e967ce5ef5c6d9f31e5743cc6532ecc20f4ea83ee3bb2a234459a27d47db4c33,b5ee0e6ddc2855c79e32912e5bc5be17e8aee8eadf12cd10246b41878d243f50,2026-09-14T12:02:31+00:00,2026-09-14T12:02:33+00:00,2
solana,solana:mainnet:c9wa1iz9PpcRfjGCMmmm9W3upGDQSuQkHFd13Vwpump,a35558076bfa511a017cd74a5055715f0786aedc92d1d406a1dc5dc69090b7f3,4313e570ec69f3621468243abe5148f0e251a4b5d4ae341a252d1af76ae1f89b,2026-09-14T12:00:06+00:00,2026-09-14T12:00:30+00:00,24
solana,solana:mainnet:cAynpPPBQRrL6QNtvps2wJGrAadxX7K5ZT2pV2rpump,5217ae0214d264fc12f2c0b27845bbddee13d9cc9a1e01b92c2f27f9341f65a8,5f8537026e7b4a9ab94ed2050a8b078cc6444f1966fe1ced8a54bfc6df72a213,2026-09-14T12:00:11+00:00,2026-09-14T12:00:35+00:00,24
solana,solana:mainnet:cbbtcf3aa214zXHbiAZQwf4122FBYbraNdFqgw4iMij,52628b877b0cfaa56295c68bc6e2562af15932e0191cc145c54bafead5ec3de3,518227029ae8450a4f5677b6ecc75126f3a17c080a84fa9b0a1ad2542a95f2be,2026-09-14T12:02:00+00:00,2026-09-14T12:02:03+00:00,3
solana,solana:mainnet:cbo7YmbbP4pKH7FWpzs1JVDLxLYvtaGSdFChrHzpump,ea613bd280ad71c90d07144e92966d71f3a3039d087741eb794ed045f2a22ac2,729a87337ddb7194248c9f2d3c4932bf521474a28471c206bf78176d16eee702,2026-09-14T12:00:08+00:00,2026-09-14T12:00:32+00:00,24
solana,solana:mainnet:chx7PKCkFbxbAHDgt2uHpYqh2ytyQa2drL2wWsppump,0c8c1c58bb18c72e31ff2710a1f382d118dbab93d8640e4f50f5943ef93bc756,482ebc67a28638dbe70d8b54c33cfe61ac85a58e261db831364bf5b8f6b59dca,2026-09-14T12:00:02+00:00,2026-09-14T12:00:27+00:00,25
solana,solana:mainnet:d2Pxjfo5bGaFgTNAqvoo2Usp2GoPicyLFj5r3mDpump,17907ca93f5fdbb40a3e187b625284b6ef87060d0b226a67e58a390426f9236e,b36189f8ed7ba06985f32cf63be89a07bdd099f82c39fcb0f2fbfaa9aa5a9800,2026-09-14T12:00:27+00:00,2026-09-14T12:00:27+00:00,0
solana,solana:mainnet:dEZjoi7HmgBHRiQhAduNRTAAZApJXFGttz3UAoVpump,c60d28b1dd2d7f21fe9aeee7ec31c124676c35b45ccd61f83886b46040d1573e,1080a08ce79123f89b52cce30f02e34706c8f777cb02a796ae904066770cd3a2,2026-09-14T12:00:00+00:00,2026-09-14T12:00:00+00:00,0
solana,solana:mainnet:dRQvsszWkyBbgzWyjVmj8xX9fWew5aBJA5i9T4Wpump,4aa4b9bed13b43748884ca4684a651b295d4d25df79ca4a99d886a3e6cd91208,96bfade068239da54a921e21571ded792787eb6bf95651b1aad9d60b38512cb2,2026-09-14T12:00:00+00:00,2026-09-14T12:00:10+00:00,10
solana,solana:mainnet:dhBLuz2Qs2CfYSGsSxjfywxgsvot8GwasVMi5Supump,4e7b8d549fc5428d0bcb885fed43a27db242902193f73701d5e6f5351c9ebce7,29ec95ed8315fd174ef496d21c6af1709898f650f4aa549c90c169600f208c7b,2026-09-14T12:00:05+00:00,2026-09-14T12:00:28+00:00,23
solana,solana:mainnet:gMQyBRxk7GDDb3uKeR7SSf9EMHiTa2hqA8JzdaCpump,2b89b7d4f6e7a23d28774d1482dc6d6e7998502053f537bd1783a00027fe5d33,b14923c9c8d1ff1d82343e972803c3582768a8674835cbfee6c4c5590c461fcc,2026-09-14T12:00:02+00:00,2026-09-14T12:00:15+00:00,13
solana,solana:mainnet:gbQM3wQs5tPbJpmQJ38cqgDrbuniSddMo2LzMPfpump,d0ab2a3776265dc8c2922946007f17d4cf74c3d4126337ed16bc4be342ab98bc,b56a9302dee7381dc42a9d2dee741dad9d29d218086700b8e602ca58787db51a,2026-09-14T12:00:34+00:00,2026-09-14T12:02:34+00:00,120
solana,solana:mainnet:h1qMQmdLYi3SLvSawbuCSFF91Qamaq2Xosi1b7xpump,d4d8aac2ae2921de8b2033238d8579250917ca4cd1fa1088f4bfe2a64c276b15,d3a420b526b06c03e1ec8927f99510e43b96a48e2f695e52dffdd8bc67453ca2,2026-09-14T12:00:30+00:00,2026-09-14T12:02:30+00:00,120
solana,solana:mainnet:hFet6cMgiSe5WBxdbsyCkWj4UrkS79HTrLTRomopump,49c52000fbb0c5cf73203d6d074ae59f0a8055aef22be5e6bef2559aa6882586,c318728efad1e87bfd4884fc757333f995d8387f0d2e73732770c5300a628370,2026-09-14T12:00:00+00:00,2026-09-14T12:00:25+00:00,25
solana,solana:mainnet:hMJEFqRxWTrjgnWpB8FxSVXrhR7peeTt88B6vbbpump,3c8b5f4846b941d58e8366f4d3f4577514b0fca610bf3d9bb7f8516ec3f542fc,675d3d16ac696cf3a33a0dc6fe0711651c06db5a21f6b4cb4752e7915da721d7,2026-09-14T12:00:02+00:00,2026-09-14T12:00:27+00:00,25
solana,solana:mainnet:iXNkw6ZzTd1iqzGwKnSmQBmnQejcERj1RkCX58Hpump,f79326aa3603a305e527ebfbf5210883b03c7d6bdb61a326c17f0a9cc73f20ba,2531a959f19b162dbe3e7f6567593d571d7705d37c467651566ac30af6d65a79,2026-09-14T12:00:00+00:00,2026-09-14T12:00:00+00:00,0
solana,solana:mainnet:iwqKqxd9DGHTaWDV19ftDgZMqVbCe3crcpPCigfpump,cbe328d2c5593c44fe60339edd7838636e70c5d233bd6ced52bac5274785d5a6,3c98fc4da295e2b149e3d80c7d31477a3ff4d2eacdf6f3a1659b5437635da42d,2026-09-14T12:00:05+00:00,2026-09-14T12:00:19+00:00,14
solana,solana:mainnet:izUd2DKhKefxT44NCCNpVvaRb963MYeWFsubGVSpump,23feac53fda124f2101dbf7597f26e6a1639ffdc4102448b1013e497c1cfd4d8,f2480823a683588b4fe8146bf67ce083b4fd1b393831cf958fee70df7698435b,2026-09-14T12:00:00+00:00,2026-09-14T12:00:01+00:00,1
solana,solana:mainnet:j4cPgAg4CcZS42VmdKQMAquJrtuWqBcXUKL3hnVpump,a1bbfcdfe02541be02cb0275e6f0f266bc8de591d57bbbfb29245bf740e0d774,5ac612c4d7f5e1b0b83fb27887ae61416c14d0ad887a919418184cb4de720154,2026-09-14T12:00:09+00:00,2026-09-14T12:00:33+00:00,24
solana,solana:mainnet:jG11whAGHa8bctUxVEVC3H1wmwtLbGLxAAGZg7Jpump,6d73b58d7d9c3a490fa9bf768a06820cccbf4db61d844c5dd8203b0218921709,4aea0504dfd4198a8b55fdaaf413651f25a7e01a4af5bf12694086313aa20a85,2026-09-14T12:00:12+00:00,2026-09-14T12:00:36+00:00,24
solana,solana:mainnet:k5ZbzxBezKsX3jFk6vZn9KhokaevKq6evoQpxexpump,240fdd61dc1c4d32924ccd6003485e28045bd7718364f678759d93264c88caff,fa1c7db5fd7722e98c44424f8b15f53119e98d418657ff91a3c482abce7d0399,2026-09-14T12:00:25+00:00,2026-09-14T12:00:44+00:00,19
solana,solana:mainnet:kBx8u7SqsVFi7zJ65N9kbkscPSMZq9ptNKGv7fbpump,47d288a5cb32e1132b7d35714df78d84a48ed6b8be13872dd2777e44b7bc4597,87374544cc03aa4cb9d611e421b920cc45e5786c06becfeae2e5633bc67c89df,2026-09-14T12:00:10+00:00,2026-09-14T12:00:37+00:00,27
solana,solana:mainnet:kuHTdhFb3Cqdtg7MmiGtT6eGRXtRZkdzAFSKewkpump,0493c01499dc23d24b5b855ae56a3346de44300f56f5b39f500e8773a9d69eb3,04d85dfcbb1dfbaaceded3a0224b6fcc3e88a09c0939ee524d6e5dc989c8de6a,2026-09-14T12:00:01+00:00,2026-09-14T12:01:17+00:00,76
solana,solana:mainnet:kwzFiUtDfiUk4Qd63U22CBRB3GMPDoQLWbA7nzdpump,06e7a8d17ba53185e0923c530a06fd99866352360718e5bc803845ba06bfd627,ded1451a9abbd5634dc58c1bc01fc83623fcfef3b2c514be84d80cbbf90a0a60,2026-09-14T12:00:00+00:00,2026-09-14T12:00:25+00:00,25
solana,solana:mainnet:mQbHabXVsUzhAsEtqYGKLZ5DVak5PfY1gkkaCkApump,6b53d6e49dcf5e51dc16d2c8371811d326416e07fd5fc77783ae24a9169f0bcb,d18380398bed25d5a691889092cfd05e5afdd62b4591a956958f69c5454b5be7,2026-09-14T12:00:02+00:00,2026-09-14T12:00:27+00:00,25
solana,solana:mainnet:mY5a7pM3GxSN7FhpGLFjgQ9WwFxtShndVqUiVTcpump,8c2540d57e9d13cc441e2d54740e851a23b62d3993e69b8cfdcd343ac6c02c92,97be5a1a1eb34651728c4aacfddc7cc48e8f1a6a1d70711806989c155e70d99d,2026-09-14T12:02:32+00:00,2026-09-14T12:02:33+00:00,1
solana,solana:mainnet:nqJGGuLrqJhqyVr4HiktekEiK1KGMsNSu6ZXUP8pump,0bfae5ff34c3689b7abe5a42278f58c25d11a729fd392f1da3fa7c989e622b65,70220b2d634e0718e45b5801dad2e3aa7538a518d860f76aae880fd308f470d1,2026-09-14T12:00:02+00:00,2026-09-14T12:00:32+00:00,30
solana,solana:mainnet:o2id1tT4b6q5GeyxyLJV81w565dB4Mc8CvHzwLvpump,5a81bad2ef0bdb270b595c47a07326f0bd5c62c7506c3da0c3d02a36d83901f1,a385628cb2c7a83306431024f66d593b4bf46134eb3893b2027985cc8de48c26,2026-09-14T12:00:13+00:00,2026-09-14T12:00:42+00:00,29
solana,solana:mainnet:ojfYX1fzcpAq6SFvr7FiUdbfaGTzcMdjyTuriQ2pump,34adafeba0412b857880ab9bf696a290615cd862927ca6526192c6f848042826,f271701c365410fe932630601441f7bfe129b6933a1f00720ff142198c3fd562,2026-09-14T12:00:00+00:00,2026-09-14T12:00:36+00:00,36
solana,solana:mainnet:omHWB9nCLEsigEMfRg49JtvoahJDk49WcoDHqZPpump,8e92e3114ee6c3c16287baaf1e90de5433c3587ed03f5dc28b5937e3634cd2ca,1ee5d4a96495d3d650abc6aa696a55a7009d51dd97c14e44cef072befefab054,2026-09-14T12:00:01+00:00,2026-09-14T12:00:25+00:00,24
solana,solana:mainnet:otsy54Ji8vPqkBEQudeEeTApm69juBvgVctNjBXpump,33df8814372b49612ac6be7f24c30406e846b8bfe2ad2f00217af15bac516bce,439790e169c814ffc63c2bff7020e5c2f5681c18fefa2337ce44a51acd5caa19,2026-09-14T12:00:00+00:00,2026-09-14T12:00:02+00:00,2
solana,solana:mainnet:oygtVgy74Gxnx1EH8beEx6LBHLuyamLa4e4LQxhpump,d8f1769959037478381eef4d5c49488bf764e31c3e5f434cc499c32c53af6bb5,3cb8633b25e7e2e310a5abb8957fba8e76f82aec61dac538698b609a33b695fb,2026-09-14T12:00:01+00:00,2026-09-14T12:00:39+00:00,38
solana,solana:mainnet:p6gzUCj6hiJ7QK3r3rg8YyPW6HULUG5r4kewSBjpump,35d7d7067b54c43414252624a8ce268ede61f773a15dccec5d95bb87c56f69fd,7c9e5d52985e9f3a963e959350b3dce03887ae827d190d24fb44b9176bf71d26,2026-09-14T12:00:04+00:00,2026-09-14T12:00:28+00:00,24
solana,solana:mainnet:paVokNRhX4QVcxFUACf8fpPPRKkSqyNAVBWRFKZpump,9f3feecedfb7a28607fecb3340194c30543ef6da9a5da5e13dfbe6b028c1b738,b9a2476b82af4c9a7216914c4b4085943a6d21885cedbe4ae2880bb4d769b79a,2026-09-14T12:00:02+00:00,2026-09-14T12:00:27+00:00,25
solana,solana:mainnet:ppjqujD2Rjd7tz8NxzuVjfCRpu16hsUq2LQhcEZpump,0648b9a615170568924f22d2d2a822c9233f1a9b3231499aa57990a418b85da3,ca277f50c52452fa5492882e76881e668aeb7524dcb77d19062d4806f8a262c7,2026-09-14T12:00:10+00:00,2026-09-14T12:00:35+00:00,25
solana,solana:mainnet:pumpCmXqMfrsAkQ5r49WcJnRayYRqmXz6ae8H7H9Dfn,ee898354cd70fcc0eda5558c055fb9fd944ee6b884e755fb54eb508977b1f36a,fb06e62961c12a63e813f4517f2cb5a0112adfaf9a40290d1deacc97fe698ec9,2026-09-14T12:00:06+00:00,2026-09-14T12:00:06+00:00,0
solana,solana:mainnet:qKXyy9VquNMhEPJ5ZwQQNnGXemjvZ61ufWuakqspump,4526ba3df71dd33982522eade96b3d3710b90031199670e769d70176f49de5eb,c9d13d735138d75bd234c49b8c0419abcb7610e7b03705833ba612aa089a0e28,2026-09-14T12:00:00+00:00,2026-09-14T12:00:23+00:00,23
solana,solana:mainnet:sFrn26GPxnvjf23npRvRDLfPmYsCzbyQpn5D22cpump,d77a787f96605f5bc2a29be7088338e65eb1ee35d78fe270542a00b6b587fe24,00b3c53f7f57dc9ae1a0e8e6c5066eb6e740f875996fe1cbb8ba8c0dbecdf890,2026-09-14T12:00:01+00:00,2026-09-14T12:00:27+00:00,26
solana,solana:mainnet:sqVdo75394FvsR4nVRfKpaHA383VwCN5FF3VBoQpump,5e2e72ddebeba156119215188eddbe6aa77dbfbf8fde12faa553836e6c3e31e2,91195f8e04c76e02bdd87972ea31bf7201d76bba9451c9cfe88ff82f33035b13,2026-09-14T12:00:01+00:00,2026-09-14T12:00:26+00:00,25
solana,solana:mainnet:t9qqVkksamM5VBgVntifi4FQSrYgNt4Wtxaw59ppump,e84f93838d0bb9c2a16b51a647c4e966329b1f1e044865c5294e425ab0664b73,def66e5f7b2eb4e900eace50b4ab2b0c74040c519d1bad988bb56c7fc614895b,2026-09-14T12:00:04+00:00,2026-09-14T12:00:29+00:00,25
solana,solana:mainnet:tK3g2k4g7HA6BJRVYr5wpeCyUj21D61EKoHV46Rpump,d9a524067fb56e9d1ac454d69d5bf3dd7a37dbf73d2de15881a80be24dc628db,3fd09e95dae10bc00b6efb29f79b0c872a387141c16e6399b6cba2f44a03ef4c,2026-09-14T12:00:07+00:00,2026-09-14T12:00:32+00:00,25
solana,solana:mainnet:tKQEaiFcCQLqddiRZwdDjNu4P4PXneUmZsX1WGupump,541d2ebe468f18cb4a73a5f020698a80a9fb2deec22f69f12f4f94c9e87134d1,64fe620a02ce3a559f69a5ef62c13a5f4238d8902ab787fafe3915ff2087be28,2026-09-14T12:00:06+00:00,2026-09-14T12:00:32+00:00,26
solana,solana:mainnet:tjgq94k8o5JvdaNRqvN73LvyXoz8MQMhVXb4ZzTpump,4ed6e54875784f8269d568e430a440f69e42cd713b25bc46a1d61cb641e05b74,ce51b958e4455c13177f7286b1de535343e40a2e4ddc1684f2cfb2d5b80cba95,2026-09-14T12:00:00+00:00,2026-09-14T12:00:01+00:00,1
solana,solana:mainnet:udPEzBjbGMzYZbuLtByqLYhc4TEs6EebG8R7fwdpump,d2221e038ab5ff61436ea2eca89449d29d030af8836eb3738c6dcfcba68a3950,f48b9b74f4d8ef2e4ae5a5db3e4c11def090c6858404f043e1f9b4b9c2b841d5,2026-09-14T12:01:55+00:00,2026-09-14T12:04:25+00:00,150
solana,solana:mainnet:vBsdDTpxHJirQUr9u46rC95ZuUB6LUfSKeQLS1mpump,233aa2e11a64a62415bb8d93790a4283303bfa31fe392a4abcdf7910ae719a18,51a82ab4bcf6ce813cb0095fd1c0d2dcfbdd0708b8f5ce59dc4877f5d5171fa7,2026-09-14T12:00:10+00:00,2026-09-14T12:00:23+00:00,13
solana,solana:mainnet:vF1pwaLuZ7YidCVKsepPvVop3hkbFEY8borc4zspump,dc2aab227410e7143611bebc95508b276b51079faaf514e5046eb0fec309fbd7,9e1995ce235aa296975f210e60365eed798bbd3c2bd191251d366aeab50599b6,2026-09-14T12:00:00+00:00,2026-09-14T12:00:01+00:00,1
solana,solana:mainnet:w9Wxuw6imA8aucYPiGivoHeXtLyTZWUAfSz3sZUpump,e940f9da6d6b462737cdaa60dbab05a5ac87bd969b8d84b47cb8de238823a4f1,46cacb07b924a9d1dc9f79ccd0445afb8967b2482b2b89cadef1e569b2a7a634,2026-09-14T12:00:02+00:00,2026-09-14T12:00:27+00:00,25
solana,solana:mainnet:ww5XZd6ub25PWCrczgRCJMitX8m1pmDBUSpbEVEpump,60ac95c86909d518823a3a5767f17291d67813e8b9cd213bed078a20eff65d48,efc5c022c8c152b4caf9361fd67c7fafc7ecb5f750bbe7e8173ad9fdbcfa602d,2026-09-14T12:00:09+00:00,2026-09-14T12:00:32+00:00,23
solana,solana:mainnet:x9ws2vgPuJrJoVkqEEgZAnvhYssLurAimiEJeB2pump,7f27fc3db37522c3212710d689d7ca8497742c44f4005b71f114c61eaaaa997c,8b084c8432b604f21871389ee478b5334ae325c0f286869e235e60b7c8baba5d,2026-09-14T12:00:00+00:00,2026-09-14T12:00:02+00:00,2
solana,solana:mainnet:xGC4UANPAss54E9n7r4ZSyNLnVwoqFPpyyTFgdEpump,71cde49e95149aa89a4e96196182f75cd4b10c44c704773ad47cf350a669d11c,854f4b48723b9bb565c6719b72bca2d97be8e1fdb6e92a8d215bba1ee417e368,2026-09-14T12:00:10+00:00,2026-09-14T12:00:38+00:00,28
solana,solana:mainnet:xGGw7VFdaCos8nGiMreaQvHFYu8MiUdympZBohGpump,9517d4b58e221f3e1f6dfeae1f80678b314ebffe3c10f1d28622df2dd5cca670,f8519cffc8f0d8619606169bedb7ccc217fb533e349f40a33fbeb88e5becedc6,2026-09-14T12:00:02+00:00,2026-09-14T12:00:27+00:00,25
solana,solana:mainnet:xcoio7guTWKAS38GY6TjcxmkTgsNBgri1geQAkGd2WJ,c798594bccb711da6515daec3d8188f7ef8b8b89bb0b936f0d695681e0ad3294,edcd6cd4c91907b342c9ae697ccefe066bad50e5ffc2c9a4671de8374973ef8c,2026-09-14T12:00:31+00:00,2026-09-14T12:03:31+00:00,180
solana,solana:mainnet:xtzRLb1xt2j85Wh4UnAusbGinjw2STneAWrbunUpump,77d8353bfb046593bf4fdaa05b4879adc11959316bc3b519c81f2ddd72251da2,29f1c8481316630b090ca9141c97bfa8069a0ae8a35409e8c7c9e63c27c4e992,2026-09-14T12:00:00+00:00,2026-09-14T12:00:02+00:00,2
solana,solana:mainnet:zfmfkz9uoRDZE6hpRMpvLNBPkWVrw3z4tSq7aBMpump,c75b8bd605efc3eb6b10bc151ba09efa3e3eb3045f98a991841bcdad63f5155c,4e15d02fd5f2ec3f80cc6e3b184aec15d604c520048c8f8a44f7ac3dea10225f,2026-09-14T12:00:01+00:00,2026-09-14T12:00:27+00:00,26
solana,solana:mainnet:zj1jpp7QMveWHLs61vL9KMZf254KvW7j4AAmBF8ry2k,7a724ec1b5a1969ba6d6a2e826aec2e54119125d4a77b45ae89c4a29a8611214,e081dc494ad37ed4f8d0b76b43fe3318fbf9c87510367a064b80561941db15fe,2026-09-14T12:00:20+00:00,2026-09-14T12:01:51+00:00,91
solana,solana:mainnet:zv7epAYA3SStFk6LKVCnpwvg1Q6BvGgoVko7wLfpump,5ba710fa9ea6c620d1e1d98b76f5b825a8d49ca2e25c6926f7b566068ef403f5,90bbd313e6641b6bc85dad81c93bf85b0f8df0db84e444b1201385f85dbf2f7b,2026-09-14T12:00:09+00:00,2026-09-14T12:00:34+00:00,25
