event_key,checkpoint,required,schedule_state,request_state,parse_state,field_state,timing_state,final_state,request_id
solana:fTuqSW8hgHyKDHSePCEEWn6raKASxMa4PCsvswqc53JfW6hhjHhStr89naHaJmDQGFRAWzhZ9muskH4fKuw3XTy:2:0,T0,true,scheduled,success,json_ok,observed,on_time,observed,09c279750c6891ad44bc1ce9
solana:fTuqSW8hgHyKDHSePCEEWn6raKASxMa4PCsvswqc53JfW6hhjHhStr89naHaJmDQGFRAWzhZ9muskH4fKuw3XTy:2:0,T+24h,true,scheduled,success,json_ok,observed,on_time,observed,eb930fa1c32328d15a4c2c9d
solana:fTuqSW8hgHyKDHSePCEEWn6raKASxMa4PCsvswqc53JfW6hhjHhStr89naHaJmDQGFRAWzhZ9muskH4fKuw3XTy:2:0,T+60h,true,scheduled,success,json_ok,observed,on_time,observed,7d7f48ca319f93a0a6dc8e17
solana:36uM1zraDDqJwCSTcHNU6cKZY4XySs4nQ24Z4HLN4PqmzqkrbvmCRrQ9V1gRFNEZCBm5Y7CxY6DL4FAgkD9Q7LeV:2:0,T0,true,scheduled,success,json_ok,observed,on_time,observed,ca412e554b81bbbbe633cae1
solana:36uM1zraDDqJwCSTcHNU6cKZY4XySs4nQ24Z4HLN4PqmzqkrbvmCRrQ9V1gRFNEZCBm5Y7CxY6DL4FAgkD9Q7LeV:2:0,T+24h,true,scheduled,success,json_ok,observed,on_time,observed,9cb5cff6c146c8d7c5b13d69
solana:36uM1zraDDqJwCSTcHNU6cKZY4XySs4nQ24Z4HLN4PqmzqkrbvmCRrQ9V1gRFNEZCBm5Y7CxY6DL4FAgkD9Q7LeV:2:0,T+60h,true,scheduled,success,json_ok,observed,on_time,observed,324c01400ddbbe86f0e098b2
solana:2U6WZDvz1ZCyWFhmujhQqNJmc9hh9UFjPAiNWBEnphTNqWS1BrFFbKvAoVcUZCEXmvAD74JVXVtsjhdxicH4mfZY:2:0,T0,true,scheduled,success,json_ok,observed,on_time,observed,76e0b830505ac89f9d25c1d3
solana:2U6WZDvz1ZCyWFhmujhQqNJmc9hh9UFjPAiNWBEnphTNqWS1BrFFbKvAoVcUZCEXmvAD74JVXVtsjhdxicH4mfZY:2:0,T+24h,true,scheduled,success,json_ok,observed,on_time,observed,1af718cfd45bc4306b8421d0
solana:2U6WZDvz1ZCyWFhmujhQqNJmc9hh9UFjPAiNWBEnphTNqWS1BrFFbKvAoVcUZCEXmvAD74JVXVtsjhdxicH4mfZY:2:0,T+60h,true,scheduled,success,json_ok,observed,on_time,observed,2b2316dff518586e4d4896cb
solana:4nHGbHWAY8SMQN3m169quWhR85Hbg7bmxZ3ejnGErXerkBHAeHAweDgCEKHxRbR2ZPzWeZ9Rj5LksjmXPfBkCrkx:2:0,T0,true,scheduled,success,json_ok,observed,on_time,observed,4d8ff4f29feedf221ea6f853
solana:4nHGbHWAY8SMQN3m169quWhR85Hbg7bmxZ3ejnGErXerkBHAeHAweDgCEKHxRbR2ZPzWeZ9Rj5LksjmXPfBkCrkx:2:0,T+24h,true,scheduled,success,json_ok,observed,on_time,observed,72b6d0d6b514908536cc2e88
solana:4nHGbHWAY8SMQN3m169quWhR85Hbg7bmxZ3ejnGErXerkBHAeHAweDgCEKHxRbR2ZPzWeZ9Rj5LksjmXPfBkCrkx:2:0,T+60h,true,scheduled,success,json_ok,observed,on_time,observed,5a0119aa5fa92f45524e3943
solana:4x6r6e3aDm9pSSb6XRbN4hvW6nU9ZZqk1VrrxJtANiJabhwTYvnwKeu3FHvAxH7BdDBgN45b5sejnzft8Qzp4wKS:2:0,T0,true,scheduled,success,json_ok,observed,on_time,observed,643d477901196d1e13165c7b
solana:4x6r6e3aDm9pSSb6XRbN4hvW6nU9ZZqk1VrrxJtANiJabhwTYvnwKeu3FHvAxH7BdDBgN45b5sejnzft8Qzp4wKS:2:0,T+24h,true,scheduled,success,json_ok,observed,on_time,observed,ec16ecc5f4a1da2af0c3b91d
solana:4x6r6e3aDm9pSSb6XRbN4hvW6nU9ZZqk1VrrxJtANiJabhwTYvnwKeu3FHvAxH7BdDBgN45b5sejnzft8Qzp4wKS:2:0,T+60h,true,scheduled,success,json_ok,observed,on_time,observed,aa2ad035e6f08f7f72295dc7
solana:4iLjwBJ86rnMJS15ASGHZQpMv3ZpFvnKFBZCewe7CAMu4NhKJkuZWqPg7pG1xfRqXy34ZENRgQv5C8zczaXB6j6P:2:0,T0,true,scheduled,success,json_ok,observed,on_time,observed,11cc3965e149bfe2ed5aa1ec
solana:4iLjwBJ86rnMJS15ASGHZQpMv3ZpFvnKFBZCewe7CAMu4NhKJkuZWqPg7pG1xfRqXy34ZENRgQv5C8zczaXB6j6P:2:0,T+24h,true,scheduled,success,json_ok,observed,on_time,observed,d8d2faec39c8156973892b65
solana:4iLjwBJ86rnMJS15ASGHZQpMv3ZpFvnKFBZCewe7CAMu4NhKJkuZWqPg7pG1xfRqXy34ZENRgQv5C8zczaXB6j6P:2:0,T+60h,true,scheduled,success,json_ok,observed,on_time,observed,8736b1395e47f2a476e1861c
solana:27f64hLXBhjxrzij1BfEFAiZonjUFJQNscQPVJTxuYGQH5QunrhSymTiBAa1djZaWtATNz6XPSYUmxAC9MsfvXq1:2:0,T0,true,scheduled,success,json_ok,observed,on_time,observed,6e78fc978c82c02378f4fa72
solana:27f64hLXBhjxrzij1BfEFAiZonjUFJQNscQPVJTxuYGQH5QunrhSymTiBAa1djZaWtATNz6XPSYUmxAC9MsfvXq1:2:0,T+24h,true,scheduled,success,json_ok,observed,on_time,observed,107034a183e73e5f5d316c3f
solana:27f64hLXBhjxrzij1BfEFAiZonjUFJQNscQPVJTxuYGQH5QunrhSymTiBAa1djZaWtATNz6XPSYUmxAC9MsfvXq1:2:0,T+60h,true,scheduled,success,json_ok,observed,on_time,observed,ac0e84eb9ed0b3e684628d7b
solana:5bbqXWuRoeQWjt1B3a2KRWfigtgRMvwtqnvGWPmgT2sLSBwQ6aUCQqx5w2s1JtBtkMGjFL5Mu3jnPpHodVjrKGSg:2:0,T0,true,scheduled,success,json_ok,observed,on_time,observed,64295b866443768bd15f6bd4
solana:5bbqXWuRoeQWjt1B3a2KRWfigtgRMvwtqnvGWPmgT2sLSBwQ6aUCQqx5w2s1JtBtkMGjFL5Mu3jnPpHodVjrKGSg:2:0,T+24h,true,scheduled,success,json_ok,observed,on_time,observed,cb83cf87138909633bbc95da
solana:5bbqXWuRoeQWjt1B3a2KRWfigtgRMvwtqnvGWPmgT2sLSBwQ6aUCQqx5w2s1JtBtkMGjFL5Mu3jnPpHodVjrKGSg:2:0,T+60h,true,scheduled,success,json_ok,observed,on_time,observed,5e50da5348aab9b3ae2b3558
solana:2Nvik8o7Z6wF8xLrEDNKtqqisummEvuXPChTkHf6JdfJoVguyHSMkXT9dWD7WcNzYKrd2rLHzXdsFKDTy4vV1if:2:0,T0,true,scheduled,success,json_ok,observed,on_time,observed,a2746466f8178c78c41ba74e
solana:2Nvik8o7Z6wF8xLrEDNKtqqisummEvuXPChTkHf6JdfJoVguyHSMkXT9dWD7WcNzYKrd2rLHzXdsFKDTy4vV1if:2:0,T+24h,true,scheduled,success,json_ok,observed,on_time,observed,e2729201593fe3717b314964
solana:2Nvik8o7Z6wF8xLrEDNKtqqisummEvuXPChTkHf6JdfJoVguyHSMkXT9dWD7WcNzYKrd2rLHzXdsFKDTy4vV1if:2:0,T+60h,true,scheduled,success,json_ok,observed,on_time,observed,47e0131b58f83e4b5a1a92e1
solana:5h4LQzGdmQuuQMbfcz2r3uUnB53a6KznfVbtFy5giM8wchMBz5qKuH9G21KtgHaH848saJeroTPk1D4vGadpiCJ4:2:0,T0,true,scheduled,success,json_ok,observed,on_time,observed,38d82c442a35df6b3b349c40
solana:5h4LQzGdmQuuQMbfcz2r3uUnB53a6KznfVbtFy5giM8wchMBz5qKuH9G21KtgHaH848saJeroTPk1D4vGadpiCJ4:2:0,T+24h,true,scheduled,success,json_ok,observed,on_time,observed,e10f8ef5e9c6cbdb4523f458
solana:5h4LQzGdmQuuQMbfcz2r3uUnB53a6KznfVbtFy5giM8wchMBz5qKuH9G21KtgHaH848saJeroTPk1D4vGadpiCJ4:2:0,T+60h,true,scheduled,success,json_ok,observed,on_time,observed,4cfa65e7db0601f44854b95f
solana:4AoMCLzKBARWRBFaEE5KTz3rqHYyVfjeBErj42KYgUSc7rYfss4ELkQmjXSSG9efsjDUfVTv9E8Bp1AKiF4pkW7J:2:0,T0,true,scheduled,success,json_ok,observed,on_time,observed,be64ea20d56a63f583e0ede3
solana:4AoMCLzKBARWRBFaEE5KTz3rqHYyVfjeBErj42KYgUSc7rYfss4ELkQmjXSSG9efsjDUfVTv9E8Bp1AKiF4pkW7J:2:0,T+24h,true,scheduled,success,json_ok,observed,on_time,observed,efe77b3e58b26c1e1b71f3eb
solana:4AoMCLzKBARWRBFaEE5KTz3rqHYyVfjeBErj42KYgUSc7rYfss4ELkQmjXSSG9efsjDUfVTv9E8Bp1AKiF4pkW7J:2:0,T+60h,true,scheduled,success,json_ok,observed,on_time,observed,e706796924b4891ce145a0ab
solana:3LQDF1xh6CjSMekChEBcaLGDEw4XA6ULUs417xfqd7UHHeujK86pw62Z5HHBsWtrxxe9EPavrpoPFD71fPqCuPGx:0:0,T0,true,scheduled,success,json_ok,observed,on_time,observed,5dbff62270224a98f8ca67d1
solana:3LQDF1xh6CjSMekChEBcaLGDEw4XA6ULUs417xfqd7UHHeujK86pw62Z5HHBsWtrxxe9EPavrpoPFD71fPqCuPGx:0:0,T+24h,true,scheduled,success,json_ok,observed,on_time,observed,48d53725a7ee5490782e12be
solana:3LQDF1xh6CjSMekChEBcaLGDEw4XA6ULUs417xfqd7UHHeujK86pw62Z5HHBsWtrxxe9EPavrpoPFD71fPqCuPGx:0:0,T+60h,true,scheduled,success,json_ok,observed,on_time,observed,53d50daa14c81a149db15558
solana:4td92vWkDWHaEqkUpcg9MsBwVVydPLiWSFc6AbNUr4ZWgbMy3BLPtLu2fssn7LvYKe8GAJKP2Qo2KbfdCDFWb5vG:2:0,T0,true,scheduled,success,json_ok,observed,on_time,observed,5d5b95c1b89db89398d4cea5
solana:4td92vWkDWHaEqkUpcg9MsBwVVydPLiWSFc6AbNUr4ZWgbMy3BLPtLu2fssn7LvYKe8GAJKP2Qo2KbfdCDFWb5vG:2:0,T+24h,true,scheduled,success,json_ok,observed,on_time,observed,55242daca34864b7de550874
solana:4td92vWkDWHaEqkUpcg9MsBwVVydPLiWSFc6AbNUr4ZWgbMy3BLPtLu2fssn7LvYKe8GAJKP2Qo2KbfdCDFWb5vG:2:0,T+60h,true,scheduled,success,json_ok,observed,on_time,observed,2bfb6b9c842dbbc7de650643
solana:3PsCdmNpxEAAYz5xbRDHcwrz9BUM9BEZHTMkR8YDmDEn4jY7zaFk7abDJ4eSMKvJAHT7zFqeehW85NmEcvtU1nnk:2:0,T0,true,scheduled,success,json_ok,observed,on_time,observed,01bd0c156f811ace372fa468
solana:3PsCdmNpxEAAYz5xbRDHcwrz9BUM9BEZHTMkR8YDmDEn4jY7zaFk7abDJ4eSMKvJAHT7zFqeehW85NmEcvtU1nnk:2:0,T+24h,true,scheduled,success,json_ok,observed,on_time,observed,bcadd2ec317f097cd1d6ce6c
solana:3PsCdmNpxEAAYz5xbRDHcwrz9BUM9BEZHTMkR8YDmDEn4jY7zaFk7abDJ4eSMKvJAHT7zFqeehW85NmEcvtU1nnk:2:0,T+60h,true,scheduled,success,json_ok,observed,on_time,observed,d90320bd62aaa478acb9e723
solana:4WuMq4YgztZhQNdtFyR9RrVEmZKZzVLTL9GzoGVwUXZYhBUumxCYJmhVTULf4xxHJfrLqsMBryBLGHTcScRSrfnB:0:0,T0,true,scheduled,success,json_ok,observed,on_time,observed,ad57b852231520cd88554092
solana:4WuMq4YgztZhQNdtFyR9RrVEmZKZzVLTL9GzoGVwUXZYhBUumxCYJmhVTULf4xxHJfrLqsMBryBLGHTcScRSrfnB:0:0,T+24h,true,scheduled,success,json_ok,observed,on_time,observed,8700aa031e72603ca5e69651
solana:4WuMq4YgztZhQNdtFyR9RrVEmZKZzVLTL9GzoGVwUXZYhBUumxCYJmhVTULf4xxHJfrLqsMBryBLGHTcScRSrfnB:0:0,T+60h,true,scheduled,success,json_ok,observed,on_time,observed,dc543996e1db5887fcb32a66
solana:aaRT5SrYvmQkzq6vRSG5E6zeKSKTJU215NaBfVvav88BiKtSHFZJtde1oD1WP232Z9c5Q3sEex52XyjfucNZcqG:2:0,T0,true,scheduled,success,json_ok,observed,on_time,observed,2fa66dc8ea004160cfaaf0de
solana:aaRT5SrYvmQkzq6vRSG5E6zeKSKTJU215NaBfVvav88BiKtSHFZJtde1oD1WP232Z9c5Q3sEex52XyjfucNZcqG:2:0,T+24h,true,scheduled,success,json_ok,observed,on_time,observed,5b90ee8fcc959479f794b469
solana:aaRT5SrYvmQkzq6vRSG5E6zeKSKTJU215NaBfVvav88BiKtSHFZJtde1oD1WP232Z9c5Q3sEex52XyjfucNZcqG:2:0,T+60h,true,scheduled,success,json_ok,observed,on_time,observed,db70ab5b62c8f8cb98ff5521
solana:2Q2vWhgqXq1me5BPN3ZHHHAVnSvGh3PFQStsBxmzFz3MaZeYX1dTFCFdTGBvx43u6GiUC9qZFoErq9AxyvTHcujv:2:0,T0,true,scheduled,success,json_ok,observed,on_time,observed,674e4b82f9c3507dd4d61235
solana:2Q2vWhgqXq1me5BPN3ZHHHAVnSvGh3PFQStsBxmzFz3MaZeYX1dTFCFdTGBvx43u6GiUC9qZFoErq9AxyvTHcujv:2:0,T+24h,true,scheduled,success,json_ok,observed,on_time,observed,7eb578400c25d141183a1640
solana:2Q2vWhgqXq1me5BPN3ZHHHAVnSvGh3PFQStsBxmzFz3MaZeYX1dTFCFdTGBvx43u6GiUC9qZFoErq9AxyvTHcujv:2:0,T+60h,true,scheduled,success,json_ok,observed,on_time,observed,d96c073bb21d617494cf8f7b
solana:28zHfZ7nHs96LxEwjXrSPFLY1bHpFe3EZDNo4t2xUnk928C3sKXwrkqwSt7HbV5EnzarNC9v78xzscmwdrruEZQj:0:0,T0,true,scheduled,failed,not_observed,not_observed,late,request_failed,888403cb51ad29eb23bb1d05
solana:28zHfZ7nHs96LxEwjXrSPFLY1bHpFe3EZDNo4t2xUnk928C3sKXwrkqwSt7HbV5EnzarNC9v78xzscmwdrruEZQj:0:0,T+24h,true,scheduled,failed,not_observed,not_observed,late,request_failed,0f1175ddfc167db8b7d11bf6
solana:28zHfZ7nHs96LxEwjXrSPFLY1bHpFe3EZDNo4t2xUnk928C3sKXwrkqwSt7HbV5EnzarNC9v78xzscmwdrruEZQj:0:0,T+60h,true,scheduled,failed,not_observed,not_observed,on_time,request_failed,0c30ff2f9ac1bcf941c4fdc7
solana:2HRpTiArzZmekRDvdP3CavVXdDEAhhTUzuF4M2ZrCV3fWRe5DTyfsEb2bw9musC2F3ETms6DTsz9CxgMrRuSnbCj:2:0,T0,true,scheduled,success,json_ok,observed,on_time,observed,5b250a1c69f3dbb4ed931572
solana:2HRpTiArzZmekRDvdP3CavVXdDEAhhTUzuF4M2ZrCV3fWRe5DTyfsEb2bw9musC2F3ETms6DTsz9CxgMrRuSnbCj:2:0,T+24h,true,scheduled,success,json_ok,observed,on_time,observed,868cbd171e64f2ca2c29b725
solana:2HRpTiArzZmekRDvdP3CavVXdDEAhhTUzuF4M2ZrCV3fWRe5DTyfsEb2bw9musC2F3ETms6DTsz9CxgMrRuSnbCj:2:0,T+60h,true,scheduled,success,json_ok,observed,on_time,observed,bfa5492bb813bf608879c67c
solana:44diT75d9j5YDWU14nRUqYw2wVaLPpL8ngs5XYqMFTEEXLAR7i7NoPpA3GL94WYfwgV1Krmc4ih9dyiagGEBhxEW:2:0,T0,true,scheduled,success,json_ok,observed,on_time,observed,a8b4d7bf42fd0a6f2690bf61
solana:44diT75d9j5YDWU14nRUqYw2wVaLPpL8ngs5XYqMFTEEXLAR7i7NoPpA3GL94WYfwgV1Krmc4ih9dyiagGEBhxEW:2:0,T+24h,true,scheduled,success,json_ok,observed,on_time,observed,3e0c082185d1152535b40511
solana:44diT75d9j5YDWU14nRUqYw2wVaLPpL8ngs5XYqMFTEEXLAR7i7NoPpA3GL94WYfwgV1Krmc4ih9dyiagGEBhxEW:2:0,T+60h,true,scheduled,success,json_ok,observed,on_time,observed,98a660be2ed5fa8d1b10face
solana:4WGATzB6FV7Px21NbfnoeasjZyHnkudHySEYydvPuyBgq9tpzaSX2sigsQim1qERJWJvUicq9LuBTAZenJnqWQV5:2:0,T0,true,scheduled,success,json_ok,observed,on_time,observed,7bfbe01d8c311ba99c93ffae
solana:4WGATzB6FV7Px21NbfnoeasjZyHnkudHySEYydvPuyBgq9tpzaSX2sigsQim1qERJWJvUicq9LuBTAZenJnqWQV5:2:0,T+24h,true,scheduled,success,json_ok,observed,on_time,observed,13e64cff17ae68418d32c5dc
solana:4WGATzB6FV7Px21NbfnoeasjZyHnkudHySEYydvPuyBgq9tpzaSX2sigsQim1qERJWJvUicq9LuBTAZenJnqWQV5:2:0,T+60h,true,scheduled,success,json_ok,observed,on_time,observed,8409d22761e322231c86c4f4
solana:2N2BBoEWScmjzRMbyeTRyxuCrB6CV5nJNzqtiMcNXczpADALmU7qaMgWC5BSB5LwZiWrQo7MatyfWKrRLiUsE6eq:2:0,T0,true,scheduled,success,json_ok,observed,on_time,observed,494d2f4b107f7479ebbe5924
solana:2N2BBoEWScmjzRMbyeTRyxuCrB6CV5nJNzqtiMcNXczpADALmU7qaMgWC5BSB5LwZiWrQo7MatyfWKrRLiUsE6eq:2:0,T+24h,true,scheduled,success,json_ok,observed,on_time,observed,5ddb054d65b5483ded464637
solana:2N2BBoEWScmjzRMbyeTRyxuCrB6CV5nJNzqtiMcNXczpADALmU7qaMgWC5BSB5LwZiWrQo7MatyfWKrRLiUsE6eq:2:0,T+60h,true,scheduled,success,json_ok,observed,on_time,observed,2c30c60679757bda6b17c1d7
solana:3gYbU9t1XT29FuLRrBWSKjYESRUeiMnpTnii5aP2CVrS5r8SBTS8Bt2JuAq8QHty1LDsfybhWuEQUkvimcgHwbWW:2:0,T0,true,scheduled,success,json_ok,observed,on_time,observed,ce67ec795969f67feae904c8
solana:3gYbU9t1XT29FuLRrBWSKjYESRUeiMnpTnii5aP2CVrS5r8SBTS8Bt2JuAq8QHty1LDsfybhWuEQUkvimcgHwbWW:2:0,T+24h,true,scheduled,success,json_ok,observed,on_time,observed,c49ba91a9d4f89f8d36781d6
solana:3gYbU9t1XT29FuLRrBWSKjYESRUeiMnpTnii5aP2CVrS5r8SBTS8Bt2JuAq8QHty1LDsfybhWuEQUkvimcgHwbWW:2:0,T+60h,true,scheduled,success,json_ok,observed,on_time,observed,fccf48c4751f3ac8d7324238
solana:27FNxBKeTJbc3u9jhr2qJhipDJQqCSfuxM64gJSQy17rSBUCh5tbBckVnFdAWR16471NnoRCTkA7wyoVab5eRDpi:2:0,T0,true,scheduled,success,json_ok,observed,on_time,observed,ebe566b70f42b20050571699
solana:27FNxBKeTJbc3u9jhr2qJhipDJQqCSfuxM64gJSQy17rSBUCh5tbBckVnFdAWR16471NnoRCTkA7wyoVab5eRDpi:2:0,T+24h,true,scheduled,success,json_ok,observed,on_time,observed,d1e7a710d874c7e90c6094e2
solana:27FNxBKeTJbc3u9jhr2qJhipDJQqCSfuxM64gJSQy17rSBUCh5tbBckVnFdAWR16471NnoRCTkA7wyoVab5eRDpi:2:0,T+60h,true,scheduled,success,json_ok,observed,on_time,observed,d92af4de732b3a75986e1a12
solana:6YMx5YBEJkYGBHgu2BjSL2PDxkPcBKogr5DU51racvnQciQ26EpNsUqJHRE1ZNVME36P7vjuJcvosGpDRB3bFdq:2:0,T0,true,scheduled,success,json_ok,observed,on_time,observed,30ff6801878f4ad62336ae2c
solana:6YMx5YBEJkYGBHgu2BjSL2PDxkPcBKogr5DU51racvnQciQ26EpNsUqJHRE1ZNVME36P7vjuJcvosGpDRB3bFdq:2:0,T+24h,true,scheduled,success,json_ok,observed,on_time,observed,d24aa6e7d90316f4205e8f42
solana:6YMx5YBEJkYGBHgu2BjSL2PDxkPcBKogr5DU51racvnQciQ26EpNsUqJHRE1ZNVME36P7vjuJcvosGpDRB3bFdq:2:0,T+60h,true,scheduled,success,json_ok,observed,on_time,observed,40cbcc03b3e281379d49ddc6
solana:3p7Fik7hH23kbJbUZbJTmKY6RLYLaxdzrDHJvv6KN6bpGmaCYkso2MLqFcKSxquhLo7DAm67k85hmRxn6Eqh8xTP:2:0,T0,true,scheduled,success,json_ok,observed,on_time,observed,6a64c966b832db65ef1bdd85
solana:3p7Fik7hH23kbJbUZbJTmKY6RLYLaxdzrDHJvv6KN6bpGmaCYkso2MLqFcKSxquhLo7DAm67k85hmRxn6Eqh8xTP:2:0,T+24h,true,scheduled,success,json_ok,observed,on_time,observed,61319eee0561fd8f8098ee80
solana:3p7Fik7hH23kbJbUZbJTmKY6RLYLaxdzrDHJvv6KN6bpGmaCYkso2MLqFcKSxquhLo7DAm67k85hmRxn6Eqh8xTP:2:0,T+60h,true,scheduled,success,json_ok,observed,on_time,observed,b97afd78f3fa699f659a64a0
solana:5TLm4w9bQf4TSDrKdx1UPg1JT42KiXrf75KaTZ6sS4t35CphSWDehRpjTCrNTFAfgoVbtcQYaUgdZGufuGK3MbcK:2:0,T0,true,scheduled,success,json_ok,observed,on_time,observed,6f975e6fb31dba73eb86826d
solana:5TLm4w9bQf4TSDrKdx1UPg1JT42KiXrf75KaTZ6sS4t35CphSWDehRpjTCrNTFAfgoVbtcQYaUgdZGufuGK3MbcK:2:0,T+24h,true,scheduled,success,json_ok,observed,on_time,observed,caa8101fa90ccd0c1569f651
solana:5TLm4w9bQf4TSDrKdx1UPg1JT42KiXrf75KaTZ6sS4t35CphSWDehRpjTCrNTFAfgoVbtcQYaUgdZGufuGK3MbcK:2:0,T+60h,true,scheduled,success,json_ok,observed,on_time,observed,7356057a039432564f709d31
solana:3mzAgpZe1DEpHCfFSs19vofy1hFRDbPxHwzgdMe1Bb7rdG3QkgLXxzJAki77aeCV2o4rocbBLWCttByHnZE8VVWJ:2:0,T0,true,scheduled,success,json_ok,observed,on_time,observed,e486f8ff7128b52fcfc59cde
solana:3mzAgpZe1DEpHCfFSs19vofy1hFRDbPxHwzgdMe1Bb7rdG3QkgLXxzJAki77aeCV2o4rocbBLWCttByHnZE8VVWJ:2:0,T+24h,true,scheduled,success,json_ok,observed,on_time,observed,42f57ab41d47df12f1cd4043
solana:3mzAgpZe1DEpHCfFSs19vofy1hFRDbPxHwzgdMe1Bb7rdG3QkgLXxzJAki77aeCV2o4rocbBLWCttByHnZE8VVWJ:2:0,T+60h,true,scheduled,success,json_ok,observed,on_time,observed,7b295cae956bcfbe627042cf
solana:5o5i4zGinJ8Ucc5VNxbAQdNQmV9FSSx9n2jM5oFfkHaZy2azyjbXCq8wciGZCaEBZqjNSDN6MbuQqwjTbiQ9KT2z:2:0,T0,true,scheduled,success,json_ok,observed,on_time,observed,e26612fc8fe6449da297db4a
solana:5o5i4zGinJ8Ucc5VNxbAQdNQmV9FSSx9n2jM5oFfkHaZy2azyjbXCq8wciGZCaEBZqjNSDN6MbuQqwjTbiQ9KT2z:2:0,T+24h,true,scheduled,success,json_ok,observed,on_time,observed,10dc60ac1c2fb0d8ad244183
solana:5o5i4zGinJ8Ucc5VNxbAQdNQmV9FSSx9n2jM5oFfkHaZy2azyjbXCq8wciGZCaEBZqjNSDN6MbuQqwjTbiQ9KT2z:2:0,T+60h,true,scheduled,success,json_ok,observed,on_time,observed,f377c4f0ce3f9fe649e05dd9
solana:25iPfTqV3KgfpaZGgpERwEPGTxwHM3zkyC7CFdGH8EJ2jNkRUpf51o61TAqp29SUWJHLQYSvkMHoHm9pEHeqwEEp:2:0,T0,true,scheduled,success,json_ok,observed,on_time,observed,29799613d222f18b983d9bd6
solana:25iPfTqV3KgfpaZGgpERwEPGTxwHM3zkyC7CFdGH8EJ2jNkRUpf51o61TAqp29SUWJHLQYSvkMHoHm9pEHeqwEEp:2:0,T+24h,true,scheduled,success,json_ok,observed,on_time,observed,4f1a576bcaf65a5080e9cc5a
solana:25iPfTqV3KgfpaZGgpERwEPGTxwHM3zkyC7CFdGH8EJ2jNkRUpf51o61TAqp29SUWJHLQYSvkMHoHm9pEHeqwEEp:2:0,T+60h,true,scheduled,success,json_ok,observed,on_time,observed,ae942c5d172f23fc62e74d2a
solana:zebHxWvHx8JZ8E3sdJuN8RTy6Dk5TT4WGLfpnrqnPfmCw46vDBzegjiUESX5M6Qyo4ueuS9soYeRJkGpEEm3UiA:2:0,T0,true,scheduled,success,json_ok,observed,on_time,observed,f6af60e61568ba7c2b14ca1c
solana:zebHxWvHx8JZ8E3sdJuN8RTy6Dk5TT4WGLfpnrqnPfmCw46vDBzegjiUESX5M6Qyo4ueuS9soYeRJkGpEEm3UiA:2:0,T+24h,true,scheduled,success,json_ok,observed,on_time,observed,f37449841da42104e8b4ee68
solana:zebHxWvHx8JZ8E3sdJuN8RTy6Dk5TT4WGLfpnrqnPfmCw46vDBzegjiUESX5M6Qyo4ueuS9soYeRJkGpEEm3UiA:2:0,T+60h,true,scheduled,success,json_ok,observed,on_time,observed,5fb9c2f5bd8f60dae6cfd37d
solana:5mTbjiQ8cHK7H2vgCgu3iszSYUgv3kxEGrE3bbMyeAVUz5Go41V1aytfT2ekjmdXHE6dyenwJq1fnYVuVv9qXKoY:2:0,T0,true,scheduled,success,json_ok,observed,on_time,observed,2b6792f575b758d58dec2819
solana:5mTbjiQ8cHK7H2vgCgu3iszSYUgv3kxEGrE3bbMyeAVUz5Go41V1aytfT2ekjmdXHE6dyenwJq1fnYVuVv9qXKoY:2:0,T+24h,true,scheduled,success,json_ok,observed,on_time,observed,b384bbbaff30689af8c922c7
solana:5mTbjiQ8cHK7H2vgCgu3iszSYUgv3kxEGrE3bbMyeAVUz5Go41V1aytfT2ekjmdXHE6dyenwJq1fnYVuVv9qXKoY:2:0,T+60h,true,scheduled,success,json_ok,observed,on_time,observed,2fdaf5c39f31e21a77fbbe6c
solana:4y8tJiSW2JGuKLm9BxZN2VDCvgpKwRq6wYKAKvzGiHb5VSs4qFUk45jmtURpoYjXghcd7udbyGEBPjF6qsdV498Q:2:0,T0,true,scheduled,success,json_ok,observed,on_time,observed,0db688472a4614a7634087cb
solana:4y8tJiSW2JGuKLm9BxZN2VDCvgpKwRq6wYKAKvzGiHb5VSs4qFUk45jmtURpoYjXghcd7udbyGEBPjF6qsdV498Q:2:0,T+24h,true,scheduled,success,json_ok,observed,on_time,observed,fe6e1e58c47d4cf934f5b16b
solana:4y8tJiSW2JGuKLm9BxZN2VDCvgpKwRq6wYKAKvzGiHb5VSs4qFUk45jmtURpoYjXghcd7udbyGEBPjF6qsdV498Q:2:0,T+60h,true,scheduled,success,json_ok,observed,on_time,observed,886c4ca9bae7453777b32661
solana:LQWtEWRaFnxZAyC2nAECGoQcDSQNLyc7uN42jVXfRiVhwiNxQdvq5v7R29eeUWwZEoyEkUJecQWmryrgzmCghLB:2:0,T0,true,scheduled,success,json_ok,observed,on_time,observed,17c2fdfae5f86d77682483b6
solana:LQWtEWRaFnxZAyC2nAECGoQcDSQNLyc7uN42jVXfRiVhwiNxQdvq5v7R29eeUWwZEoyEkUJecQWmryrgzmCghLB:2:0,T+24h,true,scheduled,success,json_ok,observed,on_time,observed,cb1878409e465e8e2cd20a62
solana:LQWtEWRaFnxZAyC2nAECGoQcDSQNLyc7uN42jVXfRiVhwiNxQdvq5v7R29eeUWwZEoyEkUJecQWmryrgzmCghLB:2:0,T+60h,true,scheduled,success,json_ok,observed,on_time,observed,0f38b9269a002ea24912451f
solana:4R989yMPGwYUXiN2woDJfoJ52VUKDA4yq3UkN6ZSB2PxgBhCiBWQidVLA18STjPvmCf8QbJewe8ZnLAWvoRxDeCC:2:1,T0,true,scheduled,success,json_ok,observed,on_time,observed,92c40c0831951f89ff425c7a
solana:4R989yMPGwYUXiN2woDJfoJ52VUKDA4yq3UkN6ZSB2PxgBhCiBWQidVLA18STjPvmCf8QbJewe8ZnLAWvoRxDeCC:2:1,T+24h,true,scheduled,success,json_ok,observed,on_time,observed,7d2b245fe7c1dc894abd4298
solana:4R989yMPGwYUXiN2woDJfoJ52VUKDA4yq3UkN6ZSB2PxgBhCiBWQidVLA18STjPvmCf8QbJewe8ZnLAWvoRxDeCC:2:1,T+60h,true,scheduled,success,json_ok,observed,on_time,observed,6f3486d7477dbc54e871482f
solana:4atK6Yk74vPiyhZwoxm6N77mzi9dC4WrXY9jRbtsVHrAVyJa23v7gYqjeNWBaDncovc7vWNMhUBHni4YELmCMiD3:2:0,T0,true,scheduled,success,json_ok,observed,on_time,observed,50b0e2eae32eddf467fffd32
solana:4atK6Yk74vPiyhZwoxm6N77mzi9dC4WrXY9jRbtsVHrAVyJa23v7gYqjeNWBaDncovc7vWNMhUBHni4YELmCMiD3:2:0,T+24h,true,scheduled,success,json_ok,observed,on_time,observed,36d7770dfc52d86f7124f0ca
solana:4atK6Yk74vPiyhZwoxm6N77mzi9dC4WrXY9jRbtsVHrAVyJa23v7gYqjeNWBaDncovc7vWNMhUBHni4YELmCMiD3:2:0,T+60h,true,scheduled,success,json_ok,observed,on_time,observed,7201b9d6360e80d806bec3bb
solana:3SXchEk449ycZouLr67xvgVdcMg8GpVjTQCew4s6QRTiRgBCPxz9rD2mLYpZxy2GhDQfzvbM6RrR2ET24KeWHpm9:2:0,T0,true,scheduled,success,json_ok,observed,on_time,observed,878005f6aae52908230fcaea
solana:3SXchEk449ycZouLr67xvgVdcMg8GpVjTQCew4s6QRTiRgBCPxz9rD2mLYpZxy2GhDQfzvbM6RrR2ET24KeWHpm9:2:0,T+24h,true,scheduled,success,json_ok,observed,on_time,observed,74823123314bb841e16e4980
solana:3SXchEk449ycZouLr67xvgVdcMg8GpVjTQCew4s6QRTiRgBCPxz9rD2mLYpZxy2GhDQfzvbM6RrR2ET24KeWHpm9:2:0,T+60h,true,scheduled,success,json_ok,observed,on_time,observed,f96f104bd0b86975530a3a74
solana:4GARux5j5rpufeF3adwSXUahgLdNXZcdoCYhB94SmS8SCmbTxE3dbdvhF874fmqYRuKcaHsLwyxRWWBfjw8vYf3s:2:0,T0,true,scheduled,success,json_ok,observed,on_time,observed,69ed7f6abfe196bf193529a6
solana:4GARux5j5rpufeF3adwSXUahgLdNXZcdoCYhB94SmS8SCmbTxE3dbdvhF874fmqYRuKcaHsLwyxRWWBfjw8vYf3s:2:0,T+24h,true,scheduled,success,json_ok,observed,on_time,observed,2b4e4c506cad334b09319a0f
solana:4GARux5j5rpufeF3adwSXUahgLdNXZcdoCYhB94SmS8SCmbTxE3dbdvhF874fmqYRuKcaHsLwyxRWWBfjw8vYf3s:2:0,T+60h,true,scheduled,success,json_ok,observed,on_time,observed,8eb47750d608c7c95f0c6cc9
solana:3ugVEKgPPfcSCZ3PVzr7Dpkjk3pMVHmJ6M2Xg6N8w5zDUYdLyPYFFSNgQXDRBU4ckC9Jw3zUDuoVfrAJzmG38pL7:2:0,T0,true,scheduled,success,json_ok,observed,on_time,observed,c5b3d7f01e7869e3c6e56230
solana:3ugVEKgPPfcSCZ3PVzr7Dpkjk3pMVHmJ6M2Xg6N8w5zDUYdLyPYFFSNgQXDRBU4ckC9Jw3zUDuoVfrAJzmG38pL7:2:0,T+24h,true,scheduled,success,json_ok,observed,on_time,observed,ddaa61ea039bb7baeb6d9398
solana:3ugVEKgPPfcSCZ3PVzr7Dpkjk3pMVHmJ6M2Xg6N8w5zDUYdLyPYFFSNgQXDRBU4ckC9Jw3zUDuoVfrAJzmG38pL7:2:0,T+60h,true,scheduled,success,json_ok,observed,on_time,observed,ff6512a38a956761cb6ebe21
solana:22brn43HBDMM2ANS6xzdAUEbSEc5kf2n5pXckhibKeD4f2juT7ewm5simtxRjNa2CUjxVJSXTi2WEEL5djuwdNET:0:0,T0,true,scheduled,failed,not_observed,not_observed,late,request_failed,d2459e17f593d4e57eadeedd
solana:22brn43HBDMM2ANS6xzdAUEbSEc5kf2n5pXckhibKeD4f2juT7ewm5simtxRjNa2CUjxVJSXTi2WEEL5djuwdNET:0:0,T+24h,true,scheduled,failed,not_observed,not_observed,late,request_failed,e0d68b2e6e9d6fae5fcedf8e
solana:22brn43HBDMM2ANS6xzdAUEbSEc5kf2n5pXckhibKeD4f2juT7ewm5simtxRjNa2CUjxVJSXTi2WEEL5djuwdNET:0:0,T+60h,true,scheduled,failed,not_observed,not_observed,on_time,request_failed,1fd8d49272188c99543bfc84
solana:2DU3JbNT31An7Juus9r3ZWzf223ymFMSyMEkjdkEVp391VoBFqRjKUa1yTU4TVJxpqu9CFH3wRtMUx1e6nRRhgTd:0:0,T0,true,scheduled,success,json_ok,observed,on_time,observed,5739fa5749c096d6b2cb253a
solana:2DU3JbNT31An7Juus9r3ZWzf223ymFMSyMEkjdkEVp391VoBFqRjKUa1yTU4TVJxpqu9CFH3wRtMUx1e6nRRhgTd:0:0,T+24h,true,scheduled,success,json_ok,observed,on_time,observed,fabbe0e3dfdbbd25e0214d5f
solana:2DU3JbNT31An7Juus9r3ZWzf223ymFMSyMEkjdkEVp391VoBFqRjKUa1yTU4TVJxpqu9CFH3wRtMUx1e6nRRhgTd:0:0,T+60h,true,scheduled,success,json_ok,observed,on_time,observed,ac9cdd1a5ba9d0ac849aee51
solana:3ncrZ7BiutLuPRtCSNGEoP8rFY5M9kr5mKbKVJdTserdmrbELnPmtm6FnmeQyhkbn5G3NTuZpmA6fCb15hF6cgzU:2:0,T0,true,scheduled,success,json_ok,observed,on_time,observed,08a52edbef90611ca95a1d2b
solana:3ncrZ7BiutLuPRtCSNGEoP8rFY5M9kr5mKbKVJdTserdmrbELnPmtm6FnmeQyhkbn5G3NTuZpmA6fCb15hF6cgzU:2:0,T+24h,true,scheduled,success,json_ok,observed,on_time,observed,795e2b0cb6c99286945a76e5
solana:3ncrZ7BiutLuPRtCSNGEoP8rFY5M9kr5mKbKVJdTserdmrbELnPmtm6FnmeQyhkbn5G3NTuZpmA6fCb15hF6cgzU:2:0,T+60h,true,scheduled,success,json_ok,observed,on_time,observed,a0f0552f561d410db02b7b94
solana:BiHcXci8qJyf6n3CvHfRXayHu4JbtLbMwncjhmW4BPJKPmeCkuF1FvFVHB2FcNsH3axzdaiD4fS6bxpai8Bn963:2:0,T0,true,scheduled,failed,not_observed,not_observed,on_time,request_failed,6d553f40b7fab8356fac8eb9
solana:BiHcXci8qJyf6n3CvHfRXayHu4JbtLbMwncjhmW4BPJKPmeCkuF1FvFVHB2FcNsH3axzdaiD4fS6bxpai8Bn963:2:0,T+24h,true,scheduled,failed,not_observed,not_observed,on_time,request_failed,ca91f9fda6f2a2a7c3abeda4
solana:BiHcXci8qJyf6n3CvHfRXayHu4JbtLbMwncjhmW4BPJKPmeCkuF1FvFVHB2FcNsH3axzdaiD4fS6bxpai8Bn963:2:0,T+60h,true,scheduled,failed,not_observed,not_observed,on_time,request_failed,89cda6c4b8a8f0576199496b
solana:5AyLYcnxyjxuNTLXh7eBZugUrHCRVFgwG2pAk48udQRWGv9XXPavL4jkmLWEYZxHQ6x1fs9w8vKV4LRMjSgrLo4x:2:0,T0,true,scheduled,success,json_ok,observed,on_time,observed,9f2c12c236c0fcdad4e44320
solana:5AyLYcnxyjxuNTLXh7eBZugUrHCRVFgwG2pAk48udQRWGv9XXPavL4jkmLWEYZxHQ6x1fs9w8vKV4LRMjSgrLo4x:2:0,T+24h,true,scheduled,success,json_ok,observed,on_time,observed,2530418d19a3f9ff50979da0
solana:5AyLYcnxyjxuNTLXh7eBZugUrHCRVFgwG2pAk48udQRWGv9XXPavL4jkmLWEYZxHQ6x1fs9w8vKV4LRMjSgrLo4x:2:0,T+60h,true,scheduled,success,json_ok,observed,on_time,observed,d8e4e257038e06c00f58c285
solana:6QAYRJbN1kvbBkrzp4HT3CZvnJ9hRNdHjuQ93AuL3pcDLfoLwgdRFSNrbyAJbF5yWDWR9KiPWedAHts6ntZqjXn:2:0,T0,true,scheduled,success,json_ok,observed,on_time,observed,5cb9b446af998266fb6f8ff8
solana:6QAYRJbN1kvbBkrzp4HT3CZvnJ9hRNdHjuQ93AuL3pcDLfoLwgdRFSNrbyAJbF5yWDWR9KiPWedAHts6ntZqjXn:2:0,T+24h,true,scheduled,success,json_ok,observed,on_time,observed,d1e080ecee3a8a9c64c46dc8
solana:6QAYRJbN1kvbBkrzp4HT3CZvnJ9hRNdHjuQ93AuL3pcDLfoLwgdRFSNrbyAJbF5yWDWR9KiPWedAHts6ntZqjXn:2:0,T+60h,true,scheduled,success,json_ok,observed,on_time,observed,3d835b82b557460dadfd5b18
solana:3kyK47bGCEYinhxNqtYBHgXUXu2kfYVq2UA7wMnCw9SySpSU59z32b2jJzkBxefU7gnDLDV2VuVs6mb63j1BcHUF:2:0,T0,true,scheduled,success,json_ok,observed,on_time,observed,ff85828b536da192f09b6f24
solana:3kyK47bGCEYinhxNqtYBHgXUXu2kfYVq2UA7wMnCw9SySpSU59z32b2jJzkBxefU7gnDLDV2VuVs6mb63j1BcHUF:2:0,T+24h,true,scheduled,success,json_ok,observed,on_time,observed,4366d708cd29c2c9fc399dd0
solana:3kyK47bGCEYinhxNqtYBHgXUXu2kfYVq2UA7wMnCw9SySpSU59z32b2jJzkBxefU7gnDLDV2VuVs6mb63j1BcHUF:2:0,T+60h,true,scheduled,success,json_ok,observed,on_time,observed,3e1f181205c33d361bcda2a6
solana:2RGu23QgLgCV13wwmAEEUuYYxWXx3mSZhoHGw2ThpzLPMgQdCXXZeTaokM25xHJjx7ye8htMX7agUyV9uvh2k2uQ:2:0,T0,true,scheduled,success,json_ok,observed,on_time,observed,54b02ea2d9bc44a6e8af5108
solana:2RGu23QgLgCV13wwmAEEUuYYxWXx3mSZhoHGw2ThpzLPMgQdCXXZeTaokM25xHJjx7ye8htMX7agUyV9uvh2k2uQ:2:0,T+24h,true,scheduled,success,json_ok,observed,on_time,observed,1fddf55d11eac879f3b55a2e
solana:2RGu23QgLgCV13wwmAEEUuYYxWXx3mSZhoHGw2ThpzLPMgQdCXXZeTaokM25xHJjx7ye8htMX7agUyV9uvh2k2uQ:2:0,T+60h,true,scheduled,success,json_ok,observed,on_time,observed,9b5b0ea40a48cbbbc4007e89
solana:4nRntaDFgxp8nc3iNJSZiAgKF2Rm84yLPRiGcEpSgNYRtjo6NXMseEcCPqZDQMRneVn9bvCirnECHoPsT9FDyfeK:2:0,T0,true,scheduled,success,json_ok,observed,on_time,observed,5a70c79e8633071d34d30be2
solana:4nRntaDFgxp8nc3iNJSZiAgKF2Rm84yLPRiGcEpSgNYRtjo6NXMseEcCPqZDQMRneVn9bvCirnECHoPsT9FDyfeK:2:0,T+24h,true,scheduled,success,json_ok,observed,on_time,observed,781d0a7087be34840d0f0fc5
solana:4nRntaDFgxp8nc3iNJSZiAgKF2Rm84yLPRiGcEpSgNYRtjo6NXMseEcCPqZDQMRneVn9bvCirnECHoPsT9FDyfeK:2:0,T+60h,true,scheduled,success,json_ok,observed,on_time,observed,8b5bb27489e4e9d1d64085e5
solana:2FGardSkYWAwfq2eLzCge5qkNhawxcabUYjoGi4hYJsqTfPh6keAW1pmdk89f7tfosdpaY12MQx7m7mkrTzK4dD6:2:0,T0,true,scheduled,success,json_ok,observed,on_time,observed,1170c5aad91bef0fc7cfad25
solana:2FGardSkYWAwfq2eLzCge5qkNhawxcabUYjoGi4hYJsqTfPh6keAW1pmdk89f7tfosdpaY12MQx7m7mkrTzK4dD6:2:0,T+24h,true,scheduled,success,json_ok,observed,on_time,observed,aa210238285455611fadf6cf
solana:2FGardSkYWAwfq2eLzCge5qkNhawxcabUYjoGi4hYJsqTfPh6keAW1pmdk89f7tfosdpaY12MQx7m7mkrTzK4dD6:2:0,T+60h,true,scheduled,success,json_ok,observed,on_time,observed,8ffd33efad767faf26a0d780
solana:5Xud2J5xuXeD1iSYExXKFmq8FBUX2fg2ca3ot8yDMZYaTZDs7XbGRfvTxgHD3c7y7RdN4dXjzqA8gA16LpQZG5j3:2:0,T0,true,scheduled,success,json_ok,observed,on_time,observed,b87cd1682749cc567fda3d9b
solana:5Xud2J5xuXeD1iSYExXKFmq8FBUX2fg2ca3ot8yDMZYaTZDs7XbGRfvTxgHD3c7y7RdN4dXjzqA8gA16LpQZG5j3:2:0,T+24h,true,scheduled,success,json_ok,observed,on_time,observed,24888b2fc2dab48f489ed675
solana:5Xud2J5xuXeD1iSYExXKFmq8FBUX2fg2ca3ot8yDMZYaTZDs7XbGRfvTxgHD3c7y7RdN4dXjzqA8gA16LpQZG5j3:2:0,T+60h,true,scheduled,success,json_ok,observed,on_time,observed,6a0a1d0ded432838a6c0c107
solana:4vddhCXWo6wzstteRHNPpYYBmVGGUgED6kXYjbNwHtQ9TnGbEa8UVsSKzcN3UDtxAzzQTe48mqUPRjpnrwcmDn22:1:0,T0,true,scheduled,success,json_ok,observed,on_time,observed,982a1e7ad6e8d90351d78b61
solana:4vddhCXWo6wzstteRHNPpYYBmVGGUgED6kXYjbNwHtQ9TnGbEa8UVsSKzcN3UDtxAzzQTe48mqUPRjpnrwcmDn22:1:0,T+24h,true,scheduled,success,json_ok,observed,on_time,observed,f39b83a9fb26c45543906866
solana:4vddhCXWo6wzstteRHNPpYYBmVGGUgED6kXYjbNwHtQ9TnGbEa8UVsSKzcN3UDtxAzzQTe48mqUPRjpnrwcmDn22:1:0,T+60h,true,scheduled,success,json_ok,observed,on_time,observed,6c1c42b0063f06002169fc56
solana:5YkLJWqVbhXkrPC2ppQXeWF7pbEZH3dZWK1DfgHpTK5bZUuaumnFLyyQiMrFdK7TmL2qmTGyYEdiFvMgBCqh4Ah4:2:0,T0,true,scheduled,success,json_ok,observed,on_time,observed,9a6df282586e61f4f6844562
solana:5YkLJWqVbhXkrPC2ppQXeWF7pbEZH3dZWK1DfgHpTK5bZUuaumnFLyyQiMrFdK7TmL2qmTGyYEdiFvMgBCqh4Ah4:2:0,T+24h,true,scheduled,success,json_ok,observed,on_time,observed,7b33b607d0b7ae06166574c0
solana:5YkLJWqVbhXkrPC2ppQXeWF7pbEZH3dZWK1DfgHpTK5bZUuaumnFLyyQiMrFdK7TmL2qmTGyYEdiFvMgBCqh4Ah4:2:0,T+60h,true,scheduled,success,json_ok,observed,on_time,observed,01e76f80d89f46c947b23ead
solana:524keGs8nrWeM3eaZyXz8nnYrhoxTxuxYx5YEWbewzd9HR1fx9m4sajV7eqAn2Js5TKX9z7N7Kugh89o1GF6hy5q:2:0,T0,true,scheduled,success,json_ok,observed,on_time,observed,4d7f675623ee38c578fd5728
solana:524keGs8nrWeM3eaZyXz8nnYrhoxTxuxYx5YEWbewzd9HR1fx9m4sajV7eqAn2Js5TKX9z7N7Kugh89o1GF6hy5q:2:0,T+24h,true,scheduled,success,json_ok,observed,on_time,observed,7b74514b9956bf4999bbd40d
solana:524keGs8nrWeM3eaZyXz8nnYrhoxTxuxYx5YEWbewzd9HR1fx9m4sajV7eqAn2Js5TKX9z7N7Kugh89o1GF6hy5q:2:0,T+60h,true,scheduled,success,json_ok,observed,on_time,observed,72815fddd87246f2e4a9120b
solana:d4veiFeWPjXnDwwzdmwZKKMbPnEkWZTEq2soxgLbdRret2LhTkzdWZicWq6KSy7cHYxmTkWMyua42AFZDJUWQ9V:2:0,T0,true,scheduled,success,json_ok,observed,on_time,observed,b54416a11506d6999b52c1e2
solana:d4veiFeWPjXnDwwzdmwZKKMbPnEkWZTEq2soxgLbdRret2LhTkzdWZicWq6KSy7cHYxmTkWMyua42AFZDJUWQ9V:2:0,T+24h,true,scheduled,success,json_ok,observed,on_time,observed,c9dc7742db27461d07f161d4
solana:d4veiFeWPjXnDwwzdmwZKKMbPnEkWZTEq2soxgLbdRret2LhTkzdWZicWq6KSy7cHYxmTkWMyua42AFZDJUWQ9V:2:0,T+60h,true,scheduled,success,json_ok,observed,on_time,observed,f89e033b43950b471b1e27c2
solana:g9fobzUTX59rT9XCNMRwooX8xRTQq3iN2xikD4XTm7isb4wQANoaY2pNadHeHMT7crDQDgruTENTUy512m3hCdq:2:0,T0,true,scheduled,success,json_ok,observed,on_time,observed,1c8426185bebee9de43cd1be
solana:g9fobzUTX59rT9XCNMRwooX8xRTQq3iN2xikD4XTm7isb4wQANoaY2pNadHeHMT7crDQDgruTENTUy512m3hCdq:2:0,T+24h,true,scheduled,success,json_ok,observed,on_time,observed,686115f50a8c206d3e0440e5
solana:g9fobzUTX59rT9XCNMRwooX8xRTQq3iN2xikD4XTm7isb4wQANoaY2pNadHeHMT7crDQDgruTENTUy512m3hCdq:2:0,T+60h,true,scheduled,success,json_ok,observed,on_time,observed,1d3a8a9b18472242faddde98
solana:26ob89n7okU8JgkTshru1baaxMp2e4LJE1mX6ePmhNkHq6UPXbtZpHj5t3afLqpkrdKTyE7Z3HE23AnJJa9sf9PN:1:0,T0,true,scheduled,success,json_ok,observed,on_time,observed,58fa5947d1977ec14b0c11dd
solana:26ob89n7okU8JgkTshru1baaxMp2e4LJE1mX6ePmhNkHq6UPXbtZpHj5t3afLqpkrdKTyE7Z3HE23AnJJa9sf9PN:1:0,T+24h,true,scheduled,success,json_ok,observed,on_time,observed,99ff6f3f810df3dca581ad63
solana:26ob89n7okU8JgkTshru1baaxMp2e4LJE1mX6ePmhNkHq6UPXbtZpHj5t3afLqpkrdKTyE7Z3HE23AnJJa9sf9PN:1:0,T+60h,true,scheduled,success,json_ok,observed,on_time,observed,842da5f0f1f36e3b2a9ff360
solana:4ptAnorH8miQnYX6dw182eygwowdKWY4CCHMn2s1KCgaDf4kJxzxb3mRMKGCYLn772W1hFp1WxWk15Pb6DuDBLh2:2:0,T0,true,scheduled,success,json_ok,observed,on_time,observed,ddf5cf80201ae49700fb347a
solana:4ptAnorH8miQnYX6dw182eygwowdKWY4CCHMn2s1KCgaDf4kJxzxb3mRMKGCYLn772W1hFp1WxWk15Pb6DuDBLh2:2:0,T+24h,true,scheduled,success,json_ok,observed,on_time,observed,e85732402a68c3c971d75cbe
solana:4ptAnorH8miQnYX6dw182eygwowdKWY4CCHMn2s1KCgaDf4kJxzxb3mRMKGCYLn772W1hFp1WxWk15Pb6DuDBLh2:2:0,T+60h,true,scheduled,success,json_ok,observed,on_time,observed,9fedd1b8f46654f66a0db825
solana:4g5MqBHwn843aA862KEAv8oQTQS4aSY2boGua3RgJqy4J3JbP219CHykKCdXzkqZ5bpqq4zTDQkZyWDbJeG6hVwh:2:0,T0,true,scheduled,success,json_ok,observed,on_time,observed,a4be4d0abf44e4de67ff11ef
solana:4g5MqBHwn843aA862KEAv8oQTQS4aSY2boGua3RgJqy4J3JbP219CHykKCdXzkqZ5bpqq4zTDQkZyWDbJeG6hVwh:2:0,T+24h,true,scheduled,success,json_ok,observed,on_time,observed,d6852f146d27907fde845eec
solana:4g5MqBHwn843aA862KEAv8oQTQS4aSY2boGua3RgJqy4J3JbP219CHykKCdXzkqZ5bpqq4zTDQkZyWDbJeG6hVwh:2:0,T+60h,true,scheduled,success,json_ok,observed,on_time,observed,fe5799c3c259b127682864a1
solana:54JHjJUEf4L6Vh4hwkV948zJ2h3XhDb4iUudSm4VkNUtPFLFiAccYFv6mMwXBHJUkhp3h2NY1SaKxQjYAvkn5VcV:2:0,T0,true,scheduled,success,json_ok,observed,on_time,observed,711d6342283e7c422ed8a967
solana:54JHjJUEf4L6Vh4hwkV948zJ2h3XhDb4iUudSm4VkNUtPFLFiAccYFv6mMwXBHJUkhp3h2NY1SaKxQjYAvkn5VcV:2:0,T+24h,true,scheduled,success,json_ok,observed,on_time,observed,89acfe2751d7571dfc33846a
solana:54JHjJUEf4L6Vh4hwkV948zJ2h3XhDb4iUudSm4VkNUtPFLFiAccYFv6mMwXBHJUkhp3h2NY1SaKxQjYAvkn5VcV:2:0,T+60h,true,scheduled,success,json_ok,observed,on_time,observed,fdb1b4de14503be92e871bcf
solana:5t8vPiu1ESatjSZsA7AY4zNheGs1nN4565QQNWeCJkMnKTJAD1bY5GsHoJYe3HfbN5jEotuXR5CjxUWozHNLYsLB:2:0,T0,true,scheduled,success,json_ok,observed,on_time,observed,6d0090dc163149c8527a13ed
solana:5t8vPiu1ESatjSZsA7AY4zNheGs1nN4565QQNWeCJkMnKTJAD1bY5GsHoJYe3HfbN5jEotuXR5CjxUWozHNLYsLB:2:0,T+24h,true,scheduled,success,json_ok,observed,on_time,observed,2455318f3aa16f5a212e8ff7
solana:5t8vPiu1ESatjSZsA7AY4zNheGs1nN4565QQNWeCJkMnKTJAD1bY5GsHoJYe3HfbN5jEotuXR5CjxUWozHNLYsLB:2:0,T+60h,true,scheduled,success,json_ok,observed,on_time,observed,0f0555de72c4c394469ded58
solana:WZH8bBMzXaTd2Y4YMgXRVDWujyr4dohkmx7YAzr8cjUSVnnd9TBPvZaN8i1uE1iFQvNaXqKzeJ7FpxkeKLBvriR:2:0,T0,true,scheduled,success,json_ok,observed,on_time,observed,423f7fead7c355fd48bbd723
solana:WZH8bBMzXaTd2Y4YMgXRVDWujyr4dohkmx7YAzr8cjUSVnnd9TBPvZaN8i1uE1iFQvNaXqKzeJ7FpxkeKLBvriR:2:0,T+24h,true,scheduled,success,json_ok,observed,on_time,observed,5df54ea8b2d570d78757c86b
solana:WZH8bBMzXaTd2Y4YMgXRVDWujyr4dohkmx7YAzr8cjUSVnnd9TBPvZaN8i1uE1iFQvNaXqKzeJ7FpxkeKLBvriR:2:0,T+60h,true,scheduled,success,json_ok,observed,on_time,observed,bf75698bc87f10fca15e0d13
solana:nCX2TUjMf2kQ5YvxHuoW76vwQveAbeMzGcKCZpqzyFupKkZbHDDbJNobten4yR3Vr1fKfAj12xyNz8QqebLt5bc:2:0,T0,true,scheduled,success,json_ok,observed,on_time,observed,c20ed605e12842b4959ab9b1
solana:nCX2TUjMf2kQ5YvxHuoW76vwQveAbeMzGcKCZpqzyFupKkZbHDDbJNobten4yR3Vr1fKfAj12xyNz8QqebLt5bc:2:0,T+24h,true,scheduled,success,json_ok,observed,on_time,observed,e7bbaa5197b99990ff286ac4
solana:nCX2TUjMf2kQ5YvxHuoW76vwQveAbeMzGcKCZpqzyFupKkZbHDDbJNobten4yR3Vr1fKfAj12xyNz8QqebLt5bc:2:0,T+60h,true,scheduled,success,json_ok,observed,on_time,observed,160f9d76f57238c25adb1048
solana:5d2ELBCBTZmobQx5PKcSU6JPzNu63u4WRS1XCriKovtxGkog8HwXTXiPyrV9nGMEmqcoXCdd4MKjLKA9621zh1sX:2:0,T0,true,scheduled,success,json_ok,observed,on_time,observed,5700fd7fad30ecd6c5d5d158
solana:5d2ELBCBTZmobQx5PKcSU6JPzNu63u4WRS1XCriKovtxGkog8HwXTXiPyrV9nGMEmqcoXCdd4MKjLKA9621zh1sX:2:0,T+24h,true,scheduled,success,json_ok,observed,on_time,observed,3ca9f739fa792a875d832a32
solana:5d2ELBCBTZmobQx5PKcSU6JPzNu63u4WRS1XCriKovtxGkog8HwXTXiPyrV9nGMEmqcoXCdd4MKjLKA9621zh1sX:2:0,T+60h,true,scheduled,success,json_ok,observed,on_time,observed,363911be7d2218c578c0cd84
solana:381HjmoK3G6Fb8QA48frvdrN2qmtWjwqQqaRbTmZQJyvUUmK7v76jxVBHyNdhBvfM4RLegVr7zDLQNmYyVCJiHig:2:0,T0,true,scheduled,success,json_ok,observed,on_time,observed,736f57112aabbe770ea0f906
solana:381HjmoK3G6Fb8QA48frvdrN2qmtWjwqQqaRbTmZQJyvUUmK7v76jxVBHyNdhBvfM4RLegVr7zDLQNmYyVCJiHig:2:0,T+24h,true,scheduled,success,json_ok,observed,on_time,observed,c574f0f79499c81dbe2ae671
solana:381HjmoK3G6Fb8QA48frvdrN2qmtWjwqQqaRbTmZQJyvUUmK7v76jxVBHyNdhBvfM4RLegVr7zDLQNmYyVCJiHig:2:0,T+60h,true,scheduled,success,json_ok,observed,on_time,observed,87a93359ef59222046bf15c5
solana:5xAVeucXnjEkdDw3Amy9RRMaX4KUnkEVkhFYYgZsR15sxDApj9RUru6yhp3cg1xGPZBLtGZXhHthB6zBn9AzKurb:2:0,T0,true,scheduled,success,json_ok,observed,on_time,observed,50ec9110686e5846a117141b
solana:5xAVeucXnjEkdDw3Amy9RRMaX4KUnkEVkhFYYgZsR15sxDApj9RUru6yhp3cg1xGPZBLtGZXhHthB6zBn9AzKurb:2:0,T+24h,true,scheduled,success,json_ok,observed,on_time,observed,2e289287952a43eb0aada54c
solana:5xAVeucXnjEkdDw3Amy9RRMaX4KUnkEVkhFYYgZsR15sxDApj9RUru6yhp3cg1xGPZBLtGZXhHthB6zBn9AzKurb:2:0,T+60h,true,scheduled,success,json_ok,observed,on_time,observed,3995bde8c43ab7f191aad080
solana:2KBkEizHsdJrw1fbFkzHHnFWLL3ozRLuim4Zq4wsKNx7WmrrSEF4q8JEcA49BbXf2d29GSTuy46HonJL4oBubzmu:2:0,T0,true,scheduled,success,json_ok,observed,on_time,observed,703c7043bed5bf98df27f9ce
solana:2KBkEizHsdJrw1fbFkzHHnFWLL3ozRLuim4Zq4wsKNx7WmrrSEF4q8JEcA49BbXf2d29GSTuy46HonJL4oBubzmu:2:0,T+24h,true,scheduled,success,json_ok,observed,on_time,observed,16ceda764d91c0effdf5f404
solana:2KBkEizHsdJrw1fbFkzHHnFWLL3ozRLuim4Zq4wsKNx7WmrrSEF4q8JEcA49BbXf2d29GSTuy46HonJL4oBubzmu:2:0,T+60h,true,scheduled,success,json_ok,observed,on_time,observed,15200d3f2d686dda527bbc8f
solana:5j8F8eQiawxmfdcC2Aim2tFsJvNt3MgZfdtekagxP2mWNFXuQsXziBGuEFqvVawMDJxs5jbZTnW4gvFdT62BjLUv:2:0,T0,true,scheduled,success,json_ok,observed,on_time,observed,514af60b22f2ac3e1c2533de
solana:5j8F8eQiawxmfdcC2Aim2tFsJvNt3MgZfdtekagxP2mWNFXuQsXziBGuEFqvVawMDJxs5jbZTnW4gvFdT62BjLUv:2:0,T+24h,true,scheduled,success,json_ok,observed,on_time,observed,2aed781fe12c3c64cdde9694
solana:5j8F8eQiawxmfdcC2Aim2tFsJvNt3MgZfdtekagxP2mWNFXuQsXziBGuEFqvVawMDJxs5jbZTnW4gvFdT62BjLUv:2:0,T+60h,true,scheduled,success,json_ok,observed,on_time,observed,153b9f34f29e81e212d1ced3
solana:5dgd1Ztc5mrAtaVJEg8hSrMBZ5sXmEhYo8g2tjhowxugDdXQ82J72Pg7KAww8KWN47PGbiAM39A6KLG8PSnAbChi:2:0,T0,true,scheduled,success,json_ok,observed,on_time,observed,1156304a3f77a3ea688cc4bc
solana:5dgd1Ztc5mrAtaVJEg8hSrMBZ5sXmEhYo8g2tjhowxugDdXQ82J72Pg7KAww8KWN47PGbiAM39A6KLG8PSnAbChi:2:0,T+24h,true,scheduled,success,json_ok,observed,on_time,observed,fee77e4fff5ae8440ecce0dc
solana:5dgd1Ztc5mrAtaVJEg8hSrMBZ5sXmEhYo8g2tjhowxugDdXQ82J72Pg7KAww8KWN47PGbiAM39A6KLG8PSnAbChi:2:0,T+60h,true,scheduled,success,json_ok,observed,on_time,observed,ef72733862fa9d9a88da9996
solana:2cg6M6jiN9AdyftQ8Pjo5AFw6mh88gAwXj4K1tXuPGa6bUP5yAmHbApbuDPCgfH6e5isCNHvhG86EMrkHsSUEQ58:0:0,T0,true,scheduled,failed,not_observed,not_observed,late,request_failed,32ecbf9fbb0316d566a09524
solana:2cg6M6jiN9AdyftQ8Pjo5AFw6mh88gAwXj4K1tXuPGa6bUP5yAmHbApbuDPCgfH6e5isCNHvhG86EMrkHsSUEQ58:0:0,T+24h,true,scheduled,failed,not_observed,not_observed,late,request_failed,8ae8f0cfec1b03057b9c6ac0
solana:2cg6M6jiN9AdyftQ8Pjo5AFw6mh88gAwXj4K1tXuPGa6bUP5yAmHbApbuDPCgfH6e5isCNHvhG86EMrkHsSUEQ58:0:0,T+60h,true,scheduled,failed,not_observed,not_observed,on_time,request_failed,f6b5af2c4e4438ffe0a8ce96
solana:4yn5gDMrhLw97NA8VfYMZV9YkNQvsE7UgD3YY29EZPSMKKUREnwTHbrm7Nc1fH8tspwSjm91oFeK9BPPG42bVeR1:2:0,T0,true,scheduled,success,json_ok,observed,on_time,observed,b7efac11cd7477e00fd9c087
solana:4yn5gDMrhLw97NA8VfYMZV9YkNQvsE7UgD3YY29EZPSMKKUREnwTHbrm7Nc1fH8tspwSjm91oFeK9BPPG42bVeR1:2:0,T+24h,true,scheduled,success,json_ok,observed,on_time,observed,8cf13a9707e368ebae22c49a
solana:4yn5gDMrhLw97NA8VfYMZV9YkNQvsE7UgD3YY29EZPSMKKUREnwTHbrm7Nc1fH8tspwSjm91oFeK9BPPG42bVeR1:2:0,T+60h,true,scheduled,success,json_ok,observed,on_time,observed,0997c94939aad20e988765c1
solana:GUXoxJVjE723kPQdET2mh1aZDuzByZybdsJNt8c7eyw8EXwrHcBXWR5HgPPBGAN5yyy3zgQdc1BVrTyq4UbjCrR:2:0,T0,true,scheduled,success,json_ok,observed,on_time,observed,6a80d9f65c81b4b16db849f4
solana:GUXoxJVjE723kPQdET2mh1aZDuzByZybdsJNt8c7eyw8EXwrHcBXWR5HgPPBGAN5yyy3zgQdc1BVrTyq4UbjCrR:2:0,T+24h,true,scheduled,success,json_ok,observed,on_time,observed,c8d05f078f1d5e382c90c10c
solana:GUXoxJVjE723kPQdET2mh1aZDuzByZybdsJNt8c7eyw8EXwrHcBXWR5HgPPBGAN5yyy3zgQdc1BVrTyq4UbjCrR:2:0,T+60h,true,scheduled,success,json_ok,observed,on_time,observed,b6441c63ad12859bbeb3a185
solana:3WLqRzSp4DoWemKHR5xa8rg5fyjztg2sHL6xEv5cQg7L3MLLeuNtBspkhebdzzZHNkoahZs4tcmWfwrpGWs9Qdg5:2:0,T0,true,scheduled,success,json_ok,observed,on_time,observed,8204e3834a476948a15f8013
solana:3WLqRzSp4DoWemKHR5xa8rg5fyjztg2sHL6xEv5cQg7L3MLLeuNtBspkhebdzzZHNkoahZs4tcmWfwrpGWs9Qdg5:2:0,T+24h,true,scheduled,success,json_ok,observed,on_time,observed,da13027dad49a3e3cd53d589
solana:3WLqRzSp4DoWemKHR5xa8rg5fyjztg2sHL6xEv5cQg7L3MLLeuNtBspkhebdzzZHNkoahZs4tcmWfwrpGWs9Qdg5:2:0,T+60h,true,scheduled,success,json_ok,observed,on_time,observed,464e03b12c8cb3e718728730
solana:4EfaJWabEYmXeTwaGeB5kZrSaKBGpV9ahnaWDPgb4kcK1m1D5V4vVgXF55d6c23tZgddi1QDietD2EoiLgKMCggw:2:0,T0,true,scheduled,success,json_ok,observed,on_time,observed,eebeba6923ede23a4d88a95b
solana:4EfaJWabEYmXeTwaGeB5kZrSaKBGpV9ahnaWDPgb4kcK1m1D5V4vVgXF55d6c23tZgddi1QDietD2EoiLgKMCggw:2:0,T+24h,true,scheduled,success,json_ok,observed,on_time,observed,e60b2d115ff54397c0fb78b9
solana:4EfaJWabEYmXeTwaGeB5kZrSaKBGpV9ahnaWDPgb4kcK1m1D5V4vVgXF55d6c23tZgddi1QDietD2EoiLgKMCggw:2:0,T+60h,true,scheduled,success,json_ok,observed,on_time,observed,024735187199807d25328b0a
solana:2wcqBaRs9chb2Hcqoeuv7njK3m8FSgi9GGsfjpgznG38aU9DZam3M3krXUjgQCLsMm7vpTduwTHTmiU6F9NTDpSc:2:0,T0,true,scheduled,success,json_ok,observed,on_time,observed,33ad819badd301e612b3f75a
solana:2wcqBaRs9chb2Hcqoeuv7njK3m8FSgi9GGsfjpgznG38aU9DZam3M3krXUjgQCLsMm7vpTduwTHTmiU6F9NTDpSc:2:0,T+24h,true,scheduled,success,json_ok,observed,on_time,observed,72f8964f072b0aafcb2d9bb3
solana:2wcqBaRs9chb2Hcqoeuv7njK3m8FSgi9GGsfjpgznG38aU9DZam3M3krXUjgQCLsMm7vpTduwTHTmiU6F9NTDpSc:2:0,T+60h,true,scheduled,success,json_ok,observed,on_time,observed,1a7cb4af66977a46cc09cfe1
solana:Jad6bejSL9RXoJp4tYDig17XXia8VSEoy62JwBHbGrxVzJRbAFQmdtg59tH6QBLPjpVFUARzXucWo98wTKkWgMA:2:0,T0,true,scheduled,success,json_ok,observed,on_time,observed,b16e5d67b80499225e9a448d
solana:Jad6bejSL9RXoJp4tYDig17XXia8VSEoy62JwBHbGrxVzJRbAFQmdtg59tH6QBLPjpVFUARzXucWo98wTKkWgMA:2:0,T+24h,true,scheduled,success,json_ok,observed,on_time,observed,4a89d7bfc6afbddc19d2ccb5
solana:Jad6bejSL9RXoJp4tYDig17XXia8VSEoy62JwBHbGrxVzJRbAFQmdtg59tH6QBLPjpVFUARzXucWo98wTKkWgMA:2:0,T+60h,true,scheduled,success,json_ok,observed,on_time,observed,215c3742cd8dc504769d0d74
solana:2vvPTrj9AZEXKKRFEMZ7Jbwtsoo1XnJjmH4r3JP97mkfUWJfsbgKYoyj9fqq1KNrn1RyAjwSDFzBHsc6ZcaMwEPj:2:0,T0,true,scheduled,success,json_ok,observed,on_time,observed,086e2c4c5f4344468eef6971
solana:2vvPTrj9AZEXKKRFEMZ7Jbwtsoo1XnJjmH4r3JP97mkfUWJfsbgKYoyj9fqq1KNrn1RyAjwSDFzBHsc6ZcaMwEPj:2:0,T+24h,true,scheduled,success,json_ok,observed,on_time,observed,e1f58f0b153ab007bdcd9d22
solana:2vvPTrj9AZEXKKRFEMZ7Jbwtsoo1XnJjmH4r3JP97mkfUWJfsbgKYoyj9fqq1KNrn1RyAjwSDFzBHsc6ZcaMwEPj:2:0,T+60h,true,scheduled,success,json_ok,observed,on_time,observed,606a408df3184fb1db2b93a7
solana:5At6WBQcR6tSL2SguPn2eujbR1HXnadCKAscodJ1gZkgCHiwoqhVz9e8B1LxzQfZYGXmXyMRjwb2av8xWbAJ9p3E:2:0,T0,true,scheduled,success,json_ok,observed,on_time,observed,8c961b3c1544d717f28dbbd7
solana:5At6WBQcR6tSL2SguPn2eujbR1HXnadCKAscodJ1gZkgCHiwoqhVz9e8B1LxzQfZYGXmXyMRjwb2av8xWbAJ9p3E:2:0,T+24h,true,scheduled,success,json_ok,observed,on_time,observed,c8f89c1a230821341c0d7ae1
solana:5At6WBQcR6tSL2SguPn2eujbR1HXnadCKAscodJ1gZkgCHiwoqhVz9e8B1LxzQfZYGXmXyMRjwb2av8xWbAJ9p3E:2:0,T+60h,true,scheduled,success,json_ok,observed,on_time,observed,d903cd39c24b07326e5ec624
solana:3p6J6ngTBNUkDrDWfZEebkPhfWagkAwxtV6h5weJ6TAnvvApb7H4eNrgfUmdomm2U2uuwL178uKmpBMH9v5DJ5rv:2:0,T0,true,scheduled,success,json_ok,observed,on_time,observed,268d1cb7f377278946a9c7b2
solana:3p6J6ngTBNUkDrDWfZEebkPhfWagkAwxtV6h5weJ6TAnvvApb7H4eNrgfUmdomm2U2uuwL178uKmpBMH9v5DJ5rv:2:0,T+24h,true,scheduled,success,json_ok,observed,on_time,observed,8e1bac13c810f60f9461151d
solana:3p6J6ngTBNUkDrDWfZEebkPhfWagkAwxtV6h5weJ6TAnvvApb7H4eNrgfUmdomm2U2uuwL178uKmpBMH9v5DJ5rv:2:0,T+60h,true,scheduled,success,json_ok,observed,on_time,observed,f9c8420effa803ebfe430e35
solana:4EVwExvu8SStm13CucCtqFDTMMqvZeQq6FwTtd8PArvyyyLy3uje8XouXCZa2nTbiJKmFAyE3Cq9X2PKovGoj3fG:2:0,T0,true,scheduled,success,json_ok,observed,on_time,observed,1a392b204e42e265f4687e88
solana:4EVwExvu8SStm13CucCtqFDTMMqvZeQq6FwTtd8PArvyyyLy3uje8XouXCZa2nTbiJKmFAyE3Cq9X2PKovGoj3fG:2:0,T+24h,true,scheduled,success,json_ok,observed,on_time,observed,5e0e1ca7bb284c1f23132bcd
solana:4EVwExvu8SStm13CucCtqFDTMMqvZeQq6FwTtd8PArvyyyLy3uje8XouXCZa2nTbiJKmFAyE3Cq9X2PKovGoj3fG:2:0,T+60h,true,scheduled,success,json_ok,observed,on_time,observed,6e1f382772e5819e33eead87
solana:2X33icEsDpoDXBkz73owbxZUBNCh7HxrQ2W88NKY8rWzYUTjFHnUJtET88d6zttUjdk7QuTVRE7uviivUVDv7EJL:2:0,T0,true,scheduled,success,json_ok,observed,on_time,observed,b62011817597805bcca30de5
solana:2X33icEsDpoDXBkz73owbxZUBNCh7HxrQ2W88NKY8rWzYUTjFHnUJtET88d6zttUjdk7QuTVRE7uviivUVDv7EJL:2:0,T+24h,true,scheduled,success,json_ok,observed,on_time,observed,a3a9e64fee7806c15d8bab40
solana:2X33icEsDpoDXBkz73owbxZUBNCh7HxrQ2W88NKY8rWzYUTjFHnUJtET88d6zttUjdk7QuTVRE7uviivUVDv7EJL:2:0,T+60h,true,scheduled,success,json_ok,observed,on_time,observed,64a4edd604b7735b57334dfc
solana:kUPSpzY8i2rkRFSuJPzaj7aKpcJfu81ZpFWMnPR47ggq3RfE9zQipAENeD87XP3xP4zGmSSRTYBqTWF1voCGjvG:2:0,T0,true,scheduled,success,json_ok,observed,on_time,observed,98bd11eef0badb3174f618f9
solana:kUPSpzY8i2rkRFSuJPzaj7aKpcJfu81ZpFWMnPR47ggq3RfE9zQipAENeD87XP3xP4zGmSSRTYBqTWF1voCGjvG:2:0,T+24h,true,scheduled,success,json_ok,observed,on_time,observed,303bbc26ebda237de1d230d8
solana:kUPSpzY8i2rkRFSuJPzaj7aKpcJfu81ZpFWMnPR47ggq3RfE9zQipAENeD87XP3xP4zGmSSRTYBqTWF1voCGjvG:2:0,T+60h,true,scheduled,success,json_ok,observed,on_time,observed,6366415a8737bdb9a0156a1b
solana:3Z4Tcmk3oQEoQitka6pMDcwuKmr4eqoNRBUsuDcjaQmAWS7CUm2SvYJZa8QkAQwDZYrrf5uukFnXsbnWE9bb8SGb:0:0,T0,true,scheduled,success,json_ok,observed,on_time,observed,b0766b7df05eeb9c85c69c6d
solana:3Z4Tcmk3oQEoQitka6pMDcwuKmr4eqoNRBUsuDcjaQmAWS7CUm2SvYJZa8QkAQwDZYrrf5uukFnXsbnWE9bb8SGb:0:0,T+24h,true,scheduled,success,json_ok,observed,on_time,observed,b60afe388b84a2900c055c79
solana:3Z4Tcmk3oQEoQitka6pMDcwuKmr4eqoNRBUsuDcjaQmAWS7CUm2SvYJZa8QkAQwDZYrrf5uukFnXsbnWE9bb8SGb:0:0,T+60h,true,scheduled,success,json_ok,observed,on_time,observed,f5424970b8def63af879ae64
solana:3zsmRAQ34kcHjvtGH2wW2GwoP2tJdWMjcxR7vCyW35Ma39cxGjMnqFgkiZGg3R2jiyHgBkbUiWPMPYHY9wEoSxNh:2:0,T0,true,scheduled,success,json_ok,observed,on_time,observed,898bcac3bbf17664d68d16db
solana:3zsmRAQ34kcHjvtGH2wW2GwoP2tJdWMjcxR7vCyW35Ma39cxGjMnqFgkiZGg3R2jiyHgBkbUiWPMPYHY9wEoSxNh:2:0,T+24h,true,scheduled,success,json_ok,observed,on_time,observed,0c9f211777e638cd09e6c8cc
solana:3zsmRAQ34kcHjvtGH2wW2GwoP2tJdWMjcxR7vCyW35Ma39cxGjMnqFgkiZGg3R2jiyHgBkbUiWPMPYHY9wEoSxNh:2:0,T+60h,true,scheduled,success,json_ok,observed,on_time,observed,5b3b1bef183b09062bd5169e
solana:67g3LfV2QgmXksy2YAqpQz3R7kaXPYyp3iovCzeNJxFvav9cVETabKVQzQBYGvoXtkT5pPV3JmpNEWRM8GCkSVnh:2:0,T0,true,scheduled,success,json_ok,observed,on_time,observed,f79c491d4b487d57e05edb15
solana:67g3LfV2QgmXksy2YAqpQz3R7kaXPYyp3iovCzeNJxFvav9cVETabKVQzQBYGvoXtkT5pPV3JmpNEWRM8GCkSVnh:2:0,T+24h,true,scheduled,success,json_ok,observed,on_time,observed,851be518dc1142ee67e3bd88
solana:67g3LfV2QgmXksy2YAqpQz3R7kaXPYyp3iovCzeNJxFvav9cVETabKVQzQBYGvoXtkT5pPV3JmpNEWRM8GCkSVnh:2:0,T+60h,true,scheduled,success,json_ok,observed,on_time,observed,286687b31b9fa13c8a06cb7d
solana:3ugREjFVwSUKuFRC9ajL4tjpvDVoscYXrRbCzuDEsXt1Q3wJ1gWunnicpD9ZcYm4xDLeqNKWBccJbThpoFBwkQ5E:2:0,T0,true,scheduled,success,json_ok,observed,on_time,observed,ed8df1962c859dd73fecfd93
solana:3ugREjFVwSUKuFRC9ajL4tjpvDVoscYXrRbCzuDEsXt1Q3wJ1gWunnicpD9ZcYm4xDLeqNKWBccJbThpoFBwkQ5E:2:0,T+24h,true,scheduled,success,json_ok,observed,on_time,observed,b63a4d17aff0e1531e44e893
solana:3ugREjFVwSUKuFRC9ajL4tjpvDVoscYXrRbCzuDEsXt1Q3wJ1gWunnicpD9ZcYm4xDLeqNKWBccJbThpoFBwkQ5E:2:0,T+60h,true,scheduled,success,json_ok,observed,on_time,observed,585a3ee5ddd8b2b16d20c1e7
solana:3zbqYpXySpjMmZbizKEvFWZrkpYHBwtgM9AmpjAL6rnnJMrCvccNMEQQqwurQGrBwGhccWyTvmyXYSJHbpqMGv1x:2:0,T0,true,scheduled,success,json_ok,observed,on_time,observed,d3e64acf1016eada84782782
solana:3zbqYpXySpjMmZbizKEvFWZrkpYHBwtgM9AmpjAL6rnnJMrCvccNMEQQqwurQGrBwGhccWyTvmyXYSJHbpqMGv1x:2:0,T+24h,true,scheduled,success,json_ok,observed,on_time,observed,b092ff1aef64c59639abe1dc
solana:3zbqYpXySpjMmZbizKEvFWZrkpYHBwtgM9AmpjAL6rnnJMrCvccNMEQQqwurQGrBwGhccWyTvmyXYSJHbpqMGv1x:2:0,T+60h,true,scheduled,success,json_ok,observed,on_time,observed,bd0baffabc19a65aeb6bba8b
solana:3u1LYBvrd3diPTxXeXidCkmsPs2UisqkgGDwZPTztGxnagTu9zzpRXP3VDd8AHjbJzq1DB7e1h3tKrH8Rg6WdwhG:0:0,T0,true,scheduled,failed,not_observed,not_observed,late,request_failed,38c8a56ce493cc3a4f18e3a4
solana:3u1LYBvrd3diPTxXeXidCkmsPs2UisqkgGDwZPTztGxnagTu9zzpRXP3VDd8AHjbJzq1DB7e1h3tKrH8Rg6WdwhG:0:0,T+24h,true,scheduled,failed,not_observed,not_observed,late,request_failed,941236ed8329581e3fafbd11
solana:3u1LYBvrd3diPTxXeXidCkmsPs2UisqkgGDwZPTztGxnagTu9zzpRXP3VDd8AHjbJzq1DB7e1h3tKrH8Rg6WdwhG:0:0,T+60h,true,scheduled,failed,not_observed,not_observed,on_time,request_failed,258f4efe4063ae7cd8f2ed6a
solana:F1namCgwGX3z9ETKFsoxknJ7GPqthhzyWyYyWFysDe6WD3GgDBGvJYe2x69wjTFxCkuaffGHhcVjvHVnPWgLEp1:2:0,T0,true,scheduled,success,json_ok,observed,on_time,observed,ced19697aa033e1db9d20581
solana:F1namCgwGX3z9ETKFsoxknJ7GPqthhzyWyYyWFysDe6WD3GgDBGvJYe2x69wjTFxCkuaffGHhcVjvHVnPWgLEp1:2:0,T+24h,true,scheduled,success,json_ok,observed,on_time,observed,00d1f9a75a7c18d1f42edd5c
solana:F1namCgwGX3z9ETKFsoxknJ7GPqthhzyWyYyWFysDe6WD3GgDBGvJYe2x69wjTFxCkuaffGHhcVjvHVnPWgLEp1:2:0,T+60h,true,scheduled,success,json_ok,observed,on_time,observed,a621fe4ecf1c7c399bc239be
solana:5vgZtMGmub4qxQ5DZ1m3UQe22fDVHCmSRdBpNRSsyP8bS24o4Ck9w21V9m3NA4efj3Z4MgrVrXWfZbxnHe24X8i5:2:0,T0,true,scheduled,success,json_ok,observed,on_time,observed,ebd36c458399e8d8162ffd07
solana:5vgZtMGmub4qxQ5DZ1m3UQe22fDVHCmSRdBpNRSsyP8bS24o4Ck9w21V9m3NA4efj3Z4MgrVrXWfZbxnHe24X8i5:2:0,T+24h,true,scheduled,success,json_ok,observed,on_time,observed,009ddfe8f156f3d2ea25d7fa
solana:5vgZtMGmub4qxQ5DZ1m3UQe22fDVHCmSRdBpNRSsyP8bS24o4Ck9w21V9m3NA4efj3Z4MgrVrXWfZbxnHe24X8i5:2:0,T+60h,true,scheduled,success,json_ok,observed,on_time,observed,c6e7d3a5807945239f3feed3
solana:66SJo3zxbdPGyg7n6JedgeccDkFoeoq8XKhuQKkT3pm39sC5GSFL9HQhqPrwJzBbKCb8YTJUYjYQDTf4KbKGxTTx:2:0,T0,true,scheduled,success,json_ok,observed,on_time,observed,c5b3c1a876eb0fc4c0188f9c
solana:66SJo3zxbdPGyg7n6JedgeccDkFoeoq8XKhuQKkT3pm39sC5GSFL9HQhqPrwJzBbKCb8YTJUYjYQDTf4KbKGxTTx:2:0,T+24h,true,scheduled,success,json_ok,observed,on_time,observed,b4d581a7832de1ca6ea1b087
solana:66SJo3zxbdPGyg7n6JedgeccDkFoeoq8XKhuQKkT3pm39sC5GSFL9HQhqPrwJzBbKCb8YTJUYjYQDTf4KbKGxTTx:2:0,T+60h,true,scheduled,success,json_ok,observed,on_time,observed,a541b8ca00e00d054f0aba49
solana:4HnfVDH22ke4ZP58Ycmdbitr679mF4MGUU98Nho625ukH3ksk5LRG51ZsdU3hMtf5DzffgUvrgPNJMLPyBuPGqRe:3:0,T0,true,scheduled,success,json_ok,observed,on_time,observed,85114a9483ff8c6f778d9862
solana:4HnfVDH22ke4ZP58Ycmdbitr679mF4MGUU98Nho625ukH3ksk5LRG51ZsdU3hMtf5DzffgUvrgPNJMLPyBuPGqRe:3:0,T+24h,true,scheduled,success,json_ok,observed,on_time,observed,1e3e07f7e74ab16ff2bffc61
solana:4HnfVDH22ke4ZP58Ycmdbitr679mF4MGUU98Nho625ukH3ksk5LRG51ZsdU3hMtf5DzffgUvrgPNJMLPyBuPGqRe:3:0,T+60h,true,scheduled,success,json_ok,observed,on_time,observed,996541f6f360e95f90ec7ac4
solana:3j81QjAZiz5oyKxYxZQWPSqHyzfyezR2DtwJZQDnBHtWUHfKQs9BJXYyrwWnfmcbxtrReKdLSCuKQBGSMJJFuwVt:2:0,T0,true,scheduled,success,json_ok,observed,on_time,observed,4be927a0485e71487f7399f3
solana:3j81QjAZiz5oyKxYxZQWPSqHyzfyezR2DtwJZQDnBHtWUHfKQs9BJXYyrwWnfmcbxtrReKdLSCuKQBGSMJJFuwVt:2:0,T+24h,true,scheduled,success,json_ok,observed,on_time,observed,f1cd2ab68955acd91bd3a0a4
solana:3j81QjAZiz5oyKxYxZQWPSqHyzfyezR2DtwJZQDnBHtWUHfKQs9BJXYyrwWnfmcbxtrReKdLSCuKQBGSMJJFuwVt:2:0,T+60h,true,scheduled,success,json_ok,observed,on_time,observed,d1c623bf5173a34708973879
solana:xxNHCHmm8m86GpKAp51E4zMS4mSghPLVy1Yyms7tm3mb1tmdCpHAN2vqb7Xyft2uxWAegKXUFLutVsLBLTAM7Lj:2:0,T0,true,scheduled,success,json_ok,observed,on_time,observed,6ac2e4eca12a1d0a4e34ff03
solana:xxNHCHmm8m86GpKAp51E4zMS4mSghPLVy1Yyms7tm3mb1tmdCpHAN2vqb7Xyft2uxWAegKXUFLutVsLBLTAM7Lj:2:0,T+24h,true,scheduled,success,json_ok,observed,on_time,observed,04f5ed0ec594bd7dd7c44ab4
solana:xxNHCHmm8m86GpKAp51E4zMS4mSghPLVy1Yyms7tm3mb1tmdCpHAN2vqb7Xyft2uxWAegKXUFLutVsLBLTAM7Lj:2:0,T+60h,true,scheduled,success,json_ok,observed,on_time,observed,b65d3c281e68c73312dc8908
solana:3ycVuLt6PQ6PNxb37RHP9WtUZH6wCaAFwXW6ucaV93F3kgCq9j7EgXvABnSGVde6xPu6jiKxkt49aTHuabtEi1bu:2:0,T0,true,scheduled,success,json_ok,observed,on_time,observed,5c32f18ca308fa5ce0a04dc4
solana:3ycVuLt6PQ6PNxb37RHP9WtUZH6wCaAFwXW6ucaV93F3kgCq9j7EgXvABnSGVde6xPu6jiKxkt49aTHuabtEi1bu:2:0,T+24h,true,scheduled,success,json_ok,observed,on_time,observed,4debedf27e4e7b444f9ce95f
solana:3ycVuLt6PQ6PNxb37RHP9WtUZH6wCaAFwXW6ucaV93F3kgCq9j7EgXvABnSGVde6xPu6jiKxkt49aTHuabtEi1bu:2:0,T+60h,true,scheduled,success,json_ok,observed,on_time,observed,e3319df8279ca46932903e2f
solana:27ZeAyg8C9BW7HBVZdchtyNrbhzL1fkjnGfgxdV7mQ5VwcjjGGv6mnicdXwg8gYf27Phu9AerxrC47eVx2cwXeU3:2:0,T0,true,scheduled,success,json_ok,observed,on_time,observed,f86f233b50b5efff0d13839b
solana:27ZeAyg8C9BW7HBVZdchtyNrbhzL1fkjnGfgxdV7mQ5VwcjjGGv6mnicdXwg8gYf27Phu9AerxrC47eVx2cwXeU3:2:0,T+24h,true,scheduled,success,json_ok,observed,on_time,observed,6d5f5fbfe961e53af9bdcd8f
solana:27ZeAyg8C9BW7HBVZdchtyNrbhzL1fkjnGfgxdV7mQ5VwcjjGGv6mnicdXwg8gYf27Phu9AerxrC47eVx2cwXeU3:2:0,T+60h,true,scheduled,success,json_ok,observed,on_time,observed,d3c17fa0ce929ec49166234f
solana:63TDv6snau4wWFBTsf9RFPHeuLBfnuKMNGANN8nkSeGE6dLBD7jSQ6yA17dbSs7QyyUq6Hoh74H3Mk2KXiaswAiJ:2:0,T0,true,scheduled,success,json_ok,observed,on_time,observed,fe144b4ef9f28be5a450eed8
solana:63TDv6snau4wWFBTsf9RFPHeuLBfnuKMNGANN8nkSeGE6dLBD7jSQ6yA17dbSs7QyyUq6Hoh74H3Mk2KXiaswAiJ:2:0,T+24h,true,scheduled,success,json_ok,observed,on_time,observed,4549215f2200b2b5a89b1267
solana:63TDv6snau4wWFBTsf9RFPHeuLBfnuKMNGANN8nkSeGE6dLBD7jSQ6yA17dbSs7QyyUq6Hoh74H3Mk2KXiaswAiJ:2:0,T+60h,true,scheduled,success,json_ok,observed,on_time,observed,805e372e81e15428c3e7b2bc
solana:5t5d2DxfkW2rM3LwBjBG7xsris4jj8ofUnNxcj1K25Q77soaSatNguQ17JWyxiDKYUB4VCJ98rbr7NXcSke8r6pv:2:0,T0,true,scheduled,success,json_ok,observed,on_time,observed,935be928e7a2349ce1f590d6
solana:5t5d2DxfkW2rM3LwBjBG7xsris4jj8ofUnNxcj1K25Q77soaSatNguQ17JWyxiDKYUB4VCJ98rbr7NXcSke8r6pv:2:0,T+24h,true,scheduled,success,json_ok,observed,on_time,observed,940059dcbe68fb00528bf36a
solana:5t5d2DxfkW2rM3LwBjBG7xsris4jj8ofUnNxcj1K25Q77soaSatNguQ17JWyxiDKYUB4VCJ98rbr7NXcSke8r6pv:2:0,T+60h,true,scheduled,success,json_ok,observed,on_time,observed,e864f02f9b7192397b21c9c4
solana:5hLBvoFbfibt8B49njBfPULjVJ6YrXYuGano5BhpFzxZNV53xX9pPewPx1aRuDv9HZ8xi3eaHZxig5bEBhqfoRAF:2:0,T0,true,scheduled,success,json_ok,observed,on_time,observed,fb91b613617b3d6f9723ea55
solana:5hLBvoFbfibt8B49njBfPULjVJ6YrXYuGano5BhpFzxZNV53xX9pPewPx1aRuDv9HZ8xi3eaHZxig5bEBhqfoRAF:2:0,T+24h,true,scheduled,success,json_ok,observed,on_time,observed,a808daed182f7591ec526742
solana:5hLBvoFbfibt8B49njBfPULjVJ6YrXYuGano5BhpFzxZNV53xX9pPewPx1aRuDv9HZ8xi3eaHZxig5bEBhqfoRAF:2:0,T+60h,true,scheduled,success,json_ok,observed,on_time,observed,485533c1d86135184a6aa97c
solana:4a9okCVL5q8QiDcr7gbnePr9ezi2RUfsttzitcZgjLMaycqXckRaV4Pwq3LmFoVtG4FunTQHNHDihyaSUzvAFSub:2:0,T0,true,scheduled,success,json_ok,observed,on_time,observed,08a849f18f9e4c883932e747
solana:4a9okCVL5q8QiDcr7gbnePr9ezi2RUfsttzitcZgjLMaycqXckRaV4Pwq3LmFoVtG4FunTQHNHDihyaSUzvAFSub:2:0,T+24h,true,scheduled,success,json_ok,observed,on_time,observed,894dba321c9a42fb0c25ad19
solana:4a9okCVL5q8QiDcr7gbnePr9ezi2RUfsttzitcZgjLMaycqXckRaV4Pwq3LmFoVtG4FunTQHNHDihyaSUzvAFSub:2:0,T+60h,true,scheduled,success,json_ok,observed,on_time,observed,e5394f3526488933c8885430
solana:4B9kfAMQQcAy68CARWDUvQMsmAEPn2hQAg8suqDsMrwvUPdm9PnFq45D8ZKeTRpZHXA9irULg41mjVQy96t66jDp:2:0,T0,true,scheduled,success,json_ok,observed,on_time,observed,c826af7b4e036b5bfee6327c
solana:4B9kfAMQQcAy68CARWDUvQMsmAEPn2hQAg8suqDsMrwvUPdm9PnFq45D8ZKeTRpZHXA9irULg41mjVQy96t66jDp:2:0,T+24h,true,scheduled,success,json_ok,observed,on_time,observed,22e8a32b0ef229b71ed044c0
solana:4B9kfAMQQcAy68CARWDUvQMsmAEPn2hQAg8suqDsMrwvUPdm9PnFq45D8ZKeTRpZHXA9irULg41mjVQy96t66jDp:2:0,T+60h,true,scheduled,success,json_ok,observed,on_time,observed,33d4da1e45b6d258ca8adc43
solana:FD68gxzgrh5Ycq9mXZBAn6VtepAM23HD8aZrXFq2vTeVkkWPp6jGdCrGpwk9zpAPYmc6xHfgJipy8cB584CuJhd:2:0,T0,true,scheduled,success,json_ok,observed,on_time,observed,9d2c61dc4852586f464ac647
solana:FD68gxzgrh5Ycq9mXZBAn6VtepAM23HD8aZrXFq2vTeVkkWPp6jGdCrGpwk9zpAPYmc6xHfgJipy8cB584CuJhd:2:0,T+24h,true,scheduled,success,json_ok,observed,on_time,observed,a30ab4de9bb8d4a5bfc2fd6a
solana:FD68gxzgrh5Ycq9mXZBAn6VtepAM23HD8aZrXFq2vTeVkkWPp6jGdCrGpwk9zpAPYmc6xHfgJipy8cB584CuJhd:2:0,T+60h,true,scheduled,success,json_ok,observed,on_time,observed,4073451c0c1841379bcabc33
solana:3FeoWv7ex7Hj71xX7t1TrKXyAoaYaLwi9CRR7mrpnMCSVxofgGJ9oKj2FykpcSCwnfZ8xLW8Jg78kFZ7GbubBZL7:2:0,T0,true,scheduled,success,json_ok,observed,on_time,observed,a76a33a75fb01649c02c4e77
solana:3FeoWv7ex7Hj71xX7t1TrKXyAoaYaLwi9CRR7mrpnMCSVxofgGJ9oKj2FykpcSCwnfZ8xLW8Jg78kFZ7GbubBZL7:2:0,T+24h,true,scheduled,success,json_ok,observed,on_time,observed,eaf7010ef6de88032e59be39
solana:3FeoWv7ex7Hj71xX7t1TrKXyAoaYaLwi9CRR7mrpnMCSVxofgGJ9oKj2FykpcSCwnfZ8xLW8Jg78kFZ7GbubBZL7:2:0,T+60h,true,scheduled,success,json_ok,observed,on_time,observed,637985a3c63f40c2079109e0
solana:3LCM5LTbT5cE2sZRfhCGs4Dxyo3ZYWdXKhYq2NWNMxR5QXhu9S16Bh2psJ1tPdpqSpawC7QYm8hmnAsnWmk6i8Nw:2:0,T0,true,scheduled,success,json_ok,observed,on_time,observed,f223173eeb4d5a05ea52487c
solana:3LCM5LTbT5cE2sZRfhCGs4Dxyo3ZYWdXKhYq2NWNMxR5QXhu9S16Bh2psJ1tPdpqSpawC7QYm8hmnAsnWmk6i8Nw:2:0,T+24h,true,scheduled,success,json_ok,observed,on_time,observed,b3ca5742e9310d63d9ea6a55
solana:3LCM5LTbT5cE2sZRfhCGs4Dxyo3ZYWdXKhYq2NWNMxR5QXhu9S16Bh2psJ1tPdpqSpawC7QYm8hmnAsnWmk6i8Nw:2:0,T+60h,true,scheduled,success,json_ok,observed,on_time,observed,753380a6e5568d136b153d5d
solana:5ndCBBBBcHfBvXWg1FyXsyWQTDcvypKXqVbNXynS79aamwm2fWZ6oq2MwvpVPHa2fERzW4WbNGMz5QdjaTkmTXPj:2:0,T0,true,scheduled,success,json_ok,observed,on_time,observed,4b36865a387cb6cd90ef229b
solana:5ndCBBBBcHfBvXWg1FyXsyWQTDcvypKXqVbNXynS79aamwm2fWZ6oq2MwvpVPHa2fERzW4WbNGMz5QdjaTkmTXPj:2:0,T+24h,true,scheduled,success,json_ok,observed,on_time,observed,4311d9b901595a501bbeb709
solana:5ndCBBBBcHfBvXWg1FyXsyWQTDcvypKXqVbNXynS79aamwm2fWZ6oq2MwvpVPHa2fERzW4WbNGMz5QdjaTkmTXPj:2:0,T+60h,true,scheduled,success,json_ok,observed,on_time,observed,3563ff85a308ff724b35a279
solana:5q2z25EX7ZSwc2kpuxpkpASQzXXnf5eTrV48Q7EjuLXicvdVusjto7eM99kq5rv6nHBZiggfvgRU4eFiCeu2q2PU:2:0,T0,true,scheduled,success,json_ok,observed,on_time,observed,e5ace922823bcd0229c1251b
solana:5q2z25EX7ZSwc2kpuxpkpASQzXXnf5eTrV48Q7EjuLXicvdVusjto7eM99kq5rv6nHBZiggfvgRU4eFiCeu2q2PU:2:0,T+24h,true,scheduled,success,json_ok,observed,on_time,observed,ed560b4ae79eef1a019ae9c4
solana:5q2z25EX7ZSwc2kpuxpkpASQzXXnf5eTrV48Q7EjuLXicvdVusjto7eM99kq5rv6nHBZiggfvgRU4eFiCeu2q2PU:2:0,T+60h,true,scheduled,success,json_ok,observed,on_time,observed,3164d30f853f13a050b0df4c
solana:2ARbBpW2q5RTk2a8Nkd2XfLXL9f8cPokRtvRRq8XJzqL7fF1psgshnCYtfie5wkrQcPf4x1HXQv5wdNMsx4HPXWh:1:0,T0,true,scheduled,success,json_ok,observed,on_time,observed,95ee26bd41f35f64f0ddf48d
solana:2ARbBpW2q5RTk2a8Nkd2XfLXL9f8cPokRtvRRq8XJzqL7fF1psgshnCYtfie5wkrQcPf4x1HXQv5wdNMsx4HPXWh:1:0,T+24h,true,scheduled,success,json_ok,observed,on_time,observed,224dd9a4613259dcd02821d6
solana:2ARbBpW2q5RTk2a8Nkd2XfLXL9f8cPokRtvRRq8XJzqL7fF1psgshnCYtfie5wkrQcPf4x1HXQv5wdNMsx4HPXWh:1:0,T+60h,true,scheduled,success,json_ok,observed,on_time,observed,d23ef071213f44532de18f13
solana:5gDQexy9JmxqtTKV2evBx71Zf7iTptdvngeug9WyE4HJMWLtjHT6hCsxhmjA24drdfE9VU2wxEyo5HpHG5s5cJEz:2:0,T0,true,scheduled,success,json_ok,observed,on_time,observed,a5960aa24c137e99dc5aa181
solana:5gDQexy9JmxqtTKV2evBx71Zf7iTptdvngeug9WyE4HJMWLtjHT6hCsxhmjA24drdfE9VU2wxEyo5HpHG5s5cJEz:2:0,T+24h,true,scheduled,success,json_ok,observed,on_time,observed,1800c38ca6bf28fda19e2b95
solana:5gDQexy9JmxqtTKV2evBx71Zf7iTptdvngeug9WyE4HJMWLtjHT6hCsxhmjA24drdfE9VU2wxEyo5HpHG5s5cJEz:2:0,T+60h,true,scheduled,success,json_ok,observed,on_time,observed,8b936291b87a506a465120ac
solana:4C1b6nwxMvAEbLV7PkMNHiFZUYoX1bhCAU9uAUz9e7uoUh8ETYeSiLmQpEW4CnqoTPCidZhfvjFoRMmgz6HwY8zq:2:0,T0,true,scheduled,success,json_ok,observed,on_time,observed,9bc9e6a728034e5fd4f8bb03
solana:4C1b6nwxMvAEbLV7PkMNHiFZUYoX1bhCAU9uAUz9e7uoUh8ETYeSiLmQpEW4CnqoTPCidZhfvjFoRMmgz6HwY8zq:2:0,T+24h,true,scheduled,success,json_ok,observed,on_time,observed,222043b9dc52c9bb28122458
solana:4C1b6nwxMvAEbLV7PkMNHiFZUYoX1bhCAU9uAUz9e7uoUh8ETYeSiLmQpEW4CnqoTPCidZhfvjFoRMmgz6HwY8zq:2:0,T+60h,true,scheduled,success,json_ok,observed,on_time,observed,48fdaeaa82d30cf94c0e5672
solana:4gqtEVNWpueC9fedtrkfTQirp25CTtrw8kui98Y89gzDnkcUGNH8btzg66YJpVrqx3DFgiukjD7PQnjd1p8dMNRV:2:0,T0,true,scheduled,success,json_ok,observed,on_time,observed,b67dc092146b8d19fcff5379
solana:4gqtEVNWpueC9fedtrkfTQirp25CTtrw8kui98Y89gzDnkcUGNH8btzg66YJpVrqx3DFgiukjD7PQnjd1p8dMNRV:2:0,T+24h,true,scheduled,success,json_ok,observed,on_time,observed,9927f16e0d615b70f02c6701
solana:4gqtEVNWpueC9fedtrkfTQirp25CTtrw8kui98Y89gzDnkcUGNH8btzg66YJpVrqx3DFgiukjD7PQnjd1p8dMNRV:2:0,T+60h,true,scheduled,success,json_ok,observed,on_time,observed,ddff8204f4b24c787afe6ee4
solana:2qLrNgPPx2mzaDsR9dXJKGjwfK4BQqrErRfePF7qCvb1avjEueobrbWfsFka2RQbYLX9GPcm9Lz6iSgu5UjHKbLX:0:0,T0,true,scheduled,failed,not_observed,not_observed,on_time,request_failed,1e2778d972987ec2e350268f
solana:2qLrNgPPx2mzaDsR9dXJKGjwfK4BQqrErRfePF7qCvb1avjEueobrbWfsFka2RQbYLX9GPcm9Lz6iSgu5UjHKbLX:0:0,T+24h,true,scheduled,failed,not_observed,not_observed,on_time,request_failed,81dc4121bcbb17a6e1a8933c
solana:2qLrNgPPx2mzaDsR9dXJKGjwfK4BQqrErRfePF7qCvb1avjEueobrbWfsFka2RQbYLX9GPcm9Lz6iSgu5UjHKbLX:0:0,T+60h,true,scheduled,failed,not_observed,not_observed,on_time,request_failed,433a403899a6e314b89dee5e
solana:P8A3NX5xDM45eBQobijn9qB4tYfdCZbR5Q2wvsqsaBUdwAfsCwqaQy5Dvsg1S4jaoTFKgYzExeZcrzVMEmdt6nj:2:0,T0,true,scheduled,success,json_ok,observed,on_time,observed,b84dbf27d6b11bf2e1ed3103
solana:P8A3NX5xDM45eBQobijn9qB4tYfdCZbR5Q2wvsqsaBUdwAfsCwqaQy5Dvsg1S4jaoTFKgYzExeZcrzVMEmdt6nj:2:0,T+24h,true,scheduled,success,json_ok,observed,on_time,observed,f823b0e8d78e3540f1f990e3
solana:P8A3NX5xDM45eBQobijn9qB4tYfdCZbR5Q2wvsqsaBUdwAfsCwqaQy5Dvsg1S4jaoTFKgYzExeZcrzVMEmdt6nj:2:0,T+60h,true,scheduled,success,json_ok,observed,on_time,observed,38e801ae8c09566b5b00011c
solana:2mjUVLp8HKsdN4n1TTeXN4K83KoJVkjbWeqHsLUYdVfn1c8FsAC14uUeDSDzAipeUS8fm8xEPBtLmL9Dkbb63CaV:2:0,T0,true,scheduled,success,json_ok,observed,on_time,observed,6fb6630d050b975a63a776a6
solana:2mjUVLp8HKsdN4n1TTeXN4K83KoJVkjbWeqHsLUYdVfn1c8FsAC14uUeDSDzAipeUS8fm8xEPBtLmL9Dkbb63CaV:2:0,T+24h,true,scheduled,success,json_ok,observed,on_time,observed,f7f918a65655ca037eb12d9a
solana:2mjUVLp8HKsdN4n1TTeXN4K83KoJVkjbWeqHsLUYdVfn1c8FsAC14uUeDSDzAipeUS8fm8xEPBtLmL9Dkbb63CaV:2:0,T+60h,true,scheduled,success,json_ok,observed,on_time,observed,2f39e3d3b3b0f446f0cd9d6e
solana:MuzyB2zQoDMqvbHLT5qYVxRTbbbJhs9KXhtkgCbPGDALMmJRPmnw3smH7WB3JDHrUAzp9gLFsVcp9YbRCsSdg76:2:0,T0,true,scheduled,success,json_ok,observed,on_time,observed,f0c58590d6d208d895c8062d
solana:MuzyB2zQoDMqvbHLT5qYVxRTbbbJhs9KXhtkgCbPGDALMmJRPmnw3smH7WB3JDHrUAzp9gLFsVcp9YbRCsSdg76:2:0,T+24h,true,scheduled,success,json_ok,observed,on_time,observed,2c2d8116eb272780092a06c0
solana:MuzyB2zQoDMqvbHLT5qYVxRTbbbJhs9KXhtkgCbPGDALMmJRPmnw3smH7WB3JDHrUAzp9gLFsVcp9YbRCsSdg76:2:0,T+60h,true,scheduled,success,json_ok,observed,on_time,observed,fb5c5bf79db7c3bab22ecfd2
solana:2xzgTQPcL14KyMEoAv3YtcqHPdJToXx79vakcMxq6iMDdzK9vKQ6iHjURgBzueDVopXH2vRp59njK5tf8xhev5Cf:2:0,T0,true,scheduled,success,json_ok,observed,on_time,observed,209959a7c7eb45271ac4d70b
solana:2xzgTQPcL14KyMEoAv3YtcqHPdJToXx79vakcMxq6iMDdzK9vKQ6iHjURgBzueDVopXH2vRp59njK5tf8xhev5Cf:2:0,T+24h,true,scheduled,success,json_ok,observed,on_time,observed,d899f71172b364509775d4c9
solana:2xzgTQPcL14KyMEoAv3YtcqHPdJToXx79vakcMxq6iMDdzK9vKQ6iHjURgBzueDVopXH2vRp59njK5tf8xhev5Cf:2:0,T+60h,true,scheduled,success,json_ok,observed,on_time,observed,8254ee08cacc1ec817c45b9e
solana:PzPdZF5XjKBDUPcf4mubdrDCuuFF2WVeo9EEVd78Zv9kVLQd6uSt6ZcxhvSZD6YTGPzpZ2ZrV8JXJMFx7418YpD:2:0,T0,true,scheduled,success,json_ok,observed,on_time,observed,417e863a42975a832cd31778
solana:PzPdZF5XjKBDUPcf4mubdrDCuuFF2WVeo9EEVd78Zv9kVLQd6uSt6ZcxhvSZD6YTGPzpZ2ZrV8JXJMFx7418YpD:2:0,T+24h,true,scheduled,success,json_ok,observed,on_time,observed,a2debca8be01b5112ea788af
solana:PzPdZF5XjKBDUPcf4mubdrDCuuFF2WVeo9EEVd78Zv9kVLQd6uSt6ZcxhvSZD6YTGPzpZ2ZrV8JXJMFx7418YpD:2:0,T+60h,true,scheduled,success,json_ok,observed,on_time,observed,69debcd3689bfb97a6c3039a
solana:4XqJhrZmMsLfcPhgKg3TDUkNfQT9jnGDM1iM1gUoDcpFd6byeZyu21hiSu54sksPX3dijTF2XyejahziwK6AD9kX:2:0,T0,true,scheduled,success,json_ok,observed,on_time,observed,f0e2fefb474abff95ed4e4a4
solana:4XqJhrZmMsLfcPhgKg3TDUkNfQT9jnGDM1iM1gUoDcpFd6byeZyu21hiSu54sksPX3dijTF2XyejahziwK6AD9kX:2:0,T+24h,true,scheduled,success,json_ok,observed,on_time,observed,fb96628af44946fb5446c177
solana:4XqJhrZmMsLfcPhgKg3TDUkNfQT9jnGDM1iM1gUoDcpFd6byeZyu21hiSu54sksPX3dijTF2XyejahziwK6AD9kX:2:0,T+60h,true,scheduled,success,json_ok,observed,on_time,observed,a41ba33a226ef9cab571327c
solana:46sHFqGCXwemXuJjyVr1qVYmeSYALRCpmMBy2S1b9sn7YLwhWdo3bAxwr2ikiGnsnNhMoe5C3RSo41FoAFbrw5ax:2:0,T0,true,scheduled,success,json_ok,observed,on_time,observed,20a2f6654d85eeed9b487e23
solana:46sHFqGCXwemXuJjyVr1qVYmeSYALRCpmMBy2S1b9sn7YLwhWdo3bAxwr2ikiGnsnNhMoe5C3RSo41FoAFbrw5ax:2:0,T+24h,true,scheduled,success,json_ok,observed,on_time,observed,a0600162c11cd184588e5264
solana:46sHFqGCXwemXuJjyVr1qVYmeSYALRCpmMBy2S1b9sn7YLwhWdo3bAxwr2ikiGnsnNhMoe5C3RSo41FoAFbrw5ax:2:0,T+60h,true,scheduled,success,json_ok,observed,on_time,observed,3a31146e9f51210a649f6268
solana:2BG83fNrRuqdQ78j1kMMg7M4GJeE5r9AvrBRrSKgbVVottzDyk277Hmiq6UJoEJrm9jT3eCghFXjF59WkBwqY2Us:2:0,T0,true,scheduled,success,json_ok,observed,on_time,observed,2034c1ea5002d8d4bb2365e7
solana:2BG83fNrRuqdQ78j1kMMg7M4GJeE5r9AvrBRrSKgbVVottzDyk277Hmiq6UJoEJrm9jT3eCghFXjF59WkBwqY2Us:2:0,T+24h,true,scheduled,success,json_ok,observed,on_time,observed,ba91d9a4e8e0187b4b5aed16
solana:2BG83fNrRuqdQ78j1kMMg7M4GJeE5r9AvrBRrSKgbVVottzDyk277Hmiq6UJoEJrm9jT3eCghFXjF59WkBwqY2Us:2:0,T+60h,true,scheduled,success,json_ok,observed,on_time,observed,74c84695526ecfbcf14f19d2
solana:gfeB31KDrytT9EfynTbkwD97svkeAc8tKberbBrrxATZ5Yva6txg4c34x37JPUtH6SQskGYFxZh8dWZHshsZfmW:0:0,T0,true,scheduled,failed,not_observed,not_observed,on_time,request_failed,bba233de9fb9fc20fbe696a2
solana:gfeB31KDrytT9EfynTbkwD97svkeAc8tKberbBrrxATZ5Yva6txg4c34x37JPUtH6SQskGYFxZh8dWZHshsZfmW:0:0,T+24h,true,scheduled,failed,not_observed,not_observed,on_time,request_failed,854a68cb583c67510dd059ae
solana:gfeB31KDrytT9EfynTbkwD97svkeAc8tKberbBrrxATZ5Yva6txg4c34x37JPUtH6SQskGYFxZh8dWZHshsZfmW:0:0,T+60h,true,scheduled,failed,not_observed,not_observed,on_time,request_failed,6610e0da268d935e6d280951
solana:4mxHQEQp1y859PvsDy7T9pK1JrJcmCS8UQ46jbusrzFJnDMaSYWJB2socGs9CdceeEiGkWeUmT1Vc7AYxGQEpuXi:0:0,T0,true,scheduled,failed,not_observed,not_observed,late,request_failed,b4fa01df5f0d3876c2b6121c
solana:4mxHQEQp1y859PvsDy7T9pK1JrJcmCS8UQ46jbusrzFJnDMaSYWJB2socGs9CdceeEiGkWeUmT1Vc7AYxGQEpuXi:0:0,T+24h,true,scheduled,failed,not_observed,not_observed,late,request_failed,daefc27ee6c3f95104b43c0e
solana:4mxHQEQp1y859PvsDy7T9pK1JrJcmCS8UQ46jbusrzFJnDMaSYWJB2socGs9CdceeEiGkWeUmT1Vc7AYxGQEpuXi:0:0,T+60h,true,scheduled,failed,not_observed,not_observed,on_time,request_failed,2238afe96e56c2c648804c3b
solana:2nAR8CMB4yUnXeYz6znQzVg69DSvcsddChjN1uSTPYenbGPvGT8usDoquLmU9aLcn6L3HtMiuLBDaPMyiye6zcdM:2:0,T0,true,scheduled,success,json_ok,observed,on_time,observed,bea0010f6dcb678c83283c27
solana:2nAR8CMB4yUnXeYz6znQzVg69DSvcsddChjN1uSTPYenbGPvGT8usDoquLmU9aLcn6L3HtMiuLBDaPMyiye6zcdM:2:0,T+24h,true,scheduled,success,json_ok,observed,on_time,observed,90bb231b13db042de3fd2519
solana:2nAR8CMB4yUnXeYz6znQzVg69DSvcsddChjN1uSTPYenbGPvGT8usDoquLmU9aLcn6L3HtMiuLBDaPMyiye6zcdM:2:0,T+60h,true,scheduled,success,json_ok,observed,on_time,observed,9bd8d55975b419c2d92550ac
solana:3V4awm9jU7RxUf6Lfc2sbzucwgrHZgPandXy9JJ6Bp7mjqUk7PUaGYUymcova9YqsDjtRKQm9PETnuSu7grmf4sy:2:0,T0,true,scheduled,success,json_ok,observed,on_time,observed,1113e8d44235df192ca6afac
solana:3V4awm9jU7RxUf6Lfc2sbzucwgrHZgPandXy9JJ6Bp7mjqUk7PUaGYUymcova9YqsDjtRKQm9PETnuSu7grmf4sy:2:0,T+24h,true,scheduled,success,json_ok,observed,on_time,observed,bc8539d92bfaac9017fabfc4
solana:3V4awm9jU7RxUf6Lfc2sbzucwgrHZgPandXy9JJ6Bp7mjqUk7PUaGYUymcova9YqsDjtRKQm9PETnuSu7grmf4sy:2:0,T+60h,true,scheduled,success,json_ok,observed,on_time,observed,2133ae02c85ef99489e53fc9
solana:2d2b2r8tRFK1rDAGQsLtSZaRb4QsWwDHaMva6xN6bXSwrx2VSGEn2piEVW7ywnDY99kN3Jh2NL7EDLeFuCNxF13R:2:0,T0,true,scheduled,success,json_ok,observed,on_time,observed,8073f2c3784df3b041e3d87d
solana:2d2b2r8tRFK1rDAGQsLtSZaRb4QsWwDHaMva6xN6bXSwrx2VSGEn2piEVW7ywnDY99kN3Jh2NL7EDLeFuCNxF13R:2:0,T+24h,true,scheduled,success,json_ok,observed,on_time,observed,9bd452b46c23eb55ddb45eff
solana:2d2b2r8tRFK1rDAGQsLtSZaRb4QsWwDHaMva6xN6bXSwrx2VSGEn2piEVW7ywnDY99kN3Jh2NL7EDLeFuCNxF13R:2:0,T+60h,true,scheduled,success,json_ok,observed,on_time,observed,f06b3c264b8281cbbfeae45a
solana:5zUE8M9H8zy37pYUwkTYCikSNAABHLUQddCrgjPmTDFJCpeh2Jcg6DDbuDH9qBHARVy2eXKueCXPzvhhP9kpDmF4:2:0,T0,true,scheduled,success,json_ok,observed,on_time,observed,9f4681b3084a5fcc9d40dd18
solana:5zUE8M9H8zy37pYUwkTYCikSNAABHLUQddCrgjPmTDFJCpeh2Jcg6DDbuDH9qBHARVy2eXKueCXPzvhhP9kpDmF4:2:0,T+24h,true,scheduled,success,json_ok,observed,on_time,observed,3a11aa2277a86e023915df56
solana:5zUE8M9H8zy37pYUwkTYCikSNAABHLUQddCrgjPmTDFJCpeh2Jcg6DDbuDH9qBHARVy2eXKueCXPzvhhP9kpDmF4:2:0,T+60h,true,scheduled,success,json_ok,observed,on_time,observed,565cca8f61f4ad2e6e9eaab9
solana:2fFK2caj9iQ2DKKfDaFKgaPDJ2kXwuVHXjgi1sF3YvaQaN9zgXy6TW8JETDnSugDHgbqLEepcYAmqpSPxLwVjCAc:2:0,T0,true,scheduled,success,json_ok,observed,on_time,observed,bcad11d1b71aa41e20c3c860
solana:2fFK2caj9iQ2DKKfDaFKgaPDJ2kXwuVHXjgi1sF3YvaQaN9zgXy6TW8JETDnSugDHgbqLEepcYAmqpSPxLwVjCAc:2:0,T+24h,true,scheduled,success,json_ok,observed,on_time,observed,8bdbcf7f2801e4ca0ed53cb3
solana:2fFK2caj9iQ2DKKfDaFKgaPDJ2kXwuVHXjgi1sF3YvaQaN9zgXy6TW8JETDnSugDHgbqLEepcYAmqpSPxLwVjCAc:2:0,T+60h,true,scheduled,success,json_ok,observed,on_time,observed,9f336a054fe9ee502ebe8cfa
solana:2daaZkMr5faS1kdoEhtEU9obMhqFuX1vaT4y5w7yFydvQMnhzdTFk2Ag5Mn6uC8DopeGRyAEcZAo1y1D6JCbg44V:2:0,T0,true,scheduled,success,json_ok,observed,on_time,observed,0c6f0fd8d30cd9b0c685f800
solana:2daaZkMr5faS1kdoEhtEU9obMhqFuX1vaT4y5w7yFydvQMnhzdTFk2Ag5Mn6uC8DopeGRyAEcZAo1y1D6JCbg44V:2:0,T+24h,true,scheduled,success,json_ok,observed,on_time,observed,61bdd1c6f0a9df657c6599c1
solana:2daaZkMr5faS1kdoEhtEU9obMhqFuX1vaT4y5w7yFydvQMnhzdTFk2Ag5Mn6uC8DopeGRyAEcZAo1y1D6JCbg44V:2:0,T+60h,true,scheduled,success,json_ok,observed,on_time,observed,156e6185dc5a2c337e26b0cb
solana:a45Trjr2yBLrCCyEA5TfHSVAfX2Mz8nGfnuD11QcKEdzEWXMfU6mnzWv774WQ7p64Dw7yvWzeV5Qs7DVChP3S5p:2:1,T0,true,scheduled,success,json_ok,observed,on_time,observed,8d4da8cd7fd1ea8f5816d3a5
solana:a45Trjr2yBLrCCyEA5TfHSVAfX2Mz8nGfnuD11QcKEdzEWXMfU6mnzWv774WQ7p64Dw7yvWzeV5Qs7DVChP3S5p:2:1,T+24h,true,scheduled,success,json_ok,observed,on_time,observed,6af94f8bfd4e6e28f566b8ea
solana:a45Trjr2yBLrCCyEA5TfHSVAfX2Mz8nGfnuD11QcKEdzEWXMfU6mnzWv774WQ7p64Dw7yvWzeV5Qs7DVChP3S5p:2:1,T+60h,true,scheduled,success,json_ok,observed,on_time,observed,ba054c669f331e2dacb3815f
solana:4etZpL9DvW5x9Heem8zrfJxv9nxqNKEFNivfDHuiXpZD8WJ1SsvAYT7b49VfrEWao6DgqQGJo3mhaECBtrZfU88P:0:0,T0,true,scheduled,failed,not_observed,not_observed,late,request_failed,54bfafddc89cf9ca9a3656b8
solana:4etZpL9DvW5x9Heem8zrfJxv9nxqNKEFNivfDHuiXpZD8WJ1SsvAYT7b49VfrEWao6DgqQGJo3mhaECBtrZfU88P:0:0,T+24h,true,scheduled,failed,not_observed,not_observed,late,request_failed,ce8d754bd6bf9eadd43102c7
solana:4etZpL9DvW5x9Heem8zrfJxv9nxqNKEFNivfDHuiXpZD8WJ1SsvAYT7b49VfrEWao6DgqQGJo3mhaECBtrZfU88P:0:0,T+60h,true,scheduled,failed,not_observed,not_observed,on_time,request_failed,0d46739054e663f88a42a501
solana:eHj57JE2cVwFjAU4FgwmzQn96V2kvk6HavPpXph6aqWjsEZQFmNAryAiDqAy5FkAPEsSBaCG2JMXRxu8CeooMtv:0:0,T0,true,scheduled,success,json_ok,observed,on_time,observed,23c62f851b0d9f88b9b45682
solana:eHj57JE2cVwFjAU4FgwmzQn96V2kvk6HavPpXph6aqWjsEZQFmNAryAiDqAy5FkAPEsSBaCG2JMXRxu8CeooMtv:0:0,T+24h,true,scheduled,success,json_ok,observed,on_time,observed,f4039b02a613d25c62a99ecd
solana:eHj57JE2cVwFjAU4FgwmzQn96V2kvk6HavPpXph6aqWjsEZQFmNAryAiDqAy5FkAPEsSBaCG2JMXRxu8CeooMtv:0:0,T+60h,true,scheduled,success,json_ok,observed,on_time,observed,d69c0cd297d25ca895168d47
solana:4MrfpvvB2fu8zG5rw8HUmYq5HvpCSrzPWa4kr4NySKHfWMMb8rEbvjSk9z5upivwakapRnDjnJxtK4ULJU3GRbPG:2:0,T0,true,scheduled,success,json_ok,observed,on_time,observed,fc4f1b10394be125667e6d87
solana:4MrfpvvB2fu8zG5rw8HUmYq5HvpCSrzPWa4kr4NySKHfWMMb8rEbvjSk9z5upivwakapRnDjnJxtK4ULJU3GRbPG:2:0,T+24h,true,scheduled,success,json_ok,observed,on_time,observed,84504ea2286769308b9bdb51
solana:4MrfpvvB2fu8zG5rw8HUmYq5HvpCSrzPWa4kr4NySKHfWMMb8rEbvjSk9z5upivwakapRnDjnJxtK4ULJU3GRbPG:2:0,T+60h,true,scheduled,success,json_ok,observed,on_time,observed,2f7631994c0d651f92ba6dba
solana:vyf1pyUcf6eaaceouEdXvzCRV8K8FYuAF1pNt1jWHeQ3kAftS8uLQG9dxTe9897WZ6biHm13i7DWTJDqkpLPYqE:0:0,T0,true,scheduled,success,json_ok,observed,on_time,observed,fde9e4baabcba965f1563993
solana:vyf1pyUcf6eaaceouEdXvzCRV8K8FYuAF1pNt1jWHeQ3kAftS8uLQG9dxTe9897WZ6biHm13i7DWTJDqkpLPYqE:0:0,T+24h,true,scheduled,success,json_ok,observed,on_time,observed,d3f7d951558981272896cb1a
solana:vyf1pyUcf6eaaceouEdXvzCRV8K8FYuAF1pNt1jWHeQ3kAftS8uLQG9dxTe9897WZ6biHm13i7DWTJDqkpLPYqE:0:0,T+60h,true,scheduled,success,json_ok,observed,on_time,observed,da7b33bf77405a5273288f66
solana:5SUhTUfzL3PecVs21DQUvATxLWL6EvirRs8gfbDaM4yGdHfUpG4tCkutRAafjyVKw9uWFacZzL1NVTqCXUigzx7z:2:0,T0,true,scheduled,success,json_ok,observed,on_time,observed,7b16884b8e8cd4c1420c2fa9
solana:5SUhTUfzL3PecVs21DQUvATxLWL6EvirRs8gfbDaM4yGdHfUpG4tCkutRAafjyVKw9uWFacZzL1NVTqCXUigzx7z:2:0,T+24h,true,scheduled,success,json_ok,observed,on_time,observed,728d146c348754d6b37ce9c0
solana:5SUhTUfzL3PecVs21DQUvATxLWL6EvirRs8gfbDaM4yGdHfUpG4tCkutRAafjyVKw9uWFacZzL1NVTqCXUigzx7z:2:0,T+60h,true,scheduled,success,json_ok,observed,on_time,observed,c0e316a80e4f3496c1468eae
solana:3ConzEx1twq326dFXzBXETYkuT6cfZLm5Xipd61nockMe39ef1ZWwY7ZHaHzjphLfLqhWg1UC25VDGXD4ztbwbze:2:0,T0,true,scheduled,success,json_ok,observed,on_time,observed,62abb111b22ca221ce9fe0e8
solana:3ConzEx1twq326dFXzBXETYkuT6cfZLm5Xipd61nockMe39ef1ZWwY7ZHaHzjphLfLqhWg1UC25VDGXD4ztbwbze:2:0,T+24h,true,scheduled,success,json_ok,observed,on_time,observed,54774b14124a3ddb49138f38
solana:3ConzEx1twq326dFXzBXETYkuT6cfZLm5Xipd61nockMe39ef1ZWwY7ZHaHzjphLfLqhWg1UC25VDGXD4ztbwbze:2:0,T+60h,true,scheduled,success,json_ok,observed,on_time,observed,cd400f45a6f86765a77750c5
solana:5R6UJUSdNrDgNq8bSkNtuaLwuk2FYsb4QCh9qJ4i91KQc8Byv6kLqfizoD2Jjbf9c5okMkuDXV4CHBCoPiNV8aYj:2:0,T0,true,scheduled,success,json_ok,observed,on_time,observed,f903dac12e1fb92111454bd6
solana:5R6UJUSdNrDgNq8bSkNtuaLwuk2FYsb4QCh9qJ4i91KQc8Byv6kLqfizoD2Jjbf9c5okMkuDXV4CHBCoPiNV8aYj:2:0,T+24h,true,scheduled,success,json_ok,observed,on_time,observed,8c703db6268f6dfb2ced9f8c
solana:5R6UJUSdNrDgNq8bSkNtuaLwuk2FYsb4QCh9qJ4i91KQc8Byv6kLqfizoD2Jjbf9c5okMkuDXV4CHBCoPiNV8aYj:2:0,T+60h,true,scheduled,success,json_ok,observed,on_time,observed,6245897890918c1068112e5a
solana:4FucjYyo8JMVkDCcbe45bYmVnZn21zFCKS8dMAFEpUCtXVdwbdbbJE6qiKaX7C6PKBbAUiqxfvJzRQAzcLuYWJLR:2:0,T0,true,scheduled,success,json_ok,observed,on_time,observed,5e354283ea3e22c7410dafef
solana:4FucjYyo8JMVkDCcbe45bYmVnZn21zFCKS8dMAFEpUCtXVdwbdbbJE6qiKaX7C6PKBbAUiqxfvJzRQAzcLuYWJLR:2:0,T+24h,true,scheduled,success,json_ok,observed,on_time,observed,d5de0e4b6289189c5d957174
solana:4FucjYyo8JMVkDCcbe45bYmVnZn21zFCKS8dMAFEpUCtXVdwbdbbJE6qiKaX7C6PKBbAUiqxfvJzRQAzcLuYWJLR:2:0,T+60h,true,scheduled,success,json_ok,observed,on_time,observed,05916d02907dedaa9694df9d
solana:eRPQHLjQfDroNM2Uw6c1YsRCtyaMXuHY64dJeXFeFqHRUkgKy2XfTyfZLhZEHrdNiNsK2UoTfrBNB6KzLxgLAk1:2:0,T0,true,scheduled,success,json_ok,observed,on_time,observed,96a8fb5820cb636ae37e050e
solana:eRPQHLjQfDroNM2Uw6c1YsRCtyaMXuHY64dJeXFeFqHRUkgKy2XfTyfZLhZEHrdNiNsK2UoTfrBNB6KzLxgLAk1:2:0,T+24h,true,scheduled,success,json_ok,observed,on_time,observed,4c8cd7533b3d879e432567fa
solana:eRPQHLjQfDroNM2Uw6c1YsRCtyaMXuHY64dJeXFeFqHRUkgKy2XfTyfZLhZEHrdNiNsK2UoTfrBNB6KzLxgLAk1:2:0,T+60h,true,scheduled,success,json_ok,observed,on_time,observed,eb9fd7e2c5b89bbec012f797
solana:6342D6suAA64Sze4RqsVNheA7TXeiFLHHhyuVy9SvhMxyhaWbnGK6FQa6DgYXreMKizi9DTmC8YERtMsnWtGEHKP:2:0,T0,true,scheduled,success,json_ok,observed,on_time,observed,cb3df4fc4e28cfbb094381f1
solana:6342D6suAA64Sze4RqsVNheA7TXeiFLHHhyuVy9SvhMxyhaWbnGK6FQa6DgYXreMKizi9DTmC8YERtMsnWtGEHKP:2:0,T+24h,true,scheduled,success,json_ok,observed,on_time,observed,d61ffe6ac150ed3136307534
solana:6342D6suAA64Sze4RqsVNheA7TXeiFLHHhyuVy9SvhMxyhaWbnGK6FQa6DgYXreMKizi9DTmC8YERtMsnWtGEHKP:2:0,T+60h,true,scheduled,success,json_ok,observed,on_time,observed,7ab5ccc95fef0f131becb88c
solana:2SAPh99Lcz7PPiCCrs8CRB4yepiBkx5ciiiFtCbm7ZeeqPH83RJLdEGs9wGPupPEsoUU3nmy8cjJx2GuJ8YRboEi:2:0,T0,true,scheduled,success,json_ok,observed,on_time,observed,473235463939ee4b2fb39f0c
solana:2SAPh99Lcz7PPiCCrs8CRB4yepiBkx5ciiiFtCbm7ZeeqPH83RJLdEGs9wGPupPEsoUU3nmy8cjJx2GuJ8YRboEi:2:0,T+24h,true,scheduled,success,json_ok,observed,on_time,observed,cb0e23826f2a024af4682fac
solana:2SAPh99Lcz7PPiCCrs8CRB4yepiBkx5ciiiFtCbm7ZeeqPH83RJLdEGs9wGPupPEsoUU3nmy8cjJx2GuJ8YRboEi:2:0,T+60h,true,scheduled,success,json_ok,observed,on_time,observed,6161ebd21802d33d50b0b6b1
solana:Q32K4jdf2Tg6T6jkeWgqcRFPMqEXcimRL2TZqsrskcrGnC4JrfAWRBDpgWn6CES6Wyoo8Qp3gNvqzy7726Yui4g:2:0,T0,true,scheduled,success,json_ok,observed,on_time,observed,5b24f7d42b97d48ccb72f94e
solana:Q32K4jdf2Tg6T6jkeWgqcRFPMqEXcimRL2TZqsrskcrGnC4JrfAWRBDpgWn6CES6Wyoo8Qp3gNvqzy7726Yui4g:2:0,T+24h,true,scheduled,success,json_ok,observed,on_time,observed,a90ec9b544a5fcccc4b506da
solana:Q32K4jdf2Tg6T6jkeWgqcRFPMqEXcimRL2TZqsrskcrGnC4JrfAWRBDpgWn6CES6Wyoo8Qp3gNvqzy7726Yui4g:2:0,T+60h,true,scheduled,success,json_ok,observed,on_time,observed,59e08714eb03acca0cb1a078
solana:amdf96HvJt8BtNaajJQsu6jzkeKyn9W8JtZGcSoRe3htWeM5u6FvY4TQxuF4yCiHbs1ASWXRLNyuKNPqkM9Rqtv:2:0,T0,true,scheduled,success,json_ok,observed,on_time,observed,f82e3f6ca202ac2d49197c6c
solana:amdf96HvJt8BtNaajJQsu6jzkeKyn9W8JtZGcSoRe3htWeM5u6FvY4TQxuF4yCiHbs1ASWXRLNyuKNPqkM9Rqtv:2:0,T+24h,true,scheduled,success,json_ok,observed,on_time,observed,5eab363cb878ab43fdfec4b3
solana:amdf96HvJt8BtNaajJQsu6jzkeKyn9W8JtZGcSoRe3htWeM5u6FvY4TQxuF4yCiHbs1ASWXRLNyuKNPqkM9Rqtv:2:0,T+60h,true,scheduled,success,json_ok,observed,on_time,observed,2264d3c01db957a8813d5cee
solana:MXzymoDs6KQ7wzfRyBguRiNHySo9N4YRAsHET6jreBWCNoSyYzYm33iGtYPCZCAhsLBvBHK1Yrs7KycxSwfzq7c:2:0,T0,true,scheduled,success,json_ok,observed,on_time,observed,d1e74d202111673e2946d222
solana:MXzymoDs6KQ7wzfRyBguRiNHySo9N4YRAsHET6jreBWCNoSyYzYm33iGtYPCZCAhsLBvBHK1Yrs7KycxSwfzq7c:2:0,T+24h,true,scheduled,success,json_ok,observed,on_time,observed,8087de3a29b0a88c70a46f8f
solana:MXzymoDs6KQ7wzfRyBguRiNHySo9N4YRAsHET6jreBWCNoSyYzYm33iGtYPCZCAhsLBvBHK1Yrs7KycxSwfzq7c:2:0,T+60h,true,scheduled,success,json_ok,observed,on_time,observed,2034d4d5dfba704ac5a37acf
solana:5qz232HZ4KmUV89Rer6nojp8ThTokmL9ZobzELhzMKYsS1asRPgcwENwnmv4QCWFY1yEhPHxLUvRXRho5Rngbg8S:2:0,T0,true,scheduled,success,json_ok,observed,on_time,observed,f15c6c2cc51d1dcf7d1f4627
solana:5qz232HZ4KmUV89Rer6nojp8ThTokmL9ZobzELhzMKYsS1asRPgcwENwnmv4QCWFY1yEhPHxLUvRXRho5Rngbg8S:2:0,T+24h,true,scheduled,success,json_ok,observed,on_time,observed,066ce623cad5d90c714364ad
solana:5qz232HZ4KmUV89Rer6nojp8ThTokmL9ZobzELhzMKYsS1asRPgcwENwnmv4QCWFY1yEhPHxLUvRXRho5Rngbg8S:2:0,T+60h,true,scheduled,success,json_ok,observed,on_time,observed,8cb9b499acb3a0112a760e5f
solana:n4wpYGZdFzsn9hYctRB8hrFnBXZqX9tnAoFwdkmwLqwzResEpJZzGZcyzJxJLqiCLPUieV6zUFj4jPNjf4Ff7v4:2:0,T0,true,scheduled,success,json_ok,observed,on_time,observed,45a31e612009e61671a5d146
solana:n4wpYGZdFzsn9hYctRB8hrFnBXZqX9tnAoFwdkmwLqwzResEpJZzGZcyzJxJLqiCLPUieV6zUFj4jPNjf4Ff7v4:2:0,T+24h,true,scheduled,success,json_ok,observed,on_time,observed,7fd4a5020f74d8d9ffc96faf
solana:n4wpYGZdFzsn9hYctRB8hrFnBXZqX9tnAoFwdkmwLqwzResEpJZzGZcyzJxJLqiCLPUieV6zUFj4jPNjf4Ff7v4:2:0,T+60h,true,scheduled,success,json_ok,observed,on_time,observed,deb6e29638396e23fdf3ed38
solana:2pi73t97zzA9ft9SpNjE8MkEUzCeRStqyrSMRxcL8hB46CxJFnYAovAp6SDooYVP6hDLwiDGx5BxbVLyNedBNjXe:2:0,T0,true,scheduled,success,json_ok,observed,on_time,observed,4f79204c1cf8583317fbdff0
solana:2pi73t97zzA9ft9SpNjE8MkEUzCeRStqyrSMRxcL8hB46CxJFnYAovAp6SDooYVP6hDLwiDGx5BxbVLyNedBNjXe:2:0,T+24h,true,scheduled,success,json_ok,observed,on_time,observed,87eda297ef2443ca6a14ae04
solana:2pi73t97zzA9ft9SpNjE8MkEUzCeRStqyrSMRxcL8hB46CxJFnYAovAp6SDooYVP6hDLwiDGx5BxbVLyNedBNjXe:2:0,T+60h,true,scheduled,success,json_ok,observed,on_time,observed,6994bca53ccedf0e2b5ee182
solana:5EfBY61HmYfjjvj492dvJK2xwUoSMhPTUZpCw2McjvAHpZRXX3zScznaBuyt1K5sUpq3yUkYBX7vrxCJowoBx7HH:2:0,T0,true,scheduled,success,json_ok,observed,on_time,observed,075d9bf75858beaf6010c3b5
solana:5EfBY61HmYfjjvj492dvJK2xwUoSMhPTUZpCw2McjvAHpZRXX3zScznaBuyt1K5sUpq3yUkYBX7vrxCJowoBx7HH:2:0,T+24h,true,scheduled,success,json_ok,observed,on_time,observed,b300255471318e8f88d2d195
solana:5EfBY61HmYfjjvj492dvJK2xwUoSMhPTUZpCw2McjvAHpZRXX3zScznaBuyt1K5sUpq3yUkYBX7vrxCJowoBx7HH:2:0,T+60h,true,scheduled,success,json_ok,observed,on_time,observed,eb40f2c3981346812c83a303
solana:AfgzdAxtVzFrf4miyS9M7mdsRFs5AbeZVrjXN893mK6ktE8zTryezomeEsomNKYsZnMZvHps1pcz9Fchw7kzmmC:2:0,T0,true,scheduled,success,json_ok,observed,on_time,observed,e9566689e8934f3c3f243c95
solana:AfgzdAxtVzFrf4miyS9M7mdsRFs5AbeZVrjXN893mK6ktE8zTryezomeEsomNKYsZnMZvHps1pcz9Fchw7kzmmC:2:0,T+24h,true,scheduled,success,json_ok,observed,on_time,observed,5aee313067de4b2ffa46ed20
solana:AfgzdAxtVzFrf4miyS9M7mdsRFs5AbeZVrjXN893mK6ktE8zTryezomeEsomNKYsZnMZvHps1pcz9Fchw7kzmmC:2:0,T+60h,true,scheduled,success,json_ok,observed,on_time,observed,303a418fbef50e22511fa6b6
solana:48HzyNXCa3jTTnBuVvyPQQZC7McHnXqvBSaGNzEMvQTuLNdVQ67wNNJGVw6WqMMoHtByqLjSofLPNJsEUxFKUkHB:2:0,T0,true,scheduled,success,json_ok,observed,on_time,observed,4117ec9909ba9bc4048031c4
solana:48HzyNXCa3jTTnBuVvyPQQZC7McHnXqvBSaGNzEMvQTuLNdVQ67wNNJGVw6WqMMoHtByqLjSofLPNJsEUxFKUkHB:2:0,T+24h,true,scheduled,success,json_ok,observed,on_time,observed,8ce17d5dd1608058930a56ba
solana:48HzyNXCa3jTTnBuVvyPQQZC7McHnXqvBSaGNzEMvQTuLNdVQ67wNNJGVw6WqMMoHtByqLjSofLPNJsEUxFKUkHB:2:0,T+60h,true,scheduled,success,json_ok,observed,on_time,observed,c45a9c4a2ea4438390945d7b
solana:3sjdapo8HtgMchFUbDKhbZQgV6zDiTqbqfnmBAysABZXfs42j65sSXtwkyXY2utrFyWdhgLDru9oi4vyzEsbvRQ5:2:0,T0,true,scheduled,failed,not_observed,not_observed,on_time,request_failed,ef9620494fe49c9b71bcf299
solana:3sjdapo8HtgMchFUbDKhbZQgV6zDiTqbqfnmBAysABZXfs42j65sSXtwkyXY2utrFyWdhgLDru9oi4vyzEsbvRQ5:2:0,T+24h,true,scheduled,failed,not_observed,not_observed,on_time,request_failed,3687f432ceacff3414e55edb
solana:3sjdapo8HtgMchFUbDKhbZQgV6zDiTqbqfnmBAysABZXfs42j65sSXtwkyXY2utrFyWdhgLDru9oi4vyzEsbvRQ5:2:0,T+60h,true,scheduled,failed,not_observed,not_observed,on_time,request_failed,03603ff008e3534bac02f455
solana:35EqTa51LEzhMts6DSaQeocaodQrZeYzFvn9WKDa7sY3mACJedhqoNWUn7muukhHtPRKBS3LFC6gme4ZeWB7QsY9:2:0,T0,true,scheduled,success,json_ok,observed,on_time,observed,aad2634222763a79b5a94d74
solana:35EqTa51LEzhMts6DSaQeocaodQrZeYzFvn9WKDa7sY3mACJedhqoNWUn7muukhHtPRKBS3LFC6gme4ZeWB7QsY9:2:0,T+24h,true,scheduled,success,json_ok,observed,on_time,observed,a637ba5fda0d54fe0a764d1b
solana:35EqTa51LEzhMts6DSaQeocaodQrZeYzFvn9WKDa7sY3mACJedhqoNWUn7muukhHtPRKBS3LFC6gme4ZeWB7QsY9:2:0,T+60h,true,scheduled,success,json_ok,observed,on_time,observed,fac2b54e43397b98df0ecd08
solana:2GDi3cjspbJVMJumgw8AJN5V8BPyKTRQPtLV1TQVkv9H4BiN3cC8EWqrBbZcxwwaJFrB4vD7mLG8dwcCUBFHAPu8:2:0,T0,true,scheduled,success,json_ok,observed,on_time,observed,3054072999dce005bdd8a693
solana:2GDi3cjspbJVMJumgw8AJN5V8BPyKTRQPtLV1TQVkv9H4BiN3cC8EWqrBbZcxwwaJFrB4vD7mLG8dwcCUBFHAPu8:2:0,T+24h,true,scheduled,success,json_ok,observed,on_time,observed,2f16516082a1c99a09b5bb71
solana:2GDi3cjspbJVMJumgw8AJN5V8BPyKTRQPtLV1TQVkv9H4BiN3cC8EWqrBbZcxwwaJFrB4vD7mLG8dwcCUBFHAPu8:2:0,T+60h,true,scheduled,success,json_ok,observed,on_time,observed,1c851e1887254f8a42796edb
solana:NHtJEe3LXJ4QYANqhVNRbDrZeTTig3ci8qjv6NcjDh13srHLfQ12rbpLVJybyLn8UYaQkWVXsS9NJBta16EepPt:2:0,T0,true,scheduled,success,json_ok,observed,on_time,observed,5aa8d2d45a862c4f0229483f
solana:NHtJEe3LXJ4QYANqhVNRbDrZeTTig3ci8qjv6NcjDh13srHLfQ12rbpLVJybyLn8UYaQkWVXsS9NJBta16EepPt:2:0,T+24h,true,scheduled,success,json_ok,observed,on_time,observed,9427595591aba68eb1981d5d
solana:NHtJEe3LXJ4QYANqhVNRbDrZeTTig3ci8qjv6NcjDh13srHLfQ12rbpLVJybyLn8UYaQkWVXsS9NJBta16EepPt:2:0,T+60h,true,scheduled,success,json_ok,observed,on_time,observed,317b7e43d0592ee3f1b79cd3
solana:3i4bz7y3akRgnQ1CeA16TeCvse3hge7csFkMpLMWtiNLDuz3pJ2dijzxi2dqZef7ab5MRcMiyJE4fPVcDeByj5JB:0:0,T0,true,scheduled,failed,not_observed,not_observed,late,request_failed,44312a87706efa08244b785f
solana:3i4bz7y3akRgnQ1CeA16TeCvse3hge7csFkMpLMWtiNLDuz3pJ2dijzxi2dqZef7ab5MRcMiyJE4fPVcDeByj5JB:0:0,T+24h,true,scheduled,failed,not_observed,not_observed,late,request_failed,f61da32d9230c596d7e54cd0
solana:3i4bz7y3akRgnQ1CeA16TeCvse3hge7csFkMpLMWtiNLDuz3pJ2dijzxi2dqZef7ab5MRcMiyJE4fPVcDeByj5JB:0:0,T+60h,true,scheduled,failed,not_observed,not_observed,on_time,request_failed,93c726c10a3650f7f9d5d9a6
solana:4Y93yT7RPXMoRAKDshgzB4unC3W94pbcdmbSFMjK7bLyazZD57FeVq93n79pj6TrPo6neVdP1xSuCVrhRc2GN6DA:2:0,T0,true,scheduled,success,json_ok,observed,on_time,observed,c879477f5ec7e7bd977a4789
solana:4Y93yT7RPXMoRAKDshgzB4unC3W94pbcdmbSFMjK7bLyazZD57FeVq93n79pj6TrPo6neVdP1xSuCVrhRc2GN6DA:2:0,T+24h,true,scheduled,success,json_ok,observed,on_time,observed,3f69cf6ee44156200a8df646
solana:4Y93yT7RPXMoRAKDshgzB4unC3W94pbcdmbSFMjK7bLyazZD57FeVq93n79pj6TrPo6neVdP1xSuCVrhRc2GN6DA:2:0,T+60h,true,scheduled,success,json_ok,observed,on_time,observed,5f4f77bf08f09f25624432fc
solana:4Evg7XH2GZnugDLaxGjKf5jexSbqhCGLAw1FJ7tjjvSAHFyFcm5uesvdGHyCThUdyo4ch4Bh4SprTStbmpyg156m:2:0,T0,true,scheduled,success,json_ok,observed,on_time,observed,f1018e95fc0eb1ca6b117f89
solana:4Evg7XH2GZnugDLaxGjKf5jexSbqhCGLAw1FJ7tjjvSAHFyFcm5uesvdGHyCThUdyo4ch4Bh4SprTStbmpyg156m:2:0,T+24h,true,scheduled,success,json_ok,observed,on_time,observed,6b9b7ff2cd2a0a5861b4cb22
solana:4Evg7XH2GZnugDLaxGjKf5jexSbqhCGLAw1FJ7tjjvSAHFyFcm5uesvdGHyCThUdyo4ch4Bh4SprTStbmpyg156m:2:0,T+60h,true,scheduled,success,json_ok,observed,on_time,observed,823dbe1d0ff05fb45fc5154b
solana:wm2SX5PWH9zwFu1LJf1G7wRk9EsC9VQkCACWVMAq4acrmkV9XwgTRY9X8fi3btnSp15TgpiJu4uE35bCHvpocZY:2:0,T0,true,scheduled,success,json_ok,observed,on_time,observed,d47ae72e0991f237798745fb
solana:wm2SX5PWH9zwFu1LJf1G7wRk9EsC9VQkCACWVMAq4acrmkV9XwgTRY9X8fi3btnSp15TgpiJu4uE35bCHvpocZY:2:0,T+24h,true,scheduled,success,json_ok,observed,on_time,observed,423cb95d303301a66da4d84c
solana:wm2SX5PWH9zwFu1LJf1G7wRk9EsC9VQkCACWVMAq4acrmkV9XwgTRY9X8fi3btnSp15TgpiJu4uE35bCHvpocZY:2:0,T+60h,true,scheduled,success,json_ok,observed,on_time,observed,cb67a82e602c99796676b39a
solana:NXAhZPCjQB3H9kRWqSC44nudC4kLf5vqEUDYgHVQCMGxsDeAUeP5qhbpAKHgzNSs6HVCz3YSMiT2tdtPAToYzSV:2:0,T0,true,scheduled,success,json_ok,observed,on_time,observed,eec51893eb7ab2a0372b9ff6
solana:NXAhZPCjQB3H9kRWqSC44nudC4kLf5vqEUDYgHVQCMGxsDeAUeP5qhbpAKHgzNSs6HVCz3YSMiT2tdtPAToYzSV:2:0,T+24h,true,scheduled,success,json_ok,observed,on_time,observed,5ca9510dffcb035aa705644c
solana:NXAhZPCjQB3H9kRWqSC44nudC4kLf5vqEUDYgHVQCMGxsDeAUeP5qhbpAKHgzNSs6HVCz3YSMiT2tdtPAToYzSV:2:0,T+60h,true,scheduled,success,json_ok,observed,on_time,observed,3dca29a0ee06b95e4031c700
solana:5HsnSUZsMtzHVnVMF71haznHtdv7vErZyEiEsNPyqNDXMJi7cpWanR3YNNc4Y7Pr34md1j2n1jZVEFLek1uKbpc7:2:0,T0,true,scheduled,success,json_ok,observed,on_time,observed,6c37baf768e0dbe70a3f4c41
solana:5HsnSUZsMtzHVnVMF71haznHtdv7vErZyEiEsNPyqNDXMJi7cpWanR3YNNc4Y7Pr34md1j2n1jZVEFLek1uKbpc7:2:0,T+24h,true,scheduled,success,json_ok,observed,on_time,observed,19618498f077c24d948d2a88
solana:5HsnSUZsMtzHVnVMF71haznHtdv7vErZyEiEsNPyqNDXMJi7cpWanR3YNNc4Y7Pr34md1j2n1jZVEFLek1uKbpc7:2:0,T+60h,true,scheduled,success,json_ok,observed,on_time,observed,8ed78eabc29e8849d01746e6
solana:A6iBFehwQjZtDGZG2YUNDEQdm7mAK8iAfur3phBcFBTA1zBwSrXi5DSdJmbLviU857RsvJsKhbCH8ttiYLPHXSZ:2:0,T0,true,scheduled,success,json_ok,observed,on_time,observed,62f9197aada0a8cfa0c11430
solana:A6iBFehwQjZtDGZG2YUNDEQdm7mAK8iAfur3phBcFBTA1zBwSrXi5DSdJmbLviU857RsvJsKhbCH8ttiYLPHXSZ:2:0,T+24h,true,scheduled,success,json_ok,observed,on_time,observed,d58fc6bdd9c13158e4cb6302
solana:A6iBFehwQjZtDGZG2YUNDEQdm7mAK8iAfur3phBcFBTA1zBwSrXi5DSdJmbLviU857RsvJsKhbCH8ttiYLPHXSZ:2:0,T+60h,true,scheduled,success,json_ok,observed,on_time,observed,773fac05882c1d9647dad9e9
solana:5dBLjwX7Dk7JvHwcjabwcUK4mWBJkDCHY6PsfdhoeYg7jJF93g3uXg5zqefkM7xkUee8q5fhCjE19wX4BXQUav4o:2:1,T0,true,scheduled,success,json_ok,observed,on_time,observed,d04a49e0590afa648a14d2af
solana:5dBLjwX7Dk7JvHwcjabwcUK4mWBJkDCHY6PsfdhoeYg7jJF93g3uXg5zqefkM7xkUee8q5fhCjE19wX4BXQUav4o:2:1,T+24h,true,scheduled,success,json_ok,observed,on_time,observed,d4be2c8ce7725a8970ac733b
solana:5dBLjwX7Dk7JvHwcjabwcUK4mWBJkDCHY6PsfdhoeYg7jJF93g3uXg5zqefkM7xkUee8q5fhCjE19wX4BXQUav4o:2:1,T+60h,true,scheduled,success,json_ok,observed,on_time,observed,36932f8ac583dfdfd74aa479
solana:3UKH2ZuXVVYnKkbd4HYiWMEtYBejr9uTA5kSTUrM6hR3ZWxwtZx5uC7pAHEsjLSTbBVa6QUDkD3xwzsfzbmckNxs:2:0,T0,true,scheduled,success,json_ok,observed,on_time,observed,91c1c45c4b0b3abc85000247
solana:3UKH2ZuXVVYnKkbd4HYiWMEtYBejr9uTA5kSTUrM6hR3ZWxwtZx5uC7pAHEsjLSTbBVa6QUDkD3xwzsfzbmckNxs:2:0,T+24h,true,scheduled,success,json_ok,observed,on_time,observed,c8697345bd681b365156f593
solana:3UKH2ZuXVVYnKkbd4HYiWMEtYBejr9uTA5kSTUrM6hR3ZWxwtZx5uC7pAHEsjLSTbBVa6QUDkD3xwzsfzbmckNxs:2:0,T+60h,true,scheduled,success,json_ok,observed,on_time,observed,9f2490bc466b7afc5b943122
solana:2GXMXopBrgBwRZt4Nc1qkgpqn7togajZuSSKf2TFpJS4bioh1cRYJPFtv9DX153RczmDH2jjWHhvciZkXbBPcjxQ:2:0,T0,true,scheduled,success,json_ok,observed,on_time,observed,40381010901b5786f20aa8df
solana:2GXMXopBrgBwRZt4Nc1qkgpqn7togajZuSSKf2TFpJS4bioh1cRYJPFtv9DX153RczmDH2jjWHhvciZkXbBPcjxQ:2:0,T+24h,true,scheduled,success,json_ok,observed,on_time,observed,3cacafb94f15ccc40bcc0b0b
solana:2GXMXopBrgBwRZt4Nc1qkgpqn7togajZuSSKf2TFpJS4bioh1cRYJPFtv9DX153RczmDH2jjWHhvciZkXbBPcjxQ:2:0,T+60h,true,scheduled,success,json_ok,observed,on_time,observed,69470b727b6879c014f0e0f1
solana:31aGjF23mvZDN5MXGj9wHpwHgxzGFGFV19qEEuZ8KoALUX4jiqERs6KRqWoNhMMPvE3vVtdmafcAu6yhYttTgJkH:2:0,T0,true,scheduled,success,json_ok,observed,on_time,observed,ce45366035c92c03b0cba378
solana:31aGjF23mvZDN5MXGj9wHpwHgxzGFGFV19qEEuZ8KoALUX4jiqERs6KRqWoNhMMPvE3vVtdmafcAu6yhYttTgJkH:2:0,T+24h,true,scheduled,success,json_ok,observed,on_time,observed,5e726f692dfd62558866ddb6
solana:31aGjF23mvZDN5MXGj9wHpwHgxzGFGFV19qEEuZ8KoALUX4jiqERs6KRqWoNhMMPvE3vVtdmafcAu6yhYttTgJkH:2:0,T+60h,true,scheduled,success,json_ok,observed,on_time,observed,7a8733c64b1d731eb61adf01
solana:4ZwqCN4hZ4L3gzn3ZBjyRcFqzK3su4Jm5LfoVF48Tu5yrmKdrcxiP2MqQnpyUNU7CGGiTMGcDY9agtcRjMBc7ABf:2:0,T0,true,scheduled,success,json_ok,observed,on_time,observed,3f97cc58e3f208d3c964d847
solana:4ZwqCN4hZ4L3gzn3ZBjyRcFqzK3su4Jm5LfoVF48Tu5yrmKdrcxiP2MqQnpyUNU7CGGiTMGcDY9agtcRjMBc7ABf:2:0,T+24h,true,scheduled,success,json_ok,observed,on_time,observed,53b5c468caa7f6eb302d0435
solana:4ZwqCN4hZ4L3gzn3ZBjyRcFqzK3su4Jm5LfoVF48Tu5yrmKdrcxiP2MqQnpyUNU7CGGiTMGcDY9agtcRjMBc7ABf:2:0,T+60h,true,scheduled,success,json_ok,observed,on_time,observed,9ca0b600c108f1b614aa9b95
solana:5GRquRcxbq9QfDbs5ufQSna94zNeh3zLmjiYXS5KnouY6VPU7BLzCUwdy4Jzibt6LUyihRTHcBrNAcCeA7GrRfR9:2:0,T0,true,scheduled,not_collected_policy,not_collected_policy,not_observed,not_applicable,not_collected_policy,74f6c8fb6cc314553ae965c7
solana:5GRquRcxbq9QfDbs5ufQSna94zNeh3zLmjiYXS5KnouY6VPU7BLzCUwdy4Jzibt6LUyihRTHcBrNAcCeA7GrRfR9:2:0,T+24h,true,scheduled,not_collected_policy,not_collected_policy,not_observed,not_applicable,not_collected_policy,7ec6bb8fc43e473fa9942732
solana:5GRquRcxbq9QfDbs5ufQSna94zNeh3zLmjiYXS5KnouY6VPU7BLzCUwdy4Jzibt6LUyihRTHcBrNAcCeA7GrRfR9:2:0,T+60h,true,scheduled,not_collected_policy,not_collected_policy,not_observed,not_applicable,not_collected_policy,1f24fef774014881fc9704b4
solana:FFNiRaEqBB8BfipAzusrtVj2of6HQybqqTPUQQ4ZQwdgyxpQnRWqGjz5bFRtefESfZCuqtDRXPE6u2AgW7djPor:2:0,T0,true,scheduled,success,json_ok,observed,on_time,observed,fcb854d2761a12a53c6b3612
solana:FFNiRaEqBB8BfipAzusrtVj2of6HQybqqTPUQQ4ZQwdgyxpQnRWqGjz5bFRtefESfZCuqtDRXPE6u2AgW7djPor:2:0,T+24h,true,scheduled,success,json_ok,observed,on_time,observed,7271636cb4568db258739941
solana:FFNiRaEqBB8BfipAzusrtVj2of6HQybqqTPUQQ4ZQwdgyxpQnRWqGjz5bFRtefESfZCuqtDRXPE6u2AgW7djPor:2:0,T+60h,true,scheduled,success,json_ok,observed,on_time,observed,8c643c873fc1f201380b6d23
solana:3vM4Bh8Z1ygfgVLK1duuofTyQYY9J6qAwZ4YdQs87uQYReLdN3JFKSw8ajnhqn9hj9dbFVD84ohV8mf1RNumqA8m:2:0,T0,true,scheduled,success,json_ok,observed,on_time,observed,dad3b9de5b87d3620512b0d9
solana:3vM4Bh8Z1ygfgVLK1duuofTyQYY9J6qAwZ4YdQs87uQYReLdN3JFKSw8ajnhqn9hj9dbFVD84ohV8mf1RNumqA8m:2:0,T+24h,true,scheduled,success,json_ok,observed,on_time,observed,09ebd13984ff4b1ffe801598
solana:3vM4Bh8Z1ygfgVLK1duuofTyQYY9J6qAwZ4YdQs87uQYReLdN3JFKSw8ajnhqn9hj9dbFVD84ohV8mf1RNumqA8m:2:0,T+60h,true,scheduled,success,json_ok,observed,on_time,observed,a5344a49e88c18a831125fbd
solana:4t6dfRV6y2bCECocnn7ikVjpEg4n4R8tGLmm1RKoqcw5WmbKquoL2TFcyvKqSAtrxKmkJhVSRZW7TpdRP74k8j5C:2:0,T0,true,scheduled,success,json_ok,observed,on_time,observed,a00715aac76ce9dec616efa9
solana:4t6dfRV6y2bCECocnn7ikVjpEg4n4R8tGLmm1RKoqcw5WmbKquoL2TFcyvKqSAtrxKmkJhVSRZW7TpdRP74k8j5C:2:0,T+24h,true,scheduled,success,json_ok,observed,on_time,observed,bc3aa4e25abd9258e30a2613
solana:4t6dfRV6y2bCECocnn7ikVjpEg4n4R8tGLmm1RKoqcw5WmbKquoL2TFcyvKqSAtrxKmkJhVSRZW7TpdRP74k8j5C:2:0,T+60h,true,scheduled,success,json_ok,observed,on_time,observed,d33dfdba65e9f9367a6c83ee
solana:5euwhiHZC6yN87cr3vgyFr6VnMh3NXGXNeAXPD4YwHSFGFrJ367HGMDuxqGNrSHGxJoDcDXTt9MyXQXvk5zdiBHz:2:0,T0,true,scheduled,success,json_ok,observed,on_time,observed,d10e173b19d92e164f773a03
solana:5euwhiHZC6yN87cr3vgyFr6VnMh3NXGXNeAXPD4YwHSFGFrJ367HGMDuxqGNrSHGxJoDcDXTt9MyXQXvk5zdiBHz:2:0,T+24h,true,scheduled,success,json_ok,observed,on_time,observed,58f79291c2a2eddf96abf7ca
solana:5euwhiHZC6yN87cr3vgyFr6VnMh3NXGXNeAXPD4YwHSFGFrJ367HGMDuxqGNrSHGxJoDcDXTt9MyXQXvk5zdiBHz:2:0,T+60h,true,scheduled,success,json_ok,observed,on_time,observed,e0be24f2e65e011800d8bc85
solana:3S7daNheCEBUHKVECNGDgFXCGBviTTAxXPUhSBRHe5mKPhaFa338NfKHCPcDN8vXon9VxsKF5Pu65YHtpKXT8Fop:2:0,T0,true,scheduled,success,json_ok,observed,on_time,observed,732aec0d6b647f023ed17b12
solana:3S7daNheCEBUHKVECNGDgFXCGBviTTAxXPUhSBRHe5mKPhaFa338NfKHCPcDN8vXon9VxsKF5Pu65YHtpKXT8Fop:2:0,T+24h,true,scheduled,success,json_ok,observed,on_time,observed,bb38b26acf86ea75884715b1
solana:3S7daNheCEBUHKVECNGDgFXCGBviTTAxXPUhSBRHe5mKPhaFa338NfKHCPcDN8vXon9VxsKF5Pu65YHtpKXT8Fop:2:0,T+60h,true,scheduled,success,json_ok,observed,on_time,observed,6e553270c1a65cfb364c0e11
solana:3odeCRFsiyDG25TgyyfFgA1L6TFrvcSkz9hnZ8ME7PNxorYQsgWEDXsgTo8jBaDM8RboYDc2UbjCKzD6NZZ6vRjB:2:0,T0,true,scheduled,success,json_ok,observed,on_time,observed,bf0c284a5a971b0fd1c82926
solana:3odeCRFsiyDG25TgyyfFgA1L6TFrvcSkz9hnZ8ME7PNxorYQsgWEDXsgTo8jBaDM8RboYDc2UbjCKzD6NZZ6vRjB:2:0,T+24h,true,scheduled,success,json_ok,observed,on_time,observed,2e0ac16285bf37549302ae6f
solana:3odeCRFsiyDG25TgyyfFgA1L6TFrvcSkz9hnZ8ME7PNxorYQsgWEDXsgTo8jBaDM8RboYDc2UbjCKzD6NZZ6vRjB:2:0,T+60h,true,scheduled,success,json_ok,observed,on_time,observed,be3bf4446cece98f50879bdb
solana:qkGBVV1SmiVHbTkn2qWLQz6n7AAr13ajn4Hg5ptqtGmDTVJ1qwjSjrhE4wJTCD8dpHE1gD5pKH3VQdoEv7XdpZq:2:0,T0,true,scheduled,success,json_ok,observed,on_time,observed,6cc4c70e6a1d93da6885c90a
solana:qkGBVV1SmiVHbTkn2qWLQz6n7AAr13ajn4Hg5ptqtGmDTVJ1qwjSjrhE4wJTCD8dpHE1gD5pKH3VQdoEv7XdpZq:2:0,T+24h,true,scheduled,success,json_ok,observed,on_time,observed,8965724b982ac1dd9df6038c
solana:qkGBVV1SmiVHbTkn2qWLQz6n7AAr13ajn4Hg5ptqtGmDTVJ1qwjSjrhE4wJTCD8dpHE1gD5pKH3VQdoEv7XdpZq:2:0,T+60h,true,scheduled,success,json_ok,observed,on_time,observed,46d26bb33e823a10011a47e1
solana:5TjcTN9RAtPg6w8ZypzbWz4TJnYs9e2xBzUpAhPEmFXM4EvApaBR6w3AgeZgwdUwbwka3crF9fKXdAKQtPH4MbgW:2:0,T0,true,scheduled,success,json_ok,observed,on_time,observed,5343f0b80211c769471542ff
solana:5TjcTN9RAtPg6w8ZypzbWz4TJnYs9e2xBzUpAhPEmFXM4EvApaBR6w3AgeZgwdUwbwka3crF9fKXdAKQtPH4MbgW:2:0,T+24h,true,scheduled,success,json_ok,observed,on_time,observed,fa45d81298b9f435324bac9c
solana:5TjcTN9RAtPg6w8ZypzbWz4TJnYs9e2xBzUpAhPEmFXM4EvApaBR6w3AgeZgwdUwbwka3crF9fKXdAKQtPH4MbgW:2:0,T+60h,true,scheduled,success,json_ok,observed,on_time,observed,7ea89783201117fcd4f2c47a
solana:4BAsxSVmtKi7qeN2k3KEbXSGhXEvvUSS65oknb7m93pQyxc9A73PXZrHucZJGNuGSpXy5oC67CJgQvTab9r3KgP1:2:0,T0,true,scheduled,success,json_ok,observed,on_time,observed,7f470d55d4e3ab19e44fd2fb
solana:4BAsxSVmtKi7qeN2k3KEbXSGhXEvvUSS65oknb7m93pQyxc9A73PXZrHucZJGNuGSpXy5oC67CJgQvTab9r3KgP1:2:0,T+24h,true,scheduled,success,json_ok,observed,on_time,observed,3c25e33b169f8c06c15a7840
solana:4BAsxSVmtKi7qeN2k3KEbXSGhXEvvUSS65oknb7m93pQyxc9A73PXZrHucZJGNuGSpXy5oC67CJgQvTab9r3KgP1:2:0,T+60h,true,scheduled,success,json_ok,observed,on_time,observed,685475f551678917706d0572
solana:5kabh2FwZc6BtX3Zy225p3eMRvs9cq67zj2XKbn6qJKgYobPd1Lvew7LRovFmJ9ypiniJmTYKEcbsZ4BniGWXsV9:2:0,T0,true,scheduled,success,json_ok,observed,on_time,observed,1edb05a95c2eaa126d1c258a
solana:5kabh2FwZc6BtX3Zy225p3eMRvs9cq67zj2XKbn6qJKgYobPd1Lvew7LRovFmJ9ypiniJmTYKEcbsZ4BniGWXsV9:2:0,T+24h,true,scheduled,success,json_ok,observed,on_time,observed,8bc983c147c3b28e3597e859
solana:5kabh2FwZc6BtX3Zy225p3eMRvs9cq67zj2XKbn6qJKgYobPd1Lvew7LRovFmJ9ypiniJmTYKEcbsZ4BniGWXsV9:2:0,T+60h,true,scheduled,success,json_ok,observed,on_time,observed,d52200190ddbafb74c4b5636
solana:k9NyKKy5PcUD7cYgDwRGJFAMGrhneFSjP7uMxmxRm3iCwvy1L6Jfs1crWLjzV2sPpP1c6i1Kxz1VjmHpvEhWpRT:3:0,T0,true,scheduled,success,json_ok,observed,on_time,observed,ee919ec5f152a4f4c241c393
solana:k9NyKKy5PcUD7cYgDwRGJFAMGrhneFSjP7uMxmxRm3iCwvy1L6Jfs1crWLjzV2sPpP1c6i1Kxz1VjmHpvEhWpRT:3:0,T+24h,true,scheduled,success,json_ok,observed,on_time,observed,21fc76bc7758539572feac46
solana:k9NyKKy5PcUD7cYgDwRGJFAMGrhneFSjP7uMxmxRm3iCwvy1L6Jfs1crWLjzV2sPpP1c6i1Kxz1VjmHpvEhWpRT:3:0,T+60h,true,scheduled,success,json_ok,observed,on_time,observed,f00fa71f9641691b13f66d51
solana:2t4txMphgZuVC4pFswsc99Xc3DJyGGjdDoaEbmipgocWk6fhBGB28e9h26BEJiiYtaV1B5VusTDnyFqb59KJEQww:2:0,T0,true,scheduled,not_collected_policy,not_collected_policy,not_observed,not_applicable,not_collected_policy,46b84037f3eb99a0c17e41a7
solana:2t4txMphgZuVC4pFswsc99Xc3DJyGGjdDoaEbmipgocWk6fhBGB28e9h26BEJiiYtaV1B5VusTDnyFqb59KJEQww:2:0,T+24h,true,scheduled,not_collected_policy,not_collected_policy,not_observed,not_applicable,not_collected_policy,bee70f2a38cd14940346fea7
solana:2t4txMphgZuVC4pFswsc99Xc3DJyGGjdDoaEbmipgocWk6fhBGB28e9h26BEJiiYtaV1B5VusTDnyFqb59KJEQww:2:0,T+60h,true,scheduled,not_collected_policy,not_collected_policy,not_observed,not_applicable,not_collected_policy,993095e4d3d4c78d8fd06e66
solana:2TnJSPTcgPRPcDdVBRP49pJjVygQmEZxFDwxysWq9RUsi25gVTuiuVMfYgAVNYfuNXoGpAd6KLHYMe7DREoDfKpq:2:0,T0,true,scheduled,success,json_ok,observed,on_time,observed,c29ddbada255225b6e0905e0
solana:2TnJSPTcgPRPcDdVBRP49pJjVygQmEZxFDwxysWq9RUsi25gVTuiuVMfYgAVNYfuNXoGpAd6KLHYMe7DREoDfKpq:2:0,T+24h,true,scheduled,success,json_ok,observed,on_time,observed,9acd379b6416ee76771ec8fc
solana:2TnJSPTcgPRPcDdVBRP49pJjVygQmEZxFDwxysWq9RUsi25gVTuiuVMfYgAVNYfuNXoGpAd6KLHYMe7DREoDfKpq:2:0,T+60h,true,scheduled,success,json_ok,observed,on_time,observed,57afaed4d8ede7c8edd6bf6f
solana:633fcSeJJbRQXSvp9ANcXCKLaA4hX3YkWJ3QaRwbnxz9GJSZLHDF2cHfKz2oLp6nmifdWAxoMYGbGYRSghUCwk3:2:0,T0,true,scheduled,success,json_ok,observed,on_time,observed,852cfc58feb75e80f48af392
solana:633fcSeJJbRQXSvp9ANcXCKLaA4hX3YkWJ3QaRwbnxz9GJSZLHDF2cHfKz2oLp6nmifdWAxoMYGbGYRSghUCwk3:2:0,T+24h,true,scheduled,success,json_ok,observed,on_time,observed,1114d08bf20258de8f35d775
solana:633fcSeJJbRQXSvp9ANcXCKLaA4hX3YkWJ3QaRwbnxz9GJSZLHDF2cHfKz2oLp6nmifdWAxoMYGbGYRSghUCwk3:2:0,T+60h,true,scheduled,success,json_ok,observed,on_time,observed,7d646e536c354f905a69c5a0
solana:47uAKEUWEbENc7iWRVSsEhHsCDMQxu4iBJiyC6NjJ1Ccb96f92QqZyMgMsZ5kZ7wWv36eE8RcW6RQqYfZcit6iJP:2:0,T0,true,scheduled,success,json_ok,observed,on_time,observed,b22425b062d1f56fecc96ccc
solana:47uAKEUWEbENc7iWRVSsEhHsCDMQxu4iBJiyC6NjJ1Ccb96f92QqZyMgMsZ5kZ7wWv36eE8RcW6RQqYfZcit6iJP:2:0,T+24h,true,scheduled,success,json_ok,observed,on_time,observed,3f75f927a4f4893c3ab9aec5
solana:47uAKEUWEbENc7iWRVSsEhHsCDMQxu4iBJiyC6NjJ1Ccb96f92QqZyMgMsZ5kZ7wWv36eE8RcW6RQqYfZcit6iJP:2:0,T+60h,true,scheduled,success,json_ok,observed,on_time,observed,8859546c49d22d5d8e8e9c91
solana:2GFre8vkhC1K1eh5CiDoqmkdXo18dUXNtCYg65rJb4NTADRJhfEv7kecwAVhkrme4KgkFwHB7j3KRBecF2QWdFmG:2:0,T0,true,scheduled,success,json_ok,observed,on_time,observed,a11759e39584b7cd4ecb5013
solana:2GFre8vkhC1K1eh5CiDoqmkdXo18dUXNtCYg65rJb4NTADRJhfEv7kecwAVhkrme4KgkFwHB7j3KRBecF2QWdFmG:2:0,T+24h,true,scheduled,success,json_ok,observed,on_time,observed,6bfd2930715c631dcc75ab48
solana:2GFre8vkhC1K1eh5CiDoqmkdXo18dUXNtCYg65rJb4NTADRJhfEv7kecwAVhkrme4KgkFwHB7j3KRBecF2QWdFmG:2:0,T+60h,true,scheduled,success,json_ok,observed,on_time,observed,5a4e5db55c02c2eefaaa1f93
solana:2MdLrzqDS85T6qY2dsmhER5etYCGXRXxEZPPi8Df6xXsRVrdRuZQuAFytVbPcpCEumPnmFqjB4ZfpzDau6M7tfCW:2:0,T0,true,scheduled,success,json_ok,observed,on_time,observed,6834f7993ee0edd781e8c1d6
solana:2MdLrzqDS85T6qY2dsmhER5etYCGXRXxEZPPi8Df6xXsRVrdRuZQuAFytVbPcpCEumPnmFqjB4ZfpzDau6M7tfCW:2:0,T+24h,true,scheduled,success,json_ok,observed,on_time,observed,75bdf804a319520ccae69896
solana:2MdLrzqDS85T6qY2dsmhER5etYCGXRXxEZPPi8Df6xXsRVrdRuZQuAFytVbPcpCEumPnmFqjB4ZfpzDau6M7tfCW:2:0,T+60h,true,scheduled,success,json_ok,observed,on_time,observed,e99da10f450ac01a24e988a7
solana:3pXDCpHbThsf65iSuD3UGjRvsRScJu6T4TFrkzuBXUcQCybfH6hU17YKaQjrcm7oHJcPxtGaZMH6Jvgc9H83kpU:2:0,T0,true,scheduled,success,json_ok,observed,on_time,observed,04cf8eead422f4c486cabe99
solana:3pXDCpHbThsf65iSuD3UGjRvsRScJu6T4TFrkzuBXUcQCybfH6hU17YKaQjrcm7oHJcPxtGaZMH6Jvgc9H83kpU:2:0,T+24h,true,scheduled,success,json_ok,observed,on_time,observed,0f00822ea406357154332121
solana:3pXDCpHbThsf65iSuD3UGjRvsRScJu6T4TFrkzuBXUcQCybfH6hU17YKaQjrcm7oHJcPxtGaZMH6Jvgc9H83kpU:2:0,T+60h,true,scheduled,success,json_ok,observed,on_time,observed,7fe8291779f0b0e2fe39d611
solana:4VfgBbkXFUpT2q3MM9sAyXtrbu89SmDUsCxvTNBSQHEPE3P5367757y2NnLfiR6wXsF1qWqBnB3nQn7MaxKfve3v:0:0,T0,true,scheduled,success,json_ok,observed,on_time,observed,0c10794b21f70333029394cc
solana:4VfgBbkXFUpT2q3MM9sAyXtrbu89SmDUsCxvTNBSQHEPE3P5367757y2NnLfiR6wXsF1qWqBnB3nQn7MaxKfve3v:0:0,T+24h,true,scheduled,success,json_ok,observed,on_time,observed,2c9f3a9c03e05bea82f3b592
solana:4VfgBbkXFUpT2q3MM9sAyXtrbu89SmDUsCxvTNBSQHEPE3P5367757y2NnLfiR6wXsF1qWqBnB3nQn7MaxKfve3v:0:0,T+60h,true,scheduled,success,json_ok,observed,on_time,observed,175dee2507ba3091809b6f01
solana:4VVzYZdf5SNzQ7BjbrUdxaPGBUd4k7bFcgiSzRVzRbShSKY8kVLumis4Hd9oNPof23sMUFuFS9aySPE2z4GRnWN6:2:0,T0,true,scheduled,success,json_ok,observed,on_time,observed,2270c04cb856776c4365dd1c
solana:4VVzYZdf5SNzQ7BjbrUdxaPGBUd4k7bFcgiSzRVzRbShSKY8kVLumis4Hd9oNPof23sMUFuFS9aySPE2z4GRnWN6:2:0,T+24h,true,scheduled,success,json_ok,observed,on_time,observed,2b02b64f1e9888a88f9f1e90
solana:4VVzYZdf5SNzQ7BjbrUdxaPGBUd4k7bFcgiSzRVzRbShSKY8kVLumis4Hd9oNPof23sMUFuFS9aySPE2z4GRnWN6:2:0,T+60h,true,scheduled,success,json_ok,observed,on_time,observed,4947c80f17e0afb37b5c8325
solana:2JmwWLaBgaNR5zVhWXuRUk6kCrMHmz5oU2TaeKtfM3ATeZ6MC73CdLyKdJLQRF98fbK52yeTypJ4xCpg4thwvgxr:2:0,T0,true,scheduled,success,json_ok,observed,on_time,observed,803c08e498c413470f3ce666
solana:2JmwWLaBgaNR5zVhWXuRUk6kCrMHmz5oU2TaeKtfM3ATeZ6MC73CdLyKdJLQRF98fbK52yeTypJ4xCpg4thwvgxr:2:0,T+24h,true,scheduled,success,json_ok,observed,on_time,observed,a0a6a0610bc8e67a90448f7b
solana:2JmwWLaBgaNR5zVhWXuRUk6kCrMHmz5oU2TaeKtfM3ATeZ6MC73CdLyKdJLQRF98fbK52yeTypJ4xCpg4thwvgxr:2:0,T+60h,true,scheduled,success,json_ok,observed,on_time,observed,4ef9d5cc2e2de19322f41a68
solana:3ykddnKFaFwpbvA14R1zMU29hceqAH7FqbnpytKQi6VcypZR9yiy2jtwa4ANhziktPB3ygtTcSciUhcoqSDv7qwK:2:0,T0,true,scheduled,success,json_ok,observed,on_time,observed,2776691e8304518c8cf493c0
solana:3ykddnKFaFwpbvA14R1zMU29hceqAH7FqbnpytKQi6VcypZR9yiy2jtwa4ANhziktPB3ygtTcSciUhcoqSDv7qwK:2:0,T+24h,true,scheduled,success,json_ok,observed,on_time,observed,34c02e8c98fa00da2e166869
solana:3ykddnKFaFwpbvA14R1zMU29hceqAH7FqbnpytKQi6VcypZR9yiy2jtwa4ANhziktPB3ygtTcSciUhcoqSDv7qwK:2:0,T+60h,true,scheduled,success,json_ok,observed,on_time,observed,d9758cd1b5dc821cb3819b8b
solana:3XZ5C27vjBFmFutC78xkRJkfeEtbf1efYw2JV8fZ4qnbYTajT7wBEXS6gbuGVPb3Y1DHe1MWu425rfhS8svArGRg:2:0,T0,true,scheduled,success,json_ok,observed,on_time,observed,99a2b280453a826f82c89531
solana:3XZ5C27vjBFmFutC78xkRJkfeEtbf1efYw2JV8fZ4qnbYTajT7wBEXS6gbuGVPb3Y1DHe1MWu425rfhS8svArGRg:2:0,T+24h,true,scheduled,success,json_ok,observed,on_time,observed,e9f18faefc95302baecae178
solana:3XZ5C27vjBFmFutC78xkRJkfeEtbf1efYw2JV8fZ4qnbYTajT7wBEXS6gbuGVPb3Y1DHe1MWu425rfhS8svArGRg:2:0,T+60h,true,scheduled,success,json_ok,observed,on_time,observed,f89d36ae672fa34f6d473566
solana:5uUws6DcFGnHBmEPpwmZskSmtsMTYKnT8Vi39LVzoZRYCYcA7tJ3iDfKveKJgc3roBftKchrnGs1VvsZwP3RPDRq:2:0,T0,true,scheduled,success,json_ok,observed,on_time,observed,129e5416eb5d9a737f684bac
solana:5uUws6DcFGnHBmEPpwmZskSmtsMTYKnT8Vi39LVzoZRYCYcA7tJ3iDfKveKJgc3roBftKchrnGs1VvsZwP3RPDRq:2:0,T+24h,true,scheduled,success,json_ok,observed,on_time,observed,1e55c7809c210f65244c261d
solana:5uUws6DcFGnHBmEPpwmZskSmtsMTYKnT8Vi39LVzoZRYCYcA7tJ3iDfKveKJgc3roBftKchrnGs1VvsZwP3RPDRq:2:0,T+60h,true,scheduled,success,json_ok,observed,on_time,observed,a1d8ef05314525923ba01265
solana:4FLeB2o8wSFq2mXSpEv97N3TFY6rtvfxg2WBd9TA3p7SyUFHmfLQKxUtn2CgiTycCsqrfb9VVoQ4xV8q7zJCXkHR:1:0,T0,true,scheduled,failed,not_observed,not_observed,on_time,request_failed,617a421db1bfab5e3c0921be
solana:4FLeB2o8wSFq2mXSpEv97N3TFY6rtvfxg2WBd9TA3p7SyUFHmfLQKxUtn2CgiTycCsqrfb9VVoQ4xV8q7zJCXkHR:1:0,T+24h,true,scheduled,failed,not_observed,not_observed,on_time,request_failed,717157adcf20c888a05ae9b7
solana:4FLeB2o8wSFq2mXSpEv97N3TFY6rtvfxg2WBd9TA3p7SyUFHmfLQKxUtn2CgiTycCsqrfb9VVoQ4xV8q7zJCXkHR:1:0,T+60h,true,scheduled,failed,not_observed,not_observed,on_time,request_failed,090a673f806aa769e75261cd
solana:3D69zfbhNuYjRzx5hVsrX2EnFnZR3vJXA2x5AHUnJsBwcW1ydN6gMznKXeKR4bwSvnK37kEkJXebQ3V7zgnwTCtV:0:0,T0,true,scheduled,success,json_ok,observed,on_time,observed,49fba27097658ef277c02654
solana:3D69zfbhNuYjRzx5hVsrX2EnFnZR3vJXA2x5AHUnJsBwcW1ydN6gMznKXeKR4bwSvnK37kEkJXebQ3V7zgnwTCtV:0:0,T+24h,true,scheduled,success,json_ok,observed,on_time,observed,adfa8feea4e68132a27a7f4f
solana:3D69zfbhNuYjRzx5hVsrX2EnFnZR3vJXA2x5AHUnJsBwcW1ydN6gMznKXeKR4bwSvnK37kEkJXebQ3V7zgnwTCtV:0:0,T+60h,true,scheduled,success,json_ok,observed,on_time,observed,624c79ac5f4f1fcf6c13d23e
solana:5yFy3xjYRzr3Qda54Mmv9JNWHy5meR83mq2M3QJgYrTYK1zpjn4EQpjMtgPCjQVG8pEpggYajscVfyuoR1YHMewQ:0:0,T0,true,scheduled,success,json_ok,observed,on_time,observed,5227d45e9846896a1c862456
solana:5yFy3xjYRzr3Qda54Mmv9JNWHy5meR83mq2M3QJgYrTYK1zpjn4EQpjMtgPCjQVG8pEpggYajscVfyuoR1YHMewQ:0:0,T+24h,true,scheduled,success,json_ok,observed,on_time,observed,de910eeb53511ae7fb18af42
solana:5yFy3xjYRzr3Qda54Mmv9JNWHy5meR83mq2M3QJgYrTYK1zpjn4EQpjMtgPCjQVG8pEpggYajscVfyuoR1YHMewQ:0:0,T+60h,true,scheduled,success,json_ok,observed,on_time,observed,11f78886f68873f574f05b0d
solana:xHHpFwfDNysoTmKFg8tzpEREXr59YSf3jiapnnbwJF3qRziKP8cYXUrLAwFoV2SadpLkfW2nE42r69HPWsLLbjF:2:0,T0,true,scheduled,success,json_ok,observed,on_time,observed,3d20eb87c30043af4d4b8fcd
solana:xHHpFwfDNysoTmKFg8tzpEREXr59YSf3jiapnnbwJF3qRziKP8cYXUrLAwFoV2SadpLkfW2nE42r69HPWsLLbjF:2:0,T+24h,true,scheduled,success,json_ok,observed,on_time,observed,0a75030e39ce60d2a91ee31d
solana:xHHpFwfDNysoTmKFg8tzpEREXr59YSf3jiapnnbwJF3qRziKP8cYXUrLAwFoV2SadpLkfW2nE42r69HPWsLLbjF:2:0,T+60h,true,scheduled,success,json_ok,observed,on_time,observed,b327b60ca77f99e2261c92dc
solana:51eb926d812kXeNvNpLzhB12PRCAaw2R6xeEfAayfNdzcM2v8cHYnH9mG6983KyoQhZKPc3oJxf5DyVMt9Bj7RQW:2:0,T0,true,scheduled,success,json_ok,observed,on_time,observed,10a7807a01d00eea4ac1dc71
solana:51eb926d812kXeNvNpLzhB12PRCAaw2R6xeEfAayfNdzcM2v8cHYnH9mG6983KyoQhZKPc3oJxf5DyVMt9Bj7RQW:2:0,T+24h,true,scheduled,success,json_ok,observed,on_time,observed,b5113db3ed150c90bc6f3262
solana:51eb926d812kXeNvNpLzhB12PRCAaw2R6xeEfAayfNdzcM2v8cHYnH9mG6983KyoQhZKPc3oJxf5DyVMt9Bj7RQW:2:0,T+60h,true,scheduled,success,json_ok,observed,on_time,observed,bd78ddd2903a22ec9293cd5c
solana:3xGd2pLkrAA3wYXM6x7DiiD15pPXa25N1KhacgWLsFVTsa5PaxWfJsMxa4cB4QuRQgNsWz7n9n33bV2XaUy6x47K:2:0,T0,true,scheduled,success,json_ok,observed,on_time,observed,ca4db01cc8a44298d00ced60
solana:3xGd2pLkrAA3wYXM6x7DiiD15pPXa25N1KhacgWLsFVTsa5PaxWfJsMxa4cB4QuRQgNsWz7n9n33bV2XaUy6x47K:2:0,T+24h,true,scheduled,success,json_ok,observed,on_time,observed,9ce58646787771e95605a44c
solana:3xGd2pLkrAA3wYXM6x7DiiD15pPXa25N1KhacgWLsFVTsa5PaxWfJsMxa4cB4QuRQgNsWz7n9n33bV2XaUy6x47K:2:0,T+60h,true,scheduled,success,json_ok,observed,on_time,observed,47ed69781a495c53669abf95
solana:4coD6aqKoEJ6SWYCYThfPnuno9WWGvgnErxhBKSkebRVMMXoJ1arMcZygKV2sPRFpTT198JuVXuD2niDANBgGBbX:2:0,T0,true,scheduled,success,json_ok,observed,on_time,observed,3eb5c5f9291bc15e0f3504f1
solana:4coD6aqKoEJ6SWYCYThfPnuno9WWGvgnErxhBKSkebRVMMXoJ1arMcZygKV2sPRFpTT198JuVXuD2niDANBgGBbX:2:0,T+24h,true,scheduled,success,json_ok,observed,on_time,observed,2ad108ff1ce7948af4e6ef7c
solana:4coD6aqKoEJ6SWYCYThfPnuno9WWGvgnErxhBKSkebRVMMXoJ1arMcZygKV2sPRFpTT198JuVXuD2niDANBgGBbX:2:0,T+60h,true,scheduled,success,json_ok,observed,on_time,observed,69c8bbe9f282d35555eb59cb
solana:4s1WSgNKEmdSNwvX21Y9ktC7ghnaHB5su52YwHae2rHGLjyQRR3WvR3iMaXbxeRhADEJexvJuxFKS24pgTKDSAbn:2:0,T0,true,scheduled,success,json_ok,observed,on_time,observed,a9e22b2a3665400b52f7ad23
solana:4s1WSgNKEmdSNwvX21Y9ktC7ghnaHB5su52YwHae2rHGLjyQRR3WvR3iMaXbxeRhADEJexvJuxFKS24pgTKDSAbn:2:0,T+24h,true,scheduled,success,json_ok,observed,on_time,observed,c2e9ae439e325ccf2575b256
solana:4s1WSgNKEmdSNwvX21Y9ktC7ghnaHB5su52YwHae2rHGLjyQRR3WvR3iMaXbxeRhADEJexvJuxFKS24pgTKDSAbn:2:0,T+60h,true,scheduled,success,json_ok,observed,on_time,observed,b36c5f28e9390d29d0de48a3
solana:3vMpJ4Cfwe4yfgkmPouJagVrJp1Z676ptmU2bEc6YqPZrtNDyjhj1Y2AGxGjDNgFPY9wVPWuDoTTQYsLEm9Xbpk5:0:0,T0,true,scheduled,success,json_ok,observed,on_time,observed,0b3fe124b5ae32776dd8d59d
solana:3vMpJ4Cfwe4yfgkmPouJagVrJp1Z676ptmU2bEc6YqPZrtNDyjhj1Y2AGxGjDNgFPY9wVPWuDoTTQYsLEm9Xbpk5:0:0,T+24h,true,scheduled,failed,not_observed,not_observed,on_time,request_failed,73da10b479fcc23e65c13f11
solana:3vMpJ4Cfwe4yfgkmPouJagVrJp1Z676ptmU2bEc6YqPZrtNDyjhj1Y2AGxGjDNgFPY9wVPWuDoTTQYsLEm9Xbpk5:0:0,T+60h,true,scheduled,failed,not_observed,not_observed,on_time,request_failed,86fd60f525eca24caa252e17
solana:2r4MTqyjZtV8fC4MoUXijRcmoW2rf2G6KY14vUyQYyeLSCWuWxME9hxLUk1aVuN6oAS1bSZvpP73JENQsmr3zWi3:2:0,T0,true,scheduled,success,json_ok,observed,on_time,observed,92c2117edc2e23d6112d2181
solana:2r4MTqyjZtV8fC4MoUXijRcmoW2rf2G6KY14vUyQYyeLSCWuWxME9hxLUk1aVuN6oAS1bSZvpP73JENQsmr3zWi3:2:0,T+24h,true,scheduled,success,json_ok,observed,on_time,observed,5357ec21695038f7d851d451
solana:2r4MTqyjZtV8fC4MoUXijRcmoW2rf2G6KY14vUyQYyeLSCWuWxME9hxLUk1aVuN6oAS1bSZvpP73JENQsmr3zWi3:2:0,T+60h,true,scheduled,success,json_ok,observed,on_time,observed,fc9f35c887d13f63ed1c0964
solana:3ZsLEV2JxdEmCSyrJ3LS2RHDhBfPeD4gvd9ehuYHS6xwZCe4gbNks7ZsU611nuZaWX1MSAn7MQd2KqRLM6qgekLs:2:0,T0,true,scheduled,success,json_ok,observed,on_time,observed,d1ad29200b22ae6884d3b3b6
solana:3ZsLEV2JxdEmCSyrJ3LS2RHDhBfPeD4gvd9ehuYHS6xwZCe4gbNks7ZsU611nuZaWX1MSAn7MQd2KqRLM6qgekLs:2:0,T+24h,true,scheduled,success,json_ok,observed,on_time,observed,7914a1c46dc5dcd212417c8b
solana:3ZsLEV2JxdEmCSyrJ3LS2RHDhBfPeD4gvd9ehuYHS6xwZCe4gbNks7ZsU611nuZaWX1MSAn7MQd2KqRLM6qgekLs:2:0,T+60h,true,scheduled,success,json_ok,observed,on_time,observed,e17dd26c95dab42808d9f1e4
solana:4GPHAy7QBG3d5Z4UZ5trW7XytnvVBB5oTA2wVUFzQ9MuzmNEF283dvDM1DjU8wxcvCmGz62FLu9YGCCZdEQgvSKU:2:0,T0,true,scheduled,success,json_ok,observed,on_time,observed,2e00ec21af6d9c85df046f47
solana:4GPHAy7QBG3d5Z4UZ5trW7XytnvVBB5oTA2wVUFzQ9MuzmNEF283dvDM1DjU8wxcvCmGz62FLu9YGCCZdEQgvSKU:2:0,T+24h,true,scheduled,success,json_ok,observed,on_time,observed,68b1a575cd8d1f1b24965aef
solana:4GPHAy7QBG3d5Z4UZ5trW7XytnvVBB5oTA2wVUFzQ9MuzmNEF283dvDM1DjU8wxcvCmGz62FLu9YGCCZdEQgvSKU:2:0,T+60h,true,scheduled,success,json_ok,observed,on_time,observed,fea3c7f749e532102b632712
solana:5Yo8jsfFY3HaU7RqeDJMzMi24CNWrwgarfWk9ZqT8w2C1AYddw5emwaiV58tv5HWhbr7mnKHpAtPoMG3gPpoFyyG:2:0,T0,true,scheduled,success,json_ok,observed,on_time,observed,6170eb2a8b59c729480d0cd0
solana:5Yo8jsfFY3HaU7RqeDJMzMi24CNWrwgarfWk9ZqT8w2C1AYddw5emwaiV58tv5HWhbr7mnKHpAtPoMG3gPpoFyyG:2:0,T+24h,true,scheduled,success,json_ok,observed,on_time,observed,6bb9f0b2ac5760981ad5e63d
solana:5Yo8jsfFY3HaU7RqeDJMzMi24CNWrwgarfWk9ZqT8w2C1AYddw5emwaiV58tv5HWhbr7mnKHpAtPoMG3gPpoFyyG:2:0,T+60h,true,scheduled,success,json_ok,observed,on_time,observed,1f1ae8f5de049a75213dd12e
solana:SoM6xYM9JqawYS7xtixYSdJy1qeHtGbjyCu1WavGm4P4LNsRG1wapnkcprLH6acV8ZATEoXqNs55uZQqhomxmpW:2:0,T0,true,scheduled,failed,not_observed,not_observed,on_time,request_failed,294958793327de56aca6eef5
solana:SoM6xYM9JqawYS7xtixYSdJy1qeHtGbjyCu1WavGm4P4LNsRG1wapnkcprLH6acV8ZATEoXqNs55uZQqhomxmpW:2:0,T+24h,true,scheduled,failed,not_observed,not_observed,on_time,request_failed,83019a0f8e66e1e4d4a1d24b
solana:SoM6xYM9JqawYS7xtixYSdJy1qeHtGbjyCu1WavGm4P4LNsRG1wapnkcprLH6acV8ZATEoXqNs55uZQqhomxmpW:2:0,T+60h,true,scheduled,failed,not_observed,not_observed,on_time,request_failed,49272be93c981717728bb3ef
solana:5sorJ5W2qeJ31Ye7LasYwNS1m3qeddQn9v3DnLb8n78R23GM55JgiZsUVppJo9NH3Xv9kDxens2MUEMvPfaSh4Ck:2:1,T0,true,scheduled,success,json_ok,observed,on_time,observed,065fb48a93bc0ed12b77c5f3
solana:5sorJ5W2qeJ31Ye7LasYwNS1m3qeddQn9v3DnLb8n78R23GM55JgiZsUVppJo9NH3Xv9kDxens2MUEMvPfaSh4Ck:2:1,T+24h,true,scheduled,success,json_ok,observed,on_time,observed,f64887561541ff3c69ab6701
solana:5sorJ5W2qeJ31Ye7LasYwNS1m3qeddQn9v3DnLb8n78R23GM55JgiZsUVppJo9NH3Xv9kDxens2MUEMvPfaSh4Ck:2:1,T+60h,true,scheduled,success,json_ok,observed,on_time,observed,4857ffcc1f6375aa54f80c66
solana:5RPasMg4hMHmY4m1SFS21sqCxLtx5fjTS7GSMy5AKSPmXQFVo4TB7vBUjUN9shVcpQuEkqdhtVX9YMDsnDyGGYT7:2:0,T0,true,scheduled,success,json_ok,observed,on_time,observed,902234836d2cb48987b19aec
solana:5RPasMg4hMHmY4m1SFS21sqCxLtx5fjTS7GSMy5AKSPmXQFVo4TB7vBUjUN9shVcpQuEkqdhtVX9YMDsnDyGGYT7:2:0,T+24h,true,scheduled,success,json_ok,observed,on_time,observed,7e5c0c726e440259148dce8f
solana:5RPasMg4hMHmY4m1SFS21sqCxLtx5fjTS7GSMy5AKSPmXQFVo4TB7vBUjUN9shVcpQuEkqdhtVX9YMDsnDyGGYT7:2:0,T+60h,true,scheduled,success,json_ok,observed,on_time,observed,96ff728270e4b3267a0e50f7
solana:5gAjoWot22ASn1CosmEQPRT8XaBqW3QnDR6XNuaMmu9xSgmV9QnWbRGmqqHFKqnjuTtgWyBLeio6cqe26Cy98Vrh:2:1,T0,true,scheduled,success,json_ok,observed,on_time,observed,8a14b1dba1cf24288c09b8eb
solana:5gAjoWot22ASn1CosmEQPRT8XaBqW3QnDR6XNuaMmu9xSgmV9QnWbRGmqqHFKqnjuTtgWyBLeio6cqe26Cy98Vrh:2:1,T+24h,true,scheduled,success,json_ok,observed,on_time,observed,64f806ba32476b058a3e5779
solana:5gAjoWot22ASn1CosmEQPRT8XaBqW3QnDR6XNuaMmu9xSgmV9QnWbRGmqqHFKqnjuTtgWyBLeio6cqe26Cy98Vrh:2:1,T+60h,true,scheduled,success,json_ok,observed,on_time,observed,2ee4d3887f9b52feba4cf496
solana:2WaKYADu5E4h4WSRAJ7quayFZQ2BBMFNfHNfazpJqv4eCwKnRjnB4grpWXgwVX143hvDUKhLL4i7yzU1gf5CapK6:2:0,T0,true,scheduled,success,json_ok,observed,on_time,observed,f44bcbc0d291fe2bbe3c3d0a
solana:2WaKYADu5E4h4WSRAJ7quayFZQ2BBMFNfHNfazpJqv4eCwKnRjnB4grpWXgwVX143hvDUKhLL4i7yzU1gf5CapK6:2:0,T+24h,true,scheduled,success,json_ok,observed,on_time,observed,db0abe5803d88977c13bcc62
solana:2WaKYADu5E4h4WSRAJ7quayFZQ2BBMFNfHNfazpJqv4eCwKnRjnB4grpWXgwVX143hvDUKhLL4i7yzU1gf5CapK6:2:0,T+60h,true,scheduled,success,json_ok,observed,on_time,observed,dd3b375554821a9f6bb7d996
solana:4u2rMZ9xG5WepN8RfLnUsMSCgpQcXzFRXbyLimMFybParUPbUVDqCDvqV2VPwJrfrPTj5LhHJ7Pq2adp4GiyWmqD:2:0,T0,true,scheduled,success,json_ok,observed,on_time,observed,243c3ec8d7f8540bf551b7df
solana:4u2rMZ9xG5WepN8RfLnUsMSCgpQcXzFRXbyLimMFybParUPbUVDqCDvqV2VPwJrfrPTj5LhHJ7Pq2adp4GiyWmqD:2:0,T+24h,true,scheduled,success,json_ok,observed,on_time,observed,c3c2df963900f66e75186cfb
solana:4u2rMZ9xG5WepN8RfLnUsMSCgpQcXzFRXbyLimMFybParUPbUVDqCDvqV2VPwJrfrPTj5LhHJ7Pq2adp4GiyWmqD:2:0,T+60h,true,scheduled,success,json_ok,observed,on_time,observed,05477d78dd9b37d000a646cc
solana:UTLcaRKSFvYMgowedNKkbDFiuQUgPodV3HafvJWgm5E3MeC4DsGaHu1LgSuT4utFKCZaQUifhHSeoDNQBzQmjPv:2:0,T0,true,scheduled,success,json_ok,observed,on_time,observed,df14ec111a6ae3413be8dc5a
solana:UTLcaRKSFvYMgowedNKkbDFiuQUgPodV3HafvJWgm5E3MeC4DsGaHu1LgSuT4utFKCZaQUifhHSeoDNQBzQmjPv:2:0,T+24h,true,scheduled,success,json_ok,observed,on_time,observed,c52ba429d8c397a1514cf7d0
solana:UTLcaRKSFvYMgowedNKkbDFiuQUgPodV3HafvJWgm5E3MeC4DsGaHu1LgSuT4utFKCZaQUifhHSeoDNQBzQmjPv:2:0,T+60h,true,scheduled,success,json_ok,observed,on_time,observed,a4b93dd741f17c4ddc921f95
solana:3vZiXE9DdYRwsSyXKNgjBML5UMAzygVEVteJDKrNPHdqSsnzjAATWvNSLo7YPNpEkW17dzp16CPJoAbNVbCw1Wd6:2:0,T0,true,scheduled,success,json_ok,observed,on_time,observed,597a3ad0aba42ed717843a9f
solana:3vZiXE9DdYRwsSyXKNgjBML5UMAzygVEVteJDKrNPHdqSsnzjAATWvNSLo7YPNpEkW17dzp16CPJoAbNVbCw1Wd6:2:0,T+24h,true,scheduled,success,json_ok,observed,on_time,observed,80457189171e2a7d339069e0
solana:3vZiXE9DdYRwsSyXKNgjBML5UMAzygVEVteJDKrNPHdqSsnzjAATWvNSLo7YPNpEkW17dzp16CPJoAbNVbCw1Wd6:2:0,T+60h,true,scheduled,success,json_ok,observed,on_time,observed,1c1fc5c9272ab772d7a3e8dc
solana:5FyjgujSp8tpyWNW5EY1jhhhBKV2qWUy3qNjjgpkGnXh9FmB76KG8JVz4iTPGHrM25VHmYNoKDmedAWLVTZe2upT:0:0,T0,true,scheduled,failed,not_observed,not_observed,on_time,request_failed,f5b5ddec320dab6e0b382f34
solana:5FyjgujSp8tpyWNW5EY1jhhhBKV2qWUy3qNjjgpkGnXh9FmB76KG8JVz4iTPGHrM25VHmYNoKDmedAWLVTZe2upT:0:0,T+24h,true,scheduled,failed,not_observed,not_observed,on_time,request_failed,54f05ccbda4dc64dbbae87ce
solana:5FyjgujSp8tpyWNW5EY1jhhhBKV2qWUy3qNjjgpkGnXh9FmB76KG8JVz4iTPGHrM25VHmYNoKDmedAWLVTZe2upT:0:0,T+60h,true,scheduled,failed,not_observed,not_observed,on_time,request_failed,4e6c2c56c0883dd690e12373
solana:4ZXe85xv8ZXwz8W7Vc44fGctFDfnTVmFFY4LK4FaetsHNYjnQiZkB8q1YQ1anPLRYy599RBqwffbKZGpKDktZjzg:0:0,T0,true,scheduled,success,json_ok,observed,on_time,observed,3e70560c991fd01717111069
solana:4ZXe85xv8ZXwz8W7Vc44fGctFDfnTVmFFY4LK4FaetsHNYjnQiZkB8q1YQ1anPLRYy599RBqwffbKZGpKDktZjzg:0:0,T+24h,true,scheduled,failed,not_observed,not_observed,on_time,request_failed,abfdfdc0d5bc8a59809a0e87
solana:4ZXe85xv8ZXwz8W7Vc44fGctFDfnTVmFFY4LK4FaetsHNYjnQiZkB8q1YQ1anPLRYy599RBqwffbKZGpKDktZjzg:0:0,T+60h,true,scheduled,failed,not_observed,not_observed,on_time,request_failed,9ea4fe28fe8ea7b238e7cc6f
solana:5hzVhHj69Qku6XFGRvyRbc4rrGB1TZg7Zt95UTqmyt8ag1Dijxv3U2HjG3NKNxPCnfVnPqYftgXdXwdJVqVoeBit:2:0,T0,true,scheduled,success,json_ok,observed,on_time,observed,f52fac90b56275d95c53c526
solana:5hzVhHj69Qku6XFGRvyRbc4rrGB1TZg7Zt95UTqmyt8ag1Dijxv3U2HjG3NKNxPCnfVnPqYftgXdXwdJVqVoeBit:2:0,T+24h,true,scheduled,success,json_ok,observed,on_time,observed,4869727aecbc4b8301317ddd
solana:5hzVhHj69Qku6XFGRvyRbc4rrGB1TZg7Zt95UTqmyt8ag1Dijxv3U2HjG3NKNxPCnfVnPqYftgXdXwdJVqVoeBit:2:0,T+60h,true,scheduled,success,json_ok,observed,on_time,observed,9cd9a798daa40455adab96ff
solana:VxfSxTfXTnbXegVnFYn7Xi1VuhCu7572Dv68M4CT4Qg6qaCnqVz9nemV9zETpCNJc87s47JTCosUnzW4afdhW9e:2:0,T0,true,scheduled,success,json_ok,observed,on_time,observed,8639bb1ae9bf5972ea6e3243
solana:VxfSxTfXTnbXegVnFYn7Xi1VuhCu7572Dv68M4CT4Qg6qaCnqVz9nemV9zETpCNJc87s47JTCosUnzW4afdhW9e:2:0,T+24h,true,scheduled,success,json_ok,observed,on_time,observed,a1297c2170023c2246d50f04
solana:VxfSxTfXTnbXegVnFYn7Xi1VuhCu7572Dv68M4CT4Qg6qaCnqVz9nemV9zETpCNJc87s47JTCosUnzW4afdhW9e:2:0,T+60h,true,scheduled,success,json_ok,observed,on_time,observed,46abf475c21eb79edeb0a50b
solana:QMQp7tkNF3T53jpxirzRzwnYU8bAY9ksgDPSYP4maqWrQMVFZChLu4bnqbDvGDPp4xDRztodnam1CMM8DaoXBz3:2:0,T0,true,scheduled,success,json_ok,observed,on_time,observed,e65605da5ee70894864a9eb6
solana:QMQp7tkNF3T53jpxirzRzwnYU8bAY9ksgDPSYP4maqWrQMVFZChLu4bnqbDvGDPp4xDRztodnam1CMM8DaoXBz3:2:0,T+24h,true,scheduled,success,json_ok,observed,on_time,observed,39323cda97870faea69d3bce
solana:QMQp7tkNF3T53jpxirzRzwnYU8bAY9ksgDPSYP4maqWrQMVFZChLu4bnqbDvGDPp4xDRztodnam1CMM8DaoXBz3:2:0,T+60h,true,scheduled,success,json_ok,observed,on_time,observed,c3ff2de6b512e671849f4aaf
solana:2xo1DgHhx7eMNRKiGcajAj5ksa3vTBS9vLEcYAhJY8sS5oC1ycijjhbrh6SAkGWzKRRr65oFYMg3mrE9sUidPe8i:0:0,T0,true,scheduled,success,json_ok,observed,on_time,observed,70cf978693678b282ce4953a
solana:2xo1DgHhx7eMNRKiGcajAj5ksa3vTBS9vLEcYAhJY8sS5oC1ycijjhbrh6SAkGWzKRRr65oFYMg3mrE9sUidPe8i:0:0,T+24h,true,scheduled,success,json_ok,observed,on_time,observed,bd9f2d52f681ffd9c0f958ea
solana:2xo1DgHhx7eMNRKiGcajAj5ksa3vTBS9vLEcYAhJY8sS5oC1ycijjhbrh6SAkGWzKRRr65oFYMg3mrE9sUidPe8i:0:0,T+60h,true,scheduled,success,json_ok,observed,on_time,observed,2a0434f920e1d7fa06780328
solana:38xkVPkrhh3vLUQ9TMDCTcXDg77wASPgjsKzp3h6tWDziKU5GxfsdT8X2LDKzp2kVhKWyUMhR39RHALUUGP2iScZ:2:0,T0,true,scheduled,success,json_ok,observed,on_time,observed,91dae2e8fc380a8976d58fdf
solana:38xkVPkrhh3vLUQ9TMDCTcXDg77wASPgjsKzp3h6tWDziKU5GxfsdT8X2LDKzp2kVhKWyUMhR39RHALUUGP2iScZ:2:0,T+24h,true,scheduled,success,json_ok,observed,on_time,observed,2e9c9916d60046119ffba926
solana:38xkVPkrhh3vLUQ9TMDCTcXDg77wASPgjsKzp3h6tWDziKU5GxfsdT8X2LDKzp2kVhKWyUMhR39RHALUUGP2iScZ:2:0,T+60h,true,scheduled,success,json_ok,observed,on_time,observed,af2ecf90e33bfc01032fe8d3
solana:66hqGAwgCbMKu1qfJKxKQZAocAxeAH4ZRoAZpME2UoZ5WmJtvxvtmksStwRMgsu79RGPm5V5uk8WCXQm4ThRb2ce:2:0,T0,true,scheduled,failed,not_observed,not_observed,on_time,request_failed,7983ef65a66563cf57918248
solana:66hqGAwgCbMKu1qfJKxKQZAocAxeAH4ZRoAZpME2UoZ5WmJtvxvtmksStwRMgsu79RGPm5V5uk8WCXQm4ThRb2ce:2:0,T+24h,true,scheduled,failed,not_observed,not_observed,on_time,request_failed,d3ac983e776f4456d8d4f186
solana:66hqGAwgCbMKu1qfJKxKQZAocAxeAH4ZRoAZpME2UoZ5WmJtvxvtmksStwRMgsu79RGPm5V5uk8WCXQm4ThRb2ce:2:0,T+60h,true,scheduled,failed,not_observed,not_observed,on_time,request_failed,53cc10e6ada5ae5bd9ebdf48
solana:2LcgTXqWKaEKAXu7cJpxAPL5PKcqELk8Bj3jLpenrMeH64dBLFK1PyAgDyw4x9ZPdL67zzYTqtHUMkUSbVVBMwKb:0:0,T0,true,scheduled,success,json_ok,observed,on_time,observed,03f937fe9f4c4999f5acf468
solana:2LcgTXqWKaEKAXu7cJpxAPL5PKcqELk8Bj3jLpenrMeH64dBLFK1PyAgDyw4x9ZPdL67zzYTqtHUMkUSbVVBMwKb:0:0,T+24h,true,scheduled,failed,not_observed,not_observed,on_time,request_failed,1a1b56955318512dd6a9dacf
solana:2LcgTXqWKaEKAXu7cJpxAPL5PKcqELk8Bj3jLpenrMeH64dBLFK1PyAgDyw4x9ZPdL67zzYTqtHUMkUSbVVBMwKb:0:0,T+60h,true,scheduled,failed,not_observed,not_observed,on_time,request_failed,f73896012eebcafbdbee5520
solana:65jXCbvguec2snfkuf9r7D94Vm9rYSwoKBPzC6X7joDGFehXHFZVPiE48NZSoq2LfAJ2abYZguQ1Qs9KViTpS2aM:2:0,T0,true,scheduled,success,json_ok,observed,on_time,observed,635d3553f86e5f7c4b8b25eb
solana:65jXCbvguec2snfkuf9r7D94Vm9rYSwoKBPzC6X7joDGFehXHFZVPiE48NZSoq2LfAJ2abYZguQ1Qs9KViTpS2aM:2:0,T+24h,true,scheduled,success,json_ok,observed,on_time,observed,13ae94600c3457192f2634db
solana:65jXCbvguec2snfkuf9r7D94Vm9rYSwoKBPzC6X7joDGFehXHFZVPiE48NZSoq2LfAJ2abYZguQ1Qs9KViTpS2aM:2:0,T+60h,true,scheduled,success,json_ok,observed,on_time,observed,dc81e76470005a600f1686b5
solana:3TRrLFGtKhJZkqS1nPa6UZf98pgs9ug5jjXj5WXqkMosV5eYprcK4LNZ9T84phKz1vy66J46MeNBLMM3A6zuPApE:2:0,T0,true,scheduled,success,json_ok,observed,on_time,observed,123a9bd02c1380da0306cbe3
solana:3TRrLFGtKhJZkqS1nPa6UZf98pgs9ug5jjXj5WXqkMosV5eYprcK4LNZ9T84phKz1vy66J46MeNBLMM3A6zuPApE:2:0,T+24h,true,scheduled,success,json_ok,observed,on_time,observed,89150a6ffb2c120db49c4895
solana:3TRrLFGtKhJZkqS1nPa6UZf98pgs9ug5jjXj5WXqkMosV5eYprcK4LNZ9T84phKz1vy66J46MeNBLMM3A6zuPApE:2:0,T+60h,true,scheduled,success,json_ok,observed,on_time,observed,56361619847871452d0b542c
solana:4uaD3BdoummZDPDEXkWELC8kAQ5cPHtuN9sYaHEFhkbQ98cB3WJgxd77bTE1wigzhAVj2oZ7rgsURgxDXBse4mUw:2:0,T0,true,scheduled,success,json_ok,observed,on_time,observed,586eb10da355ce6e81989ef4
solana:4uaD3BdoummZDPDEXkWELC8kAQ5cPHtuN9sYaHEFhkbQ98cB3WJgxd77bTE1wigzhAVj2oZ7rgsURgxDXBse4mUw:2:0,T+24h,true,scheduled,success,json_ok,observed,on_time,observed,a35542abd90a6528d900447d
solana:4uaD3BdoummZDPDEXkWELC8kAQ5cPHtuN9sYaHEFhkbQ98cB3WJgxd77bTE1wigzhAVj2oZ7rgsURgxDXBse4mUw:2:0,T+60h,true,scheduled,success,json_ok,observed,on_time,observed,1b8f5329fd91fcb0aa1fb74c
solana:5RiXZKewxvRxbiBLgpWDnVgumA5X6ZAWpQFP8eDDh5dsHaYZqE1uWd9UNuTLjjdbPHkhRGLjHeJhSv3FSp8w4KEW:2:0,T0,true,scheduled,success,json_ok,observed,on_time,observed,dbf747af14f17ae09b2a811d
solana:5RiXZKewxvRxbiBLgpWDnVgumA5X6ZAWpQFP8eDDh5dsHaYZqE1uWd9UNuTLjjdbPHkhRGLjHeJhSv3FSp8w4KEW:2:0,T+24h,true,scheduled,success,json_ok,observed,on_time,observed,3ef84cb19eb9ffc1bd8aa0da
solana:5RiXZKewxvRxbiBLgpWDnVgumA5X6ZAWpQFP8eDDh5dsHaYZqE1uWd9UNuTLjjdbPHkhRGLjHeJhSv3FSp8w4KEW:2:0,T+60h,true,scheduled,success,json_ok,observed,on_time,observed,56e42cb9f0291789e2682adc
solana:4QYbH1Nz2L4gikgzp9AHUrncu8UCPPNfomGHyWgvY9ZcnyYEUqS7imbnqPRmsaeCmKUy1zDamUdFGVrSj2FXaN1D:2:0,T0,true,scheduled,success,json_ok,observed,on_time,observed,35cc12f833d35eabb998a5ce
solana:4QYbH1Nz2L4gikgzp9AHUrncu8UCPPNfomGHyWgvY9ZcnyYEUqS7imbnqPRmsaeCmKUy1zDamUdFGVrSj2FXaN1D:2:0,T+24h,true,scheduled,success,json_ok,observed,on_time,observed,595b4da5e4f04677646f2416
solana:4QYbH1Nz2L4gikgzp9AHUrncu8UCPPNfomGHyWgvY9ZcnyYEUqS7imbnqPRmsaeCmKUy1zDamUdFGVrSj2FXaN1D:2:0,T+60h,true,scheduled,success,json_ok,observed,on_time,observed,9b1e4934a49b90973562295d
solana:676S33UwHRn7Wyedsac1ksvKijw3NwCLJu9XL3rfjHj2Qdn8wnSDZpD5pgBzt2D9Z2YPz18em5Kv1sLrg6et8MA8:2:0,T0,true,scheduled,failed,not_observed,not_observed,on_time,request_failed,eb621f8bdc60cf3f4b89ed29
solana:676S33UwHRn7Wyedsac1ksvKijw3NwCLJu9XL3rfjHj2Qdn8wnSDZpD5pgBzt2D9Z2YPz18em5Kv1sLrg6et8MA8:2:0,T+24h,true,scheduled,failed,not_observed,not_observed,on_time,request_failed,98a5db6311828ae236abb068
solana:676S33UwHRn7Wyedsac1ksvKijw3NwCLJu9XL3rfjHj2Qdn8wnSDZpD5pgBzt2D9Z2YPz18em5Kv1sLrg6et8MA8:2:0,T+60h,true,scheduled,failed,not_observed,not_observed,on_time,request_failed,21e3da0e8768d351fbaac5c7
solana:3EkJzZ1LYhazWCVny7fGMFNdaTi3Mqu4wKaWxRQwtrwf4sLVG5st2gckkyQWEBK27RQ4KdFECpzXdgC4hHqhdqUG:2:0,T0,true,scheduled,success,json_ok,observed,on_time,observed,3d39a0f5f92c43fe4f728e52
solana:3EkJzZ1LYhazWCVny7fGMFNdaTi3Mqu4wKaWxRQwtrwf4sLVG5st2gckkyQWEBK27RQ4KdFECpzXdgC4hHqhdqUG:2:0,T+24h,true,scheduled,success,json_ok,observed,on_time,observed,c19a5269ea3a865862513a69
solana:3EkJzZ1LYhazWCVny7fGMFNdaTi3Mqu4wKaWxRQwtrwf4sLVG5st2gckkyQWEBK27RQ4KdFECpzXdgC4hHqhdqUG:2:0,T+60h,true,scheduled,success,json_ok,observed,on_time,observed,ef6093939619f6b8b412ef07
solana:mg4Pa2Y43yFCgGVBpkVf11R2dgLC36vBvdSacS69YpzMmEWRUiaxpgakiW5TfWwbrseFyH5dbwXiMg3RMeFf1YK:0:0,T0,true,scheduled,success,json_ok,observed,on_time,observed,947ed9bc7746e9fd2e227024
solana:mg4Pa2Y43yFCgGVBpkVf11R2dgLC36vBvdSacS69YpzMmEWRUiaxpgakiW5TfWwbrseFyH5dbwXiMg3RMeFf1YK:0:0,T+24h,true,scheduled,failed,not_observed,not_observed,on_time,request_failed,ce80df6508d70990ac8f1bb9
solana:mg4Pa2Y43yFCgGVBpkVf11R2dgLC36vBvdSacS69YpzMmEWRUiaxpgakiW5TfWwbrseFyH5dbwXiMg3RMeFf1YK:0:0,T+60h,true,scheduled,failed,not_observed,not_observed,on_time,request_failed,d247813f5a5c13753d7c1d2c
solana:4ZZV968ePMezhEvP9ZS2YQzLpnj28uSPgfddH9nJqC5RzczbEhuHviKcNj6fBLWBVAUeQc6JnNWZ5CkEoi6UaWtf:2:0,T0,true,scheduled,success,json_ok,observed,on_time,observed,1fc0781cf61f48df6d564a31
solana:4ZZV968ePMezhEvP9ZS2YQzLpnj28uSPgfddH9nJqC5RzczbEhuHviKcNj6fBLWBVAUeQc6JnNWZ5CkEoi6UaWtf:2:0,T+24h,true,scheduled,success,json_ok,observed,on_time,observed,25036a7473c271bdd0bc1142
solana:4ZZV968ePMezhEvP9ZS2YQzLpnj28uSPgfddH9nJqC5RzczbEhuHviKcNj6fBLWBVAUeQc6JnNWZ5CkEoi6UaWtf:2:0,T+60h,true,scheduled,success,json_ok,observed,on_time,observed,3dd496e577350c5a7d3d1947
solana:2HQHf61s1aRPTuCzdQYbBZKyW4e44bgqnfsaSLpCECF7Z1KEtKTYRkjZTN4B72Cdvd7fWyWFyoD8Y2gVCgTVLBG3:2:0,T0,true,scheduled,success,json_ok,observed,on_time,observed,1bff3b1baa06b3cfd6b0e2e3
solana:2HQHf61s1aRPTuCzdQYbBZKyW4e44bgqnfsaSLpCECF7Z1KEtKTYRkjZTN4B72Cdvd7fWyWFyoD8Y2gVCgTVLBG3:2:0,T+24h,true,scheduled,success,json_ok,observed,on_time,observed,ad4a944a9da9ec4912dd5880
solana:2HQHf61s1aRPTuCzdQYbBZKyW4e44bgqnfsaSLpCECF7Z1KEtKTYRkjZTN4B72Cdvd7fWyWFyoD8Y2gVCgTVLBG3:2:0,T+60h,true,scheduled,success,json_ok,observed,on_time,observed,f5e57740334f215a53e7adce
solana:2CLfMDJsPZZpxsWBWvwQhx4rq8mrfmwYSbbFGVXwaYU1WqBnGE3u81q1WGNQ1TykaKzxF6gFUUN7ApYwk24q24yY:2:0,T0,true,scheduled,success,json_ok,observed,on_time,observed,cc2a20d47e6e6937350c4cea
solana:2CLfMDJsPZZpxsWBWvwQhx4rq8mrfmwYSbbFGVXwaYU1WqBnGE3u81q1WGNQ1TykaKzxF6gFUUN7ApYwk24q24yY:2:0,T+24h,true,scheduled,success,json_ok,observed,on_time,observed,ae49a2befebad1c8dde0538a
solana:2CLfMDJsPZZpxsWBWvwQhx4rq8mrfmwYSbbFGVXwaYU1WqBnGE3u81q1WGNQ1TykaKzxF6gFUUN7ApYwk24q24yY:2:0,T+60h,true,scheduled,success,json_ok,observed,on_time,observed,e6653cee414588245d69ff69
solana:NGhMiyad5p5YEwwg3NWsSKLDy8LYUvK4ZuZeYufH3926XLkftedjJ5a5mv3Q3mqMEwVgPzNAAQcUaz2bhQfdcSK:1:0,T0,true,scheduled,success,json_ok,observed,on_time,observed,e5c261651203a5f4126b4a88
solana:NGhMiyad5p5YEwwg3NWsSKLDy8LYUvK4ZuZeYufH3926XLkftedjJ5a5mv3Q3mqMEwVgPzNAAQcUaz2bhQfdcSK:1:0,T+24h,true,scheduled,success,json_ok,observed,on_time,observed,3ae1c295b150b680b03e2f81
solana:NGhMiyad5p5YEwwg3NWsSKLDy8LYUvK4ZuZeYufH3926XLkftedjJ5a5mv3Q3mqMEwVgPzNAAQcUaz2bhQfdcSK:1:0,T+60h,true,scheduled,success,json_ok,observed,on_time,observed,0e898d1b57cff5a2377fed77
solana:1wZfzrKzq8R8HG4oaTpyxVWkqcsKRPq9ryN2ZsRbeY9LyFpnGzAP6eoGQaSyArZf8eT2EBy8Sj3EdTXMyneM2i7:2:0,T0,true,scheduled,success,json_ok,observed,on_time,observed,3134fb3383caab06762ff66c
solana:1wZfzrKzq8R8HG4oaTpyxVWkqcsKRPq9ryN2ZsRbeY9LyFpnGzAP6eoGQaSyArZf8eT2EBy8Sj3EdTXMyneM2i7:2:0,T+24h,true,scheduled,success,json_ok,observed,on_time,observed,07f44f6ec44d1e0f980a224f
solana:1wZfzrKzq8R8HG4oaTpyxVWkqcsKRPq9ryN2ZsRbeY9LyFpnGzAP6eoGQaSyArZf8eT2EBy8Sj3EdTXMyneM2i7:2:0,T+60h,true,scheduled,success,json_ok,observed,on_time,observed,919c729ec082f3a4878574f9
solana:47zng3cUpoy4hpANbqYcGKAU66oyg2zjV9AEN5jY1fpuoFm2auZPuxNXTU75hMaB1eQKA8MGxEJn1yHBgJsWbCVB:2:0,T0,true,scheduled,success,json_ok,observed,on_time,observed,0a58292578af3c6c331f9653
solana:47zng3cUpoy4hpANbqYcGKAU66oyg2zjV9AEN5jY1fpuoFm2auZPuxNXTU75hMaB1eQKA8MGxEJn1yHBgJsWbCVB:2:0,T+24h,true,scheduled,success,json_ok,observed,on_time,observed,87f865eec3ac5d69ab695e64
solana:47zng3cUpoy4hpANbqYcGKAU66oyg2zjV9AEN5jY1fpuoFm2auZPuxNXTU75hMaB1eQKA8MGxEJn1yHBgJsWbCVB:2:0,T+60h,true,scheduled,success,json_ok,observed,on_time,observed,08610824e481636eb46d85f8
solana:3Xz3me7bDRg1tsyP1nRkxno1ttQeKqxYBymE2VFxPTRB64VtBykUNoJ2X7Gy2X1fjFKcfjAs7CMpcbCLokV1nxgv:2:0,T0,true,scheduled,success,json_ok,observed,on_time,observed,0846fb50cbf79a20f35ac633
solana:3Xz3me7bDRg1tsyP1nRkxno1ttQeKqxYBymE2VFxPTRB64VtBykUNoJ2X7Gy2X1fjFKcfjAs7CMpcbCLokV1nxgv:2:0,T+24h,true,scheduled,success,json_ok,observed,on_time,observed,b22318881bd38a39260e9c82
solana:3Xz3me7bDRg1tsyP1nRkxno1ttQeKqxYBymE2VFxPTRB64VtBykUNoJ2X7Gy2X1fjFKcfjAs7CMpcbCLokV1nxgv:2:0,T+60h,true,scheduled,success,json_ok,observed,on_time,observed,1b671e7f3eff35cbb6596aba
solana:5cD1NUhWRiSMkTipCFB99B76CJpgXyXa5ENXjr219Ht5dnAbxBtHUwRB1rqrRVVETnrix7ygqf3ovkVx1tePRyAe:2:0,T0,true,scheduled,success,json_ok,observed,on_time,observed,fb181085cf210a411d18db0a
solana:5cD1NUhWRiSMkTipCFB99B76CJpgXyXa5ENXjr219Ht5dnAbxBtHUwRB1rqrRVVETnrix7ygqf3ovkVx1tePRyAe:2:0,T+24h,true,scheduled,success,json_ok,observed,on_time,observed,f12408b2ad94f7bd191e8d85
solana:5cD1NUhWRiSMkTipCFB99B76CJpgXyXa5ENXjr219Ht5dnAbxBtHUwRB1rqrRVVETnrix7ygqf3ovkVx1tePRyAe:2:0,T+60h,true,scheduled,success,json_ok,observed,on_time,observed,f8fdefcece79e0b97daabb03
solana:4zsVmwTvM1GZTaVRETzgDmUdfBzJoyoyJDLhfThDQkMdmUsZ1MweqEE6rgvv5Wk8CKMUXZEAKNogeQSaAuAk8cUF:0:0,T0,true,scheduled,success,json_ok,observed,on_time,observed,cb7aad8f58f51b683c60b586
solana:4zsVmwTvM1GZTaVRETzgDmUdfBzJoyoyJDLhfThDQkMdmUsZ1MweqEE6rgvv5Wk8CKMUXZEAKNogeQSaAuAk8cUF:0:0,T+24h,true,scheduled,failed,not_observed,not_observed,on_time,request_failed,b6f837eb914d45ab58799f86
solana:4zsVmwTvM1GZTaVRETzgDmUdfBzJoyoyJDLhfThDQkMdmUsZ1MweqEE6rgvv5Wk8CKMUXZEAKNogeQSaAuAk8cUF:0:0,T+60h,true,scheduled,failed,not_observed,not_observed,on_time,request_failed,01101e5f2b97ff9448755dff
solana:5XpErybYNuQhFro8Wd7snY1AD2pwbcF6yGr7A9JKQbL3oD9yfdAXDGJhQcpxZJ7DczLDSdQ6VAjX8TXXEHEU15KQ:2:0,T0,true,scheduled,failed,not_observed,not_observed,on_time,request_failed,fe282ac9b3fd689838a67c84
solana:5XpErybYNuQhFro8Wd7snY1AD2pwbcF6yGr7A9JKQbL3oD9yfdAXDGJhQcpxZJ7DczLDSdQ6VAjX8TXXEHEU15KQ:2:0,T+24h,true,scheduled,failed,not_observed,not_observed,on_time,request_failed,7f34b3f2297b49f753ee2c9e
solana:5XpErybYNuQhFro8Wd7snY1AD2pwbcF6yGr7A9JKQbL3oD9yfdAXDGJhQcpxZJ7DczLDSdQ6VAjX8TXXEHEU15KQ:2:0,T+60h,true,scheduled,failed,not_observed,not_observed,on_time,request_failed,56cf242841e6e607b831cfa9
solana:2RhY4XE95NihaCmQqniTayLPMoryCfK3z69UApraMQRkSFzrr2PnyEoDHFGmZ6Ed145Yw5N2SzRUjEYNBmhXDh8Q:2:0,T0,true,scheduled,success,json_ok,observed,on_time,observed,db1647d5331b4d5f303250de
solana:2RhY4XE95NihaCmQqniTayLPMoryCfK3z69UApraMQRkSFzrr2PnyEoDHFGmZ6Ed145Yw5N2SzRUjEYNBmhXDh8Q:2:0,T+24h,true,scheduled,success,json_ok,observed,on_time,observed,ecf584417d9eeafe1c7c93f2
solana:2RhY4XE95NihaCmQqniTayLPMoryCfK3z69UApraMQRkSFzrr2PnyEoDHFGmZ6Ed145Yw5N2SzRUjEYNBmhXDh8Q:2:0,T+60h,true,scheduled,success,json_ok,observed,on_time,observed,8dc8963385c10fa9f0bf7b76
solana:4NYrg69UYJT22h1PknT2UuEps3cE7BDVmok6Jfz9sFiwW9CD92GurCx7QrFZMm3YTnnP82wnh2Vr5gUVjudkuvAu:2:0,T0,true,scheduled,success,json_ok,observed,on_time,observed,c92e3b05881018726a974477
solana:4NYrg69UYJT22h1PknT2UuEps3cE7BDVmok6Jfz9sFiwW9CD92GurCx7QrFZMm3YTnnP82wnh2Vr5gUVjudkuvAu:2:0,T+24h,true,scheduled,success,json_ok,observed,on_time,observed,da9a853c89dc2964c698ca39
solana:4NYrg69UYJT22h1PknT2UuEps3cE7BDVmok6Jfz9sFiwW9CD92GurCx7QrFZMm3YTnnP82wnh2Vr5gUVjudkuvAu:2:0,T+60h,true,scheduled,success,json_ok,observed,on_time,observed,c54507ba3f2a45a0aaa416e0
solana:3jSjnKxeCeFyBY5hMbmcWKCWghsMFgA6n2bB8UqvKhEguro2En58UkcHcuGewn5gGUvcM6ygRMae3xntrDddtkfd:0:0,T0,true,scheduled,success,json_ok,observed,on_time,observed,7ffb56b8e9d65989cb4d5c1d
solana:3jSjnKxeCeFyBY5hMbmcWKCWghsMFgA6n2bB8UqvKhEguro2En58UkcHcuGewn5gGUvcM6ygRMae3xntrDddtkfd:0:0,T+24h,true,scheduled,success,json_ok,observed,on_time,observed,5e0c94abfbeec9efe5dfe25d
solana:3jSjnKxeCeFyBY5hMbmcWKCWghsMFgA6n2bB8UqvKhEguro2En58UkcHcuGewn5gGUvcM6ygRMae3xntrDddtkfd:0:0,T+60h,true,scheduled,success,json_ok,observed,on_time,observed,0497e48bfebe54fcffdf9679
solana:3aVrK9J4AmDwbYCAKnhY3RfaKXwZxcwDPcc77UKrEJTFqL5kBiqkYj2yg6qh9jtMbbR728Ec3ZoYTsdkPazqYgNQ:2:0,T0,true,scheduled,success,json_ok,observed,on_time,observed,05b654552aa8b5f4e75a0348
solana:3aVrK9J4AmDwbYCAKnhY3RfaKXwZxcwDPcc77UKrEJTFqL5kBiqkYj2yg6qh9jtMbbR728Ec3ZoYTsdkPazqYgNQ:2:0,T+24h,true,scheduled,success,json_ok,observed,on_time,observed,5cac2d032c3613a600a72d4a
solana:3aVrK9J4AmDwbYCAKnhY3RfaKXwZxcwDPcc77UKrEJTFqL5kBiqkYj2yg6qh9jtMbbR728Ec3ZoYTsdkPazqYgNQ:2:0,T+60h,true,scheduled,success,json_ok,observed,on_time,observed,428df1c32d2d2f934f6a4da9
solana:3s5ZTEfFdqPXZGXcTqeiAvKDpq3dteumEwrmxpXbHYceteQwsp3fhAmPcAzWYT1qGEVA98kCYLqU7EMb6hVP3fut:0:0,T0,true,scheduled,success,json_ok,observed,on_time,observed,c5d68d00c74352c4da299051
solana:3s5ZTEfFdqPXZGXcTqeiAvKDpq3dteumEwrmxpXbHYceteQwsp3fhAmPcAzWYT1qGEVA98kCYLqU7EMb6hVP3fut:0:0,T+24h,true,scheduled,success,json_ok,observed,on_time,observed,1af4d7c218e434f28fdc60af
solana:3s5ZTEfFdqPXZGXcTqeiAvKDpq3dteumEwrmxpXbHYceteQwsp3fhAmPcAzWYT1qGEVA98kCYLqU7EMb6hVP3fut:0:0,T+60h,true,scheduled,success,json_ok,observed,on_time,observed,2ef80ca76e64707f37fe734b
solana:3CtVNDRdgffCVzb1Ue1BtTBXRfewSZirkGLR9Dor4gAcGU5ZM11b9W2WF1612MeGEny3es7htJES5R5eKYhMw27V:2:0,T0,true,scheduled,success,json_ok,observed,on_time,observed,d280440e592f4e360a6fe5a2
solana:3CtVNDRdgffCVzb1Ue1BtTBXRfewSZirkGLR9Dor4gAcGU5ZM11b9W2WF1612MeGEny3es7htJES5R5eKYhMw27V:2:0,T+24h,true,scheduled,success,json_ok,observed,on_time,observed,ff9b49761b3aa17ad2bc5b87
solana:3CtVNDRdgffCVzb1Ue1BtTBXRfewSZirkGLR9Dor4gAcGU5ZM11b9W2WF1612MeGEny3es7htJES5R5eKYhMw27V:2:0,T+60h,true,scheduled,success,json_ok,observed,on_time,observed,8eb9bf22f6e817d30ba7249f
solana:4mjreMUPwNcRmtvQp9H9G7vredpUJFDfYrhQcfKBMhKcuV7pn8BouMmNzw5aEmXLM1rZwCoYNaSKzZWjAkBHYRUu:0:0,T0,true,scheduled,success,json_ok,observed,on_time,observed,0c07225ea64605a481ae2d48
solana:4mjreMUPwNcRmtvQp9H9G7vredpUJFDfYrhQcfKBMhKcuV7pn8BouMmNzw5aEmXLM1rZwCoYNaSKzZWjAkBHYRUu:0:0,T+24h,true,scheduled,success,json_ok,observed,on_time,observed,617a58b47e83558d8e550be1
solana:4mjreMUPwNcRmtvQp9H9G7vredpUJFDfYrhQcfKBMhKcuV7pn8BouMmNzw5aEmXLM1rZwCoYNaSKzZWjAkBHYRUu:0:0,T+60h,true,scheduled,success,json_ok,observed,on_time,observed,98efd535472cafba843b28f2
solana:5eV7iRAdKLwmUuQt6ytJ3KkhTrgvfvhFHBRKxFnJJfzjVJmssCMXkHRvJkft4wYEG3u4UT6pzZqCC9mrrxGTetSm:0:0,T0,true,scheduled,success,json_ok,observed,on_time,observed,5d8fdd229ce6e83bf267e038
solana:5eV7iRAdKLwmUuQt6ytJ3KkhTrgvfvhFHBRKxFnJJfzjVJmssCMXkHRvJkft4wYEG3u4UT6pzZqCC9mrrxGTetSm:0:0,T+24h,true,scheduled,failed,not_observed,not_observed,on_time,request_failed,c8f729985ec7804a555fc92f
solana:5eV7iRAdKLwmUuQt6ytJ3KkhTrgvfvhFHBRKxFnJJfzjVJmssCMXkHRvJkft4wYEG3u4UT6pzZqCC9mrrxGTetSm:0:0,T+60h,true,scheduled,failed,not_observed,not_observed,on_time,request_failed,5f9c03ee11e8e34824997d42
solana:Lqx8YyGsg2A8EU3TbS4PADLV18E6fBUqJFtzQie3FUGSqXhT1NnUbY5pqc5E42ByPVzpF2176FBrDhWLUo3prH6:2:0,T0,true,scheduled,success,json_ok,observed,on_time,observed,3c5209f0759cb5b321abce17
solana:Lqx8YyGsg2A8EU3TbS4PADLV18E6fBUqJFtzQie3FUGSqXhT1NnUbY5pqc5E42ByPVzpF2176FBrDhWLUo3prH6:2:0,T+24h,true,scheduled,success,json_ok,observed,on_time,observed,9a89f96f103b4a1a74c0f308
solana:Lqx8YyGsg2A8EU3TbS4PADLV18E6fBUqJFtzQie3FUGSqXhT1NnUbY5pqc5E42ByPVzpF2176FBrDhWLUo3prH6:2:0,T+60h,true,scheduled,success,json_ok,observed,on_time,observed,559f076daa724d11699781df
solana:2biUHXD6teCUvMnFNhLgrrXN7vxVub8yuzACUd4Bf9AyoiKwcGs5SVvKLEMCNbwmNENGaXTSBUwJfxy3rkTmjPYP:2:0,T0,true,scheduled,failed,not_observed,not_observed,on_time,request_failed,6a09651b08fd26175c6decc4
solana:2biUHXD6teCUvMnFNhLgrrXN7vxVub8yuzACUd4Bf9AyoiKwcGs5SVvKLEMCNbwmNENGaXTSBUwJfxy3rkTmjPYP:2:0,T+24h,true,scheduled,failed,not_observed,not_observed,on_time,request_failed,b8d32e3a2b2c37f889d045c4
solana:2biUHXD6teCUvMnFNhLgrrXN7vxVub8yuzACUd4Bf9AyoiKwcGs5SVvKLEMCNbwmNENGaXTSBUwJfxy3rkTmjPYP:2:0,T+60h,true,scheduled,failed,not_observed,not_observed,on_time,request_failed,d3b46ca259d35e537f6cd030
solana:2smQSaqRSyWaNPWfKvrNB3iKSuVDoz59nVbdxcboptF4LY6Fptp9wzMDEwVqM7JYmw4dxJuSoPUZyBb63yagGD9f:2:0,T0,true,scheduled,success,json_ok,observed,on_time,observed,0bcea48283263ad9e3e36941
solana:2smQSaqRSyWaNPWfKvrNB3iKSuVDoz59nVbdxcboptF4LY6Fptp9wzMDEwVqM7JYmw4dxJuSoPUZyBb63yagGD9f:2:0,T+24h,true,scheduled,success,json_ok,observed,on_time,observed,bc9ff9ab19a3ac49297a514e
solana:2smQSaqRSyWaNPWfKvrNB3iKSuVDoz59nVbdxcboptF4LY6Fptp9wzMDEwVqM7JYmw4dxJuSoPUZyBb63yagGD9f:2:0,T+60h,true,scheduled,success,json_ok,observed,on_time,observed,1bde63c47f562344b35f6edf
solana:4gELwMyRP6sG7UxHSvBmM24Z48oDWuZPkvEd3rFXciBBsxga3woexvv2arHErLba56vrGGXh1ova9eXYU9i1uz5:2:0,T0,true,scheduled,success,json_ok,observed,on_time,observed,3dee6a9d2bfcb18b9418d9dd
solana:4gELwMyRP6sG7UxHSvBmM24Z48oDWuZPkvEd3rFXciBBsxga3woexvv2arHErLba56vrGGXh1ova9eXYU9i1uz5:2:0,T+24h,true,scheduled,success,json_ok,observed,on_time,observed,46166adf42f8e6fa5f50f306
solana:4gELwMyRP6sG7UxHSvBmM24Z48oDWuZPkvEd3rFXciBBsxga3woexvv2arHErLba56vrGGXh1ova9eXYU9i1uz5:2:0,T+60h,true,scheduled,success,json_ok,observed,on_time,observed,e4cb39ce791b8ab016490ada
solana:3UUomXT1DPHPPufP3wg3WV9Qzb9GyVofcjBHMQTVe5frSJZ79mWbD96pddseXwgeJuji9P93tjeGtQUedYgUYEep:2:0,T0,true,scheduled,success,json_ok,observed,on_time,observed,1cb533628d37a674e8eed03a
solana:3UUomXT1DPHPPufP3wg3WV9Qzb9GyVofcjBHMQTVe5frSJZ79mWbD96pddseXwgeJuji9P93tjeGtQUedYgUYEep:2:0,T+24h,true,scheduled,success,json_ok,observed,on_time,observed,9530afe790423d491a489d06
solana:3UUomXT1DPHPPufP3wg3WV9Qzb9GyVofcjBHMQTVe5frSJZ79mWbD96pddseXwgeJuji9P93tjeGtQUedYgUYEep:2:0,T+60h,true,scheduled,success,json_ok,observed,on_time,observed,b07b82c743c93a01b102580b
solana:Pm1P3ZvUDPkEXZn9rCx7fxfuNRgkXCipjoD5MmQ9cFhUPehQsXzd3WjLwgsV2Uv2Z9hpFRH8QoedZU7NfttCMLf:2:0,T0,true,scheduled,success,json_ok,observed,on_time,observed,d10554fa2b5ce386577949e6
solana:Pm1P3ZvUDPkEXZn9rCx7fxfuNRgkXCipjoD5MmQ9cFhUPehQsXzd3WjLwgsV2Uv2Z9hpFRH8QoedZU7NfttCMLf:2:0,T+24h,true,scheduled,success,json_ok,observed,on_time,observed,6f218971df45b8b787f3d080
solana:Pm1P3ZvUDPkEXZn9rCx7fxfuNRgkXCipjoD5MmQ9cFhUPehQsXzd3WjLwgsV2Uv2Z9hpFRH8QoedZU7NfttCMLf:2:0,T+60h,true,scheduled,success,json_ok,observed,on_time,observed,6ea5dd2e5b5ebc9ed76a53f7
solana:vxRGfUHcozjNiadr5M98KsSx3F4gpXARTLhQcUbMMPagLU1TcQ2y6sTiC4VgCUYWakX2HiC7zxvR4NdNxddXmAS:0:0,T0,true,scheduled,success,json_ok,observed,on_time,observed,62321ee017b7dc152343d58f
solana:vxRGfUHcozjNiadr5M98KsSx3F4gpXARTLhQcUbMMPagLU1TcQ2y6sTiC4VgCUYWakX2HiC7zxvR4NdNxddXmAS:0:0,T+24h,true,scheduled,failed,not_observed,not_observed,on_time,request_failed,abc6769831882d91a3fc0b5d
solana:vxRGfUHcozjNiadr5M98KsSx3F4gpXARTLhQcUbMMPagLU1TcQ2y6sTiC4VgCUYWakX2HiC7zxvR4NdNxddXmAS:0:0,T+60h,true,scheduled,failed,not_observed,not_observed,on_time,request_failed,b4034d7a7191d30c65a861b7
solana:62Vf7ZGFA3TFeSgBfjA1hqhEfCyd86uS3mjQTNR4UMGFzX3s7M6MxXnQaapvUyCZyFroVpa6Ac1b3SAqwUKPoAhW:2:0,T0,true,scheduled,success,json_ok,observed,on_time,observed,af72611a42d3f1a827e98c0c
solana:62Vf7ZGFA3TFeSgBfjA1hqhEfCyd86uS3mjQTNR4UMGFzX3s7M6MxXnQaapvUyCZyFroVpa6Ac1b3SAqwUKPoAhW:2:0,T+24h,true,scheduled,success,json_ok,observed,on_time,observed,d5c2d8dbfb4b2856d94c7cf5
solana:62Vf7ZGFA3TFeSgBfjA1hqhEfCyd86uS3mjQTNR4UMGFzX3s7M6MxXnQaapvUyCZyFroVpa6Ac1b3SAqwUKPoAhW:2:0,T+60h,true,scheduled,success,json_ok,observed,on_time,observed,97becf401691d544157cc35f
solana:4beBcPCH1riARazWnjfuHUnsbL65fYaRn1E1PqvNMSo2rzBV6yCyEe24X1WBxDvHKgKq6HSHwj41GYbkDX8ZygTA:2:0,T0,true,scheduled,success,json_ok,observed,on_time,observed,cb47e244de3b30254edfd385
solana:4beBcPCH1riARazWnjfuHUnsbL65fYaRn1E1PqvNMSo2rzBV6yCyEe24X1WBxDvHKgKq6HSHwj41GYbkDX8ZygTA:2:0,T+24h,true,scheduled,success,json_ok,observed,on_time,observed,16ca998749f8fbdb5f8e2dc5
solana:4beBcPCH1riARazWnjfuHUnsbL65fYaRn1E1PqvNMSo2rzBV6yCyEe24X1WBxDvHKgKq6HSHwj41GYbkDX8ZygTA:2:0,T+60h,true,scheduled,success,json_ok,observed,on_time,observed,1ffdea49fea679b6864514f4
solana:4zxStAdczUqi8B1BxfKi88mGLerSadsaYpTntKXBQoe48azEesXziUnZZkmGm1Bba7WEfnfrkmSzYCLNCoo7wDu6:2:0,T0,true,scheduled,success,json_ok,observed,on_time,observed,67710cc1b4050e350e037132
solana:4zxStAdczUqi8B1BxfKi88mGLerSadsaYpTntKXBQoe48azEesXziUnZZkmGm1Bba7WEfnfrkmSzYCLNCoo7wDu6:2:0,T+24h,true,scheduled,success,json_ok,observed,on_time,observed,d7493498b668e0b58469af02
solana:4zxStAdczUqi8B1BxfKi88mGLerSadsaYpTntKXBQoe48azEesXziUnZZkmGm1Bba7WEfnfrkmSzYCLNCoo7wDu6:2:0,T+60h,true,scheduled,success,json_ok,observed,on_time,observed,fd3b87a1973a80941987cd43
solana:3swvroLb7S81rA4aFAUHnnQuqRd7s7rfpMrc152uF8nLWKSwS8sAzQEaPbaRffgDqHcEThPWZXG8XhTrSDR36g6A:2:0,T0,true,scheduled,success,json_ok,observed,on_time,observed,269d8526baf2b81372f5f3cb
solana:3swvroLb7S81rA4aFAUHnnQuqRd7s7rfpMrc152uF8nLWKSwS8sAzQEaPbaRffgDqHcEThPWZXG8XhTrSDR36g6A:2:0,T+24h,true,scheduled,success,json_ok,observed,on_time,observed,5d786a91d9aa6847f15712cd
solana:3swvroLb7S81rA4aFAUHnnQuqRd7s7rfpMrc152uF8nLWKSwS8sAzQEaPbaRffgDqHcEThPWZXG8XhTrSDR36g6A:2:0,T+60h,true,scheduled,success,json_ok,observed,on_time,observed,6c9ce06ef9361787aedfe317
solana:peQCyZNhVMV2X8mWGyvoSNnwu8punhBH2rHBytQovwjWjTyncKWSUobB7VPbSiUG1z2oNZcjkj1VLPJ11Q6Wx1T:2:0,T0,true,scheduled,success,json_ok,observed,on_time,observed,5fefae7d5b031bc65bd75b48
solana:peQCyZNhVMV2X8mWGyvoSNnwu8punhBH2rHBytQovwjWjTyncKWSUobB7VPbSiUG1z2oNZcjkj1VLPJ11Q6Wx1T:2:0,T+24h,true,scheduled,success,json_ok,observed,on_time,observed,0038c1bb4a26eed666721113
solana:peQCyZNhVMV2X8mWGyvoSNnwu8punhBH2rHBytQovwjWjTyncKWSUobB7VPbSiUG1z2oNZcjkj1VLPJ11Q6Wx1T:2:0,T+60h,true,scheduled,success,json_ok,observed,on_time,observed,82cff01548af224a5eee72ad
solana:4JWZDRsxgxAsnTHAhtc96tc8XXXhxKLfDip1mcuihvNgv7vo1NueiKrKmgJ5MX2FLpzK6meJShN9XmAaBrzjCfVb:2:0,T0,true,scheduled,success,json_ok,observed,on_time,observed,2279c9094ea4c324fd2928e4
solana:4JWZDRsxgxAsnTHAhtc96tc8XXXhxKLfDip1mcuihvNgv7vo1NueiKrKmgJ5MX2FLpzK6meJShN9XmAaBrzjCfVb:2:0,T+24h,true,scheduled,success,json_ok,observed,on_time,observed,8845a82ffa88c9f1b510c2f1
solana:4JWZDRsxgxAsnTHAhtc96tc8XXXhxKLfDip1mcuihvNgv7vo1NueiKrKmgJ5MX2FLpzK6meJShN9XmAaBrzjCfVb:2:0,T+60h,true,scheduled,success,json_ok,observed,on_time,observed,e195459db64f1db2ec172348
solana:svmPfJ6jxxoQZqtV4nuoiBLrG4svwdmPDg7jsnnFaR4wDQsxiz4ntzWYR3PmpJGUZrQbPeddQ95BnK3PecZ3FtL:2:0,T0,true,scheduled,success,json_ok,observed,on_time,observed,31e46a53cbe48ad35b746dc7
solana:svmPfJ6jxxoQZqtV4nuoiBLrG4svwdmPDg7jsnnFaR4wDQsxiz4ntzWYR3PmpJGUZrQbPeddQ95BnK3PecZ3FtL:2:0,T+24h,true,scheduled,success,json_ok,observed,on_time,observed,a8b07b0d469b61d29c2399ad
solana:svmPfJ6jxxoQZqtV4nuoiBLrG4svwdmPDg7jsnnFaR4wDQsxiz4ntzWYR3PmpJGUZrQbPeddQ95BnK3PecZ3FtL:2:0,T+60h,true,scheduled,success,json_ok,observed,on_time,observed,dd98c918cc77ecf8a7fe0f86
solana:2vwTe9EpEhwBiF1AW5DNbyxtMjXnpfDUXqzJSMuKbf7TQb5NwHoYp99BjUXzpg4wgVwX4yk2RCZ5VZaZESCthX8b:2:0,T0,true,scheduled,not_collected_policy,not_collected_policy,not_observed,not_applicable,not_collected_policy,159b221ed4e22fede85ff56a
solana:2vwTe9EpEhwBiF1AW5DNbyxtMjXnpfDUXqzJSMuKbf7TQb5NwHoYp99BjUXzpg4wgVwX4yk2RCZ5VZaZESCthX8b:2:0,T+24h,true,scheduled,not_collected_policy,not_collected_policy,not_observed,not_applicable,not_collected_policy,6bf823f79e29e2bd19a431b4
solana:2vwTe9EpEhwBiF1AW5DNbyxtMjXnpfDUXqzJSMuKbf7TQb5NwHoYp99BjUXzpg4wgVwX4yk2RCZ5VZaZESCthX8b:2:0,T+60h,true,scheduled,not_collected_policy,not_collected_policy,not_observed,not_applicable,not_collected_policy,25285d8483450168889a9880
solana:2kNt9Qi3PmcwaqFNpXhDcHEZ3CPV8gdTvarD2VQrQyZR4i2s7kbF5VxtYQ1V6DLdJDgzmuNYhEMbd5yJPcy9cC2:2:0,T0,true,scheduled,success,json_ok,observed,on_time,observed,3fb71f063871f64b147609a6
solana:2kNt9Qi3PmcwaqFNpXhDcHEZ3CPV8gdTvarD2VQrQyZR4i2s7kbF5VxtYQ1V6DLdJDgzmuNYhEMbd5yJPcy9cC2:2:0,T+24h,true,scheduled,success,json_ok,observed,on_time,observed,d44ad54bcc735781f5d8a7e5
solana:2kNt9Qi3PmcwaqFNpXhDcHEZ3CPV8gdTvarD2VQrQyZR4i2s7kbF5VxtYQ1V6DLdJDgzmuNYhEMbd5yJPcy9cC2:2:0,T+60h,true,scheduled,success,json_ok,observed,on_time,observed,07ec489c2b963dfa24edcdcf
solana:34kGEMALafiArfzrziNHnP4bgbWcJHGSinNSadvkKaUWjUYq3SKe9tKvCNDJBVkB5Zn4U72dec1uM9qZmZtdPijq:2:0,T0,true,scheduled,success,json_ok,observed,on_time,observed,8c9eec0e69c9829545c1fbf1
solana:34kGEMALafiArfzrziNHnP4bgbWcJHGSinNSadvkKaUWjUYq3SKe9tKvCNDJBVkB5Zn4U72dec1uM9qZmZtdPijq:2:0,T+24h,true,scheduled,success,json_ok,observed,on_time,observed,7809fac2fad9f2ce922ff6f3
solana:34kGEMALafiArfzrziNHnP4bgbWcJHGSinNSadvkKaUWjUYq3SKe9tKvCNDJBVkB5Zn4U72dec1uM9qZmZtdPijq:2:0,T+60h,true,scheduled,success,json_ok,observed,on_time,observed,2e20d7284d714cca203cb2a5
solana:3Lw7guBLy7DKpz9EifZr5kupV9zDuEoVB4tyQgWpjctPXuP4qnEhrHRHtfqSTFeC1rRtAgDik9aw6tiwN9pM8SQL:2:0,T0,true,scheduled,success,json_ok,observed,on_time,observed,44d85fcdba27863eda7f327b
solana:3Lw7guBLy7DKpz9EifZr5kupV9zDuEoVB4tyQgWpjctPXuP4qnEhrHRHtfqSTFeC1rRtAgDik9aw6tiwN9pM8SQL:2:0,T+24h,true,scheduled,success,json_ok,observed,on_time,observed,08c7e43a30701b1d426e5390
solana:3Lw7guBLy7DKpz9EifZr5kupV9zDuEoVB4tyQgWpjctPXuP4qnEhrHRHtfqSTFeC1rRtAgDik9aw6tiwN9pM8SQL:2:0,T+60h,true,scheduled,success,json_ok,observed,on_time,observed,99d2e1abb3c9015df351f512
solana:52fKXf2HsDo1ogwWj2CX8DQqE7uw8F6ykuiwHbvhiCa2c2tU7bi91offLHL5171CuftEKj9nW2voCuYEvS5T6nEQ:2:0,T0,true,scheduled,failed,not_observed,not_observed,on_time,request_failed,3e2d7937de85dfbfdae20699
solana:52fKXf2HsDo1ogwWj2CX8DQqE7uw8F6ykuiwHbvhiCa2c2tU7bi91offLHL5171CuftEKj9nW2voCuYEvS5T6nEQ:2:0,T+24h,true,scheduled,failed,not_observed,not_observed,on_time,request_failed,5bf0769ce8e9053c791cb42b
solana:52fKXf2HsDo1ogwWj2CX8DQqE7uw8F6ykuiwHbvhiCa2c2tU7bi91offLHL5171CuftEKj9nW2voCuYEvS5T6nEQ:2:0,T+60h,true,scheduled,failed,not_observed,not_observed,on_time,request_failed,c53d81a79f50d0c7e4e5f47e
solana:9MbGnJNTmc1Gi1rAKsWZ3FDrhDcFrsr3rgxLS5F2FYFAEb9BwS7wgycN2aGVbNvTS51bG1sKBTbW5sTTrHxAApD:0:0,T0,true,scheduled,failed,not_observed,not_observed,on_time,request_failed,3faf5a673f98c006df3a49e9
solana:9MbGnJNTmc1Gi1rAKsWZ3FDrhDcFrsr3rgxLS5F2FYFAEb9BwS7wgycN2aGVbNvTS51bG1sKBTbW5sTTrHxAApD:0:0,T+24h,true,scheduled,failed,not_observed,not_observed,on_time,request_failed,94fe382112a034d29f55372f
solana:9MbGnJNTmc1Gi1rAKsWZ3FDrhDcFrsr3rgxLS5F2FYFAEb9BwS7wgycN2aGVbNvTS51bG1sKBTbW5sTTrHxAApD:0:0,T+60h,true,scheduled,failed,not_observed,not_observed,on_time,request_failed,b083ec13fb9fe86f18d7c49e
solana:3u7FjNAcFdmD6geoz9cSDPMziHdKi1qDXdFjrEmkhSMt6nsT1TfkydzqsiDLtcLYVDTwzTQPyAjt7DMFYEVzuN5y:2:0,T0,true,scheduled,success,json_ok,observed,on_time,observed,1ddf28527e86887c1ce95485
solana:3u7FjNAcFdmD6geoz9cSDPMziHdKi1qDXdFjrEmkhSMt6nsT1TfkydzqsiDLtcLYVDTwzTQPyAjt7DMFYEVzuN5y:2:0,T+24h,true,scheduled,success,json_ok,observed,on_time,observed,b34634d99cf5748617a55e10
solana:3u7FjNAcFdmD6geoz9cSDPMziHdKi1qDXdFjrEmkhSMt6nsT1TfkydzqsiDLtcLYVDTwzTQPyAjt7DMFYEVzuN5y:2:0,T+60h,true,scheduled,success,json_ok,observed,on_time,observed,2fe4fcd285de1898e9fc2e5d
solana:pmxSq1dvNiFUYCcKxSEaWRJpneanyMaRAzGvLznEEaQtSj1ptEVb5kXKaNphn1h7FziTH7Wtz4TsfSLbuK7MHmK:2:0,T0,true,scheduled,success,json_ok,observed,on_time,observed,c5eedefb9c2646958548642d
solana:pmxSq1dvNiFUYCcKxSEaWRJpneanyMaRAzGvLznEEaQtSj1ptEVb5kXKaNphn1h7FziTH7Wtz4TsfSLbuK7MHmK:2:0,T+24h,true,scheduled,success,json_ok,observed,on_time,observed,a7c17b279c02e6dbff8f8044
solana:pmxSq1dvNiFUYCcKxSEaWRJpneanyMaRAzGvLznEEaQtSj1ptEVb5kXKaNphn1h7FziTH7Wtz4TsfSLbuK7MHmK:2:0,T+60h,true,scheduled,success,json_ok,observed,on_time,observed,33793a5b8b8b9179bbef2485
solana:Qi1US1Nrjevgqpq89J7EbW8d4dkjXix2h7X7BWwUtrvCnB55YRdP72qBuf8izvu5QUFqQaWDjX25GCfTwBMfvxi:2:0,T0,true,scheduled,success,json_ok,observed,on_time,observed,2209a463831353f02f6a8d32
solana:Qi1US1Nrjevgqpq89J7EbW8d4dkjXix2h7X7BWwUtrvCnB55YRdP72qBuf8izvu5QUFqQaWDjX25GCfTwBMfvxi:2:0,T+24h,true,scheduled,success,json_ok,observed,on_time,observed,36db7ccbbf0dd9faad402466
solana:Qi1US1Nrjevgqpq89J7EbW8d4dkjXix2h7X7BWwUtrvCnB55YRdP72qBuf8izvu5QUFqQaWDjX25GCfTwBMfvxi:2:0,T+60h,true,scheduled,success,json_ok,observed,on_time,observed,64d2c7f12268a8f8cab63a0c
solana:2JtN8i5u6HF6NAUQqmPi17Lm7f6w8tYb9hnPU7gismE3tQPAgiUEMuoYy3j9vgrzP8kWGJTBLGrNpHBK8mSbKWgF:2:0,T0,true,scheduled,not_collected_policy,not_collected_policy,not_observed,not_applicable,not_collected_policy,6ffb1aec1fd68966e30e8d80
solana:2JtN8i5u6HF6NAUQqmPi17Lm7f6w8tYb9hnPU7gismE3tQPAgiUEMuoYy3j9vgrzP8kWGJTBLGrNpHBK8mSbKWgF:2:0,T+24h,true,scheduled,not_collected_policy,not_collected_policy,not_observed,not_applicable,not_collected_policy,2fd503ab2cbc39206d20cf0c
solana:2JtN8i5u6HF6NAUQqmPi17Lm7f6w8tYb9hnPU7gismE3tQPAgiUEMuoYy3j9vgrzP8kWGJTBLGrNpHBK8mSbKWgF:2:0,T+60h,true,scheduled,not_collected_policy,not_collected_policy,not_observed,not_applicable,not_collected_policy,ed91ebfd0cdf9ec5222fb926
solana:48LUhkx9wwZf1kG9GcKKoBBDGMNKa1x2FP47goVvV9ZCJoxXpjFfYmehBBykHUGV1PkPDBVA4dNfM5if6kUJ99o6:2:0,T0,true,scheduled,success,json_ok,observed,on_time,observed,c94f4f5b8fcb3a54b6f71280
solana:48LUhkx9wwZf1kG9GcKKoBBDGMNKa1x2FP47goVvV9ZCJoxXpjFfYmehBBykHUGV1PkPDBVA4dNfM5if6kUJ99o6:2:0,T+24h,true,scheduled,success,json_ok,observed,on_time,observed,82a1f1845f1a74b1e543b777
solana:48LUhkx9wwZf1kG9GcKKoBBDGMNKa1x2FP47goVvV9ZCJoxXpjFfYmehBBykHUGV1PkPDBVA4dNfM5if6kUJ99o6:2:0,T+60h,true,scheduled,success,json_ok,observed,on_time,observed,27083a4225f26c7e77660088
solana:5n3svL5MhreQyPg3jGM56s28dtgwPDmAWu51PTTWZRbLxhEjtZ7R1Y5FtetQp9Q27d1iXvucEq6ZQpBdao55VT6Z:2:0,T0,true,scheduled,success,json_ok,observed,on_time,observed,93fa06951ee420a146b0ca41
solana:5n3svL5MhreQyPg3jGM56s28dtgwPDmAWu51PTTWZRbLxhEjtZ7R1Y5FtetQp9Q27d1iXvucEq6ZQpBdao55VT6Z:2:0,T+24h,true,scheduled,success,json_ok,observed,on_time,observed,3c97761a0a02f6326cb72201
solana:5n3svL5MhreQyPg3jGM56s28dtgwPDmAWu51PTTWZRbLxhEjtZ7R1Y5FtetQp9Q27d1iXvucEq6ZQpBdao55VT6Z:2:0,T+60h,true,scheduled,success,json_ok,observed,on_time,observed,a75e478cf123717374c57688
solana:2ZurP8YCotnuBGHfFqVcc9dKg6fWLf6pkLGAXgeLeEKsaynQvcJR5xqYPuZGzUQxRXvrFaehDTBZghvUqLuAqPW8:2:0,T0,true,scheduled,success,json_ok,observed,on_time,observed,789525c563696494898e9d82
solana:2ZurP8YCotnuBGHfFqVcc9dKg6fWLf6pkLGAXgeLeEKsaynQvcJR5xqYPuZGzUQxRXvrFaehDTBZghvUqLuAqPW8:2:0,T+24h,true,scheduled,success,json_ok,observed,on_time,observed,2fd354c89adb82aabc3f53f8
solana:2ZurP8YCotnuBGHfFqVcc9dKg6fWLf6pkLGAXgeLeEKsaynQvcJR5xqYPuZGzUQxRXvrFaehDTBZghvUqLuAqPW8:2:0,T+60h,true,scheduled,success,json_ok,observed,on_time,observed,377b34c84460ca6fcf829b93
solana:45tkWwq7A2KUFm8H2rVStzVYnyReUio1DRfhincZDzxezBQKFVEPLLe1mdkH2C5WYowNiX3GzGk9xDZA8zE9dnHM:2:0,T0,true,scheduled,success,json_ok,observed,on_time,observed,1e0ec85496807b40f156dfc3
solana:45tkWwq7A2KUFm8H2rVStzVYnyReUio1DRfhincZDzxezBQKFVEPLLe1mdkH2C5WYowNiX3GzGk9xDZA8zE9dnHM:2:0,T+24h,true,scheduled,success,json_ok,observed,on_time,observed,ff4045fe288397198cba6b1b
solana:45tkWwq7A2KUFm8H2rVStzVYnyReUio1DRfhincZDzxezBQKFVEPLLe1mdkH2C5WYowNiX3GzGk9xDZA8zE9dnHM:2:0,T+60h,true,scheduled,success,json_ok,observed,on_time,observed,7bd7319c5d82af8b8cd192c3
solana:2Kud9cYCVQ5X16wL4jXSXaN1mkLCJwZZ7M1VJVkKjKwUBoNwDzQXbm5nyGY13Vx12Pp7CdeV524oEfDKa4sy6r2h:2:0,T0,true,scheduled,not_collected_policy,not_collected_policy,not_observed,not_applicable,not_collected_policy,53268f9a2f66d2456da1fc96
solana:2Kud9cYCVQ5X16wL4jXSXaN1mkLCJwZZ7M1VJVkKjKwUBoNwDzQXbm5nyGY13Vx12Pp7CdeV524oEfDKa4sy6r2h:2:0,T+24h,true,scheduled,not_collected_policy,not_collected_policy,not_observed,not_applicable,not_collected_policy,e7460f44bfa35a641a4af98d
solana:2Kud9cYCVQ5X16wL4jXSXaN1mkLCJwZZ7M1VJVkKjKwUBoNwDzQXbm5nyGY13Vx12Pp7CdeV524oEfDKa4sy6r2h:2:0,T+60h,true,scheduled,not_collected_policy,not_collected_policy,not_observed,not_applicable,not_collected_policy,f9eaf51f1cd4ca30d321fd91
solana:67ZJFqwhGvGnfqCrvbVKos9nzkToxyBKRY7dVjPDQ36KQnxAJdXoKhtgMKSadQHRX9AorFHqDB2Baapbiab1KfXR:2:0,T0,true,scheduled,not_collected_policy,not_collected_policy,not_observed,not_applicable,not_collected_policy,8c4cf0ed338bbe3c1e825a7a
solana:67ZJFqwhGvGnfqCrvbVKos9nzkToxyBKRY7dVjPDQ36KQnxAJdXoKhtgMKSadQHRX9AorFHqDB2Baapbiab1KfXR:2:0,T+24h,true,scheduled,not_collected_policy,not_collected_policy,not_observed,not_applicable,not_collected_policy,f517d45fb79c3801cf78a266
solana:67ZJFqwhGvGnfqCrvbVKos9nzkToxyBKRY7dVjPDQ36KQnxAJdXoKhtgMKSadQHRX9AorFHqDB2Baapbiab1KfXR:2:0,T+60h,true,scheduled,not_collected_policy,not_collected_policy,not_observed,not_applicable,not_collected_policy,7a26e70f9c402d9ef473b171
solana:9xt8H9STnYQch1s63evxtXi1SL46jLw2EsCkWDTRPspUgS1XsJmSjWYnT4M4wrYG9ujAHNJZdekomZb3JquK2oe:2:0,T0,true,scheduled,success,json_ok,observed,on_time,observed,cf72315ffc6908131a580494
solana:9xt8H9STnYQch1s63evxtXi1SL46jLw2EsCkWDTRPspUgS1XsJmSjWYnT4M4wrYG9ujAHNJZdekomZb3JquK2oe:2:0,T+24h,true,scheduled,success,json_ok,observed,on_time,observed,5c8eab611288eabcc8828f00
solana:9xt8H9STnYQch1s63evxtXi1SL46jLw2EsCkWDTRPspUgS1XsJmSjWYnT4M4wrYG9ujAHNJZdekomZb3JquK2oe:2:0,T+60h,true,scheduled,success,json_ok,observed,on_time,observed,51f3cd436e47dae1b8b5d30a
solana:4tN18qb9zQXhK6sdyDLbuMFFKmoi7a2FQmQtB2nN1Bc6zCf1EozagoPBSw1nyTXsE79LBs2mV9Gw5qJY2U1TmAU:2:0,T0,true,scheduled,success,json_ok,observed,on_time,observed,6af582d562cd0c2e0feff5b7
solana:4tN18qb9zQXhK6sdyDLbuMFFKmoi7a2FQmQtB2nN1Bc6zCf1EozagoPBSw1nyTXsE79LBs2mV9Gw5qJY2U1TmAU:2:0,T+24h,true,scheduled,success,json_ok,observed,on_time,observed,62b87530863e64782c01d4fc
solana:4tN18qb9zQXhK6sdyDLbuMFFKmoi7a2FQmQtB2nN1Bc6zCf1EozagoPBSw1nyTXsE79LBs2mV9Gw5qJY2U1TmAU:2:0,T+60h,true,scheduled,success,json_ok,observed,on_time,observed,3d2e84922939ec3b9559ff2b
solana:5p7tWB3prr1GCQkd5qvPo9B6QsJZznT2Q1RSK2jTQcWKVpUXTf5SDLTdzBGT81Pz2ukZ4s4rGBx8mrGynfhvPuTT:2:0,T0,true,scheduled,success,json_ok,observed,on_time,observed,b789b7f97e07775e78838f99
solana:5p7tWB3prr1GCQkd5qvPo9B6QsJZznT2Q1RSK2jTQcWKVpUXTf5SDLTdzBGT81Pz2ukZ4s4rGBx8mrGynfhvPuTT:2:0,T+24h,true,scheduled,success,json_ok,observed,on_time,observed,0d141f220476bf859870f868
solana:5p7tWB3prr1GCQkd5qvPo9B6QsJZznT2Q1RSK2jTQcWKVpUXTf5SDLTdzBGT81Pz2ukZ4s4rGBx8mrGynfhvPuTT:2:0,T+60h,true,scheduled,success,json_ok,observed,on_time,observed,533949d48c39f22f32f9e90b
solana:3AaxoHZHZBjYmaxJTR5HJ7B6DdSKeFBGiECh1Juk1tPcBLTzS5DUmREbCeFquDn1gAkx52s7SXsEecJJRpFyRxxH:2:0,T0,true,scheduled,success,json_ok,observed,on_time,observed,c9a92cd49e77c75c2f3c1a05
solana:3AaxoHZHZBjYmaxJTR5HJ7B6DdSKeFBGiECh1Juk1tPcBLTzS5DUmREbCeFquDn1gAkx52s7SXsEecJJRpFyRxxH:2:0,T+24h,true,scheduled,success,json_ok,observed,on_time,observed,10db8224336b1237f20f7434
solana:3AaxoHZHZBjYmaxJTR5HJ7B6DdSKeFBGiECh1Juk1tPcBLTzS5DUmREbCeFquDn1gAkx52s7SXsEecJJRpFyRxxH:2:0,T+60h,true,scheduled,success,json_ok,observed,on_time,observed,f0f1e11b5cd1422ef29f1ab5
solana:3p1kfi5BrZhRpZe5B8c6LaxAAGrBXbqhBtBMBSzcZ9NdA6oVLqVcjf6CTtJ5Y52N2zL3Fdd1xXaY8AUQ4e6UqH8b:2:0,T0,true,scheduled,failed,not_observed,not_observed,late,request_failed,ef562c9f762873ec8053245a
solana:3p1kfi5BrZhRpZe5B8c6LaxAAGrBXbqhBtBMBSzcZ9NdA6oVLqVcjf6CTtJ5Y52N2zL3Fdd1xXaY8AUQ4e6UqH8b:2:0,T+24h,true,scheduled,failed,not_observed,not_observed,late,request_failed,d73d68a57bd710378f66a599
solana:3p1kfi5BrZhRpZe5B8c6LaxAAGrBXbqhBtBMBSzcZ9NdA6oVLqVcjf6CTtJ5Y52N2zL3Fdd1xXaY8AUQ4e6UqH8b:2:0,T+60h,true,scheduled,failed,not_observed,not_observed,on_time,request_failed,1795deee085fda00875a393f
solana:4nvoq5gTLbKXtpJPvMucHCDRgPAVCVyxY13Bgb8j9yhVkf4ZqiXH4vF65o4pQbDpe8BxgeCbL4aysg8fAP9M7v2r:2:0,T0,true,scheduled,not_collected_policy,not_collected_policy,not_observed,not_applicable,not_collected_policy,3dceaf1f1ce110865c19b259
solana:4nvoq5gTLbKXtpJPvMucHCDRgPAVCVyxY13Bgb8j9yhVkf4ZqiXH4vF65o4pQbDpe8BxgeCbL4aysg8fAP9M7v2r:2:0,T+24h,true,scheduled,not_collected_policy,not_collected_policy,not_observed,not_applicable,not_collected_policy,5dfaeb527bbdf3ad82410af3
solana:4nvoq5gTLbKXtpJPvMucHCDRgPAVCVyxY13Bgb8j9yhVkf4ZqiXH4vF65o4pQbDpe8BxgeCbL4aysg8fAP9M7v2r:2:0,T+60h,true,scheduled,not_collected_policy,not_collected_policy,not_observed,not_applicable,not_collected_policy,649762a58cf9fe1c421ecef9
solana:2ZDqMUFufTVr719PLMNb4U4D7QSYUKBaWFvaVYVbYxVy2SibbcYH2Lqx9Ma4ZmCVGQU4ngVNhNVfeTm38jH3xHJv:2:0,T0,true,scheduled,success,json_ok,observed,on_time,observed,f69a37600d67551d75df286a
solana:2ZDqMUFufTVr719PLMNb4U4D7QSYUKBaWFvaVYVbYxVy2SibbcYH2Lqx9Ma4ZmCVGQU4ngVNhNVfeTm38jH3xHJv:2:0,T+24h,true,scheduled,success,json_ok,observed,on_time,observed,a5e2b4bd675119c8395320ba
solana:2ZDqMUFufTVr719PLMNb4U4D7QSYUKBaWFvaVYVbYxVy2SibbcYH2Lqx9Ma4ZmCVGQU4ngVNhNVfeTm38jH3xHJv:2:0,T+60h,true,scheduled,success,json_ok,observed,on_time,observed,4772066187500c7396b25416
solana:2dGNa43ggMDLBcftVFzkzHCnD2cPugRfFJwFYaZY5iWvhSdKFKqh1oKFLoE8QYcT6LGoNSV1bafxbWaMuBUgsKyu:2:0,T0,true,scheduled,success,json_ok,observed,on_time,observed,6a56e9c73c839765f4794408
solana:2dGNa43ggMDLBcftVFzkzHCnD2cPugRfFJwFYaZY5iWvhSdKFKqh1oKFLoE8QYcT6LGoNSV1bafxbWaMuBUgsKyu:2:0,T+24h,true,scheduled,success,json_ok,observed,on_time,observed,fdeed3504a7f83711a3b9fd2
solana:2dGNa43ggMDLBcftVFzkzHCnD2cPugRfFJwFYaZY5iWvhSdKFKqh1oKFLoE8QYcT6LGoNSV1bafxbWaMuBUgsKyu:2:0,T+60h,true,scheduled,success,json_ok,observed,on_time,observed,c3b22832b97c4c91349d921b
solana:2sYxjPbezoFGoJpxrhMYXMSgRwmc91hmHwLCa33pbvra8nwJHXBTQnGsbdJ7LhJUKvp6MNtMTqRbHWwm3Cf5DE7:2:1,T0,true,scheduled,success,json_ok,observed,on_time,observed,9b4f739fe2ea380c97e1af0d
solana:2sYxjPbezoFGoJpxrhMYXMSgRwmc91hmHwLCa33pbvra8nwJHXBTQnGsbdJ7LhJUKvp6MNtMTqRbHWwm3Cf5DE7:2:1,T+24h,true,scheduled,success,json_ok,observed,on_time,observed,0b6cdae1520735dc7007145e
solana:2sYxjPbezoFGoJpxrhMYXMSgRwmc91hmHwLCa33pbvra8nwJHXBTQnGsbdJ7LhJUKvp6MNtMTqRbHWwm3Cf5DE7:2:1,T+60h,true,scheduled,success,json_ok,observed,on_time,observed,c0891eaa92480de1a8f6717b
solana:3ymf4mmFmTPpYi7wD4pQBrT5njtBFv9CTT1wTrnYWT3SAgdfWHM5LTCaLbpLokfzDHCZMqqAaF5kVWyNv1UCqpJ7:2:0,T0,true,scheduled,success,json_ok,observed,on_time,observed,85e6ac2bd545f195de55c580
solana:3ymf4mmFmTPpYi7wD4pQBrT5njtBFv9CTT1wTrnYWT3SAgdfWHM5LTCaLbpLokfzDHCZMqqAaF5kVWyNv1UCqpJ7:2:0,T+24h,true,scheduled,success,json_ok,observed,on_time,observed,590e41388ab004e37fbee671
solana:3ymf4mmFmTPpYi7wD4pQBrT5njtBFv9CTT1wTrnYWT3SAgdfWHM5LTCaLbpLokfzDHCZMqqAaF5kVWyNv1UCqpJ7:2:0,T+60h,true,scheduled,success,json_ok,observed,on_time,observed,dc03b3c69aefc0e678c5d054
solana:4SJjtr6bFEP32pbB4FNqF6QJGKdPNpToGrBKWpbdykRypv9cXjH8PhxytNSejXFvLNDBTpfRd4bAt3EuH2D2xocy:0:0,T0,true,scheduled,success,json_ok,observed,on_time,observed,bd82ec842f2eaae81c5d3577
solana:4SJjtr6bFEP32pbB4FNqF6QJGKdPNpToGrBKWpbdykRypv9cXjH8PhxytNSejXFvLNDBTpfRd4bAt3EuH2D2xocy:0:0,T+24h,true,scheduled,success,json_ok,observed,on_time,observed,62105bc1fba4bc2f6bc34601
solana:4SJjtr6bFEP32pbB4FNqF6QJGKdPNpToGrBKWpbdykRypv9cXjH8PhxytNSejXFvLNDBTpfRd4bAt3EuH2D2xocy:0:0,T+60h,true,scheduled,success,json_ok,observed,on_time,observed,b6c07f3b2ab8030463941114
solana:65trUDXGjuXwBnjAtW3kQcsv39KvQkqANH4UU9H26miaq1XHBGTWtLegutpJ3EJtx1BqBS2MTQvthsCzNF5xW5Xx:2:0,T0,true,scheduled,success,json_ok,observed,on_time,observed,1c39a6b4da7b714afaaf4d60
solana:65trUDXGjuXwBnjAtW3kQcsv39KvQkqANH4UU9H26miaq1XHBGTWtLegutpJ3EJtx1BqBS2MTQvthsCzNF5xW5Xx:2:0,T+24h,true,scheduled,success,json_ok,observed,on_time,observed,a875dddbd2779ec77b4a776d
solana:65trUDXGjuXwBnjAtW3kQcsv39KvQkqANH4UU9H26miaq1XHBGTWtLegutpJ3EJtx1BqBS2MTQvthsCzNF5xW5Xx:2:0,T+60h,true,scheduled,success,json_ok,observed,on_time,observed,aeed2e90d73dc66dee54024a
solana:Q62mk8rU4UgrrvG5syZQxdLRSrSwV9LZwPsxSFnb4SxYKSkPrAStRNrKkHQ3fBhmBP9KgyDTYpW1aX1kuJ6Ad1g:2:0,T0,true,scheduled,failed,not_observed,not_observed,on_time,request_failed,40ff7946ad8334fb24681cde
solana:Q62mk8rU4UgrrvG5syZQxdLRSrSwV9LZwPsxSFnb4SxYKSkPrAStRNrKkHQ3fBhmBP9KgyDTYpW1aX1kuJ6Ad1g:2:0,T+24h,true,scheduled,failed,not_observed,not_observed,on_time,request_failed,4a4b463b7a14afd196a6c780
solana:Q62mk8rU4UgrrvG5syZQxdLRSrSwV9LZwPsxSFnb4SxYKSkPrAStRNrKkHQ3fBhmBP9KgyDTYpW1aX1kuJ6Ad1g:2:0,T+60h,true,scheduled,failed,not_observed,not_observed,on_time,request_failed,072d3ad2a58283f370b415f1
solana:59eLRbyfpo85Np88XkqSiLZBTcbBmamsujYz3JW8ckSgg2zMCieSwVxzSnWNUbxB6rnCmYU5BgQ6iyZjDWipVXjR:2:0,T0,true,scheduled,success,json_ok,observed,on_time,observed,86ae8d16538dc100aedfdddd
solana:59eLRbyfpo85Np88XkqSiLZBTcbBmamsujYz3JW8ckSgg2zMCieSwVxzSnWNUbxB6rnCmYU5BgQ6iyZjDWipVXjR:2:0,T+24h,true,scheduled,success,json_ok,observed,on_time,observed,2cdd5a0e362f85934864a073
solana:59eLRbyfpo85Np88XkqSiLZBTcbBmamsujYz3JW8ckSgg2zMCieSwVxzSnWNUbxB6rnCmYU5BgQ6iyZjDWipVXjR:2:0,T+60h,true,scheduled,success,json_ok,observed,on_time,observed,4185da3902fa124a33299462
solana:2eCR47eEsjWBtToFxjs737AjgFTGoCSFtWoS8Gvp4o6wZUy5ojVPYmv6wAgkdrse7Lk4gSfcZHce2qKowQ21XZa2:0:0,T0,true,scheduled,success,json_ok,observed,on_time,observed,f208f7723d57d7e83c53f176
solana:2eCR47eEsjWBtToFxjs737AjgFTGoCSFtWoS8Gvp4o6wZUy5ojVPYmv6wAgkdrse7Lk4gSfcZHce2qKowQ21XZa2:0:0,T+24h,true,scheduled,success,json_ok,observed,on_time,observed,63e406b98bcba03f0bd0af01
solana:2eCR47eEsjWBtToFxjs737AjgFTGoCSFtWoS8Gvp4o6wZUy5ojVPYmv6wAgkdrse7Lk4gSfcZHce2qKowQ21XZa2:0:0,T+60h,true,scheduled,success,json_ok,observed,on_time,observed,ffbb99884b2620f153cbba1b
solana:3QpxGwHCtrTs9ZxYS31f8S5tmV9jzztKAME3bHvYNA8QvR972PjMkFNP91Xki4Jo3P4p9TskbwR3VAup84W97Ewj:3:0,T0,true,scheduled,success,json_ok,observed,on_time,observed,c1543b34aeae21771eaadd22
solana:3QpxGwHCtrTs9ZxYS31f8S5tmV9jzztKAME3bHvYNA8QvR972PjMkFNP91Xki4Jo3P4p9TskbwR3VAup84W97Ewj:3:0,T+24h,true,scheduled,success,json_ok,observed,on_time,observed,fb72e9ecce8fad49059451e4
solana:3QpxGwHCtrTs9ZxYS31f8S5tmV9jzztKAME3bHvYNA8QvR972PjMkFNP91Xki4Jo3P4p9TskbwR3VAup84W97Ewj:3:0,T+60h,true,scheduled,success,json_ok,observed,on_time,observed,995db21c9eaaaa5ae2647c20
solana:3kXNDSKxFPqg9Rwnz8vTTfqamAqvizt8DEcboey7bF2schcxD6mxP64h5MNP7ZnacGZnhSADeCF1Sy2uZPcxcgAu:2:0,T0,true,scheduled,success,json_ok,observed,on_time,observed,b701a7a6816ac0f221d63ab9
solana:3kXNDSKxFPqg9Rwnz8vTTfqamAqvizt8DEcboey7bF2schcxD6mxP64h5MNP7ZnacGZnhSADeCF1Sy2uZPcxcgAu:2:0,T+24h,true,scheduled,success,json_ok,observed,on_time,observed,a9b1ccf6b1147a4315edb516
solana:3kXNDSKxFPqg9Rwnz8vTTfqamAqvizt8DEcboey7bF2schcxD6mxP64h5MNP7ZnacGZnhSADeCF1Sy2uZPcxcgAu:2:0,T+60h,true,scheduled,success,json_ok,observed,on_time,observed,2632b7588eabcf263cb82f74
solana:4aJzjn9shqJMeJ5H6Gj5bQMuNJUGMCEfTnKjQvkpKKopyEPELtrwG8PTfev57fCK6hE6ceCbjSqf1GAYhoG9FHvt:0:0,T0,true,scheduled,success,json_ok,observed,on_time,observed,a39b85e9b9a50436e19115c4
solana:4aJzjn9shqJMeJ5H6Gj5bQMuNJUGMCEfTnKjQvkpKKopyEPELtrwG8PTfev57fCK6hE6ceCbjSqf1GAYhoG9FHvt:0:0,T+24h,true,scheduled,success,json_ok,observed,on_time,observed,a22fd97d05ced5321412239b
solana:4aJzjn9shqJMeJ5H6Gj5bQMuNJUGMCEfTnKjQvkpKKopyEPELtrwG8PTfev57fCK6hE6ceCbjSqf1GAYhoG9FHvt:0:0,T+60h,true,scheduled,success,json_ok,observed,on_time,observed,bf8477597428ac595e359348
solana:5vti4p9XPjfydk3Av1a9TLcXfHpebkEsmx4TEM2U4u5mVmSnWrK67oo784ZBSDbXdveMm9tJd2LZLca5J2z8vfjT:2:0,T0,true,scheduled,success,json_ok,observed,on_time,observed,99efb5a3660cae4df42b9349
solana:5vti4p9XPjfydk3Av1a9TLcXfHpebkEsmx4TEM2U4u5mVmSnWrK67oo784ZBSDbXdveMm9tJd2LZLca5J2z8vfjT:2:0,T+24h,true,scheduled,success,json_ok,observed,on_time,observed,ee62eb9f6df67398dd9e1ced
solana:5vti4p9XPjfydk3Av1a9TLcXfHpebkEsmx4TEM2U4u5mVmSnWrK67oo784ZBSDbXdveMm9tJd2LZLca5J2z8vfjT:2:0,T+60h,true,scheduled,success,json_ok,observed,on_time,observed,f8a0b66c9549267667523dde
solana:3k7Gk8FyA66riystcBKCdFmjDhJjowamYjQDxoUyBRPWYNWE8HHphF2gGwMwM5jDLSJfFVtZS2srkG7kdDiNZ3Sf:2:0,T0,true,scheduled,success,json_ok,observed,on_time,observed,35f28b1c838a99aec7d5d228
solana:3k7Gk8FyA66riystcBKCdFmjDhJjowamYjQDxoUyBRPWYNWE8HHphF2gGwMwM5jDLSJfFVtZS2srkG7kdDiNZ3Sf:2:0,T+24h,true,scheduled,success,json_ok,observed,on_time,observed,2f3a3eb801583fe8afc65fcc
solana:3k7Gk8FyA66riystcBKCdFmjDhJjowamYjQDxoUyBRPWYNWE8HHphF2gGwMwM5jDLSJfFVtZS2srkG7kdDiNZ3Sf:2:0,T+60h,true,scheduled,success,json_ok,observed,on_time,observed,1d457748da980d3b34b20834
solana:2Ptp5hLG7SAvSp3AthceF3DRB5TSKGadWMJRyUpESFuAkyC9SwB9yc2FZCQo6yuotuMd9Jm9tg4uYyPGM1EFc4hD:2:0,T0,true,scheduled,success,json_ok,observed,on_time,observed,b111ec245401f64da4327385
solana:2Ptp5hLG7SAvSp3AthceF3DRB5TSKGadWMJRyUpESFuAkyC9SwB9yc2FZCQo6yuotuMd9Jm9tg4uYyPGM1EFc4hD:2:0,T+24h,true,scheduled,success,json_ok,observed,on_time,observed,ded400c5c072db15821d4945
solana:2Ptp5hLG7SAvSp3AthceF3DRB5TSKGadWMJRyUpESFuAkyC9SwB9yc2FZCQo6yuotuMd9Jm9tg4uYyPGM1EFc4hD:2:0,T+60h,true,scheduled,success,json_ok,observed,on_time,observed,f0812c0658ab700f66de7452
solana:5rMErpSUFMMC4G5G2ePHhkMZcGApY3c52vXocCVqocqx2b38Txin8VPavhvYEiX4LX1GDRUnm8k4N1BDDTGtSdXt:1:0,T0,true,scheduled,success,json_ok,observed,on_time,observed,d80d7d4c03f88a758aa30b7c
solana:5rMErpSUFMMC4G5G2ePHhkMZcGApY3c52vXocCVqocqx2b38Txin8VPavhvYEiX4LX1GDRUnm8k4N1BDDTGtSdXt:1:0,T+24h,true,scheduled,success,json_ok,observed,on_time,observed,346be90755838478b64ecaf0
solana:5rMErpSUFMMC4G5G2ePHhkMZcGApY3c52vXocCVqocqx2b38Txin8VPavhvYEiX4LX1GDRUnm8k4N1BDDTGtSdXt:1:0,T+60h,true,scheduled,success,json_ok,observed,on_time,observed,00b2787e302d45c72f0b500f
solana:3528mG4Q4iuVg2ZFn6V1FKJnVav82jiVjzjMmmLTcTvTh6RCfP37Ww75gcyNQcj9BaEHcCsU4Z9z9uWWs526GTYR:2:0,T0,true,scheduled,success,json_ok,observed,on_time,observed,97289e6b1e1f788ac81dcec8
solana:3528mG4Q4iuVg2ZFn6V1FKJnVav82jiVjzjMmmLTcTvTh6RCfP37Ww75gcyNQcj9BaEHcCsU4Z9z9uWWs526GTYR:2:0,T+24h,true,scheduled,success,json_ok,observed,on_time,observed,aa5b823a38aec9e76e1d8af8
solana:3528mG4Q4iuVg2ZFn6V1FKJnVav82jiVjzjMmmLTcTvTh6RCfP37Ww75gcyNQcj9BaEHcCsU4Z9z9uWWs526GTYR:2:0,T+60h,true,scheduled,success,json_ok,observed,on_time,observed,66f1f30f633f0c602d3e5b22
solana:24m2xhfebgDVc65bZx6jnW5z8q7gv6XT3qegBpjMBT3mfTTzqnhUhyHGcjJMaHkKPNhNd9qK244FpGKBMrzJxyf2:2:0,T0,true,scheduled,success,json_ok,observed,on_time,observed,844837fdeaf8f989c6023203
solana:24m2xhfebgDVc65bZx6jnW5z8q7gv6XT3qegBpjMBT3mfTTzqnhUhyHGcjJMaHkKPNhNd9qK244FpGKBMrzJxyf2:2:0,T+24h,true,scheduled,success,json_ok,observed,on_time,observed,69fe126aea2417c2e2762b94
solana:24m2xhfebgDVc65bZx6jnW5z8q7gv6XT3qegBpjMBT3mfTTzqnhUhyHGcjJMaHkKPNhNd9qK244FpGKBMrzJxyf2:2:0,T+60h,true,scheduled,success,json_ok,observed,on_time,observed,d3a0f3c8bc1dbcb954602992
solana:4z1Jgns4DrsCfSnGBN6Cb17yEzrnuNqoUHjL6zwSbkJpVz8KpCnvSJhmcP4rqoHu3Hta3jBW9sqTSGaCbbEMbym7:1:0,T0,true,scheduled,success,json_ok,observed,on_time,observed,f4162ba58b0556803fc54c8a
solana:4z1Jgns4DrsCfSnGBN6Cb17yEzrnuNqoUHjL6zwSbkJpVz8KpCnvSJhmcP4rqoHu3Hta3jBW9sqTSGaCbbEMbym7:1:0,T+24h,true,scheduled,success,json_ok,observed,on_time,observed,17ec6481a8553342dda3732f
solana:4z1Jgns4DrsCfSnGBN6Cb17yEzrnuNqoUHjL6zwSbkJpVz8KpCnvSJhmcP4rqoHu3Hta3jBW9sqTSGaCbbEMbym7:1:0,T+60h,true,scheduled,success,json_ok,observed,on_time,observed,b24c8076dbe7dbc0863d5de3
solana:2fJMnD7dyUUpeDK2jXix3UFU6vnEDQkkK5dWGygYjoT7BuBHiARdUq5Ma34F4BpQGpNqGkrp3auqZ57QgUsFLD9u:2:0,T0,true,scheduled,success,json_ok,observed,on_time,observed,ceb375ae10e7dea80eaff920
solana:2fJMnD7dyUUpeDK2jXix3UFU6vnEDQkkK5dWGygYjoT7BuBHiARdUq5Ma34F4BpQGpNqGkrp3auqZ57QgUsFLD9u:2:0,T+24h,true,scheduled,success,json_ok,observed,on_time,observed,1bd7c991a7ae0caf2046bcdc
solana:2fJMnD7dyUUpeDK2jXix3UFU6vnEDQkkK5dWGygYjoT7BuBHiARdUq5Ma34F4BpQGpNqGkrp3auqZ57QgUsFLD9u:2:0,T+60h,true,scheduled,success,json_ok,observed,on_time,observed,ddf84c205b6dc39ed25410fb
solana:2JUhWcYrXS13jkCSJXELQfQsXU55PqgCwS8fXuMLVNijoXov3TAyg756KHFAHWN6wUxpRZiWMyNAJPsTXAvFM4Uc:2:0,T0,true,scheduled,success,json_ok,observed,on_time,observed,b85643a8110c85395ee84097
solana:2JUhWcYrXS13jkCSJXELQfQsXU55PqgCwS8fXuMLVNijoXov3TAyg756KHFAHWN6wUxpRZiWMyNAJPsTXAvFM4Uc:2:0,T+24h,true,scheduled,success,json_ok,observed,on_time,observed,4e79e3df2feaa09066fe5a8a
solana:2JUhWcYrXS13jkCSJXELQfQsXU55PqgCwS8fXuMLVNijoXov3TAyg756KHFAHWN6wUxpRZiWMyNAJPsTXAvFM4Uc:2:0,T+60h,true,scheduled,success,json_ok,observed,on_time,observed,0807e0e09eaaa96a3d8bf072
solana:34n6NGcmH3D1wuB3TQrVnwgiq2Bb5Q7izLw3iJnqAH91anemPj32yAnYoC6f6S3Esa9xaidRDVeomxcHfjiPAZtC:2:0,T0,true,scheduled,success,json_ok,observed,on_time,observed,251fe252e9cb33d95f3518cb
solana:34n6NGcmH3D1wuB3TQrVnwgiq2Bb5Q7izLw3iJnqAH91anemPj32yAnYoC6f6S3Esa9xaidRDVeomxcHfjiPAZtC:2:0,T+24h,true,scheduled,success,json_ok,observed,on_time,observed,b57b22cafeea752e22748ede
solana:34n6NGcmH3D1wuB3TQrVnwgiq2Bb5Q7izLw3iJnqAH91anemPj32yAnYoC6f6S3Esa9xaidRDVeomxcHfjiPAZtC:2:0,T+60h,true,scheduled,success,json_ok,observed,on_time,observed,8349aab90514a4d52e81c083
solana:EhU5PPm7uTG4RH5baLR3C39Y2jGByijQb44tEhscw1gjMmthwzPLh435dqdMwp1tunNZHRGgwTTQ8re1S7qE6Kv:2:0,T0,true,scheduled,success,json_ok,observed,on_time,observed,b89ea9444b614ef484113cf6
solana:EhU5PPm7uTG4RH5baLR3C39Y2jGByijQb44tEhscw1gjMmthwzPLh435dqdMwp1tunNZHRGgwTTQ8re1S7qE6Kv:2:0,T+24h,true,scheduled,success,json_ok,observed,on_time,observed,a517916c8bcff1828923957e
solana:EhU5PPm7uTG4RH5baLR3C39Y2jGByijQb44tEhscw1gjMmthwzPLh435dqdMwp1tunNZHRGgwTTQ8re1S7qE6Kv:2:0,T+60h,true,scheduled,success,json_ok,observed,on_time,observed,2a7b4b380400478af12256e5
solana:5rY6MVQnd3KUqGyCjx9KyWABRkQpLbtywWZpK6y33pQD2R4jB7Rhwy4JHsVkFdh9NmZFTw9wTbpp9dwveNCwLKLv:2:0,T0,true,scheduled,failed,not_observed,not_observed,late,request_failed,ee4ae6fb6260ed3a1ccd87c2
solana:5rY6MVQnd3KUqGyCjx9KyWABRkQpLbtywWZpK6y33pQD2R4jB7Rhwy4JHsVkFdh9NmZFTw9wTbpp9dwveNCwLKLv:2:0,T+24h,true,scheduled,failed,not_observed,not_observed,late,request_failed,fdd11e7162bfd4b12f22ca18
solana:5rY6MVQnd3KUqGyCjx9KyWABRkQpLbtywWZpK6y33pQD2R4jB7Rhwy4JHsVkFdh9NmZFTw9wTbpp9dwveNCwLKLv:2:0,T+60h,true,scheduled,failed,not_observed,not_observed,on_time,request_failed,9a53b251358e73db6c180f9e
solana:2dCVYcw5MTehTRs15rnNFQ2jMMuJXBrxHhMus6UGW27s2iUXSfqCCnKpZJ1BccyvmkAZ4BidyFDsoHgCrLqKbdrv:2:0,T0,true,scheduled,success,json_ok,observed,on_time,observed,26e4f77080b4f8c555b74544
solana:2dCVYcw5MTehTRs15rnNFQ2jMMuJXBrxHhMus6UGW27s2iUXSfqCCnKpZJ1BccyvmkAZ4BidyFDsoHgCrLqKbdrv:2:0,T+24h,true,scheduled,success,json_ok,observed,on_time,observed,689b078d2f8ff1991cf15ff5
solana:2dCVYcw5MTehTRs15rnNFQ2jMMuJXBrxHhMus6UGW27s2iUXSfqCCnKpZJ1BccyvmkAZ4BidyFDsoHgCrLqKbdrv:2:0,T+60h,true,scheduled,success,json_ok,observed,on_time,observed,93b72a258a993830d46780e6
solana:PcU2kAd5mDK48bFx2qVmmdbUG4upwJ8miV56WpRWSvdSf5Cp4k8w5mxqmjycFaaoTFMposW7C2jcNRuVbxsVNy8:2:0,T0,true,scheduled,success,json_ok,observed,on_time,observed,6acefcefbf2984039e9a1915
solana:PcU2kAd5mDK48bFx2qVmmdbUG4upwJ8miV56WpRWSvdSf5Cp4k8w5mxqmjycFaaoTFMposW7C2jcNRuVbxsVNy8:2:0,T+24h,true,scheduled,success,json_ok,observed,on_time,observed,c76c4e18caefe6b166f08c96
solana:PcU2kAd5mDK48bFx2qVmmdbUG4upwJ8miV56WpRWSvdSf5Cp4k8w5mxqmjycFaaoTFMposW7C2jcNRuVbxsVNy8:2:0,T+60h,true,scheduled,success,json_ok,observed,on_time,observed,dde2abeebd025c4c28a42316
solana:5ekcXqCbPckBgHb78z4qevXT4D4SKL5H9cjSWZS1Fxt3WQWNVvRLdQApNrWWz8biJ3udFax4uUUYp6m9FruTZ3LQ:2:0,T0,true,scheduled,success,json_ok,observed,on_time,observed,8468383bd9b8b71f44bcf9cf
solana:5ekcXqCbPckBgHb78z4qevXT4D4SKL5H9cjSWZS1Fxt3WQWNVvRLdQApNrWWz8biJ3udFax4uUUYp6m9FruTZ3LQ:2:0,T+24h,true,scheduled,success,json_ok,observed,on_time,observed,5916964268c689debf2da0ad
solana:5ekcXqCbPckBgHb78z4qevXT4D4SKL5H9cjSWZS1Fxt3WQWNVvRLdQApNrWWz8biJ3udFax4uUUYp6m9FruTZ3LQ:2:0,T+60h,true,scheduled,success,json_ok,observed,on_time,observed,f7f948013436cbf6df5d023a
solana:46A1qeP6S5FnkqAcdWUzwkGL7PhoA9cFzjPAjsDyLt3W187a9Hq8vh5Wn6fkZshv8sUrXWho7TGKk7tmpL4MRBLt:2:0,T0,true,scheduled,success,json_ok,observed,on_time,observed,7b59953ab891e01f66f47046
solana:46A1qeP6S5FnkqAcdWUzwkGL7PhoA9cFzjPAjsDyLt3W187a9Hq8vh5Wn6fkZshv8sUrXWho7TGKk7tmpL4MRBLt:2:0,T+24h,true,scheduled,success,json_ok,observed,on_time,observed,0b0c49d1b1aa58182abf6797
solana:46A1qeP6S5FnkqAcdWUzwkGL7PhoA9cFzjPAjsDyLt3W187a9Hq8vh5Wn6fkZshv8sUrXWho7TGKk7tmpL4MRBLt:2:0,T+60h,true,scheduled,success,json_ok,observed,on_time,observed,1349944dae982a2f95f03ad8
solana:2F5DTp43SSaRAdMkeK8oRYbDmJV2USW53Ax5aJ2YK93RAcaDoUyU2LqmUUgLarxDPoEFLwRhQrnTaPDPzySuEgU4:0:0,T0,true,scheduled,success,json_ok,observed,on_time,observed,7b0fb58ad5a35ce863d023c9
solana:2F5DTp43SSaRAdMkeK8oRYbDmJV2USW53Ax5aJ2YK93RAcaDoUyU2LqmUUgLarxDPoEFLwRhQrnTaPDPzySuEgU4:0:0,T+24h,true,scheduled,success,json_ok,observed,on_time,observed,2c53a3509d6b37b0786a9cb4
solana:2F5DTp43SSaRAdMkeK8oRYbDmJV2USW53Ax5aJ2YK93RAcaDoUyU2LqmUUgLarxDPoEFLwRhQrnTaPDPzySuEgU4:0:0,T+60h,true,scheduled,success,json_ok,observed,on_time,observed,994dfda2c0811bce6d0b9091
solana:2yh1uuZZcSUwKsVxHu4DVGDLzjZRGfMLSi1kGQm5G4zoMuisBBWU9LUFU2CDixoV3kGiRYzmh4KXejuTBXVEuDQr:2:0,T0,true,scheduled,success,json_ok,observed,on_time,observed,bee958a740d4e2c53ee80169
solana:2yh1uuZZcSUwKsVxHu4DVGDLzjZRGfMLSi1kGQm5G4zoMuisBBWU9LUFU2CDixoV3kGiRYzmh4KXejuTBXVEuDQr:2:0,T+24h,true,scheduled,success,json_ok,observed,on_time,observed,564cdf2af2935431febc320c
solana:2yh1uuZZcSUwKsVxHu4DVGDLzjZRGfMLSi1kGQm5G4zoMuisBBWU9LUFU2CDixoV3kGiRYzmh4KXejuTBXVEuDQr:2:0,T+60h,true,scheduled,success,json_ok,observed,on_time,observed,8fb910e410648b501b48471b
solana:2UuwCQXD7rxBQZ3pAW5EMmHzwupDfjTXK6LiQxstPyTqieYFQbSPrYoSo635rkw1c2xmeDbia4o4TVtnRrMLAGMJ:2:0,T0,true,scheduled,not_collected_policy,not_collected_policy,not_observed,not_applicable,not_collected_policy,130be6c8930ee419c617862c
solana:2UuwCQXD7rxBQZ3pAW5EMmHzwupDfjTXK6LiQxstPyTqieYFQbSPrYoSo635rkw1c2xmeDbia4o4TVtnRrMLAGMJ:2:0,T+24h,true,scheduled,not_collected_policy,not_collected_policy,not_observed,not_applicable,not_collected_policy,9755b4eefab2b307c425f4eb
solana:2UuwCQXD7rxBQZ3pAW5EMmHzwupDfjTXK6LiQxstPyTqieYFQbSPrYoSo635rkw1c2xmeDbia4o4TVtnRrMLAGMJ:2:0,T+60h,true,scheduled,not_collected_policy,not_collected_policy,not_observed,not_applicable,not_collected_policy,64aaacaef66685c4e51f87ff
solana:4TtnngwcRzVrnAEQ6wywWgbvJcAhyZxBmt7SBP59W5aygvPuUvb51vQGnRsz2ciu1Lkxju9oRkbsadxQpk4wMswe:2:0,T0,true,scheduled,success,json_ok,observed,on_time,observed,10ae3b90f748a1744fc8e970
solana:4TtnngwcRzVrnAEQ6wywWgbvJcAhyZxBmt7SBP59W5aygvPuUvb51vQGnRsz2ciu1Lkxju9oRkbsadxQpk4wMswe:2:0,T+24h,true,scheduled,success,json_ok,observed,on_time,observed,a9567b9af349bdfc0110531b
solana:4TtnngwcRzVrnAEQ6wywWgbvJcAhyZxBmt7SBP59W5aygvPuUvb51vQGnRsz2ciu1Lkxju9oRkbsadxQpk4wMswe:2:0,T+60h,true,scheduled,success,json_ok,observed,on_time,observed,a80fc6a98e0219b6213ec0e3
solana:yZi9MoibC7GRo5WS75Ha9Q1Gy8BU4vjwrVhjrqmQ2NyogQHz2oTNXJUZEwdhQGNrj4AtE2rSApsFktfm2NaBbrb:0:0,T0,true,scheduled,success,json_ok,observed,on_time,observed,1ffc2cfe72d81fadce826a5b
solana:yZi9MoibC7GRo5WS75Ha9Q1Gy8BU4vjwrVhjrqmQ2NyogQHz2oTNXJUZEwdhQGNrj4AtE2rSApsFktfm2NaBbrb:0:0,T+24h,true,scheduled,success,json_ok,observed,on_time,observed,f0926709b30c7bf88a33ca47
solana:yZi9MoibC7GRo5WS75Ha9Q1Gy8BU4vjwrVhjrqmQ2NyogQHz2oTNXJUZEwdhQGNrj4AtE2rSApsFktfm2NaBbrb:0:0,T+60h,true,scheduled,success,json_ok,observed,on_time,observed,56fc1b66f5213ca7e6361074
solana:29aX1BeaX4kzKJBB3BfWh7Q8jDPse7R3KMCbb8J3ZEjm2EyuqWKVkrGYBn2BQKZEhhzDTddEHfGrEXzdQHUfbyqr:1:0,T0,true,scheduled,success,json_ok,observed,on_time,observed,9b5b2b74435b81490e4838da
solana:29aX1BeaX4kzKJBB3BfWh7Q8jDPse7R3KMCbb8J3ZEjm2EyuqWKVkrGYBn2BQKZEhhzDTddEHfGrEXzdQHUfbyqr:1:0,T+24h,true,scheduled,success,json_ok,observed,on_time,observed,834fc6ddb3c12d8bdd3ca9d5
solana:29aX1BeaX4kzKJBB3BfWh7Q8jDPse7R3KMCbb8J3ZEjm2EyuqWKVkrGYBn2BQKZEhhzDTddEHfGrEXzdQHUfbyqr:1:0,T+60h,true,scheduled,success,json_ok,observed,on_time,observed,2b9e244f411a55bf2a1e0477
solana:EaEkQfJrZ8kn1w9GgiKtk7ruMmj9gTQquZSEv4qAFAVNfSwXzFLGeeHi3kSSs75KCY2fHDpF5ZmvzrxnFf7dBSs:2:0,T0,true,scheduled,success,json_ok,observed,on_time,observed,ba670c722b22a79b5594c39a
solana:EaEkQfJrZ8kn1w9GgiKtk7ruMmj9gTQquZSEv4qAFAVNfSwXzFLGeeHi3kSSs75KCY2fHDpF5ZmvzrxnFf7dBSs:2:0,T+24h,true,scheduled,success,json_ok,observed,on_time,observed,e0ff6e6420807b9b0b38eca6
solana:EaEkQfJrZ8kn1w9GgiKtk7ruMmj9gTQquZSEv4qAFAVNfSwXzFLGeeHi3kSSs75KCY2fHDpF5ZmvzrxnFf7dBSs:2:0,T+60h,true,scheduled,success,json_ok,observed,on_time,observed,22d242252eb7f8b7337a9f57
solana:4siUjWVDo1sJ51t3xP88QwEXoKE6tfEHKCRsFfDPT5BcYMHRFFajNJqk6s6u3f9wqEaJUFaA6zo1LPx3QH2fXJ7P:2:0,T0,true,scheduled,success,json_ok,observed,on_time,observed,444557214651298f12c2c50e
solana:4siUjWVDo1sJ51t3xP88QwEXoKE6tfEHKCRsFfDPT5BcYMHRFFajNJqk6s6u3f9wqEaJUFaA6zo1LPx3QH2fXJ7P:2:0,T+24h,true,scheduled,success,json_ok,observed,on_time,observed,fb030da0ba93c70d2988fee3
solana:4siUjWVDo1sJ51t3xP88QwEXoKE6tfEHKCRsFfDPT5BcYMHRFFajNJqk6s6u3f9wqEaJUFaA6zo1LPx3QH2fXJ7P:2:0,T+60h,true,scheduled,success,json_ok,observed,on_time,observed,876612d238fbf2914b8b39f6
solana:hEKqDUk7P6izSVWNndtMd7STdYPnBb4g6TLt7HqidrE73e9a2A8Nk8PCNeuPZBvzqDBAkR9KRALxJmFBc3A9Ac1:2:0,T0,true,scheduled,success,json_ok,observed,on_time,observed,e65511ba2c55420c6fbfb364
solana:hEKqDUk7P6izSVWNndtMd7STdYPnBb4g6TLt7HqidrE73e9a2A8Nk8PCNeuPZBvzqDBAkR9KRALxJmFBc3A9Ac1:2:0,T+24h,true,scheduled,success,json_ok,observed,on_time,observed,b9132de24087e24ca48773e2
solana:hEKqDUk7P6izSVWNndtMd7STdYPnBb4g6TLt7HqidrE73e9a2A8Nk8PCNeuPZBvzqDBAkR9KRALxJmFBc3A9Ac1:2:0,T+60h,true,scheduled,success,json_ok,observed,on_time,observed,08eac7a4ea20b20261ebb92d
solana:65m9rQh3PU9MNBJRDZByEA4gNLkFDFg1E2tsCguVd3UX3FtKThD7pfZqzTXxsQYH9Exv8HDyr1RtPRhqKkZ6hRdv:2:0,T0,true,scheduled,failed,not_observed,not_observed,on_time,request_failed,2b6bf6d140151282d2bfddb3
solana:65m9rQh3PU9MNBJRDZByEA4gNLkFDFg1E2tsCguVd3UX3FtKThD7pfZqzTXxsQYH9Exv8HDyr1RtPRhqKkZ6hRdv:2:0,T+24h,true,scheduled,failed,not_observed,not_observed,on_time,request_failed,951c893e28188e5f139bd748
solana:65m9rQh3PU9MNBJRDZByEA4gNLkFDFg1E2tsCguVd3UX3FtKThD7pfZqzTXxsQYH9Exv8HDyr1RtPRhqKkZ6hRdv:2:0,T+60h,true,scheduled,failed,not_observed,not_observed,on_time,request_failed,c2db98de2863bf5ebdffbd67
solana:4HHvLPQ12NTBikpXtDUm55ZWREsfLeBe9SkNLXR5mohe9SYCPozUh7ibMWcPw5Q77xL2GgUAbW2EZTg9Lh5NABT8:2:0,T0,true,scheduled,success,json_ok,observed,on_time,observed,c672f18b92d9a97e179f6ad5
solana:4HHvLPQ12NTBikpXtDUm55ZWREsfLeBe9SkNLXR5mohe9SYCPozUh7ibMWcPw5Q77xL2GgUAbW2EZTg9Lh5NABT8:2:0,T+24h,true,scheduled,success,json_ok,observed,on_time,observed,31f16741eed6d6890c96773f
solana:4HHvLPQ12NTBikpXtDUm55ZWREsfLeBe9SkNLXR5mohe9SYCPozUh7ibMWcPw5Q77xL2GgUAbW2EZTg9Lh5NABT8:2:0,T+60h,true,scheduled,success,json_ok,observed,on_time,observed,aba40bee4732504e411cbbbb
solana:CVaWd4bn22g19SPCuG6Se22Yn19jZXp8QYubddsb6yqNzFHet9rQKMZuoAzmEqT9tCfy18MotirXbYE12e6Qpcq:2:0,T0,true,scheduled,success,json_ok,observed,on_time,observed,acfa24c3a367d9e3bc3239d7
solana:CVaWd4bn22g19SPCuG6Se22Yn19jZXp8QYubddsb6yqNzFHet9rQKMZuoAzmEqT9tCfy18MotirXbYE12e6Qpcq:2:0,T+24h,true,scheduled,success,json_ok,observed,on_time,observed,1f2c31dcf2de56279a4206ce
solana:CVaWd4bn22g19SPCuG6Se22Yn19jZXp8QYubddsb6yqNzFHet9rQKMZuoAzmEqT9tCfy18MotirXbYE12e6Qpcq:2:0,T+60h,true,scheduled,success,json_ok,observed,on_time,observed,29a9a757c91747c06e5e922d
solana:2z4jKoU2NwcfspEtdncTx2z2NRaAN91iJ9pK2tmB1M9NmGV8jj3gbn7Vfs7zJvmrq2SnbaXGh7trMBhKz3eRSqjz:2:0,T0,true,scheduled,success,json_ok,observed,on_time,observed,c66075d29a50b8938a0dfad0
solana:2z4jKoU2NwcfspEtdncTx2z2NRaAN91iJ9pK2tmB1M9NmGV8jj3gbn7Vfs7zJvmrq2SnbaXGh7trMBhKz3eRSqjz:2:0,T+24h,true,scheduled,success,json_ok,observed,on_time,observed,f04d4e8da8e5825a53c04bec
solana:2z4jKoU2NwcfspEtdncTx2z2NRaAN91iJ9pK2tmB1M9NmGV8jj3gbn7Vfs7zJvmrq2SnbaXGh7trMBhKz3eRSqjz:2:0,T+60h,true,scheduled,success,json_ok,observed,on_time,observed,9b72abeb999c9ab79597e978
solana:3gz7hcamfwkUKuf3Diaf9zfEoBLRuj1qsvhNNpJJjSUMVhxd8NNHzNvEX63m2tEEGWohf9tKwvwVmS6BLnABJjsY:2:0,T0,true,scheduled,not_collected_policy,not_collected_policy,not_observed,not_applicable,not_collected_policy,7f43803483d0e388fd4b9852
solana:3gz7hcamfwkUKuf3Diaf9zfEoBLRuj1qsvhNNpJJjSUMVhxd8NNHzNvEX63m2tEEGWohf9tKwvwVmS6BLnABJjsY:2:0,T+24h,true,scheduled,not_collected_policy,not_collected_policy,not_observed,not_applicable,not_collected_policy,6bdff7e665ecc3a02a32c272
solana:3gz7hcamfwkUKuf3Diaf9zfEoBLRuj1qsvhNNpJJjSUMVhxd8NNHzNvEX63m2tEEGWohf9tKwvwVmS6BLnABJjsY:2:0,T+60h,true,scheduled,not_collected_policy,not_collected_policy,not_observed,not_applicable,not_collected_policy,5836f459e814c8b67f14777e
solana:xeUpoBZVo9K5ZEXThQKsNLZ3NQAjMV4aPWQrQmKgfuW6vjvWqvBycLxoEMMn6Y7iTpiQgwMJZtSKQMjB1RnobYu:2:0,T0,true,scheduled,success,json_ok,observed,on_time,observed,9653918e7f9f452c17f3a816
solana:xeUpoBZVo9K5ZEXThQKsNLZ3NQAjMV4aPWQrQmKgfuW6vjvWqvBycLxoEMMn6Y7iTpiQgwMJZtSKQMjB1RnobYu:2:0,T+24h,true,scheduled,success,json_ok,observed,on_time,observed,888c0ca89ecc81f4516864f9
solana:xeUpoBZVo9K5ZEXThQKsNLZ3NQAjMV4aPWQrQmKgfuW6vjvWqvBycLxoEMMn6Y7iTpiQgwMJZtSKQMjB1RnobYu:2:0,T+60h,true,scheduled,success,json_ok,observed,on_time,observed,236dabc4102300c5a7555ee1
solana:52R1UmaAioL18vesKZ1d14zNVa2zaEaxDC5J8LQ6YREkLrscvSA1D9G3CPy6JLhMkFDEiFpJmSHjB3wEchMuUEWm:2:0,T0,true,scheduled,success,json_ok,observed,on_time,observed,a59fe01f95820bba17e5f6a5
solana:52R1UmaAioL18vesKZ1d14zNVa2zaEaxDC5J8LQ6YREkLrscvSA1D9G3CPy6JLhMkFDEiFpJmSHjB3wEchMuUEWm:2:0,T+24h,true,scheduled,success,json_ok,observed,on_time,observed,22a448a692226e58a7ecdff2
solana:52R1UmaAioL18vesKZ1d14zNVa2zaEaxDC5J8LQ6YREkLrscvSA1D9G3CPy6JLhMkFDEiFpJmSHjB3wEchMuUEWm:2:0,T+60h,true,scheduled,success,json_ok,observed,on_time,observed,4cdcb80c6502441f5d087b3a
solana:2FqgCeQEaKShw56bDBUJpj4GBdTRgV75KkpN9UCjALZjpbMXxD5T2ubUaHUq5c8bhq4rgGTNi82Ej7dg6MaVkr3H:2:0,T0,true,scheduled,failed,not_observed,not_observed,on_time,request_failed,5971a82f7da02e00dabcda63
solana:2FqgCeQEaKShw56bDBUJpj4GBdTRgV75KkpN9UCjALZjpbMXxD5T2ubUaHUq5c8bhq4rgGTNi82Ej7dg6MaVkr3H:2:0,T+24h,true,scheduled,failed,not_observed,not_observed,on_time,request_failed,5bc1f882a0196c8d56ca1479
solana:2FqgCeQEaKShw56bDBUJpj4GBdTRgV75KkpN9UCjALZjpbMXxD5T2ubUaHUq5c8bhq4rgGTNi82Ej7dg6MaVkr3H:2:0,T+60h,true,scheduled,failed,not_observed,not_observed,on_time,request_failed,7d12ae7c2e324c684bcf653a
solana:5LX2tTzKamqWpSheSKyUjiqP1QguqehgpGPNt2cUUgzZiZa6XRJvLnngXBk4dNddzwTL1oooXn4nhwDzzKVkm2Y:2:0,T0,true,scheduled,not_collected_policy,not_collected_policy,not_observed,not_applicable,not_collected_policy,a48272be12bf596c803844d8
solana:5LX2tTzKamqWpSheSKyUjiqP1QguqehgpGPNt2cUUgzZiZa6XRJvLnngXBk4dNddzwTL1oooXn4nhwDzzKVkm2Y:2:0,T+24h,true,scheduled,not_collected_policy,not_collected_policy,not_observed,not_applicable,not_collected_policy,bb70d1ecf07c447cd66935d3
solana:5LX2tTzKamqWpSheSKyUjiqP1QguqehgpGPNt2cUUgzZiZa6XRJvLnngXBk4dNddzwTL1oooXn4nhwDzzKVkm2Y:2:0,T+60h,true,scheduled,not_collected_policy,not_collected_policy,not_observed,not_applicable,not_collected_policy,7bb41573d91c74597fb9126f
solana:5jbV6FbDyh6GowXRCzmTr4KZd4g1kp1oc5qLKAUNuYcmXirjkadV1RmHJbz2AJF8R3iHUX966745duEmgccAbv7q:2:0,T0,true,scheduled,success,json_ok,observed,on_time,observed,afe92aa7f3baca640203bde9
solana:5jbV6FbDyh6GowXRCzmTr4KZd4g1kp1oc5qLKAUNuYcmXirjkadV1RmHJbz2AJF8R3iHUX966745duEmgccAbv7q:2:0,T+24h,true,scheduled,success,json_ok,observed,on_time,observed,452619a5b5d48fac99aed77f
solana:5jbV6FbDyh6GowXRCzmTr4KZd4g1kp1oc5qLKAUNuYcmXirjkadV1RmHJbz2AJF8R3iHUX966745duEmgccAbv7q:2:0,T+60h,true,scheduled,success,json_ok,observed,on_time,observed,bc7b1251555a29b27756ec35
solana:277x6cEc5RmUmwrdviznuT2ewGkMr1z6S7KHT8wt6pmHNBQcRF6wbEHRhGbSzPnmHwLKyuD7Xrp56fdsnpu24wYU:2:0,T0,true,scheduled,success,json_ok,observed,on_time,observed,e6293aee5ccc1bbe9d629675
solana:277x6cEc5RmUmwrdviznuT2ewGkMr1z6S7KHT8wt6pmHNBQcRF6wbEHRhGbSzPnmHwLKyuD7Xrp56fdsnpu24wYU:2:0,T+24h,true,scheduled,success,json_ok,observed,on_time,observed,b715b649e96ee149bd512e75
solana:277x6cEc5RmUmwrdviznuT2ewGkMr1z6S7KHT8wt6pmHNBQcRF6wbEHRhGbSzPnmHwLKyuD7Xrp56fdsnpu24wYU:2:0,T+60h,true,scheduled,success,json_ok,observed,on_time,observed,43930c4bffd150656ece0bdf
solana:2sG1K46BbxGa8WhHvQPPsoxWQ2ZtPMLXhXiW75XEcUqTjKSgm9ukJ43nSb7r6j9KJayqyu2B2DYU79t5LWL7vWA:2:0,T0,true,scheduled,success,json_ok,observed,on_time,observed,d583ecb3a3b175aaa297245f
solana:2sG1K46BbxGa8WhHvQPPsoxWQ2ZtPMLXhXiW75XEcUqTjKSgm9ukJ43nSb7r6j9KJayqyu2B2DYU79t5LWL7vWA:2:0,T+24h,true,scheduled,success,json_ok,observed,on_time,observed,b24d2f263f8e48a74228c021
solana:2sG1K46BbxGa8WhHvQPPsoxWQ2ZtPMLXhXiW75XEcUqTjKSgm9ukJ43nSb7r6j9KJayqyu2B2DYU79t5LWL7vWA:2:0,T+60h,true,scheduled,success,json_ok,observed,on_time,observed,c6b5464a49c62917972f5a7c
solana:4g6yk4g2mPYb7eqzFXSUQygX7Pemt23Qnn6wt9D4raTn6zATU9cg3iK2CXvSVuDCNhe85y1z1eNJaDLWFm7qgYbY:2:0,T0,true,scheduled,success,json_ok,observed,on_time,observed,9eca208aa8f98708a69de653
solana:4g6yk4g2mPYb7eqzFXSUQygX7Pemt23Qnn6wt9D4raTn6zATU9cg3iK2CXvSVuDCNhe85y1z1eNJaDLWFm7qgYbY:2:0,T+24h,true,scheduled,success,json_ok,observed,on_time,observed,c5e9f441f29505691e54f641
solana:4g6yk4g2mPYb7eqzFXSUQygX7Pemt23Qnn6wt9D4raTn6zATU9cg3iK2CXvSVuDCNhe85y1z1eNJaDLWFm7qgYbY:2:0,T+60h,true,scheduled,success,json_ok,observed,on_time,observed,ad9d70626fc397b7a0f0a493
solana:45zfwzPvcT2u4Qk9NKWxN2VhwVQRuw3Zc2BG7h2QuyT8mSeeJ79VNd91Zo14McPuDsM25aR1Wb6Ae9VTySUXLcYT:2:1,T0,true,scheduled,success,json_ok,observed,on_time,observed,64d69ad7e194b2aa84f22c35
solana:45zfwzPvcT2u4Qk9NKWxN2VhwVQRuw3Zc2BG7h2QuyT8mSeeJ79VNd91Zo14McPuDsM25aR1Wb6Ae9VTySUXLcYT:2:1,T+24h,true,scheduled,success,json_ok,observed,on_time,observed,a544e6dc4c2ec1a00643158e
solana:45zfwzPvcT2u4Qk9NKWxN2VhwVQRuw3Zc2BG7h2QuyT8mSeeJ79VNd91Zo14McPuDsM25aR1Wb6Ae9VTySUXLcYT:2:1,T+60h,true,scheduled,success,json_ok,observed,on_time,observed,7e80183d85ed9c9497fd94ad
solana:619BRnUSEEksuHCTbE4HUhjphtrUwsAWDETN5qCQGdZm98EDWs8vKhAriuyJd1MvZnHabqpxW1eiRHhHjXFg8aWE:2:0,T0,true,scheduled,success,json_ok,observed,on_time,observed,50b3e9587d329246fd3fd8d9
solana:619BRnUSEEksuHCTbE4HUhjphtrUwsAWDETN5qCQGdZm98EDWs8vKhAriuyJd1MvZnHabqpxW1eiRHhHjXFg8aWE:2:0,T+24h,true,scheduled,success,json_ok,observed,on_time,observed,a0709aa61ceb96811308aef5
solana:619BRnUSEEksuHCTbE4HUhjphtrUwsAWDETN5qCQGdZm98EDWs8vKhAriuyJd1MvZnHabqpxW1eiRHhHjXFg8aWE:2:0,T+60h,true,scheduled,success,json_ok,observed,on_time,observed,0fa3c0b2290d38716c7a4cd5
solana:3otzm1SD57ZdbRTHdrDNqHkZG3nPDLWsiS53Hfgntu4qmewtAzZa4aG2VHCYD7rW1fz9EioZENFUh82wxnWYLXv2:2:0,T0,true,scheduled,success,json_ok,observed,on_time,observed,c968a93c278f96f0e9ac60ef
solana:3otzm1SD57ZdbRTHdrDNqHkZG3nPDLWsiS53Hfgntu4qmewtAzZa4aG2VHCYD7rW1fz9EioZENFUh82wxnWYLXv2:2:0,T+24h,true,scheduled,success,json_ok,observed,on_time,observed,15b8323b59727165aa57959f
solana:3otzm1SD57ZdbRTHdrDNqHkZG3nPDLWsiS53Hfgntu4qmewtAzZa4aG2VHCYD7rW1fz9EioZENFUh82wxnWYLXv2:2:0,T+60h,true,scheduled,success,json_ok,observed,on_time,observed,faa96c190f4e69d959912242
solana:3Z249mLV1ZW6LUfvoY8hLUDRs8rG9e5bMfK6itwvG5oEdYCnCkW3qZg4J9KgkqkMPqoguepX9KUMAXoKmgRhuYwN:2:0,T0,true,scheduled,success,json_ok,observed,on_time,observed,f928a477c242d5cba920bd82
solana:3Z249mLV1ZW6LUfvoY8hLUDRs8rG9e5bMfK6itwvG5oEdYCnCkW3qZg4J9KgkqkMPqoguepX9KUMAXoKmgRhuYwN:2:0,T+24h,true,scheduled,success,json_ok,observed,on_time,observed,1b4d3d047c3ed4010b3e59ac
solana:3Z249mLV1ZW6LUfvoY8hLUDRs8rG9e5bMfK6itwvG5oEdYCnCkW3qZg4J9KgkqkMPqoguepX9KUMAXoKmgRhuYwN:2:0,T+60h,true,scheduled,success,json_ok,observed,on_time,observed,2d99b65f2877a72979916027
solana:2YnRQCmEgiyTRmazwze4vW47FFjna2VTR36M6yErpVFL4FSBdqGDf5RX64J3PhNx6CgNX2G3xHdHP5p1Dob6Dqnk:2:0,T0,true,scheduled,success,json_ok,observed,on_time,observed,8f27edcf3bb43af32920c80c
solana:2YnRQCmEgiyTRmazwze4vW47FFjna2VTR36M6yErpVFL4FSBdqGDf5RX64J3PhNx6CgNX2G3xHdHP5p1Dob6Dqnk:2:0,T+24h,true,scheduled,success,json_ok,observed,on_time,observed,1209076c25f11f737267c061
solana:2YnRQCmEgiyTRmazwze4vW47FFjna2VTR36M6yErpVFL4FSBdqGDf5RX64J3PhNx6CgNX2G3xHdHP5p1Dob6Dqnk:2:0,T+60h,true,scheduled,success,json_ok,observed,on_time,observed,c8238b5adf95b5090def4b6b
solana:5eCw1LSsPf5SQf19pzn953g3ofaNquPVg7qVpZcBfry6sYvKh5C2fb9MvKcCh1zVhswS15ZYJfumnkioV46xKQWX:2:0,T0,true,scheduled,success,json_ok,observed,on_time,observed,a6b01cea4fed0a30757ccf92
solana:5eCw1LSsPf5SQf19pzn953g3ofaNquPVg7qVpZcBfry6sYvKh5C2fb9MvKcCh1zVhswS15ZYJfumnkioV46xKQWX:2:0,T+24h,true,scheduled,success,json_ok,observed,on_time,observed,121ffc98bdd035a7f6a13746
solana:5eCw1LSsPf5SQf19pzn953g3ofaNquPVg7qVpZcBfry6sYvKh5C2fb9MvKcCh1zVhswS15ZYJfumnkioV46xKQWX:2:0,T+60h,true,scheduled,success,json_ok,observed,on_time,observed,5354935ab1606691986bf6c0
solana:3jAMcsCGLPoq231A1PPH7M2uKT3fhjirLcXVw6fPdVnc3JcXk1aFHagWsd9YU21dkKDnETX4AUi6P2zWZUpAwN56:0:0,T0,true,scheduled,success,json_ok,observed,on_time,observed,7568928ee7214473621c3f2a
solana:3jAMcsCGLPoq231A1PPH7M2uKT3fhjirLcXVw6fPdVnc3JcXk1aFHagWsd9YU21dkKDnETX4AUi6P2zWZUpAwN56:0:0,T+24h,true,scheduled,success,json_ok,observed,on_time,observed,e5d364fc7b6d95a31a66a624
solana:3jAMcsCGLPoq231A1PPH7M2uKT3fhjirLcXVw6fPdVnc3JcXk1aFHagWsd9YU21dkKDnETX4AUi6P2zWZUpAwN56:0:0,T+60h,true,scheduled,success,json_ok,observed,on_time,observed,d027c83aab1aeae86a0a6f8b
solana:5u8kYm686RsLeBwnrzwU5JSHyWJJE5sozrwgfMh9dx5giocB4FdUG97BTyM7yQtF7JyKPSrxXQZQjY6NBz86WSTd:2:0,T0,true,scheduled,success,json_ok,observed,on_time,observed,996617052f8813cd5114d8c2
solana:5u8kYm686RsLeBwnrzwU5JSHyWJJE5sozrwgfMh9dx5giocB4FdUG97BTyM7yQtF7JyKPSrxXQZQjY6NBz86WSTd:2:0,T+24h,true,scheduled,success,json_ok,observed,on_time,observed,43e4507d5db0ae4621708ac9
solana:5u8kYm686RsLeBwnrzwU5JSHyWJJE5sozrwgfMh9dx5giocB4FdUG97BTyM7yQtF7JyKPSrxXQZQjY6NBz86WSTd:2:0,T+60h,true,scheduled,success,json_ok,observed,on_time,observed,f6b9dfded1a0bab94ffbb2ca
solana:3SHDLZ2BdiPVGxDQAujSj8qjzTkMZJfcjcKySWUoqsgveWJirC8jugjJor2zoYC3rknDtjuGtbwvrCFudATFopuM:2:0,T0,true,scheduled,not_collected_policy,not_collected_policy,not_observed,not_applicable,not_collected_policy,c226cfafc2457c9b4370af22
solana:3SHDLZ2BdiPVGxDQAujSj8qjzTkMZJfcjcKySWUoqsgveWJirC8jugjJor2zoYC3rknDtjuGtbwvrCFudATFopuM:2:0,T+24h,true,scheduled,not_collected_policy,not_collected_policy,not_observed,not_applicable,not_collected_policy,823f3f904340bafc09310aee
solana:3SHDLZ2BdiPVGxDQAujSj8qjzTkMZJfcjcKySWUoqsgveWJirC8jugjJor2zoYC3rknDtjuGtbwvrCFudATFopuM:2:0,T+60h,true,scheduled,not_collected_policy,not_collected_policy,not_observed,not_applicable,not_collected_policy,30c6da8156b055945ab2d2a3
solana:2p7AHREpnL4ZQ2sQYod9y7E5BEuTXh5798oNqBCDj1vvWKVsSU9vd79wxCsQhnFjpYoU77Av1A5XMfsnPNjQt7B6:2:0,T0,true,scheduled,success,json_ok,observed,on_time,observed,5ad001cc09bba5f422a98e73
solana:2p7AHREpnL4ZQ2sQYod9y7E5BEuTXh5798oNqBCDj1vvWKVsSU9vd79wxCsQhnFjpYoU77Av1A5XMfsnPNjQt7B6:2:0,T+24h,true,scheduled,success,json_ok,observed,on_time,observed,5a0aa5f6f0b7b5b22f4f6bfd
solana:2p7AHREpnL4ZQ2sQYod9y7E5BEuTXh5798oNqBCDj1vvWKVsSU9vd79wxCsQhnFjpYoU77Av1A5XMfsnPNjQt7B6:2:0,T+60h,true,scheduled,success,json_ok,observed,on_time,observed,5cb810a560c08256374a7276
solana:62A7Rg6tbug5wCYMTQw1monx8FNCwpVdAbBFecWzvkZZa3oXLMv7cENxkHzJkYD6QVQrMWVz1hVPboKe2UkrGWsH:2:0,T0,true,scheduled,success,json_ok,observed,on_time,observed,e4f702346ba41bc3e6bc1936
solana:62A7Rg6tbug5wCYMTQw1monx8FNCwpVdAbBFecWzvkZZa3oXLMv7cENxkHzJkYD6QVQrMWVz1hVPboKe2UkrGWsH:2:0,T+24h,true,scheduled,success,json_ok,observed,on_time,observed,482d2870af57ad2d4b0aa0b6
solana:62A7Rg6tbug5wCYMTQw1monx8FNCwpVdAbBFecWzvkZZa3oXLMv7cENxkHzJkYD6QVQrMWVz1hVPboKe2UkrGWsH:2:0,T+60h,true,scheduled,success,json_ok,observed,on_time,observed,3ae21fcae1696e072f99c7a2
solana:5EtbvnTCntCGSqE5tkZZkt5VBRRHE2TLV5xqgNtN8U7MKd59EYe7nqwwhFHSZ7RjSvBpnb2wzoyh9bqpzM1kCJpF:2:0,T0,true,scheduled,success,json_ok,observed,on_time,observed,dafbc709ee792ece12d70108
solana:5EtbvnTCntCGSqE5tkZZkt5VBRRHE2TLV5xqgNtN8U7MKd59EYe7nqwwhFHSZ7RjSvBpnb2wzoyh9bqpzM1kCJpF:2:0,T+24h,true,scheduled,success,json_ok,observed,on_time,observed,fcf8870962dbd23de575884a
solana:5EtbvnTCntCGSqE5tkZZkt5VBRRHE2TLV5xqgNtN8U7MKd59EYe7nqwwhFHSZ7RjSvBpnb2wzoyh9bqpzM1kCJpF:2:0,T+60h,true,scheduled,success,json_ok,observed,on_time,observed,daa206da0e3b76d0ec1e4be9
solana:4GnSEVXC1XZYeZcXR6qpXia61Vg47efgKzyuScsQRYLszEeMPezqqoVHuv5JoxmocJfrKoP26SCvNWw3UcMTLck6:2:0,T0,true,scheduled,success,json_ok,observed,on_time,observed,48bf6dc65169da82501916ef
solana:4GnSEVXC1XZYeZcXR6qpXia61Vg47efgKzyuScsQRYLszEeMPezqqoVHuv5JoxmocJfrKoP26SCvNWw3UcMTLck6:2:0,T+24h,true,scheduled,success,json_ok,observed,on_time,observed,1b96ac824d1ab8246380c759
solana:4GnSEVXC1XZYeZcXR6qpXia61Vg47efgKzyuScsQRYLszEeMPezqqoVHuv5JoxmocJfrKoP26SCvNWw3UcMTLck6:2:0,T+60h,true,scheduled,success,json_ok,observed,on_time,observed,5a48161560bee8e07ead9f8b
solana:5JXryeuZ5qVuHBwXDEtH8T64wqntte2QSeMV7tL3Z3hY4DzG9hbL4ywShhMY4UGdxqv9gqwsBgz4dTQKdSRsy4oJ:2:0,T0,true,scheduled,failed,not_observed,not_observed,on_time,request_failed,ecd4da39f57aace6292d9ae7
solana:5JXryeuZ5qVuHBwXDEtH8T64wqntte2QSeMV7tL3Z3hY4DzG9hbL4ywShhMY4UGdxqv9gqwsBgz4dTQKdSRsy4oJ:2:0,T+24h,true,scheduled,failed,not_observed,not_observed,on_time,request_failed,d5a85fe531d3261f95148169
solana:5JXryeuZ5qVuHBwXDEtH8T64wqntte2QSeMV7tL3Z3hY4DzG9hbL4ywShhMY4UGdxqv9gqwsBgz4dTQKdSRsy4oJ:2:0,T+60h,true,scheduled,failed,not_observed,not_observed,on_time,request_failed,16a6589f1dfab1bb47d23cec
solana:2hx29oVEYirGayC4Sy3fuH3LqrTXzQmbCbFLWuVST73QAi1CWn8MdoHS1YUqFXZSW2bMR4bPDpENJjKPFTsjyeWY:2:1,T0,true,scheduled,success,json_ok,observed,on_time,observed,22d95bda6192b0f702d8bfeb
solana:2hx29oVEYirGayC4Sy3fuH3LqrTXzQmbCbFLWuVST73QAi1CWn8MdoHS1YUqFXZSW2bMR4bPDpENJjKPFTsjyeWY:2:1,T+24h,true,scheduled,success,json_ok,observed,on_time,observed,1a77dedda2d9a2b2cbbbadb4
solana:2hx29oVEYirGayC4Sy3fuH3LqrTXzQmbCbFLWuVST73QAi1CWn8MdoHS1YUqFXZSW2bMR4bPDpENJjKPFTsjyeWY:2:1,T+60h,true,scheduled,success,json_ok,observed,on_time,observed,d9a6c1e45c1a2efbc10c43eb
solana:5ioN96zN4tTw3uuP47xwM83zhS7NxyqH8PqYUaaiHgHEG2LYc9aK1iYyAwCh5d5B6wRgWn3ptG7xaFcBNqXb1Tgf:2:0,T0,true,scheduled,success,json_ok,observed,on_time,observed,8479c69ad25929db0b2449c9
solana:5ioN96zN4tTw3uuP47xwM83zhS7NxyqH8PqYUaaiHgHEG2LYc9aK1iYyAwCh5d5B6wRgWn3ptG7xaFcBNqXb1Tgf:2:0,T+24h,true,scheduled,success,json_ok,observed,on_time,observed,a623c41acd7429e5958c65bf
solana:5ioN96zN4tTw3uuP47xwM83zhS7NxyqH8PqYUaaiHgHEG2LYc9aK1iYyAwCh5d5B6wRgWn3ptG7xaFcBNqXb1Tgf:2:0,T+60h,true,scheduled,success,json_ok,observed,on_time,observed,a469c620926f130c92f9e097
solana:3NMDRrJTz3a3JgCzdmtwni44DsmSv2dkMk5uZB46gui1MKdeJJjU5hTxKq2ucNxiuVxSv57JHm5tWqu8sA21mRuY:2:0,T0,true,scheduled,success,json_ok,observed,on_time,observed,c29e0f28a6880efd4b7a7339
solana:3NMDRrJTz3a3JgCzdmtwni44DsmSv2dkMk5uZB46gui1MKdeJJjU5hTxKq2ucNxiuVxSv57JHm5tWqu8sA21mRuY:2:0,T+24h,true,scheduled,success,json_ok,observed,on_time,observed,3852925eebc1a8ad4ec65e87
solana:3NMDRrJTz3a3JgCzdmtwni44DsmSv2dkMk5uZB46gui1MKdeJJjU5hTxKq2ucNxiuVxSv57JHm5tWqu8sA21mRuY:2:0,T+60h,true,scheduled,success,json_ok,observed,on_time,observed,8dbaf742c38d817031ea4fc5
solana:3Q2fSiq7Fjjf9uviDRmajvMAHqhPcyyCfFFAbq6d4ipv1AAE1qauVHgLAr9StrL4idPN9cTfSFngzSE1dXv691De:2:0,T0,true,scheduled,success,json_ok,observed,on_time,observed,8a6ab8ea0a95eb46f012c96c
solana:3Q2fSiq7Fjjf9uviDRmajvMAHqhPcyyCfFFAbq6d4ipv1AAE1qauVHgLAr9StrL4idPN9cTfSFngzSE1dXv691De:2:0,T+24h,true,scheduled,success,json_ok,observed,on_time,observed,a79f8fdc84b35b9bcacf77f5
solana:3Q2fSiq7Fjjf9uviDRmajvMAHqhPcyyCfFFAbq6d4ipv1AAE1qauVHgLAr9StrL4idPN9cTfSFngzSE1dXv691De:2:0,T+60h,true,scheduled,success,json_ok,observed,on_time,observed,72ed8faeb636672c6bf77a0f
solana:68G9N3ed4mwtNd6pYvZxDom38oyzgnPybfzWEKURNrf48zFs9UgFTiJge3K2BWp8DY8Jb7x2bubYiNyFcBrhgKa:2:0,T0,true,scheduled,not_collected_policy,not_collected_policy,not_observed,not_applicable,not_collected_policy,dd3d42e94fbb21e281b5feed
solana:68G9N3ed4mwtNd6pYvZxDom38oyzgnPybfzWEKURNrf48zFs9UgFTiJge3K2BWp8DY8Jb7x2bubYiNyFcBrhgKa:2:0,T+24h,true,scheduled,not_collected_policy,not_collected_policy,not_observed,not_applicable,not_collected_policy,b8af36d3275ede4a25b483ed
solana:68G9N3ed4mwtNd6pYvZxDom38oyzgnPybfzWEKURNrf48zFs9UgFTiJge3K2BWp8DY8Jb7x2bubYiNyFcBrhgKa:2:0,T+60h,true,scheduled,not_collected_policy,not_collected_policy,not_observed,not_applicable,not_collected_policy,e6589d0aa41e02191016cd2e
solana:au2jfQQFCmEcGAG5YEsDb93cq8G6RmRBu1HrpRjWcCeJkk5HehPGUthUhAJaDsRTDBuhgFGvPcZSZkXTNR3GMC4:2:0,T0,true,scheduled,not_collected_policy,not_collected_policy,not_observed,not_applicable,not_collected_policy,b0852ed450f73ce52fcf2b0b
solana:au2jfQQFCmEcGAG5YEsDb93cq8G6RmRBu1HrpRjWcCeJkk5HehPGUthUhAJaDsRTDBuhgFGvPcZSZkXTNR3GMC4:2:0,T+24h,true,scheduled,not_collected_policy,not_collected_policy,not_observed,not_applicable,not_collected_policy,da22757c163f20c941a47031
solana:au2jfQQFCmEcGAG5YEsDb93cq8G6RmRBu1HrpRjWcCeJkk5HehPGUthUhAJaDsRTDBuhgFGvPcZSZkXTNR3GMC4:2:0,T+60h,true,scheduled,not_collected_policy,not_collected_policy,not_observed,not_applicable,not_collected_policy,355c3bb422c8b4b5abd1547c
solana:2EbGrmdxC8V44EW2y7g7puXKJHhLWqQLthvoruXW7d1Nq2LHRwZb8xcDYNFCvjqyh8FtXZjNPGfxPTqex9f4Wr1g:2:0,T0,true,scheduled,success,json_ok,observed,on_time,observed,de0530db979621c68bab5ed2
solana:2EbGrmdxC8V44EW2y7g7puXKJHhLWqQLthvoruXW7d1Nq2LHRwZb8xcDYNFCvjqyh8FtXZjNPGfxPTqex9f4Wr1g:2:0,T+24h,true,scheduled,success,json_ok,observed,on_time,observed,429888d1e86a2b65af957900
solana:2EbGrmdxC8V44EW2y7g7puXKJHhLWqQLthvoruXW7d1Nq2LHRwZb8xcDYNFCvjqyh8FtXZjNPGfxPTqex9f4Wr1g:2:0,T+60h,true,scheduled,success,json_ok,observed,on_time,observed,f6ca56645f42f24c027dced4
solana:VMczsNttvAiEAmtx5PHdKiEHwMoJpBZe84gijzrEA8WLy3fBskn9SxZCLL8RkHvpLrJGU1eignPpkCRtzF9GGaW:2:0,T0,true,scheduled,failed,not_observed,not_observed,on_time,request_failed,a4a7dd9d5de4bf68999534b8
solana:VMczsNttvAiEAmtx5PHdKiEHwMoJpBZe84gijzrEA8WLy3fBskn9SxZCLL8RkHvpLrJGU1eignPpkCRtzF9GGaW:2:0,T+24h,true,scheduled,failed,not_observed,not_observed,on_time,request_failed,231bf49e3007238ab8c37364
solana:VMczsNttvAiEAmtx5PHdKiEHwMoJpBZe84gijzrEA8WLy3fBskn9SxZCLL8RkHvpLrJGU1eignPpkCRtzF9GGaW:2:0,T+60h,true,scheduled,failed,not_observed,not_observed,on_time,request_failed,1ebe1055064f7cc20b4effff
solana:38h85uJVCzv8Pp2K25CyadoPWqtVcDBJ4FLKYijfWNmSjtHA1BPqATBoHnZSKvxio3yQCSqdBHroEarhNiGaGNss:2:0,T0,true,scheduled,success,json_ok,observed,on_time,observed,e643358741bf3b3f8e2484d6
solana:38h85uJVCzv8Pp2K25CyadoPWqtVcDBJ4FLKYijfWNmSjtHA1BPqATBoHnZSKvxio3yQCSqdBHroEarhNiGaGNss:2:0,T+24h,true,scheduled,success,json_ok,observed,on_time,observed,c3ca5abce2c91cf45425159f
solana:38h85uJVCzv8Pp2K25CyadoPWqtVcDBJ4FLKYijfWNmSjtHA1BPqATBoHnZSKvxio3yQCSqdBHroEarhNiGaGNss:2:0,T+60h,true,scheduled,success,json_ok,observed,on_time,observed,e0404d7c9f76b728e85d9ebe
solana:24Ti459CL6z45SWbAs52MLPNM4yMEVEPDZDFxtWMEfnUe3cGDLeTwmXfHEahN8sjEmhzNTL4aAoUSC3LkC9uX2Mp:2:0,T0,true,scheduled,success,json_ok,observed,on_time,observed,27759368c5d99970b6f22835
solana:24Ti459CL6z45SWbAs52MLPNM4yMEVEPDZDFxtWMEfnUe3cGDLeTwmXfHEahN8sjEmhzNTL4aAoUSC3LkC9uX2Mp:2:0,T+24h,true,scheduled,success,json_ok,observed,on_time,observed,7888c3fdd97e6b295bb70cc1
solana:24Ti459CL6z45SWbAs52MLPNM4yMEVEPDZDFxtWMEfnUe3cGDLeTwmXfHEahN8sjEmhzNTL4aAoUSC3LkC9uX2Mp:2:0,T+60h,true,scheduled,success,json_ok,observed,on_time,observed,0924b475887764be44f88f60
solana:PQouTtGnKDHmYo9VGJxWyJF79B28KEiKwmXY8tgEunn1tfoVz5C18S7hRb7GThEJpZRsxoZ9dRMrVZuthjaSTH2:2:0,T0,true,scheduled,success,json_ok,observed,on_time,observed,182d5dcb1ea8ddef085a915d
solana:PQouTtGnKDHmYo9VGJxWyJF79B28KEiKwmXY8tgEunn1tfoVz5C18S7hRb7GThEJpZRsxoZ9dRMrVZuthjaSTH2:2:0,T+24h,true,scheduled,success,json_ok,observed,on_time,observed,5457c6746e4b4ae70b5e08e6
solana:PQouTtGnKDHmYo9VGJxWyJF79B28KEiKwmXY8tgEunn1tfoVz5C18S7hRb7GThEJpZRsxoZ9dRMrVZuthjaSTH2:2:0,T+60h,true,scheduled,success,json_ok,observed,on_time,observed,79523e3dc753d515c7e098fa
solana:4y3aqUEbjKbMzyAj2EcCqY7cu9unvQixRSPnfAkynbVtUnXrDYYcM3nmHA4ybJaLMg9ygH2r3A1vrHuWzhzoUxzi:2:0,T0,true,scheduled,success,json_ok,observed,on_time,observed,4bd0b3d7a95ea5a9c93c4667
solana:4y3aqUEbjKbMzyAj2EcCqY7cu9unvQixRSPnfAkynbVtUnXrDYYcM3nmHA4ybJaLMg9ygH2r3A1vrHuWzhzoUxzi:2:0,T+24h,true,scheduled,success,json_ok,observed,on_time,observed,f082fa7a698b8c68a82665c6
solana:4y3aqUEbjKbMzyAj2EcCqY7cu9unvQixRSPnfAkynbVtUnXrDYYcM3nmHA4ybJaLMg9ygH2r3A1vrHuWzhzoUxzi:2:0,T+60h,true,scheduled,success,json_ok,observed,on_time,observed,21551108a5fb977ca323b2f7
solana:4J9wFsEdLiKs2Zdbt6MckDwwM5GysFxRYCY8tgQzEKNdVdzQWwGzrhJN182tWP6J2fdKU7CdxwsTxVK4LFd7hnCF:2:0,T0,true,scheduled,not_collected_policy,not_collected_policy,not_observed,not_applicable,not_collected_policy,400448b427f032bd1b348341
solana:4J9wFsEdLiKs2Zdbt6MckDwwM5GysFxRYCY8tgQzEKNdVdzQWwGzrhJN182tWP6J2fdKU7CdxwsTxVK4LFd7hnCF:2:0,T+24h,true,scheduled,not_collected_policy,not_collected_policy,not_observed,not_applicable,not_collected_policy,79b04183a510e89555f9d63d
solana:4J9wFsEdLiKs2Zdbt6MckDwwM5GysFxRYCY8tgQzEKNdVdzQWwGzrhJN182tWP6J2fdKU7CdxwsTxVK4LFd7hnCF:2:0,T+60h,true,scheduled,not_collected_policy,not_collected_policy,not_observed,not_applicable,not_collected_policy,521eda15a84a3e4b85a41471
solana:485eCLfb91SaHtivyhmuLED1KZYx3U6q1mdPsznhFK1VEcEdwsoBd1itJ5rCjMigapWQnH8dmcH5epaDcy3RHmr4:0:0,T0,true,scheduled,success,json_ok,observed,on_time,observed,f552fa2b5c1862eab04bed14
solana:485eCLfb91SaHtivyhmuLED1KZYx3U6q1mdPsznhFK1VEcEdwsoBd1itJ5rCjMigapWQnH8dmcH5epaDcy3RHmr4:0:0,T+24h,true,scheduled,success,json_ok,observed,on_time,observed,6fdf878b383547a06b591092
solana:485eCLfb91SaHtivyhmuLED1KZYx3U6q1mdPsznhFK1VEcEdwsoBd1itJ5rCjMigapWQnH8dmcH5epaDcy3RHmr4:0:0,T+60h,true,scheduled,success,json_ok,observed,on_time,observed,ed92bc1e2173d0a2d8ca3cd4
solana:64UThwT6mRYkmYebY3cc693fwLcUsYXwk4nuv4xc5cT17CwVVPNYsLr29JFR7ZQLhAEvse1Dr6nPcDHv9Q7h9iJn:0:0,T0,true,scheduled,success,json_ok,observed,on_time,observed,082672b87130e149717897a0
solana:64UThwT6mRYkmYebY3cc693fwLcUsYXwk4nuv4xc5cT17CwVVPNYsLr29JFR7ZQLhAEvse1Dr6nPcDHv9Q7h9iJn:0:0,T+24h,true,scheduled,success,json_ok,observed,on_time,observed,301728becc370897f28a08ea
solana:64UThwT6mRYkmYebY3cc693fwLcUsYXwk4nuv4xc5cT17CwVVPNYsLr29JFR7ZQLhAEvse1Dr6nPcDHv9Q7h9iJn:0:0,T+60h,true,scheduled,success,json_ok,observed,on_time,observed,69ee9495f3b72dd8aa16d253
solana:57tXMdpbx1peQWdavBsekrG7b2CDefLigupdRctKnSL4Tgf7mqJgp6rYVZCc6EaYRhFxw9RBYhPF3k5pq23oWvtW:0:0,T0,true,scheduled,success,json_ok,observed,on_time,observed,133bec4719eaf85abde4fa41
solana:57tXMdpbx1peQWdavBsekrG7b2CDefLigupdRctKnSL4Tgf7mqJgp6rYVZCc6EaYRhFxw9RBYhPF3k5pq23oWvtW:0:0,T+24h,true,scheduled,success,json_ok,observed,on_time,observed,3bd89b888e66cab649a56b7a
solana:57tXMdpbx1peQWdavBsekrG7b2CDefLigupdRctKnSL4Tgf7mqJgp6rYVZCc6EaYRhFxw9RBYhPF3k5pq23oWvtW:0:0,T+60h,true,scheduled,success,json_ok,observed,on_time,observed,533255d0c1bdd5f8244b7382
solana:3hDyExBdePHZ1jtNMmpYoSbiQHLQKyhPrqs2FUWVN6ARRvTLNEMx8RWUXmqnmKExMUghwnHYGp6vK2MbVdomCjDh:2:0,T0,true,scheduled,success,json_ok,observed,on_time,observed,4d6cfcd22f06abe2c9ae0fbf
solana:3hDyExBdePHZ1jtNMmpYoSbiQHLQKyhPrqs2FUWVN6ARRvTLNEMx8RWUXmqnmKExMUghwnHYGp6vK2MbVdomCjDh:2:0,T+24h,true,scheduled,success,json_ok,observed,on_time,observed,d34ea870a7c7d37f9321bade
solana:3hDyExBdePHZ1jtNMmpYoSbiQHLQKyhPrqs2FUWVN6ARRvTLNEMx8RWUXmqnmKExMUghwnHYGp6vK2MbVdomCjDh:2:0,T+60h,true,scheduled,success,json_ok,observed,on_time,observed,9f0d536c6b06ea2d9d42852e
solana:4cTFhq5bwAHmyXHpnL3tQ8bYTDcSy2oaBkimkzziNnRqPKyxPKe58hdH13caACPPrpd7rCduMNMkVdLCzFGbDx57:0:0,T0,true,scheduled,success,json_ok,observed,on_time,observed,44edafafe37c7a6cd6a14bc8
solana:4cTFhq5bwAHmyXHpnL3tQ8bYTDcSy2oaBkimkzziNnRqPKyxPKe58hdH13caACPPrpd7rCduMNMkVdLCzFGbDx57:0:0,T+24h,true,scheduled,success,json_ok,observed,on_time,observed,fa3652815894e6f24be81909
solana:4cTFhq5bwAHmyXHpnL3tQ8bYTDcSy2oaBkimkzziNnRqPKyxPKe58hdH13caACPPrpd7rCduMNMkVdLCzFGbDx57:0:0,T+60h,true,scheduled,success,json_ok,observed,on_time,observed,a4d4c65fe4285865081e44b6
solana:2Nr78Jbdi2hnp3SGSkEQFJN5DT2NBZE158EPW4LcDRqteZYG76vPwnkBqP5zRZadFf3VWxd34ArCMrd2Vj16xaXp:2:0,T0,true,scheduled,not_collected_policy,not_collected_policy,not_observed,not_applicable,not_collected_policy,793f973bdeb086c2f48d7754
solana:2Nr78Jbdi2hnp3SGSkEQFJN5DT2NBZE158EPW4LcDRqteZYG76vPwnkBqP5zRZadFf3VWxd34ArCMrd2Vj16xaXp:2:0,T+24h,true,scheduled,not_collected_policy,not_collected_policy,not_observed,not_applicable,not_collected_policy,37536bf72a53534456121aad
solana:2Nr78Jbdi2hnp3SGSkEQFJN5DT2NBZE158EPW4LcDRqteZYG76vPwnkBqP5zRZadFf3VWxd34ArCMrd2Vj16xaXp:2:0,T+60h,true,scheduled,not_collected_policy,not_collected_policy,not_observed,not_applicable,not_collected_policy,444e3954e0e1d33fe3a84c65
solana:2wTA8KgKEE7h2aJ4uXLx8jtNuTfmiZcNQ8qSDLX84KxrLzw8VRHwom3cYqnYXovePNNRakuJVyjvfCTuhsboXxTU:2:0,T0,true,scheduled,not_collected_policy,not_collected_policy,not_observed,not_applicable,not_collected_policy,5b6862de70fd23311ef24a6b
solana:2wTA8KgKEE7h2aJ4uXLx8jtNuTfmiZcNQ8qSDLX84KxrLzw8VRHwom3cYqnYXovePNNRakuJVyjvfCTuhsboXxTU:2:0,T+24h,true,scheduled,not_collected_policy,not_collected_policy,not_observed,not_applicable,not_collected_policy,52ef4274eddf94efd0aaa9a8
solana:2wTA8KgKEE7h2aJ4uXLx8jtNuTfmiZcNQ8qSDLX84KxrLzw8VRHwom3cYqnYXovePNNRakuJVyjvfCTuhsboXxTU:2:0,T+60h,true,scheduled,not_collected_policy,not_collected_policy,not_observed,not_applicable,not_collected_policy,f3266cd5089037e959359719
solana:5E4qVURYXmGBhTtd9oHhcQMMJ7VC7sTp2EjpHRMcnGqw2FuHsnDysfsSSrh26kzMw2QVQNWGv65rE8jGKj4vEYTG:2:0,T0,true,scheduled,not_collected_policy,not_collected_policy,not_observed,not_applicable,not_collected_policy,0b888066401e5cb15c8aee38
solana:5E4qVURYXmGBhTtd9oHhcQMMJ7VC7sTp2EjpHRMcnGqw2FuHsnDysfsSSrh26kzMw2QVQNWGv65rE8jGKj4vEYTG:2:0,T+24h,true,scheduled,not_collected_policy,not_collected_policy,not_observed,not_applicable,not_collected_policy,c3fc3e2ed519cf5300686e05
solana:5E4qVURYXmGBhTtd9oHhcQMMJ7VC7sTp2EjpHRMcnGqw2FuHsnDysfsSSrh26kzMw2QVQNWGv65rE8jGKj4vEYTG:2:0,T+60h,true,scheduled,not_collected_policy,not_collected_policy,not_observed,not_applicable,not_collected_policy,56e0b19cca4b12b5dc83710c
solana:571RFi8LEgEFQuXgpR2bueLxohQBV95wSC7GwFd7T9Qo7bAsuqKUoeyEuZZNQqVVFt5PF6ncoqjESQidr2YyECJ2:2:0,T0,true,scheduled,success,json_ok,observed,on_time,observed,c3b8a551d4bb053c7daa1ff5
solana:571RFi8LEgEFQuXgpR2bueLxohQBV95wSC7GwFd7T9Qo7bAsuqKUoeyEuZZNQqVVFt5PF6ncoqjESQidr2YyECJ2:2:0,T+24h,true,scheduled,success,json_ok,observed,on_time,observed,0555f4cd287fca57741edbca
solana:571RFi8LEgEFQuXgpR2bueLxohQBV95wSC7GwFd7T9Qo7bAsuqKUoeyEuZZNQqVVFt5PF6ncoqjESQidr2YyECJ2:2:0,T+60h,true,scheduled,success,json_ok,observed,on_time,observed,ac19d389c2e4827c6001337c
solana:4vmqGTj67Avm1vf75jdkAEMavboepsRLrgquC163b2KfSDusyj6dZYXb72MQbtFAJNTYwatxLLUEVMvMENx5U1R8:2:0,T0,true,scheduled,success,json_ok,observed,on_time,observed,990fb483b4bf73a8cc846e2e
solana:4vmqGTj67Avm1vf75jdkAEMavboepsRLrgquC163b2KfSDusyj6dZYXb72MQbtFAJNTYwatxLLUEVMvMENx5U1R8:2:0,T+24h,true,scheduled,success,json_ok,observed,on_time,observed,67d541c5f1df066ef21326e2
solana:4vmqGTj67Avm1vf75jdkAEMavboepsRLrgquC163b2KfSDusyj6dZYXb72MQbtFAJNTYwatxLLUEVMvMENx5U1R8:2:0,T+60h,true,scheduled,success,json_ok,observed,on_time,observed,fda6fe222ae869752b50e2e2
solana:9pkWgPjrxoGaQpt7ycRC5iZyU87tC7qCQjNDG12DwywnHL3DsNbo2JFJiUFtBP5i8Fna7eQX2CSpcqKUWLcWCU6:0:0,T0,true,scheduled,success,json_ok,observed,on_time,observed,5c571aed7bc3930dcab6dc42
solana:9pkWgPjrxoGaQpt7ycRC5iZyU87tC7qCQjNDG12DwywnHL3DsNbo2JFJiUFtBP5i8Fna7eQX2CSpcqKUWLcWCU6:0:0,T+24h,true,scheduled,success,json_ok,observed,on_time,observed,7d23f55eb4abf10b32851ce4
solana:9pkWgPjrxoGaQpt7ycRC5iZyU87tC7qCQjNDG12DwywnHL3DsNbo2JFJiUFtBP5i8Fna7eQX2CSpcqKUWLcWCU6:0:0,T+60h,true,scheduled,success,json_ok,observed,on_time,observed,1f241c8e245457162962d17a
solana:2eeDB9Mu7DLcE11PpXgeNpXDKqWjc7HriqVCYmKdiUvvx9JxHLBpdD2ML9YCfbUkhUHdTbBZ67KNk3s3YdpLuUqp:2:0,T0,true,scheduled,success,json_ok,observed,on_time,observed,5061c35779447e061c534161
solana:2eeDB9Mu7DLcE11PpXgeNpXDKqWjc7HriqVCYmKdiUvvx9JxHLBpdD2ML9YCfbUkhUHdTbBZ67KNk3s3YdpLuUqp:2:0,T+24h,true,scheduled,success,json_ok,observed,on_time,observed,efa9e0750d9fcefe2fe4bafa
solana:2eeDB9Mu7DLcE11PpXgeNpXDKqWjc7HriqVCYmKdiUvvx9JxHLBpdD2ML9YCfbUkhUHdTbBZ67KNk3s3YdpLuUqp:2:0,T+60h,true,scheduled,success,json_ok,observed,on_time,observed,ed1e39a3d0bb3116aa76aff0
solana:3DW1K8nRqWRKhGCwcwhL2ZdMxzZPuJVGbZq5pg54ejy2JH3pR5JFff7pjfiyUq3SdZoWrFFwtjesfZs6ArCkdJMq:2:0,T0,true,scheduled,success,json_ok,observed,on_time,observed,2059df5bdfa6b9aa8544f211
solana:3DW1K8nRqWRKhGCwcwhL2ZdMxzZPuJVGbZq5pg54ejy2JH3pR5JFff7pjfiyUq3SdZoWrFFwtjesfZs6ArCkdJMq:2:0,T+24h,true,scheduled,success,json_ok,observed,on_time,observed,893b1aab9ac36c288e24ec5c
solana:3DW1K8nRqWRKhGCwcwhL2ZdMxzZPuJVGbZq5pg54ejy2JH3pR5JFff7pjfiyUq3SdZoWrFFwtjesfZs6ArCkdJMq:2:0,T+60h,true,scheduled,success,json_ok,observed,on_time,observed,f9f4ae6bb69f0bab55e65044
solana:nRftmyz2atda7To47pAsDKBMdSDCH7RKuQUkwYK1H82eZT184G9QFJXTenLDR17E32anX1GDFZbqVi1M77FEZs9:2:0,T0,true,scheduled,success,json_ok,observed,on_time,observed,2f6b9d1165d389ece730bee1
solana:nRftmyz2atda7To47pAsDKBMdSDCH7RKuQUkwYK1H82eZT184G9QFJXTenLDR17E32anX1GDFZbqVi1M77FEZs9:2:0,T+24h,true,scheduled,success,json_ok,observed,on_time,observed,9d837bbf674496d6269021e8
solana:nRftmyz2atda7To47pAsDKBMdSDCH7RKuQUkwYK1H82eZT184G9QFJXTenLDR17E32anX1GDFZbqVi1M77FEZs9:2:0,T+60h,true,scheduled,success,json_ok,observed,on_time,observed,98b3225b618dd1e44a1077d6
solana:3bqxLEgUfNEuYdDN53Jg5To5DLeQ8X2ecyLnAPmvdsysty4iyHiL9mGjwKARAPGiFscvVNaYVBfp4r3b731GccYg:0:0,T0,true,scheduled,success,json_ok,observed,on_time,observed,5559b710f16664fa13ce9bae
solana:3bqxLEgUfNEuYdDN53Jg5To5DLeQ8X2ecyLnAPmvdsysty4iyHiL9mGjwKARAPGiFscvVNaYVBfp4r3b731GccYg:0:0,T+24h,true,scheduled,success,json_ok,observed,on_time,observed,20f1877e2b0f91e655cd1358
solana:3bqxLEgUfNEuYdDN53Jg5To5DLeQ8X2ecyLnAPmvdsysty4iyHiL9mGjwKARAPGiFscvVNaYVBfp4r3b731GccYg:0:0,T+60h,true,scheduled,success,json_ok,observed,on_time,observed,1e520e859b4013ddec89b3bb
solana:TynnFYwBGYyHpCnXjps3wDfbAgrDXW6sgMY5C85xv4XABhFuUxZUTNmS4WYxJXnHuLeZMtrYka81STnP3sr2Z3T:2:0,T0,true,scheduled,not_collected_policy,not_collected_policy,not_observed,not_applicable,not_collected_policy,65281d2ce7257bbdf6183be6
solana:TynnFYwBGYyHpCnXjps3wDfbAgrDXW6sgMY5C85xv4XABhFuUxZUTNmS4WYxJXnHuLeZMtrYka81STnP3sr2Z3T:2:0,T+24h,true,scheduled,not_collected_policy,not_collected_policy,not_observed,not_applicable,not_collected_policy,f895b69e7242a82cb5fcaf33
solana:TynnFYwBGYyHpCnXjps3wDfbAgrDXW6sgMY5C85xv4XABhFuUxZUTNmS4WYxJXnHuLeZMtrYka81STnP3sr2Z3T:2:0,T+60h,true,scheduled,not_collected_policy,not_collected_policy,not_observed,not_applicable,not_collected_policy,3097faf25e712f40e0f1d1ff
solana:49TunX9QazS6P2nffugDo1i1qXKuPEs9CYbm7YCTLwWQPyXnxfFzcBM55PWxby3yYrY93jwE9EmFWALcbJLfkDcr:2:0,T0,true,scheduled,success,json_ok,observed,on_time,observed,31e4b53380ee71c14b1ea6f7
solana:49TunX9QazS6P2nffugDo1i1qXKuPEs9CYbm7YCTLwWQPyXnxfFzcBM55PWxby3yYrY93jwE9EmFWALcbJLfkDcr:2:0,T+24h,true,scheduled,success,json_ok,observed,on_time,observed,d6d5a3f6d62c7539f4ee9c5f
solana:49TunX9QazS6P2nffugDo1i1qXKuPEs9CYbm7YCTLwWQPyXnxfFzcBM55PWxby3yYrY93jwE9EmFWALcbJLfkDcr:2:0,T+60h,true,scheduled,success,json_ok,observed,on_time,observed,a5f275aca2ede11cc661072b
solana:4UwqgnSvbYT38V6j66CddzazDaoD46k22XzB9trnmnB3uV577oWhP2anX6aWKgU9Mj5GYVGDE2MEKHYjn998ow2F:2:0,T0,true,scheduled,success,json_ok,observed,on_time,observed,92f35a42b1ffc10ec2f18c3b
solana:4UwqgnSvbYT38V6j66CddzazDaoD46k22XzB9trnmnB3uV577oWhP2anX6aWKgU9Mj5GYVGDE2MEKHYjn998ow2F:2:0,T+24h,true,scheduled,success,json_ok,observed,on_time,observed,ef4119293f5511e187bdb31d
solana:4UwqgnSvbYT38V6j66CddzazDaoD46k22XzB9trnmnB3uV577oWhP2anX6aWKgU9Mj5GYVGDE2MEKHYjn998ow2F:2:0,T+60h,true,scheduled,success,json_ok,observed,on_time,observed,2c6ea70ab1a358032bcf36bd
solana:2NXU1iwCaUmBqgjAL43wZXCMWK1SGiu4kspnFRXYYnhhkMSRpg8Hr6E6yBx8DhgB6h5x4214nJ1suUfCcvwdeiDC:2:0,T0,true,scheduled,success,json_ok,observed,on_time,observed,fd281be7a2c4bf0db01b8baa
solana:2NXU1iwCaUmBqgjAL43wZXCMWK1SGiu4kspnFRXYYnhhkMSRpg8Hr6E6yBx8DhgB6h5x4214nJ1suUfCcvwdeiDC:2:0,T+24h,true,scheduled,success,json_ok,observed,on_time,observed,9d7e658ecc1f628b804d9f58
solana:2NXU1iwCaUmBqgjAL43wZXCMWK1SGiu4kspnFRXYYnhhkMSRpg8Hr6E6yBx8DhgB6h5x4214nJ1suUfCcvwdeiDC:2:0,T+60h,true,scheduled,success,json_ok,observed,on_time,observed,d4e1d4a98bd08654e226a4ea
solana:puh6K1orWTpHzjdedAycFQsojzwmb7kt5uX9nMdZb7Tveo8EdmCj4CPe4p4qaHhNQgqD8C7w9DCgJC2osy2QgBZ:2:0,T0,true,scheduled,success,json_ok,observed,on_time,observed,dcac8680f3ce38f2154c337e
solana:puh6K1orWTpHzjdedAycFQsojzwmb7kt5uX9nMdZb7Tveo8EdmCj4CPe4p4qaHhNQgqD8C7w9DCgJC2osy2QgBZ:2:0,T+24h,true,scheduled,success,json_ok,observed,on_time,observed,bd60034b3913253c2777bf38
solana:puh6K1orWTpHzjdedAycFQsojzwmb7kt5uX9nMdZb7Tveo8EdmCj4CPe4p4qaHhNQgqD8C7w9DCgJC2osy2QgBZ:2:0,T+60h,true,scheduled,success,json_ok,observed,on_time,observed,25b92a85f460a5f2327e6edc
solana:4V2ZzcKGrPLJ57vpGF6XvoenjtaicbsFWg4Ck32HvpasH5LG1bEM3dSJiBUFfJy7pbjbhFyCyBftbv2FvRkN8LGs:2:0,T0,true,scheduled,success,json_ok,observed,on_time,observed,8ac94995886cf2280db30494
solana:4V2ZzcKGrPLJ57vpGF6XvoenjtaicbsFWg4Ck32HvpasH5LG1bEM3dSJiBUFfJy7pbjbhFyCyBftbv2FvRkN8LGs:2:0,T+24h,true,scheduled,success,json_ok,observed,on_time,observed,c21ce4ec6e6ff0c62d201dee
solana:4V2ZzcKGrPLJ57vpGF6XvoenjtaicbsFWg4Ck32HvpasH5LG1bEM3dSJiBUFfJy7pbjbhFyCyBftbv2FvRkN8LGs:2:0,T+60h,true,scheduled,success,json_ok,observed,on_time,observed,de4a60ee84e6fb314fbc9386
solana:YL1AtpzwZy6ZfC8N6xNjchJwV8g8LCPrBPCT59amiZrJLwsajeW3ejydQXYxeeVftfnwNZviJU9TDBevsL9oUMY:2:0,T0,true,scheduled,success,json_ok,observed,on_time,observed,29068133caaa207812187e41
solana:YL1AtpzwZy6ZfC8N6xNjchJwV8g8LCPrBPCT59amiZrJLwsajeW3ejydQXYxeeVftfnwNZviJU9TDBevsL9oUMY:2:0,T+24h,true,scheduled,success,json_ok,observed,on_time,observed,066922b02ca5880922be9f89
solana:YL1AtpzwZy6ZfC8N6xNjchJwV8g8LCPrBPCT59amiZrJLwsajeW3ejydQXYxeeVftfnwNZviJU9TDBevsL9oUMY:2:0,T+60h,true,scheduled,success,json_ok,observed,on_time,observed,8071f665bed3fcd59428f7d3
solana:5ZvUocyN4KB8tEGtmP34bcENZzcFiPeRR3GtvC2ehR7zosuVRgJqgMuwnZuQGsyYuAxFNWFVdkBfRYSXFhBvfEtk:2:0,T0,true,scheduled,failed,not_observed,not_observed,on_time,request_failed,622f6614110052f65948b0ad
solana:5ZvUocyN4KB8tEGtmP34bcENZzcFiPeRR3GtvC2ehR7zosuVRgJqgMuwnZuQGsyYuAxFNWFVdkBfRYSXFhBvfEtk:2:0,T+24h,true,scheduled,failed,not_observed,not_observed,on_time,request_failed,f63b59f5f566e0d2dc265085
solana:5ZvUocyN4KB8tEGtmP34bcENZzcFiPeRR3GtvC2ehR7zosuVRgJqgMuwnZuQGsyYuAxFNWFVdkBfRYSXFhBvfEtk:2:0,T+60h,true,scheduled,failed,not_observed,not_observed,on_time,request_failed,434ed79c6f5fdd188d3371ae
solana:4gNM1TwX2UQAGRutVyciquNXyo2Qtti87dNtYQmsvcbMBPPU5a3cSmJzo5qvQtTQaae32WcvoqU3veGpHFXQwcP6:2:0,T0,true,scheduled,failed,not_observed,not_observed,on_time,request_failed,ad0b7afee38e91848ec37980
solana:4gNM1TwX2UQAGRutVyciquNXyo2Qtti87dNtYQmsvcbMBPPU5a3cSmJzo5qvQtTQaae32WcvoqU3veGpHFXQwcP6:2:0,T+24h,true,scheduled,failed,not_observed,not_observed,on_time,request_failed,44a90e1cadb531d433658cfd
solana:4gNM1TwX2UQAGRutVyciquNXyo2Qtti87dNtYQmsvcbMBPPU5a3cSmJzo5qvQtTQaae32WcvoqU3veGpHFXQwcP6:2:0,T+60h,true,scheduled,failed,not_observed,not_observed,on_time,request_failed,369faa8e89d2b80bcfb34a3b
solana:fBAdH8aMpebNCt7dKXW2ZPjCASqefBFdTZrsEwXnwT6ocYrLbvAY3c7a1qdAoRi4nq4YyzmgFn6o8RWL7T9UqBL:2:0,T0,true,scheduled,success,json_ok,observed,on_time,observed,b15cc8dac7af4a97e3b7107b
solana:fBAdH8aMpebNCt7dKXW2ZPjCASqefBFdTZrsEwXnwT6ocYrLbvAY3c7a1qdAoRi4nq4YyzmgFn6o8RWL7T9UqBL:2:0,T+24h,true,scheduled,success,json_ok,observed,on_time,observed,67fafc77aa6e02d95599539e
solana:fBAdH8aMpebNCt7dKXW2ZPjCASqefBFdTZrsEwXnwT6ocYrLbvAY3c7a1qdAoRi4nq4YyzmgFn6o8RWL7T9UqBL:2:0,T+60h,true,scheduled,success,json_ok,observed,on_time,observed,833a360e6a227c08e23f73f2
solana:3XpFvoBx5He5B3HSCW8o4124u7xqgSA9dniaUe1rpL98dp3kufychkNf7rLGMiydZiGrgCqstYMj5AL8anWxUmUo:2:0,T0,true,scheduled,success,json_ok,observed,on_time,observed,889bad4a9b3ba62ac9077fba
solana:3XpFvoBx5He5B3HSCW8o4124u7xqgSA9dniaUe1rpL98dp3kufychkNf7rLGMiydZiGrgCqstYMj5AL8anWxUmUo:2:0,T+24h,true,scheduled,success,json_ok,observed,on_time,observed,8a57473bf0ca8fc8c9e6c020
solana:3XpFvoBx5He5B3HSCW8o4124u7xqgSA9dniaUe1rpL98dp3kufychkNf7rLGMiydZiGrgCqstYMj5AL8anWxUmUo:2:0,T+60h,true,scheduled,success,json_ok,observed,on_time,observed,1272fc8521369e7956417e8c
solana:64B6APfS5H9vQ7TM6LzbDydrCiRFHWQy7d6MjmEorHQdM3GnVnBvCr3woGH2PT3k4HQZKA8YnEchoc27pNn6Phk7:2:0,T0,true,scheduled,success,json_ok,observed,on_time,observed,d9b67c30f9fdf3ceac5c8ff3
solana:64B6APfS5H9vQ7TM6LzbDydrCiRFHWQy7d6MjmEorHQdM3GnVnBvCr3woGH2PT3k4HQZKA8YnEchoc27pNn6Phk7:2:0,T+24h,true,scheduled,success,json_ok,observed,on_time,observed,0ccf0d44d466598897fa0ebe
solana:64B6APfS5H9vQ7TM6LzbDydrCiRFHWQy7d6MjmEorHQdM3GnVnBvCr3woGH2PT3k4HQZKA8YnEchoc27pNn6Phk7:2:0,T+60h,true,scheduled,success,json_ok,observed,on_time,observed,13f0dd958aafe59882c5d810
solana:5etDFVWMYBJde5tpP1nuq2xWccfKurfcBZFoDygmKerkNhB8W3Z882SHDh4AhRXNac3Gz7AaFYyjrSKph7MNVNnk:2:0,T0,true,scheduled,success,json_ok,observed,on_time,observed,9f3fa44622c031231b68c487
solana:5etDFVWMYBJde5tpP1nuq2xWccfKurfcBZFoDygmKerkNhB8W3Z882SHDh4AhRXNac3Gz7AaFYyjrSKph7MNVNnk:2:0,T+24h,true,scheduled,success,json_ok,observed,on_time,observed,2915c6311804b013ef7136e6
solana:5etDFVWMYBJde5tpP1nuq2xWccfKurfcBZFoDygmKerkNhB8W3Z882SHDh4AhRXNac3Gz7AaFYyjrSKph7MNVNnk:2:0,T+60h,true,scheduled,success,json_ok,observed,on_time,observed,1f18c760385f7f3b4f41fdae
solana:2YGRncYrbA82GwWxfsU9SRMLQUGJastogqZdQmTP99Y76RiBYZJQMxR4To97nP99zRUTruMrPv7HJTGFjm6Xd1sN:2:0,T0,true,scheduled,success,json_ok,observed,on_time,observed,c763b82067b4b7c387305c71
solana:2YGRncYrbA82GwWxfsU9SRMLQUGJastogqZdQmTP99Y76RiBYZJQMxR4To97nP99zRUTruMrPv7HJTGFjm6Xd1sN:2:0,T+24h,true,scheduled,success,json_ok,observed,on_time,observed,0517812cbfa7012daa3fa676
solana:2YGRncYrbA82GwWxfsU9SRMLQUGJastogqZdQmTP99Y76RiBYZJQMxR4To97nP99zRUTruMrPv7HJTGFjm6Xd1sN:2:0,T+60h,true,scheduled,success,json_ok,observed,on_time,observed,76a984458420dfdb8435db59
solana:3YzMNbhif1j1EwNpbSpf5VMa9DjbJgxFqGZ5kGdFBEvSrERTNfoUA21k7m3C9qUZDZrkCMNeZ7PBgAa5oerqLVdM:2:0,T0,true,scheduled,success,json_ok,observed,on_time,observed,db342045157bc8fff93bccfb
solana:3YzMNbhif1j1EwNpbSpf5VMa9DjbJgxFqGZ5kGdFBEvSrERTNfoUA21k7m3C9qUZDZrkCMNeZ7PBgAa5oerqLVdM:2:0,T+24h,true,scheduled,success,json_ok,observed,on_time,observed,0bc143bfd69e90d0d76c7c62
solana:3YzMNbhif1j1EwNpbSpf5VMa9DjbJgxFqGZ5kGdFBEvSrERTNfoUA21k7m3C9qUZDZrkCMNeZ7PBgAa5oerqLVdM:2:0,T+60h,true,scheduled,success,json_ok,observed,on_time,observed,dc6b6962c47f4c649e542c0d
solana:XKU9W4FsbHNbGsb3cfayRHx4NXDCgRohMvG2aYi7WfTKjjMRMH5iskFKTDA735nEjpyhmmnMWEBAYzFD9WgauPB:2:0,T0,true,scheduled,success,json_ok,observed,on_time,observed,7a21c010ba0ef3614b5b3ce3
solana:XKU9W4FsbHNbGsb3cfayRHx4NXDCgRohMvG2aYi7WfTKjjMRMH5iskFKTDA735nEjpyhmmnMWEBAYzFD9WgauPB:2:0,T+24h,true,scheduled,success,json_ok,observed,on_time,observed,796ce3dd50a70e58172fc063
solana:XKU9W4FsbHNbGsb3cfayRHx4NXDCgRohMvG2aYi7WfTKjjMRMH5iskFKTDA735nEjpyhmmnMWEBAYzFD9WgauPB:2:0,T+60h,true,scheduled,success,json_ok,observed,on_time,observed,188fa97949bf1b5655866712
solana:4tw1dkLzQHUq8sXXK6MZXRKRiLsstp5VXkd6aJ5uiKugD8nPMj8mVfKi78fHt6LCr4tdrngSiwA5E7VNSa7FcBu3:2:0,T0,true,scheduled,success,json_ok,observed,on_time,observed,4cd41e035107eff4b3adc1a0
solana:4tw1dkLzQHUq8sXXK6MZXRKRiLsstp5VXkd6aJ5uiKugD8nPMj8mVfKi78fHt6LCr4tdrngSiwA5E7VNSa7FcBu3:2:0,T+24h,true,scheduled,success,json_ok,observed,on_time,observed,fda26b8e9884083134128b3f
solana:4tw1dkLzQHUq8sXXK6MZXRKRiLsstp5VXkd6aJ5uiKugD8nPMj8mVfKi78fHt6LCr4tdrngSiwA5E7VNSa7FcBu3:2:0,T+60h,true,scheduled,success,json_ok,observed,on_time,observed,dbe4fe13c738a45bcabda9d1
solana:5zCRc5nKoxSfTJMSDBY8Zx6QhwnoTWyScVFe3j1krmVJe39bS4eCCC1oq3d7BmHGc3a2L7Sv9Z5SpDqr57r4PNQY:0:0,T0,true,scheduled,success,json_ok,observed,on_time,observed,cbb82737df60161145297db6
solana:5zCRc5nKoxSfTJMSDBY8Zx6QhwnoTWyScVFe3j1krmVJe39bS4eCCC1oq3d7BmHGc3a2L7Sv9Z5SpDqr57r4PNQY:0:0,T+24h,true,scheduled,success,json_ok,observed,on_time,observed,6c2f7c66cf62d6b2ba401dad
solana:5zCRc5nKoxSfTJMSDBY8Zx6QhwnoTWyScVFe3j1krmVJe39bS4eCCC1oq3d7BmHGc3a2L7Sv9Z5SpDqr57r4PNQY:0:0,T+60h,true,scheduled,success,json_ok,observed,on_time,observed,fe5f812335f11e520b6f3599
solana:4H9MMJYj9S5pZuHnxVy3TXh6DxmF4FrimXcYxMJKi1Vw8z64CFngD2KFctfwcJL877VAAvaEgiZsyXCeThfrJj8M:0:0,T0,true,scheduled,success,json_ok,observed,on_time,observed,d37711c03ad1f68c14af2b8f
solana:4H9MMJYj9S5pZuHnxVy3TXh6DxmF4FrimXcYxMJKi1Vw8z64CFngD2KFctfwcJL877VAAvaEgiZsyXCeThfrJj8M:0:0,T+24h,true,scheduled,success,json_ok,observed,on_time,observed,e4f9eacf30db422815b624dc
solana:4H9MMJYj9S5pZuHnxVy3TXh6DxmF4FrimXcYxMJKi1Vw8z64CFngD2KFctfwcJL877VAAvaEgiZsyXCeThfrJj8M:0:0,T+60h,true,scheduled,success,json_ok,observed,on_time,observed,544498ee0583a295dd0a0bed
solana:5LB64GxRisCEjAPXxfvSq21aHFAsP3wNyC2cfoNhijSiuspHxPDVcccnonw1v6C1Ef4udqR5oZ5yFjN1PmLec6xq:0:0,T0,true,scheduled,success,json_ok,observed,on_time,observed,658f845a12c119d61c259936
solana:5LB64GxRisCEjAPXxfvSq21aHFAsP3wNyC2cfoNhijSiuspHxPDVcccnonw1v6C1Ef4udqR5oZ5yFjN1PmLec6xq:0:0,T+24h,true,scheduled,success,json_ok,observed,on_time,observed,7fe932c8e9457847b14f3c01
solana:5LB64GxRisCEjAPXxfvSq21aHFAsP3wNyC2cfoNhijSiuspHxPDVcccnonw1v6C1Ef4udqR5oZ5yFjN1PmLec6xq:0:0,T+60h,true,scheduled,success,json_ok,observed,on_time,observed,c026ed982ed43b0c479fd8ce
solana:1RjPzWASgmWb2jRYHrwvMf33bvAnjaTLxPmbb8bf1n2epg12Jmxj25YXyLUwxS1BM8whbm8aBSeDyYLEbPXpC3J:0:0,T0,true,scheduled,success,json_ok,observed,on_time,observed,d4ebe1dc29aba97ea4c393ca
solana:1RjPzWASgmWb2jRYHrwvMf33bvAnjaTLxPmbb8bf1n2epg12Jmxj25YXyLUwxS1BM8whbm8aBSeDyYLEbPXpC3J:0:0,T+24h,true,scheduled,success,json_ok,observed,on_time,observed,6d4ea141c5eb50b17e5acf75
solana:1RjPzWASgmWb2jRYHrwvMf33bvAnjaTLxPmbb8bf1n2epg12Jmxj25YXyLUwxS1BM8whbm8aBSeDyYLEbPXpC3J:0:0,T+60h,true,scheduled,success,json_ok,observed,on_time,observed,8cf78d4d998220d115324cbf
solana:5w92GKk18jRUL1WUmBUkJ3HSz8VqwfSSxHmJSj34JvvGWcsMvoi5YqecUiXEpNo5YenKjrtLMKrMzN7nwtSf9ymk:2:0,T0,true,scheduled,success,json_ok,observed,on_time,observed,eb2109f527d39934c5725e40
solana:5w92GKk18jRUL1WUmBUkJ3HSz8VqwfSSxHmJSj34JvvGWcsMvoi5YqecUiXEpNo5YenKjrtLMKrMzN7nwtSf9ymk:2:0,T+24h,true,scheduled,success,json_ok,observed,on_time,observed,67c08211c090c225417bad74
solana:5w92GKk18jRUL1WUmBUkJ3HSz8VqwfSSxHmJSj34JvvGWcsMvoi5YqecUiXEpNo5YenKjrtLMKrMzN7nwtSf9ymk:2:0,T+60h,true,scheduled,success,json_ok,observed,on_time,observed,d89a75e3062f5774e9baf84b
solana:KnjtDmzfPRxzuffmneitNzZzQ4QE1Knd3yyaDsGWX62KWPeqaJuSYCJJs8c7sreDFrZErLbzuKpg8MnmApSz94T:2:0,T0,true,scheduled,success,json_ok,observed,on_time,observed,65ff7e2f9c1ad737988c3b2d
solana:KnjtDmzfPRxzuffmneitNzZzQ4QE1Knd3yyaDsGWX62KWPeqaJuSYCJJs8c7sreDFrZErLbzuKpg8MnmApSz94T:2:0,T+24h,true,scheduled,success,json_ok,observed,on_time,observed,462c28eb555fba0e57bcccbd
solana:KnjtDmzfPRxzuffmneitNzZzQ4QE1Knd3yyaDsGWX62KWPeqaJuSYCJJs8c7sreDFrZErLbzuKpg8MnmApSz94T:2:0,T+60h,true,scheduled,success,json_ok,observed,on_time,observed,04495af25c59bfebce02dfaa
solana:22XEib3P6Hq2gxKjD9Jo6iw3UfEZKgpqD35NziVd3ftXTir22ddWk5o2AcL4a9ZNsY5AMBXkVKS5KS1n6Cxayg5x:2:0,T0,true,scheduled,success,json_ok,observed,on_time,observed,7e544ea998201061a7f8202f
solana:22XEib3P6Hq2gxKjD9Jo6iw3UfEZKgpqD35NziVd3ftXTir22ddWk5o2AcL4a9ZNsY5AMBXkVKS5KS1n6Cxayg5x:2:0,T+24h,true,scheduled,success,json_ok,observed,on_time,observed,15339fa941cd5e27177e73bf
solana:22XEib3P6Hq2gxKjD9Jo6iw3UfEZKgpqD35NziVd3ftXTir22ddWk5o2AcL4a9ZNsY5AMBXkVKS5KS1n6Cxayg5x:2:0,T+60h,true,scheduled,success,json_ok,observed,on_time,observed,2e9591ca3100cdaf0c335ed3
solana:4GGt3z2xjTttAnJk2JPPkzVD74AtprNxN58wqJACYbZxcY95amTbtnnuyYfw2CYUd1RpYEtCVEkLy741qtegc3Ns:2:0,T0,true,scheduled,success,json_ok,observed,on_time,observed,a2bfbb57420173e37870ddb9
solana:4GGt3z2xjTttAnJk2JPPkzVD74AtprNxN58wqJACYbZxcY95amTbtnnuyYfw2CYUd1RpYEtCVEkLy741qtegc3Ns:2:0,T+24h,true,scheduled,success,json_ok,observed,on_time,observed,08a93ba966449800a48ce389
solana:4GGt3z2xjTttAnJk2JPPkzVD74AtprNxN58wqJACYbZxcY95amTbtnnuyYfw2CYUd1RpYEtCVEkLy741qtegc3Ns:2:0,T+60h,true,scheduled,success,json_ok,observed,on_time,observed,79b55007c74ed9d08143813d
solana:39BKXGp2w5DomPMuSZWA7PrEhu2ehYt13Db2rHzEnNoeptaDJ8kcf82y2JHkm75A5yi1vKzsxqY8DoyM8GbH5MTv:0:0,T0,true,scheduled,success,json_ok,observed,on_time,observed,7bbb6de78f3e0539fdd12228
solana:39BKXGp2w5DomPMuSZWA7PrEhu2ehYt13Db2rHzEnNoeptaDJ8kcf82y2JHkm75A5yi1vKzsxqY8DoyM8GbH5MTv:0:0,T+24h,true,scheduled,success,json_ok,observed,on_time,observed,af87e068d942d4491eaea953
solana:39BKXGp2w5DomPMuSZWA7PrEhu2ehYt13Db2rHzEnNoeptaDJ8kcf82y2JHkm75A5yi1vKzsxqY8DoyM8GbH5MTv:0:0,T+60h,true,scheduled,success,json_ok,observed,on_time,observed,62ba2013b38052629a56c090
solana:DMqApgo3BWqokoHDRxyTUyDvTZ3vg1TDA369fy51MvPLRWjyz68jH9R3kwYeCytPSD4QuFY3hjinTAL2E4pbZfC:0:0,T0,true,scheduled,success,json_ok,observed,on_time,observed,d1f5dc9790d272d9bd732710
solana:DMqApgo3BWqokoHDRxyTUyDvTZ3vg1TDA369fy51MvPLRWjyz68jH9R3kwYeCytPSD4QuFY3hjinTAL2E4pbZfC:0:0,T+24h,true,scheduled,success,json_ok,observed,on_time,observed,0558b00a39e351beef76c0b6
solana:DMqApgo3BWqokoHDRxyTUyDvTZ3vg1TDA369fy51MvPLRWjyz68jH9R3kwYeCytPSD4QuFY3hjinTAL2E4pbZfC:0:0,T+60h,true,scheduled,success,json_ok,observed,on_time,observed,b15894afbf0f7600f30aa49f
solana:26uXE8XiqyTZQWgtTjagYpykoCQU68xeAa7hFkqZBgKKrTDZDHHaXoj6rB6YX3i7jtb8BhKpuEZGGdUkZz2pk6fv:0:0,T0,true,scheduled,success,json_ok,observed,on_time,observed,5284280fe6c0c2f3f7fd6fc8
solana:26uXE8XiqyTZQWgtTjagYpykoCQU68xeAa7hFkqZBgKKrTDZDHHaXoj6rB6YX3i7jtb8BhKpuEZGGdUkZz2pk6fv:0:0,T+24h,true,scheduled,success,json_ok,observed,on_time,observed,3bcf0ed419b7b1dc6d12d2a4
solana:26uXE8XiqyTZQWgtTjagYpykoCQU68xeAa7hFkqZBgKKrTDZDHHaXoj6rB6YX3i7jtb8BhKpuEZGGdUkZz2pk6fv:0:0,T+60h,true,scheduled,success,json_ok,observed,on_time,observed,9d83119ba54ef478fa601418
solana:4dsVXrpfqYggDyxU4hgT3WCZMfb6nWuxu9hgp1tJ7jKRzDETS7NM3oqEwXQiFHHJDoJDFvzNRvs2VHraFyKZyuk2:2:0,T0,true,scheduled,not_collected_policy,not_collected_policy,not_observed,not_applicable,not_collected_policy,a94744a402e9b5d844837df2
solana:4dsVXrpfqYggDyxU4hgT3WCZMfb6nWuxu9hgp1tJ7jKRzDETS7NM3oqEwXQiFHHJDoJDFvzNRvs2VHraFyKZyuk2:2:0,T+24h,true,scheduled,not_collected_policy,not_collected_policy,not_observed,not_applicable,not_collected_policy,3bcb31fb2d4a0e461ad199f2
solana:4dsVXrpfqYggDyxU4hgT3WCZMfb6nWuxu9hgp1tJ7jKRzDETS7NM3oqEwXQiFHHJDoJDFvzNRvs2VHraFyKZyuk2:2:0,T+60h,true,scheduled,not_collected_policy,not_collected_policy,not_observed,not_applicable,not_collected_policy,5bdddecf52693104cf6c17cb
solana:2sbf5cLQKWCMu1k7hkVuLECEeLXBzo4Lv7aUtw8aAVpWwMLjjzoQdVkCrzwXtKJevwk2JQ8Zqzi2Fe6EPcXGy7Jk:2:0,T0,true,scheduled,success,json_ok,observed,on_time,observed,e5e39f56d8fc95c05adcc1fb
solana:2sbf5cLQKWCMu1k7hkVuLECEeLXBzo4Lv7aUtw8aAVpWwMLjjzoQdVkCrzwXtKJevwk2JQ8Zqzi2Fe6EPcXGy7Jk:2:0,T+24h,true,scheduled,success,json_ok,observed,on_time,observed,c35d9a2c320e65b9f99af72f
solana:2sbf5cLQKWCMu1k7hkVuLECEeLXBzo4Lv7aUtw8aAVpWwMLjjzoQdVkCrzwXtKJevwk2JQ8Zqzi2Fe6EPcXGy7Jk:2:0,T+60h,true,scheduled,success,json_ok,observed,on_time,observed,7e3c44c6c03049abc23e9955
solana:5vvEPF63S9NyAVi5iBT3DSnMS9T3NfH4dTH2M48fkA3te8BFUjy3qZ4sCiXGeev25hLV9GYQJ41j16pMKqmCM9f3:2:0,T0,true,scheduled,success,json_ok,observed,on_time,observed,d3e28d29a746c858171632fc
solana:5vvEPF63S9NyAVi5iBT3DSnMS9T3NfH4dTH2M48fkA3te8BFUjy3qZ4sCiXGeev25hLV9GYQJ41j16pMKqmCM9f3:2:0,T+24h,true,scheduled,success,json_ok,observed,on_time,observed,2d408fb98eee2dee1636c5e0
solana:5vvEPF63S9NyAVi5iBT3DSnMS9T3NfH4dTH2M48fkA3te8BFUjy3qZ4sCiXGeev25hLV9GYQJ41j16pMKqmCM9f3:2:0,T+60h,true,scheduled,success,json_ok,observed,on_time,observed,990c8eb3487ff5ad178e499b
solana:2Tytn3hhnXmtCRrQ8DDmm6aSC6TTNoNGwV8WZCaBHy6duPnxQ6Hh1U7P1xDvdnaoy1zQut4yeT6mB2WuJa7sV7vs:2:0,T0,true,scheduled,success,json_ok,observed,on_time,observed,d2ae32c83315d8a13a44a2ae
solana:2Tytn3hhnXmtCRrQ8DDmm6aSC6TTNoNGwV8WZCaBHy6duPnxQ6Hh1U7P1xDvdnaoy1zQut4yeT6mB2WuJa7sV7vs:2:0,T+24h,true,scheduled,success,json_ok,observed,on_time,observed,6462c08ad8349e5936bd643c
solana:2Tytn3hhnXmtCRrQ8DDmm6aSC6TTNoNGwV8WZCaBHy6duPnxQ6Hh1U7P1xDvdnaoy1zQut4yeT6mB2WuJa7sV7vs:2:0,T+60h,true,scheduled,success,json_ok,observed,on_time,observed,4e51efd2d00ecd418ec99791
solana:LxJdTHwniYkU6MBieWwa9viEcuYUFx241cmuMKaiHrsyn84AENnyy7ZFh1v5CskRgf2tRDwAKcUxFs9tCMQKaVE:2:0,T0,true,scheduled,not_collected_policy,not_collected_policy,not_observed,not_applicable,not_collected_policy,33fc1d9cbe9e54bfbc38477c
solana:LxJdTHwniYkU6MBieWwa9viEcuYUFx241cmuMKaiHrsyn84AENnyy7ZFh1v5CskRgf2tRDwAKcUxFs9tCMQKaVE:2:0,T+24h,true,scheduled,not_collected_policy,not_collected_policy,not_observed,not_applicable,not_collected_policy,342e1c3bc7c23009abd57580
solana:LxJdTHwniYkU6MBieWwa9viEcuYUFx241cmuMKaiHrsyn84AENnyy7ZFh1v5CskRgf2tRDwAKcUxFs9tCMQKaVE:2:0,T+60h,true,scheduled,not_collected_policy,not_collected_policy,not_observed,not_applicable,not_collected_policy,93c9956e9e5d49fad855faff
solana:2cBZkrPKgoupLzemfiM3gLUasfUfzqKe3chpCXWqAL9wLqJrP34WYjsL4LJJVx2A3VyExJaqnZyqYYvJyQn165pj:2:0,T0,true,scheduled,success,json_ok,observed,on_time,observed,77e3e9e73ab65cc8f28ca327
solana:2cBZkrPKgoupLzemfiM3gLUasfUfzqKe3chpCXWqAL9wLqJrP34WYjsL4LJJVx2A3VyExJaqnZyqYYvJyQn165pj:2:0,T+24h,true,scheduled,success,json_ok,observed,on_time,observed,ebaa23bbebda389c89581d8c
solana:2cBZkrPKgoupLzemfiM3gLUasfUfzqKe3chpCXWqAL9wLqJrP34WYjsL4LJJVx2A3VyExJaqnZyqYYvJyQn165pj:2:0,T+60h,true,scheduled,success,json_ok,observed,on_time,observed,5b8814b3ada7edc963ecc245
solana:5Uz7MFb9b84ib29VfgMj4fsj4LCGSyb6YeTeu5LFd66GQVfjm84MoknUNkedZkjBGvTJXh2qJcAPqiwVAx3Utve5:0:0,T0,true,scheduled,failed,not_observed,not_observed,late,request_failed,6f80b9854b4bd1fdaf96d31b
solana:5Uz7MFb9b84ib29VfgMj4fsj4LCGSyb6YeTeu5LFd66GQVfjm84MoknUNkedZkjBGvTJXh2qJcAPqiwVAx3Utve5:0:0,T+24h,true,scheduled,failed,not_observed,not_observed,late,request_failed,3268da2e29a228dc866b80ad
solana:5Uz7MFb9b84ib29VfgMj4fsj4LCGSyb6YeTeu5LFd66GQVfjm84MoknUNkedZkjBGvTJXh2qJcAPqiwVAx3Utve5:0:0,T+60h,true,scheduled,failed,not_observed,not_observed,on_time,request_failed,88e94b1086c821b330829cbe
solana:2FP6U5p7dn5JgsyxNjNgQy25ucBitrU6ULdyd6or9UCYbpAhxppr4btz1Yfufd932D5tehTPiTUnWAxYNnXNpt3y:1:0,T0,true,scheduled,success,json_ok,observed,on_time,observed,d7774a58b5f028ca94fb708d
solana:2FP6U5p7dn5JgsyxNjNgQy25ucBitrU6ULdyd6or9UCYbpAhxppr4btz1Yfufd932D5tehTPiTUnWAxYNnXNpt3y:1:0,T+24h,true,scheduled,success,json_ok,observed,on_time,observed,dcab04f35bd26845f70ae63b
solana:2FP6U5p7dn5JgsyxNjNgQy25ucBitrU6ULdyd6or9UCYbpAhxppr4btz1Yfufd932D5tehTPiTUnWAxYNnXNpt3y:1:0,T+60h,true,scheduled,success,json_ok,observed,on_time,observed,979b3423fff600ba9f5910dc
solana:2WMKjwkHHJQDd7mhDvvCU5aPg6CWJBrsTtXy8FLZu3ukkDujsFd73ChzWVX8k2BMRq6B55BM2QRWFsBCbRASSnRn:2:0,T0,true,scheduled,failed,not_observed,not_observed,on_time,request_failed,95e87850a54b9e15fef68af3
solana:2WMKjwkHHJQDd7mhDvvCU5aPg6CWJBrsTtXy8FLZu3ukkDujsFd73ChzWVX8k2BMRq6B55BM2QRWFsBCbRASSnRn:2:0,T+24h,true,scheduled,failed,not_observed,not_observed,on_time,request_failed,01393a75898b3ea01effcfb2
solana:2WMKjwkHHJQDd7mhDvvCU5aPg6CWJBrsTtXy8FLZu3ukkDujsFd73ChzWVX8k2BMRq6B55BM2QRWFsBCbRASSnRn:2:0,T+60h,true,scheduled,failed,not_observed,not_observed,on_time,request_failed,fd5628f79bddb2f62df1f5c1
solana:5F39EKgbx74DcXfLG5Eis3a8JpjS3vTjXXEVZ2AUVhR8K4huZAyZsBAZGJe54zbxdFdgieXHhcxNowxUfzvUkUGK:2:0,T0,true,scheduled,success,json_ok,observed,on_time,observed,bb142496801686497cdb0c07
solana:5F39EKgbx74DcXfLG5Eis3a8JpjS3vTjXXEVZ2AUVhR8K4huZAyZsBAZGJe54zbxdFdgieXHhcxNowxUfzvUkUGK:2:0,T+24h,true,scheduled,success,json_ok,observed,on_time,observed,a918d54602a35bc9c1c119f5
solana:5F39EKgbx74DcXfLG5Eis3a8JpjS3vTjXXEVZ2AUVhR8K4huZAyZsBAZGJe54zbxdFdgieXHhcxNowxUfzvUkUGK:2:0,T+60h,true,scheduled,success,json_ok,observed,on_time,observed,c1dc36f9e7485ec5c56bd734
solana:RvSvx2aXa83p5n7QgxbPEwtVaYc7hTP9nny647ss1oc1UsPvbLtL3kbuCqGi3Aje6vMhN4JXBiSwKiGbbjHAFbs:2:0,T0,true,scheduled,success,json_ok,observed,on_time,observed,f1d42f889c62931f6769ecb8
solana:RvSvx2aXa83p5n7QgxbPEwtVaYc7hTP9nny647ss1oc1UsPvbLtL3kbuCqGi3Aje6vMhN4JXBiSwKiGbbjHAFbs:2:0,T+24h,true,scheduled,success,json_ok,observed,on_time,observed,d7dc793e2471e0da2c8748a1
solana:RvSvx2aXa83p5n7QgxbPEwtVaYc7hTP9nny647ss1oc1UsPvbLtL3kbuCqGi3Aje6vMhN4JXBiSwKiGbbjHAFbs:2:0,T+60h,true,scheduled,success,json_ok,observed,on_time,observed,fc8903056ab2f5cc1b28b09a
solana:2AXnVZHbYWZsN8YptBqYKrb8BTaa1cCHbvao5fUuqQHAtjpt7WXsafecqNBF8rW1MfXrPZPzgEGREtdfoGFh9neP:2:0,T0,true,scheduled,success,json_ok,observed,on_time,observed,7cad9418c476f153420905b8
solana:2AXnVZHbYWZsN8YptBqYKrb8BTaa1cCHbvao5fUuqQHAtjpt7WXsafecqNBF8rW1MfXrPZPzgEGREtdfoGFh9neP:2:0,T+24h,true,scheduled,success,json_ok,observed,on_time,observed,30181db8ae69a3cb6d4feabc
solana:2AXnVZHbYWZsN8YptBqYKrb8BTaa1cCHbvao5fUuqQHAtjpt7WXsafecqNBF8rW1MfXrPZPzgEGREtdfoGFh9neP:2:0,T+60h,true,scheduled,success,json_ok,observed,on_time,observed,d16f183acf49ca418cd58167
solana:ctm2U4ZcLekmnojrTh5z6ssJjeBKLMFZES994Yp8CiZjcALpjXYM9KMPJfgTZYeNY8D3aw6C3A59xhLon5mTM3w:2:0,T0,true,scheduled,success,json_ok,observed,on_time,observed,f8f67ab701218f26fa72af48
solana:ctm2U4ZcLekmnojrTh5z6ssJjeBKLMFZES994Yp8CiZjcALpjXYM9KMPJfgTZYeNY8D3aw6C3A59xhLon5mTM3w:2:0,T+24h,true,scheduled,success,json_ok,observed,on_time,observed,a5f39236b7cc1f1a09c3c16b
solana:ctm2U4ZcLekmnojrTh5z6ssJjeBKLMFZES994Yp8CiZjcALpjXYM9KMPJfgTZYeNY8D3aw6C3A59xhLon5mTM3w:2:0,T+60h,true,scheduled,success,json_ok,observed,on_time,observed,19c171789531d5afa8fbc9c3
solana:65Z6uFFDdCCns6ecZXSLAEd92DYyvW9Leh6bt2D9n1tKYFKvrC6zrpqcE8jLDQoe7TL1387Bw1aiv32CfayYsBCd:1:0,T0,true,scheduled,success,json_ok,observed,on_time,observed,95ea1ae9dfb980d93a8e2a08
solana:65Z6uFFDdCCns6ecZXSLAEd92DYyvW9Leh6bt2D9n1tKYFKvrC6zrpqcE8jLDQoe7TL1387Bw1aiv32CfayYsBCd:1:0,T+24h,true,scheduled,success,json_ok,observed,on_time,observed,cb649973b02b51c52001708d
solana:65Z6uFFDdCCns6ecZXSLAEd92DYyvW9Leh6bt2D9n1tKYFKvrC6zrpqcE8jLDQoe7TL1387Bw1aiv32CfayYsBCd:1:0,T+60h,true,scheduled,success,json_ok,observed,on_time,observed,db6b98ba245bad000b359702
solana:3KXXpKuTG28GM92Armgf9LD1uNu25cVYkECKV7ufiqucRKEWXL12UbcnMY1RiUZehnJ6hvHxtWv9y88buscuHive:2:0,T0,true,scheduled,success,json_ok,observed,on_time,observed,2d49ffe4a45fcfd8bd7ab50b
solana:3KXXpKuTG28GM92Armgf9LD1uNu25cVYkECKV7ufiqucRKEWXL12UbcnMY1RiUZehnJ6hvHxtWv9y88buscuHive:2:0,T+24h,true,scheduled,success,json_ok,observed,on_time,observed,639b999a19a472f6f4b84909
solana:3KXXpKuTG28GM92Armgf9LD1uNu25cVYkECKV7ufiqucRKEWXL12UbcnMY1RiUZehnJ6hvHxtWv9y88buscuHive:2:0,T+60h,true,scheduled,success,json_ok,observed,on_time,observed,f6ad7592cf3e391826752160
solana:38UuxMgDPHYn1DBJVsnP7dzk8iFvo8Byvc2Rs3k6j8PU6qL7e2F2d5FAsLJrfnqTjW1L4tU4BLqU3Dr1Nm3fjtms:2:0,T0,true,scheduled,success,json_ok,observed,on_time,observed,fb82e0500f9f6cbadd290214
solana:38UuxMgDPHYn1DBJVsnP7dzk8iFvo8Byvc2Rs3k6j8PU6qL7e2F2d5FAsLJrfnqTjW1L4tU4BLqU3Dr1Nm3fjtms:2:0,T+24h,true,scheduled,success,json_ok,observed,on_time,observed,a0b7579a931dea7c0eae5fde
solana:38UuxMgDPHYn1DBJVsnP7dzk8iFvo8Byvc2Rs3k6j8PU6qL7e2F2d5FAsLJrfnqTjW1L4tU4BLqU3Dr1Nm3fjtms:2:0,T+60h,true,scheduled,success,json_ok,observed,on_time,observed,7f3627c13734e8a1a97b49cb
solana:5qvdTEmn46ZmJtLUZhAdbAZeLFRWuVgJ42j7JLCooK7xFEF7twssScbXfythRw8YCPwv7xRkx4kzSYBfAYjP9EYE:2:0,T0,true,scheduled,success,json_ok,observed,on_time,observed,923e05391358bb03e7a338ad
solana:5qvdTEmn46ZmJtLUZhAdbAZeLFRWuVgJ42j7JLCooK7xFEF7twssScbXfythRw8YCPwv7xRkx4kzSYBfAYjP9EYE:2:0,T+24h,true,scheduled,success,json_ok,observed,on_time,observed,6596d75ec660286bba8a36de
solana:5qvdTEmn46ZmJtLUZhAdbAZeLFRWuVgJ42j7JLCooK7xFEF7twssScbXfythRw8YCPwv7xRkx4kzSYBfAYjP9EYE:2:0,T+60h,true,scheduled,success,json_ok,observed,on_time,observed,446287b74c84ac5eddceab92
solana:xb2kxMoULxWMqR78zeqQxKpBCagND3wZdXTjEjJWanXnAPPaL9gcuJLRSwaeNmCYG7YWhSoX2YBaxxtxCrT2fJm:2:0,T0,true,scheduled,failed,not_observed,not_observed,on_time,request_failed,617359b31f08971a8fa21a8a
solana:xb2kxMoULxWMqR78zeqQxKpBCagND3wZdXTjEjJWanXnAPPaL9gcuJLRSwaeNmCYG7YWhSoX2YBaxxtxCrT2fJm:2:0,T+24h,true,scheduled,failed,not_observed,not_observed,on_time,request_failed,054cab202c87b0267068d44a
solana:xb2kxMoULxWMqR78zeqQxKpBCagND3wZdXTjEjJWanXnAPPaL9gcuJLRSwaeNmCYG7YWhSoX2YBaxxtxCrT2fJm:2:0,T+60h,true,scheduled,failed,not_observed,not_observed,on_time,request_failed,15aeb1abe924211d2dc44c36
solana:3o2pgVPZHGqmBCktTgd8s1o46TcHLDVkyAT4fXMSXqk7ogfkboHic5rh4kvV2V9Q5BHBmtJjbqSXKiUqLFedjXXG:2:0,T0,true,scheduled,success,json_ok,observed,on_time,observed,7df13253e8316ff09f48c03a
solana:3o2pgVPZHGqmBCktTgd8s1o46TcHLDVkyAT4fXMSXqk7ogfkboHic5rh4kvV2V9Q5BHBmtJjbqSXKiUqLFedjXXG:2:0,T+24h,true,scheduled,success,json_ok,observed,on_time,observed,50683f93bf0f35003c9e7eb2
solana:3o2pgVPZHGqmBCktTgd8s1o46TcHLDVkyAT4fXMSXqk7ogfkboHic5rh4kvV2V9Q5BHBmtJjbqSXKiUqLFedjXXG:2:0,T+60h,true,scheduled,success,json_ok,observed,on_time,observed,e50ec62eee768c44d37dd457
solana:2XqTYJqoRgj8Yp67JAyGD9G1NPVqmM57xxHPpFQR1p2CJShi8QckHvdN7dYP1kJJRopybMDcE1LVqYEB4bBSTmkt:2:0,T0,true,scheduled,success,json_ok,observed,on_time,observed,5c8d907bcbddfa72b97fb6b6
solana:2XqTYJqoRgj8Yp67JAyGD9G1NPVqmM57xxHPpFQR1p2CJShi8QckHvdN7dYP1kJJRopybMDcE1LVqYEB4bBSTmkt:2:0,T+24h,true,scheduled,success,json_ok,observed,on_time,observed,9711a64fce02eb802a42d536
solana:2XqTYJqoRgj8Yp67JAyGD9G1NPVqmM57xxHPpFQR1p2CJShi8QckHvdN7dYP1kJJRopybMDcE1LVqYEB4bBSTmkt:2:0,T+60h,true,scheduled,success,json_ok,observed,on_time,observed,bc0562ac6af925b67110d732
solana:5dWcQ4DPsGRgxweZEsXh8HCe2vkhrQUZYi3BpKhc53miaTqZtPAFBEEJkAKrAxT1JrjCGbbdPYrVJhXVbPfGn1Ww:2:0,T0,true,scheduled,success,json_ok,observed,on_time,observed,7dc5385fd1b83453985a80d9
solana:5dWcQ4DPsGRgxweZEsXh8HCe2vkhrQUZYi3BpKhc53miaTqZtPAFBEEJkAKrAxT1JrjCGbbdPYrVJhXVbPfGn1Ww:2:0,T+24h,true,scheduled,success,json_ok,observed,on_time,observed,b3dadb0762da30f1067edf86
solana:5dWcQ4DPsGRgxweZEsXh8HCe2vkhrQUZYi3BpKhc53miaTqZtPAFBEEJkAKrAxT1JrjCGbbdPYrVJhXVbPfGn1Ww:2:0,T+60h,true,scheduled,success,json_ok,observed,on_time,observed,0cd03de554b0ba900280c547
solana:9JcdH1CTH9J73aXLCVyUejgv6J7f5KNNpG9duPty1NTLBJQ84NHFDqVfCzzi5zgtJMbkSoWLrELB3MgLbZE4uwt:2:0,T0,true,scheduled,failed,not_observed,not_observed,on_time,request_failed,95d81bdfadf15cdc5d0c755d
solana:9JcdH1CTH9J73aXLCVyUejgv6J7f5KNNpG9duPty1NTLBJQ84NHFDqVfCzzi5zgtJMbkSoWLrELB3MgLbZE4uwt:2:0,T+24h,true,scheduled,failed,not_observed,not_observed,on_time,request_failed,49c219a6b1fdb1a1b99f5a4f
solana:9JcdH1CTH9J73aXLCVyUejgv6J7f5KNNpG9duPty1NTLBJQ84NHFDqVfCzzi5zgtJMbkSoWLrELB3MgLbZE4uwt:2:0,T+60h,true,scheduled,failed,not_observed,not_observed,on_time,request_failed,40bad4230701bb88b58320b0
solana:2862Pqqueeef9ex2CGoZpo2pV5xZoMX6Yp25Qbfi7VM4hGKxYa1Ssnm7MjkJ7cQt7tAMLPZbMSkK1dyB83BqHmmZ:2:0,T0,true,scheduled,success,json_ok,observed,on_time,observed,08a56e0c01bc6ddef2fc90bd
solana:2862Pqqueeef9ex2CGoZpo2pV5xZoMX6Yp25Qbfi7VM4hGKxYa1Ssnm7MjkJ7cQt7tAMLPZbMSkK1dyB83BqHmmZ:2:0,T+24h,true,scheduled,success,json_ok,observed,on_time,observed,91ce69ed832177f9d8e88c58
solana:2862Pqqueeef9ex2CGoZpo2pV5xZoMX6Yp25Qbfi7VM4hGKxYa1Ssnm7MjkJ7cQt7tAMLPZbMSkK1dyB83BqHmmZ:2:0,T+60h,true,scheduled,success,json_ok,observed,on_time,observed,d1780fccc333b872012a7515
solana:577XrW9kj3LJ2e44z1NYASGYn6TK2dNXBNNWym6xLFMrQ9yoUe1hfdmimnmZiBYMYxZLZ8h5aQ8rQxdY9wVgTUHS:2:0,T0,true,scheduled,failed,not_observed,not_observed,on_time,request_failed,8db45f4a372e8e75aa118be9
solana:577XrW9kj3LJ2e44z1NYASGYn6TK2dNXBNNWym6xLFMrQ9yoUe1hfdmimnmZiBYMYxZLZ8h5aQ8rQxdY9wVgTUHS:2:0,T+24h,true,scheduled,failed,not_observed,not_observed,on_time,request_failed,e74293d63b2c26d7ce33d84c
solana:577XrW9kj3LJ2e44z1NYASGYn6TK2dNXBNNWym6xLFMrQ9yoUe1hfdmimnmZiBYMYxZLZ8h5aQ8rQxdY9wVgTUHS:2:0,T+60h,true,scheduled,failed,not_observed,not_observed,on_time,request_failed,80dc8ca94e2c74aee992858f
solana:3rVUwqfiC3yPG5gUW6uDopfMvg78MffVs1HHKNe94gcnKTh1dryKKDEeQgnPShHiC9tzLcAWnVECFsx3CVEWCkHt:1:0,T0,true,scheduled,success,json_ok,observed,on_time,observed,f2c8e012cfdc1e0c85b9549a
solana:3rVUwqfiC3yPG5gUW6uDopfMvg78MffVs1HHKNe94gcnKTh1dryKKDEeQgnPShHiC9tzLcAWnVECFsx3CVEWCkHt:1:0,T+24h,true,scheduled,success,json_ok,observed,on_time,observed,b42f1a865ae5ec2ad8a30730
solana:3rVUwqfiC3yPG5gUW6uDopfMvg78MffVs1HHKNe94gcnKTh1dryKKDEeQgnPShHiC9tzLcAWnVECFsx3CVEWCkHt:1:0,T+60h,true,scheduled,success,json_ok,observed,on_time,observed,6ee1de927ebd987cb58ee7f1
solana:2WxTXezwpXEgVtSovaogWBTCSCV56pE128ULxFHNAteLomdZsW4guDUjrM7HrfZRduWExwhjdTYKFtaj3ZX3anaz:2:0,T0,true,scheduled,success,json_ok,observed,on_time,observed,a9c0f7359ac3e479184f323a
solana:2WxTXezwpXEgVtSovaogWBTCSCV56pE128ULxFHNAteLomdZsW4guDUjrM7HrfZRduWExwhjdTYKFtaj3ZX3anaz:2:0,T+24h,true,scheduled,success,json_ok,observed,on_time,observed,be0c8c5d5c3fe7a96316ccca
solana:2WxTXezwpXEgVtSovaogWBTCSCV56pE128ULxFHNAteLomdZsW4guDUjrM7HrfZRduWExwhjdTYKFtaj3ZX3anaz:2:0,T+60h,true,scheduled,success,json_ok,observed,on_time,observed,f6fe27c2b8b6357997c652f9
solana:31EX4YfjXb6Uc9sAdaBaJNJ7Qn4DJY5TwyQp31VfpBjRRV511y3n2NvVLpWZryP8aYrSvh11WnVVtV8DzbvTpbU3:2:0,T0,true,scheduled,success,json_ok,observed,on_time,observed,f454cf0ef4f924be8b922ebd
solana:31EX4YfjXb6Uc9sAdaBaJNJ7Qn4DJY5TwyQp31VfpBjRRV511y3n2NvVLpWZryP8aYrSvh11WnVVtV8DzbvTpbU3:2:0,T+24h,true,scheduled,success,json_ok,observed,on_time,observed,4c069c89d44df40378638b2e
solana:31EX4YfjXb6Uc9sAdaBaJNJ7Qn4DJY5TwyQp31VfpBjRRV511y3n2NvVLpWZryP8aYrSvh11WnVVtV8DzbvTpbU3:2:0,T+60h,true,scheduled,success,json_ok,observed,on_time,observed,4d9145ae4e8f354e4e09fb90
solana:uK78Gz9HNVujxA6SKFh2uJFDfUWBvVu2ias3CRdxvpHXtzDnfZDc9BxUHbdg5EUbdDfY3VhjjSuiyQTwGPdzmmr:2:0,T0,true,scheduled,success,json_ok,observed,on_time,observed,96cc0b9bcd94a53ec30356d4
solana:uK78Gz9HNVujxA6SKFh2uJFDfUWBvVu2ias3CRdxvpHXtzDnfZDc9BxUHbdg5EUbdDfY3VhjjSuiyQTwGPdzmmr:2:0,T+24h,true,scheduled,success,json_ok,observed,on_time,observed,e1789da24271cf6af9db6e99
solana:uK78Gz9HNVujxA6SKFh2uJFDfUWBvVu2ias3CRdxvpHXtzDnfZDc9BxUHbdg5EUbdDfY3VhjjSuiyQTwGPdzmmr:2:0,T+60h,true,scheduled,success,json_ok,observed,on_time,observed,95b992efcae19727ec44b5a8
solana:3KfWs8QbQ7UbqGaB1fhk9hjp4jbz3Mv3rVdjiumvgHLZqLqux59uAJxJ5yz18iRy2qUYUWg6SPe2wVbwWHKRoiDV:0:0,T0,true,scheduled,success,json_ok,observed,on_time,observed,4b6c07096da76c66122adb4e
solana:3KfWs8QbQ7UbqGaB1fhk9hjp4jbz3Mv3rVdjiumvgHLZqLqux59uAJxJ5yz18iRy2qUYUWg6SPe2wVbwWHKRoiDV:0:0,T+24h,true,scheduled,success,json_ok,observed,on_time,observed,987ed8b7333c518fb0a72d99
solana:3KfWs8QbQ7UbqGaB1fhk9hjp4jbz3Mv3rVdjiumvgHLZqLqux59uAJxJ5yz18iRy2qUYUWg6SPe2wVbwWHKRoiDV:0:0,T+60h,true,scheduled,success,json_ok,observed,on_time,observed,a9d0bedfabb9125839b75ec2
solana:5YNftRG5gwoZDysLPv9oFpTkve5nZtfZkDZNcMhW37x8X73GKZA9yiGQKuEu1W7ifA2k5iyzyeyb5FP1j9K4GTRp:2:0,T0,true,scheduled,success,json_ok,observed,on_time,observed,4b26c0b531887904c5681b91
solana:5YNftRG5gwoZDysLPv9oFpTkve5nZtfZkDZNcMhW37x8X73GKZA9yiGQKuEu1W7ifA2k5iyzyeyb5FP1j9K4GTRp:2:0,T+24h,true,scheduled,success,json_ok,observed,on_time,observed,872f9634f8f708ab851d9748
solana:5YNftRG5gwoZDysLPv9oFpTkve5nZtfZkDZNcMhW37x8X73GKZA9yiGQKuEu1W7ifA2k5iyzyeyb5FP1j9K4GTRp:2:0,T+60h,true,scheduled,success,json_ok,observed,on_time,observed,33aa592aca496114d59267f1
solana:XceeHnJiGLZUmcfKzyzPPpbHC6VQUiF7UwdTToQKYhcbXVrDtPNRdj8EBu1kA4PZuhxpJPkmTo6hQGkhMAEvPQ5:2:0,T0,true,scheduled,success,json_ok,observed,on_time,observed,5251702890d44ba56880dc98
solana:XceeHnJiGLZUmcfKzyzPPpbHC6VQUiF7UwdTToQKYhcbXVrDtPNRdj8EBu1kA4PZuhxpJPkmTo6hQGkhMAEvPQ5:2:0,T+24h,true,scheduled,success,json_ok,observed,on_time,observed,aab38322fbd05d928018525f
solana:XceeHnJiGLZUmcfKzyzPPpbHC6VQUiF7UwdTToQKYhcbXVrDtPNRdj8EBu1kA4PZuhxpJPkmTo6hQGkhMAEvPQ5:2:0,T+60h,true,scheduled,success,json_ok,observed,on_time,observed,e91a6d4b4f12f0b1b1fe0115
solana:3mwRDiEHYWnHrzyngbCsD4gMik6BC2TbYjuYBf1cP23z7ZjqNBUbDWmkPQkp3LLh4SEUrfRRHnuAs36SBL2a9NZe:2:0,T0,true,scheduled,success,json_ok,observed,on_time,observed,2da5328bf2141ee08b3600fb
solana:3mwRDiEHYWnHrzyngbCsD4gMik6BC2TbYjuYBf1cP23z7ZjqNBUbDWmkPQkp3LLh4SEUrfRRHnuAs36SBL2a9NZe:2:0,T+24h,true,scheduled,success,json_ok,observed,on_time,observed,a49fe00d261535e50388b95a
solana:3mwRDiEHYWnHrzyngbCsD4gMik6BC2TbYjuYBf1cP23z7ZjqNBUbDWmkPQkp3LLh4SEUrfRRHnuAs36SBL2a9NZe:2:0,T+60h,true,scheduled,success,json_ok,observed,on_time,observed,847acff4dca530f2fffccddc
solana:jcdTzU6Q42eruU2sAT5nejEzvP1WDY5bdh5YaKmiZC3bhvsuw3uSAcfM7L6bFWhWBmxtg3w8eGj5uJ3ZpksK2QR:0:0,T0,true,scheduled,success,json_ok,observed,on_time,observed,1429bf56b0f86c224ec81c0d
solana:jcdTzU6Q42eruU2sAT5nejEzvP1WDY5bdh5YaKmiZC3bhvsuw3uSAcfM7L6bFWhWBmxtg3w8eGj5uJ3ZpksK2QR:0:0,T+24h,true,scheduled,success,json_ok,observed,on_time,observed,27a500e242d962ce7d9d299e
solana:jcdTzU6Q42eruU2sAT5nejEzvP1WDY5bdh5YaKmiZC3bhvsuw3uSAcfM7L6bFWhWBmxtg3w8eGj5uJ3ZpksK2QR:0:0,T+60h,true,scheduled,success,json_ok,observed,on_time,observed,1d54ec939e2b4e8eaf628f30
solana:5a2S7TbqnEZeZHmqsVqtJ8qpurFrgtaDE1pUjbzuwh82SgReNUsTwBdHJ2u72hmX31mSZEB533u22Pb123afLd12:2:0,T0,true,scheduled,success,json_ok,observed,on_time,observed,f41715bd6057165719566a32
solana:5a2S7TbqnEZeZHmqsVqtJ8qpurFrgtaDE1pUjbzuwh82SgReNUsTwBdHJ2u72hmX31mSZEB533u22Pb123afLd12:2:0,T+24h,true,scheduled,success,json_ok,observed,on_time,observed,308ff7cf6eeee219f39609e1
solana:5a2S7TbqnEZeZHmqsVqtJ8qpurFrgtaDE1pUjbzuwh82SgReNUsTwBdHJ2u72hmX31mSZEB533u22Pb123afLd12:2:0,T+60h,true,scheduled,success,json_ok,observed,on_time,observed,9ea6409c1e82361ee408bc82
solana:45yvRsNVCy7qC8RCsrGjmRfeMAwD3saScxT89nrVXgZdrs2nw7SMoeprn5nQnBvKKaH9Hw29KxjkWpqiLtvgTHkb:2:0,T0,true,scheduled,success,json_ok,observed,on_time,observed,9e361e2e9e49219cf0b634c7
solana:45yvRsNVCy7qC8RCsrGjmRfeMAwD3saScxT89nrVXgZdrs2nw7SMoeprn5nQnBvKKaH9Hw29KxjkWpqiLtvgTHkb:2:0,T+24h,true,scheduled,success,json_ok,observed,on_time,observed,7c3ae41c5f24a34fc6dcf7dd
solana:45yvRsNVCy7qC8RCsrGjmRfeMAwD3saScxT89nrVXgZdrs2nw7SMoeprn5nQnBvKKaH9Hw29KxjkWpqiLtvgTHkb:2:0,T+60h,true,scheduled,success,json_ok,observed,on_time,observed,f5c21e8fbbd4ffb338ae2c2a
solana:5jYXNM16o8UYTNhy3JnY8ydx6RyGUqfb1o8zhcHfTEu2c7yHnHcCEGFsTDXkgsZ8Vhw25yPM5oMtRfh29wdrTiU7:2:0,T0,true,scheduled,success,json_ok,observed,on_time,observed,b7f7e29e950dc38cdd735df0
solana:5jYXNM16o8UYTNhy3JnY8ydx6RyGUqfb1o8zhcHfTEu2c7yHnHcCEGFsTDXkgsZ8Vhw25yPM5oMtRfh29wdrTiU7:2:0,T+24h,true,scheduled,success,json_ok,observed,on_time,observed,52a922945be0e3edf45bea30
solana:5jYXNM16o8UYTNhy3JnY8ydx6RyGUqfb1o8zhcHfTEu2c7yHnHcCEGFsTDXkgsZ8Vhw25yPM5oMtRfh29wdrTiU7:2:0,T+60h,true,scheduled,success,json_ok,observed,on_time,observed,758310f76f58039d394c097a
solana:wUvKc93YEo1a8MHiAUVPZrDbUhqwJPzfKq1xgBp58AyyhnfCsJe6VCwaAP78Zfu9UhZeAUcKdrb1jrGvoAyPtUg:2:0,T0,true,scheduled,success,json_ok,observed,on_time,observed,008848e84ad2570880088129
solana:wUvKc93YEo1a8MHiAUVPZrDbUhqwJPzfKq1xgBp58AyyhnfCsJe6VCwaAP78Zfu9UhZeAUcKdrb1jrGvoAyPtUg:2:0,T+24h,true,scheduled,success,json_ok,observed,on_time,observed,9d3bdd995414526fa746c96b
solana:wUvKc93YEo1a8MHiAUVPZrDbUhqwJPzfKq1xgBp58AyyhnfCsJe6VCwaAP78Zfu9UhZeAUcKdrb1jrGvoAyPtUg:2:0,T+60h,true,scheduled,success,json_ok,observed,on_time,observed,dedc7a3b84b5d636e690e3d3
solana:46ByRXBfbEXXVcKb42mgwjnt7HamcZTtdf94JxU2vpBz1bnAms9za3HY538REFyAafWGzRXPFGz1F8fG1oGu8yDq:2:0,T0,true,scheduled,failed,not_observed,not_observed,on_time,request_failed,c306c7df3300af4582f17014
solana:46ByRXBfbEXXVcKb42mgwjnt7HamcZTtdf94JxU2vpBz1bnAms9za3HY538REFyAafWGzRXPFGz1F8fG1oGu8yDq:2:0,T+24h,true,scheduled,failed,not_observed,not_observed,on_time,request_failed,af2deebd6a155cd3c55a5908
solana:46ByRXBfbEXXVcKb42mgwjnt7HamcZTtdf94JxU2vpBz1bnAms9za3HY538REFyAafWGzRXPFGz1F8fG1oGu8yDq:2:0,T+60h,true,scheduled,failed,not_observed,not_observed,on_time,request_failed,9c0e145a2b72652147e3973b
solana:JL1qwgozBTvan8jXfD5ZrY9aeU7vctj4Fwe5T3f8TZkN73gHGfWxYjvPLYket23ieg2vG5UJeRAXsX9Q4YVpgg1:2:0,T0,true,scheduled,success,json_ok,observed,on_time,observed,47e2180bb84c82e8c279cd58
solana:JL1qwgozBTvan8jXfD5ZrY9aeU7vctj4Fwe5T3f8TZkN73gHGfWxYjvPLYket23ieg2vG5UJeRAXsX9Q4YVpgg1:2:0,T+24h,true,scheduled,success,json_ok,observed,on_time,observed,2c419d2388aed4a0247fc263
solana:JL1qwgozBTvan8jXfD5ZrY9aeU7vctj4Fwe5T3f8TZkN73gHGfWxYjvPLYket23ieg2vG5UJeRAXsX9Q4YVpgg1:2:0,T+60h,true,scheduled,success,json_ok,observed,on_time,observed,c29215b1b9a4eb93de222393
solana:2Hy8rj9U3y9GAxK4saKZogdPuSaTkG8mFQK362tHieuW6ghedMsUwFY6TRr14rvgendiD7i3j4rjGLvch5R8Ucio:2:0,T0,true,scheduled,success,json_ok,observed,on_time,observed,332e0e1ec0b6aa4870cbca1c
solana:2Hy8rj9U3y9GAxK4saKZogdPuSaTkG8mFQK362tHieuW6ghedMsUwFY6TRr14rvgendiD7i3j4rjGLvch5R8Ucio:2:0,T+24h,true,scheduled,success,json_ok,observed,on_time,observed,8150b9e8773a579aa895ba13
solana:2Hy8rj9U3y9GAxK4saKZogdPuSaTkG8mFQK362tHieuW6ghedMsUwFY6TRr14rvgendiD7i3j4rjGLvch5R8Ucio:2:0,T+60h,true,scheduled,success,json_ok,observed,on_time,observed,4ecb9c627da4bb27e28ceb85
solana:5m9ZSrWMhgiVmc6ZJs2EdVBpezexnnCnNNnWrT5yB7Bf2SsTKqtvmsBpdSjHXtzLYXTAgajZNJaEURp2sR2L5cRy:2:0,T0,true,scheduled,failed,not_observed,not_observed,on_time,request_failed,96aedff4ae0b03c933c892a4
solana:5m9ZSrWMhgiVmc6ZJs2EdVBpezexnnCnNNnWrT5yB7Bf2SsTKqtvmsBpdSjHXtzLYXTAgajZNJaEURp2sR2L5cRy:2:0,T+24h,true,scheduled,failed,not_observed,not_observed,on_time,request_failed,dfaa5e7b99e4e8181d9b1ec4
solana:5m9ZSrWMhgiVmc6ZJs2EdVBpezexnnCnNNnWrT5yB7Bf2SsTKqtvmsBpdSjHXtzLYXTAgajZNJaEURp2sR2L5cRy:2:0,T+60h,true,scheduled,failed,not_observed,not_observed,on_time,request_failed,71406dbf3b7f1b3ba482f1f1
solana:5uJybC57QjoqjpVXH1t5miuU4Mv5TpGNFxPnrbPQmFfsz7BeA2ZaoWXdFgHN36pVVndk31MbVNmp8veJxsCZvCs8:2:0,T0,true,scheduled,success,json_ok,observed,on_time,observed,3b5e2e586fa12235ae3cf79d
solana:5uJybC57QjoqjpVXH1t5miuU4Mv5TpGNFxPnrbPQmFfsz7BeA2ZaoWXdFgHN36pVVndk31MbVNmp8veJxsCZvCs8:2:0,T+24h,true,scheduled,success,json_ok,observed,on_time,observed,bdd6284a476845bb39ef2a14
solana:5uJybC57QjoqjpVXH1t5miuU4Mv5TpGNFxPnrbPQmFfsz7BeA2ZaoWXdFgHN36pVVndk31MbVNmp8veJxsCZvCs8:2:0,T+60h,true,scheduled,success,json_ok,observed,on_time,observed,6c83289979245c1be0666b83
solana:2kXxNK1ri6pWeuEE7qUSv6aLdhfLSgpWpaP7BhXQ4wiRLPqWHsmqQ3MAdGmNWPLgk6nom8PTpsgBQDkSoT3K6Y9w:2:0,T0,true,scheduled,success,json_ok,observed,on_time,observed,843b98db9b8c046975e0b17a
solana:2kXxNK1ri6pWeuEE7qUSv6aLdhfLSgpWpaP7BhXQ4wiRLPqWHsmqQ3MAdGmNWPLgk6nom8PTpsgBQDkSoT3K6Y9w:2:0,T+24h,true,scheduled,success,json_ok,observed,on_time,observed,7fd9dc8045549b58e905a502
solana:2kXxNK1ri6pWeuEE7qUSv6aLdhfLSgpWpaP7BhXQ4wiRLPqWHsmqQ3MAdGmNWPLgk6nom8PTpsgBQDkSoT3K6Y9w:2:0,T+60h,true,scheduled,success,json_ok,observed,on_time,observed,ceed7746bdab439ce1d6cca8
solana:3f8JMQ5zoAr7Qxa813NkZzqw6P4RzsmmFzqXA5EaR4UV2aTtKswtj7gYMyouL9FkHXCi1yPMm4oZSmSaNcGUQYtv:2:1,T0,true,scheduled,success,json_ok,observed,on_time,observed,98af6125c9f17db62b5547c5
solana:3f8JMQ5zoAr7Qxa813NkZzqw6P4RzsmmFzqXA5EaR4UV2aTtKswtj7gYMyouL9FkHXCi1yPMm4oZSmSaNcGUQYtv:2:1,T+24h,true,scheduled,success,json_ok,observed,on_time,observed,8bf95790c379a8cec8a2491f
solana:3f8JMQ5zoAr7Qxa813NkZzqw6P4RzsmmFzqXA5EaR4UV2aTtKswtj7gYMyouL9FkHXCi1yPMm4oZSmSaNcGUQYtv:2:1,T+60h,true,scheduled,success,json_ok,observed,on_time,observed,1112b2a314638449600dc1d9
solana:2UzVgzFydcuKHMDavAGC2RvdtW146N3dxCMsK1ZbZSAa5CMTnjgzk2S4C3niXwQP9EmrA2dWXCmVsqBaTHfgmUF8:2:0,T0,true,scheduled,success,json_ok,observed,on_time,observed,5bc8b664c6ff556babb0c9dd
solana:2UzVgzFydcuKHMDavAGC2RvdtW146N3dxCMsK1ZbZSAa5CMTnjgzk2S4C3niXwQP9EmrA2dWXCmVsqBaTHfgmUF8:2:0,T+24h,true,scheduled,success,json_ok,observed,on_time,observed,f42b70595ebf47127790ac91
solana:2UzVgzFydcuKHMDavAGC2RvdtW146N3dxCMsK1ZbZSAa5CMTnjgzk2S4C3niXwQP9EmrA2dWXCmVsqBaTHfgmUF8:2:0,T+60h,true,scheduled,success,json_ok,observed,on_time,observed,9a4fe6a642a9044835e91e0c
solana:5GD3Lp6SBhkZN1hQmnfStVt8yXyv49pAVKrsyEHYb98AWKF2Ypu7hKZiQEr3X26Au2whrejcw4S4RZ6ZS56h8Vka:0:0,T0,true,scheduled,success,json_ok,observed,on_time,observed,9fb48d7a02c7c613a989215c
solana:5GD3Lp6SBhkZN1hQmnfStVt8yXyv49pAVKrsyEHYb98AWKF2Ypu7hKZiQEr3X26Au2whrejcw4S4RZ6ZS56h8Vka:0:0,T+24h,true,scheduled,success,json_ok,observed,on_time,observed,e3c92220a241e68feb49380b
solana:5GD3Lp6SBhkZN1hQmnfStVt8yXyv49pAVKrsyEHYb98AWKF2Ypu7hKZiQEr3X26Au2whrejcw4S4RZ6ZS56h8Vka:0:0,T+60h,true,scheduled,success,json_ok,observed,on_time,observed,37add895a55267f495c064b5
solana:55ReqTyKSmD4PmdKzTHjfZBAvRytweMDExWyLQRU6hRpHD7fnUKmoUYESPfAMMvkidSWU7H1BB8Mf4LRsdi5rqpU:2:0,T0,true,scheduled,success,json_ok,observed,on_time,observed,acde76c306d387a7095b5c9c
solana:55ReqTyKSmD4PmdKzTHjfZBAvRytweMDExWyLQRU6hRpHD7fnUKmoUYESPfAMMvkidSWU7H1BB8Mf4LRsdi5rqpU:2:0,T+24h,true,scheduled,success,json_ok,observed,on_time,observed,fc4f7b6548e7fae38b9ef749
solana:55ReqTyKSmD4PmdKzTHjfZBAvRytweMDExWyLQRU6hRpHD7fnUKmoUYESPfAMMvkidSWU7H1BB8Mf4LRsdi5rqpU:2:0,T+60h,true,scheduled,success,json_ok,observed,on_time,observed,44b7bfce686e0b5500945c0d
solana:4yB9RLi5GSdWDwPJTFumidUfAahTxwm98tJbgrg7u8d35KfY1u8Y1NfD26Uj7TKuJPvdQL14nAX2mZvtoVQS1BfM:2:0,T0,true,scheduled,success,json_ok,observed,on_time,observed,afa03d41230231abe3d75bc7
solana:4yB9RLi5GSdWDwPJTFumidUfAahTxwm98tJbgrg7u8d35KfY1u8Y1NfD26Uj7TKuJPvdQL14nAX2mZvtoVQS1BfM:2:0,T+24h,true,scheduled,success,json_ok,observed,on_time,observed,61f63446648fa335201afd31
solana:4yB9RLi5GSdWDwPJTFumidUfAahTxwm98tJbgrg7u8d35KfY1u8Y1NfD26Uj7TKuJPvdQL14nAX2mZvtoVQS1BfM:2:0,T+60h,true,scheduled,success,json_ok,observed,on_time,observed,7a38aa7aabf1f6dd57ee2fcc
solana:2gokwypf5rv3t5H9QSbnc2gLH1Cm3J4JMHXoATzimHgporDLyejFMvPKM9H4aJgw9JDyMtqGbANoVmpSZRsQ8s1z:2:0,T0,true,scheduled,success,json_ok,observed,on_time,observed,a251e5f20976c4fabb03a19b
solana:2gokwypf5rv3t5H9QSbnc2gLH1Cm3J4JMHXoATzimHgporDLyejFMvPKM9H4aJgw9JDyMtqGbANoVmpSZRsQ8s1z:2:0,T+24h,true,scheduled,success,json_ok,observed,on_time,observed,87ae2b9e8d373189b10f360f
solana:2gokwypf5rv3t5H9QSbnc2gLH1Cm3J4JMHXoATzimHgporDLyejFMvPKM9H4aJgw9JDyMtqGbANoVmpSZRsQ8s1z:2:0,T+60h,true,scheduled,success,json_ok,observed,on_time,observed,643eb7af4b0cab1da4e1fdfb
solana:2ypXbW8fzpqvnF7W8jcgFrGeyBBpdVQZzcHsbmETEGoHEDRddV9JQzzEaZf2VTinuaQxY5X4vogg5tP5u5WbDUPg:2:0,T0,true,scheduled,failed,not_observed,not_observed,on_time,request_failed,68c099da9806d5a6c567334f
solana:2ypXbW8fzpqvnF7W8jcgFrGeyBBpdVQZzcHsbmETEGoHEDRddV9JQzzEaZf2VTinuaQxY5X4vogg5tP5u5WbDUPg:2:0,T+24h,true,scheduled,failed,not_observed,not_observed,on_time,request_failed,affd9a050248275bbd226dbb
solana:2ypXbW8fzpqvnF7W8jcgFrGeyBBpdVQZzcHsbmETEGoHEDRddV9JQzzEaZf2VTinuaQxY5X4vogg5tP5u5WbDUPg:2:0,T+60h,true,scheduled,failed,not_observed,not_observed,on_time,request_failed,ea9426b5d386d8ba281aaebc
solana:5Gu1GrHuMCRzQLJSqrayifsfuqUdoqVC9Dj8ZjUJQHFCHuiYnufahBAmXx7Z2AFBS2tgVL9GUimLm9yeTh9mrLTN:2:0,T0,true,scheduled,success,json_ok,observed,on_time,observed,2549cb4bd10527d363a537c6
solana:5Gu1GrHuMCRzQLJSqrayifsfuqUdoqVC9Dj8ZjUJQHFCHuiYnufahBAmXx7Z2AFBS2tgVL9GUimLm9yeTh9mrLTN:2:0,T+24h,true,scheduled,success,json_ok,observed,on_time,observed,20d69e72a6fff104b8f30410
solana:5Gu1GrHuMCRzQLJSqrayifsfuqUdoqVC9Dj8ZjUJQHFCHuiYnufahBAmXx7Z2AFBS2tgVL9GUimLm9yeTh9mrLTN:2:0,T+60h,true,scheduled,success,json_ok,observed,on_time,observed,5b6bc637f40421fd26241c10
solana:5raaR7sw8aA5SeDXWEqyZvo9jjVi9MXBV8uJFUmSSa5pMMvycWq9k1RYduZxaiwbV8EXstoEvRtu6PFMp9qSRxeQ:2:0,T0,true,scheduled,success,json_ok,observed,on_time,observed,a1315ab0c82dc04f7fc81cac
solana:5raaR7sw8aA5SeDXWEqyZvo9jjVi9MXBV8uJFUmSSa5pMMvycWq9k1RYduZxaiwbV8EXstoEvRtu6PFMp9qSRxeQ:2:0,T+24h,true,scheduled,success,json_ok,observed,on_time,observed,26980b3ee472e480dac71b42
solana:5raaR7sw8aA5SeDXWEqyZvo9jjVi9MXBV8uJFUmSSa5pMMvycWq9k1RYduZxaiwbV8EXstoEvRtu6PFMp9qSRxeQ:2:0,T+60h,true,scheduled,success,json_ok,observed,on_time,observed,5e9e89d512f06315d2e48171
solana:5j3z6WBy56yhHX3DeXyPKnGXftZZUia3ePhuifcLxVDTnr4kcNST9YrtGv6EFpouE2qDpzy7ZgpPNv3DWrF4VXbJ:2:0,T0,true,scheduled,success,json_ok,observed,on_time,observed,391adbb7f0993de323f8da4f
solana:5j3z6WBy56yhHX3DeXyPKnGXftZZUia3ePhuifcLxVDTnr4kcNST9YrtGv6EFpouE2qDpzy7ZgpPNv3DWrF4VXbJ:2:0,T+24h,true,scheduled,success,json_ok,observed,on_time,observed,e6209c561b99eb2c8c67d44c
solana:5j3z6WBy56yhHX3DeXyPKnGXftZZUia3ePhuifcLxVDTnr4kcNST9YrtGv6EFpouE2qDpzy7ZgpPNv3DWrF4VXbJ:2:0,T+60h,true,scheduled,success,json_ok,observed,on_time,observed,92a6d8f29ca0cf4b858b7d79
solana:5UQxBAvwVCxjaDFg3W1Gygfs4VSU8BSX7XaF5LvzAQARxdafNJyoHzSpqvbSQyV7F2YtUEKTLGnsLb3Ht2SipSKp:2:0,T0,true,scheduled,success,json_ok,observed,on_time,observed,d1b480ff7b35ce573523b388
solana:5UQxBAvwVCxjaDFg3W1Gygfs4VSU8BSX7XaF5LvzAQARxdafNJyoHzSpqvbSQyV7F2YtUEKTLGnsLb3Ht2SipSKp:2:0,T+24h,true,scheduled,success,json_ok,observed,on_time,observed,bd6ff78ba055a6b0b87f0aa0
solana:5UQxBAvwVCxjaDFg3W1Gygfs4VSU8BSX7XaF5LvzAQARxdafNJyoHzSpqvbSQyV7F2YtUEKTLGnsLb3Ht2SipSKp:2:0,T+60h,true,scheduled,success,json_ok,observed,on_time,observed,f32b1913528553c98988cab8
solana:degDgkkRmHTHD8mC9nJFKQg1tRrcKCaBeYMa6XG9o8EVNcPCZzk2HuTGi8nvCE4ZCBkeKevZGWJ91QBqy4DwJxP:2:0,T0,true,scheduled,success,json_ok,observed,on_time,observed,db6b2e75b6475a9dfc8239bc
solana:degDgkkRmHTHD8mC9nJFKQg1tRrcKCaBeYMa6XG9o8EVNcPCZzk2HuTGi8nvCE4ZCBkeKevZGWJ91QBqy4DwJxP:2:0,T+24h,true,scheduled,success,json_ok,observed,on_time,observed,aaf3cb39dc806b13b73a0e96
solana:degDgkkRmHTHD8mC9nJFKQg1tRrcKCaBeYMa6XG9o8EVNcPCZzk2HuTGi8nvCE4ZCBkeKevZGWJ91QBqy4DwJxP:2:0,T+60h,true,scheduled,success,json_ok,observed,on_time,observed,c9e11d1d266d1e5ddcda2f55
solana:22yxQ1Ue32xBfeBg7dWeMXxBY1FoDd6Fcg99xyQpPENcwVpuCLZuNqc64crjcF45vm3K8tPeAqxAJZgswv9P7SXd:2:0,T0,true,scheduled,success,json_ok,observed,on_time,observed,5df4e3ceaecea0ce7dc85050
solana:22yxQ1Ue32xBfeBg7dWeMXxBY1FoDd6Fcg99xyQpPENcwVpuCLZuNqc64crjcF45vm3K8tPeAqxAJZgswv9P7SXd:2:0,T+24h,true,scheduled,success,json_ok,observed,on_time,observed,b28d638d74fa0c25e530aefb
solana:22yxQ1Ue32xBfeBg7dWeMXxBY1FoDd6Fcg99xyQpPENcwVpuCLZuNqc64crjcF45vm3K8tPeAqxAJZgswv9P7SXd:2:0,T+60h,true,scheduled,success,json_ok,observed,on_time,observed,35826b28bfa22f1c0a96d3db
solana:3kvZE4gkwBGw7zDt4spADU6XTZYJ6rdygP4WvpXWprFFmnBxa9KndS6XrB2Gt3XcCwtMdzrhYksCSVYFi4GhRvSH:2:0,T0,true,scheduled,success,json_ok,observed,on_time,observed,e85427f4a8c6dec874b7165a
solana:3kvZE4gkwBGw7zDt4spADU6XTZYJ6rdygP4WvpXWprFFmnBxa9KndS6XrB2Gt3XcCwtMdzrhYksCSVYFi4GhRvSH:2:0,T+24h,true,scheduled,success,json_ok,observed,on_time,observed,c5e284599ecfd043ac183cdf
solana:3kvZE4gkwBGw7zDt4spADU6XTZYJ6rdygP4WvpXWprFFmnBxa9KndS6XrB2Gt3XcCwtMdzrhYksCSVYFi4GhRvSH:2:0,T+60h,true,scheduled,success,json_ok,observed,on_time,observed,4062ce90760c468cedf16073
solana:5WyQdNL4x9PyttWdCRSFDCBW3QBc3bWXZiFeio3FCoNnu5RRocNkEpu5PiCZFon5qydnzVhcRATrS474vBD7PfLM:2:0,T0,true,scheduled,success,json_ok,observed,on_time,observed,fe645cde22f8ec2da73421fc
solana:5WyQdNL4x9PyttWdCRSFDCBW3QBc3bWXZiFeio3FCoNnu5RRocNkEpu5PiCZFon5qydnzVhcRATrS474vBD7PfLM:2:0,T+24h,true,scheduled,success,json_ok,observed,on_time,observed,45586aaf03632ce0da306ac1
solana:5WyQdNL4x9PyttWdCRSFDCBW3QBc3bWXZiFeio3FCoNnu5RRocNkEpu5PiCZFon5qydnzVhcRATrS474vBD7PfLM:2:0,T+60h,true,scheduled,success,json_ok,observed,on_time,observed,fcef49d89e387cdbd55b08e1
solana:3X2HntakFNP9MZJPNDtKGV9fFSyDhSsdxGN8Mwcz1vU8LJ9jM65YGGFWSKdV8nXTN34Hj49QLiLA8nh4VX2kQKzk:2:0,T0,true,scheduled,success,json_ok,observed,on_time,observed,eaf287d1cb609fb983b12313
solana:3X2HntakFNP9MZJPNDtKGV9fFSyDhSsdxGN8Mwcz1vU8LJ9jM65YGGFWSKdV8nXTN34Hj49QLiLA8nh4VX2kQKzk:2:0,T+24h,true,scheduled,success,json_ok,observed,on_time,observed,2f2ecbdd8714f7b527517440
solana:3X2HntakFNP9MZJPNDtKGV9fFSyDhSsdxGN8Mwcz1vU8LJ9jM65YGGFWSKdV8nXTN34Hj49QLiLA8nh4VX2kQKzk:2:0,T+60h,true,scheduled,success,json_ok,observed,on_time,observed,d2e6982047c48876b11deec0
solana:3NXweUSPHsztWP2qnsq1pcMR7mq3dkZZGocpaYt8kXZd9DDYM4MDRmE75P7L8my34ZPb5swEfXrueM9CTwQTVXqP:2:1,T0,true,scheduled,success,json_ok,observed,on_time,observed,2dcc30f63760a4c9db3f0e7e
solana:3NXweUSPHsztWP2qnsq1pcMR7mq3dkZZGocpaYt8kXZd9DDYM4MDRmE75P7L8my34ZPb5swEfXrueM9CTwQTVXqP:2:1,T+24h,true,scheduled,success,json_ok,observed,on_time,observed,118ab86b16dc35c57c737c27
solana:3NXweUSPHsztWP2qnsq1pcMR7mq3dkZZGocpaYt8kXZd9DDYM4MDRmE75P7L8my34ZPb5swEfXrueM9CTwQTVXqP:2:1,T+60h,true,scheduled,success,json_ok,observed,on_time,observed,37690ffce1b30e23727dbe49
solana:3hh9EBYBBbEm6dMCVu2zGmyrtEGE9SYYyNtyrgDKS6e7FMpd463vqkXap8UB7yco6VkkhCE3vckHNwt54fttYADZ:2:0,T0,true,scheduled,success,json_ok,observed,on_time,observed,3e5a25f812fedc146bfdf0d1
solana:3hh9EBYBBbEm6dMCVu2zGmyrtEGE9SYYyNtyrgDKS6e7FMpd463vqkXap8UB7yco6VkkhCE3vckHNwt54fttYADZ:2:0,T+24h,true,scheduled,success,json_ok,observed,on_time,observed,ff63a685f1899d9a34db4acf
solana:3hh9EBYBBbEm6dMCVu2zGmyrtEGE9SYYyNtyrgDKS6e7FMpd463vqkXap8UB7yco6VkkhCE3vckHNwt54fttYADZ:2:0,T+60h,true,scheduled,success,json_ok,observed,on_time,observed,dbd04e687fd8d3b50416060f
solana:3EpfD3FnRbg7fdN1CwX1QuNJSAj2W2AQhQLxBjANg5eHqAEMjAMuKerVwwUiU1BfDaBrvPdeFKbWDYatR4H7d54B:2:0,T0,true,scheduled,success,json_ok,observed,on_time,observed,8ec0ee789cfcd216283f4f62
solana:3EpfD3FnRbg7fdN1CwX1QuNJSAj2W2AQhQLxBjANg5eHqAEMjAMuKerVwwUiU1BfDaBrvPdeFKbWDYatR4H7d54B:2:0,T+24h,true,scheduled,success,json_ok,observed,on_time,observed,4baaf92d2ef1a2999aad50e7
solana:3EpfD3FnRbg7fdN1CwX1QuNJSAj2W2AQhQLxBjANg5eHqAEMjAMuKerVwwUiU1BfDaBrvPdeFKbWDYatR4H7d54B:2:0,T+60h,true,scheduled,success,json_ok,observed,on_time,observed,9f14973d9d6c1133b3f72934
solana:21u4pXWhi7kEez6v5yp2y5ZJ3S1YcEq4i4FHiKAzgpN7LYSeaRmk5YzUQiJQTBKEwymbS887mob8ZkH98tVzqY9C:2:0,T0,true,scheduled,success,json_ok,observed,on_time,observed,23f3f63090e225a94021aac1
solana:21u4pXWhi7kEez6v5yp2y5ZJ3S1YcEq4i4FHiKAzgpN7LYSeaRmk5YzUQiJQTBKEwymbS887mob8ZkH98tVzqY9C:2:0,T+24h,true,scheduled,success,json_ok,observed,on_time,observed,b0a3c554b09926ed9fef3e07
solana:21u4pXWhi7kEez6v5yp2y5ZJ3S1YcEq4i4FHiKAzgpN7LYSeaRmk5YzUQiJQTBKEwymbS887mob8ZkH98tVzqY9C:2:0,T+60h,true,scheduled,success,json_ok,observed,on_time,observed,efaaab229cf30145e9972e7f
solana:5JkhKR8ExovKXGHfsrSR92iYCM1kHGKPLL8NDEnwZBMiXdBSa46r3TnPdp4G4xpLf6nK6R89jELjrgiMFtTibRDP:2:0,T0,true,scheduled,failed,not_observed,not_observed,on_time,request_failed,d3086cd74424249b17f0201a
solana:5JkhKR8ExovKXGHfsrSR92iYCM1kHGKPLL8NDEnwZBMiXdBSa46r3TnPdp4G4xpLf6nK6R89jELjrgiMFtTibRDP:2:0,T+24h,true,scheduled,failed,not_observed,not_observed,on_time,request_failed,d892150d496c5306131271a4
solana:5JkhKR8ExovKXGHfsrSR92iYCM1kHGKPLL8NDEnwZBMiXdBSa46r3TnPdp4G4xpLf6nK6R89jELjrgiMFtTibRDP:2:0,T+60h,true,scheduled,failed,not_observed,not_observed,on_time,request_failed,b9449ad9d2b774baba40bb7c
solana:D18rnizqsaqsHR3F2EZjqqj9PJtxaQ7ja4XvZjpmmdQioZbsP2WjB7NP8tHttdUQcUvyLywZC3kDvnPsmp9kQ1t:2:0,T0,true,scheduled,success,json_ok,observed,on_time,observed,07b5ea776bd647ab5207d372
solana:D18rnizqsaqsHR3F2EZjqqj9PJtxaQ7ja4XvZjpmmdQioZbsP2WjB7NP8tHttdUQcUvyLywZC3kDvnPsmp9kQ1t:2:0,T+24h,true,scheduled,success,json_ok,observed,on_time,observed,c9dec0d912b1f1eb63a1cf98
solana:D18rnizqsaqsHR3F2EZjqqj9PJtxaQ7ja4XvZjpmmdQioZbsP2WjB7NP8tHttdUQcUvyLywZC3kDvnPsmp9kQ1t:2:0,T+60h,true,scheduled,success,json_ok,observed,on_time,observed,f6cdba665b455b92d61c43a7
solana:5qPrfaSRwC83AZRNcbXSFFh7Ytro1JXg1phgeUN8U8eDfM2iBsauJZFwKz9xpWGUvNCkFXxzohiTWikFE84s9jf5:2:0,T0,true,scheduled,success,json_ok,observed,on_time,observed,5f75216efd3a3d0bf6c3cd1f
solana:5qPrfaSRwC83AZRNcbXSFFh7Ytro1JXg1phgeUN8U8eDfM2iBsauJZFwKz9xpWGUvNCkFXxzohiTWikFE84s9jf5:2:0,T+24h,true,scheduled,success,json_ok,observed,on_time,observed,797e20ced1b7170f8d23f31b
solana:5qPrfaSRwC83AZRNcbXSFFh7Ytro1JXg1phgeUN8U8eDfM2iBsauJZFwKz9xpWGUvNCkFXxzohiTWikFE84s9jf5:2:0,T+60h,true,scheduled,success,json_ok,observed,on_time,observed,4f378f8ad773403a4938fbff
solana:2eaWx8VEEB8nUwfxivuc2pDEa5zHHy5zFXAWjRdfYjzHogcTyEm9BR997HEJ6hfj3S3k6chsg4Jcg3C7Un9bXDkE:0:0,T0,true,scheduled,success,json_ok,observed,on_time,observed,23a6bdfb1915036ecfde3354
solana:2eaWx8VEEB8nUwfxivuc2pDEa5zHHy5zFXAWjRdfYjzHogcTyEm9BR997HEJ6hfj3S3k6chsg4Jcg3C7Un9bXDkE:0:0,T+24h,true,scheduled,success,json_ok,observed,on_time,observed,0fe35e413eb641e725f88072
solana:2eaWx8VEEB8nUwfxivuc2pDEa5zHHy5zFXAWjRdfYjzHogcTyEm9BR997HEJ6hfj3S3k6chsg4Jcg3C7Un9bXDkE:0:0,T+60h,true,scheduled,success,json_ok,observed,on_time,observed,f89dd4cdc9b9cfb0d35f7773
solana:5Eh2tKw68mqpTVPnECwh8vqT8ccEcduyYoPH9HnJQcW6jgTf6n2KzMM1vrvYzRqMV8yrYt9d5r15ZKNtzGMEe8Wb:2:0,T0,true,scheduled,success,json_ok,observed,on_time,observed,a7d23752afce7fba738a466d
solana:5Eh2tKw68mqpTVPnECwh8vqT8ccEcduyYoPH9HnJQcW6jgTf6n2KzMM1vrvYzRqMV8yrYt9d5r15ZKNtzGMEe8Wb:2:0,T+24h,true,scheduled,success,json_ok,observed,on_time,observed,1b7327b44745a83c86df5394
solana:5Eh2tKw68mqpTVPnECwh8vqT8ccEcduyYoPH9HnJQcW6jgTf6n2KzMM1vrvYzRqMV8yrYt9d5r15ZKNtzGMEe8Wb:2:0,T+60h,true,scheduled,success,json_ok,observed,on_time,observed,d7cb0092cdf30676a219f999
solana:5vFqTY6jTSNvjqdvMXqupvCEwsnGk7L6s3aheVmVkvoz7s6GogLMw4Zrh2SaA1yMYJ9tvMRE91UEov8WGAK2haK1:1:0,T0,true,scheduled,success,json_ok,observed,on_time,observed,2a7c0192edc3165c28035fd1
solana:5vFqTY6jTSNvjqdvMXqupvCEwsnGk7L6s3aheVmVkvoz7s6GogLMw4Zrh2SaA1yMYJ9tvMRE91UEov8WGAK2haK1:1:0,T+24h,true,scheduled,success,json_ok,observed,on_time,observed,44063a22a81b1a3ca9e60338
solana:5vFqTY6jTSNvjqdvMXqupvCEwsnGk7L6s3aheVmVkvoz7s6GogLMw4Zrh2SaA1yMYJ9tvMRE91UEov8WGAK2haK1:1:0,T+60h,true,scheduled,success,json_ok,observed,on_time,observed,2608eb82e28f74328871f9b1
solana:gjxsP61R6Wpofid8a6hhsgwQw8njQqsevfSmuRJZpMESzDmLb7cThAzKoLeidDfmkKoVFYioLasH8VxTo3uveCK:2:0,T0,true,scheduled,success,json_ok,observed,on_time,observed,3fd910a2eb7e030b5e887ba6
solana:gjxsP61R6Wpofid8a6hhsgwQw8njQqsevfSmuRJZpMESzDmLb7cThAzKoLeidDfmkKoVFYioLasH8VxTo3uveCK:2:0,T+24h,true,scheduled,success,json_ok,observed,on_time,observed,580a9ba0d83e6f9d38518778
solana:gjxsP61R6Wpofid8a6hhsgwQw8njQqsevfSmuRJZpMESzDmLb7cThAzKoLeidDfmkKoVFYioLasH8VxTo3uveCK:2:0,T+60h,true,scheduled,success,json_ok,observed,on_time,observed,099c875420fc09d4d2748425
solana:26Rmd223Pa8WQzh3712jksTMz1mDQTeQsiPbJ39FPJBJjsr7Nmtb3WxczFT9pG3bv2N44DgJo45yu6iLNYKBP8sj:2:0,T0,true,scheduled,failed,not_observed,not_observed,on_time,request_failed,8cd28d68eef991970244d8c4
solana:26Rmd223Pa8WQzh3712jksTMz1mDQTeQsiPbJ39FPJBJjsr7Nmtb3WxczFT9pG3bv2N44DgJo45yu6iLNYKBP8sj:2:0,T+24h,true,scheduled,failed,not_observed,not_observed,on_time,request_failed,9336a3424b4a9325afa748d0
solana:26Rmd223Pa8WQzh3712jksTMz1mDQTeQsiPbJ39FPJBJjsr7Nmtb3WxczFT9pG3bv2N44DgJo45yu6iLNYKBP8sj:2:0,T+60h,true,scheduled,failed,not_observed,not_observed,on_time,request_failed,76322fe7e427b2e15d2a2c0d
solana:5r9pYxzqjTj3GBPvgNFBQzzpyD2L3bGYAtwbKkvcZyLEnd75ZV8kmx1CbqgLoLLHNWP8TVcov1TSZgkfSyV7vLSH:0:0,T0,true,scheduled,success,json_ok,observed,on_time,observed,58accbaa43949de1ec44be27
solana:5r9pYxzqjTj3GBPvgNFBQzzpyD2L3bGYAtwbKkvcZyLEnd75ZV8kmx1CbqgLoLLHNWP8TVcov1TSZgkfSyV7vLSH:0:0,T+24h,true,scheduled,success,json_ok,observed,on_time,observed,24cb3b01d9fa029cccb27aff
solana:5r9pYxzqjTj3GBPvgNFBQzzpyD2L3bGYAtwbKkvcZyLEnd75ZV8kmx1CbqgLoLLHNWP8TVcov1TSZgkfSyV7vLSH:0:0,T+60h,true,scheduled,success,json_ok,observed,on_time,observed,a7c61bdc72b6f0e58a04b458
solana:3KASY3iYsWUU6pjq2VAgdS6T8zTthaSfhamDJUqQETt3pxz32LnSuTZYSeg69X4BRfTwKMeT17bzC52SoQqBaAAz:2:0,T0,true,scheduled,success,json_ok,observed,on_time,observed,4ef7a206accd9f8b844c6c2f
solana:3KASY3iYsWUU6pjq2VAgdS6T8zTthaSfhamDJUqQETt3pxz32LnSuTZYSeg69X4BRfTwKMeT17bzC52SoQqBaAAz:2:0,T+24h,true,scheduled,success,json_ok,observed,on_time,observed,45f021b9d5eacab26289ed78
solana:3KASY3iYsWUU6pjq2VAgdS6T8zTthaSfhamDJUqQETt3pxz32LnSuTZYSeg69X4BRfTwKMeT17bzC52SoQqBaAAz:2:0,T+60h,true,scheduled,success,json_ok,observed,on_time,observed,88e5193e541ad5f7fc0f2faf
solana:37j38oRWhQeHaNNPgny4A6ntLYbKkmpWaHB3h19qfHXmGD38kSviwwSFkaizXhoJrpJw5UM88MUVgzzrsTzBPXRx:2:0,T0,true,scheduled,success,json_ok,observed,on_time,observed,84f8cea9c9577851f82e9ec3
solana:37j38oRWhQeHaNNPgny4A6ntLYbKkmpWaHB3h19qfHXmGD38kSviwwSFkaizXhoJrpJw5UM88MUVgzzrsTzBPXRx:2:0,T+24h,true,scheduled,success,json_ok,observed,on_time,observed,17a64e45db47a6d0bf9c88b2
solana:37j38oRWhQeHaNNPgny4A6ntLYbKkmpWaHB3h19qfHXmGD38kSviwwSFkaizXhoJrpJw5UM88MUVgzzrsTzBPXRx:2:0,T+60h,true,scheduled,success,json_ok,observed,on_time,observed,6596da194a03c3c373586818
solana:2zXMUziAi5rDD8N3izvLfyRVuNcsyLWLbi1tK67sYmkfaxURwvqLR4bg9hyGNfwVvoWwvBb2z7FzMdR2hkeVeh14:2:0,T0,true,scheduled,success,json_ok,observed,on_time,observed,6c109302b36c3429dbf4c4ed
solana:2zXMUziAi5rDD8N3izvLfyRVuNcsyLWLbi1tK67sYmkfaxURwvqLR4bg9hyGNfwVvoWwvBb2z7FzMdR2hkeVeh14:2:0,T+24h,true,scheduled,success,json_ok,observed,on_time,observed,7cef9966f130e719e45159f4
solana:2zXMUziAi5rDD8N3izvLfyRVuNcsyLWLbi1tK67sYmkfaxURwvqLR4bg9hyGNfwVvoWwvBb2z7FzMdR2hkeVeh14:2:0,T+60h,true,scheduled,success,json_ok,observed,on_time,observed,5bdffeba2e76d6b703085fec
solana:tKmzHbzLEGrJBZXVB1GdD5ZTNmC4ynnWzzQksaeh8VYCyEuiGbaN4cDedBfLHkujeBdM5KteHMQuR3TQi42BbXm:2:0,T0,true,scheduled,success,json_ok,observed,on_time,observed,b7569479e30842cecd5f2bda
solana:tKmzHbzLEGrJBZXVB1GdD5ZTNmC4ynnWzzQksaeh8VYCyEuiGbaN4cDedBfLHkujeBdM5KteHMQuR3TQi42BbXm:2:0,T+24h,true,scheduled,success,json_ok,observed,on_time,observed,66ddc420c65939a9b80ad397
solana:tKmzHbzLEGrJBZXVB1GdD5ZTNmC4ynnWzzQksaeh8VYCyEuiGbaN4cDedBfLHkujeBdM5KteHMQuR3TQi42BbXm:2:0,T+60h,true,scheduled,success,json_ok,observed,on_time,observed,686263e0f00598fca58a1aa4
solana:4k8YBva4A5YhNdZ2Wz9htMVyxfA9qd3LpkysSyG8y96Mzq76ZLrniqCqoEy9YHAYoccK8ANevViAu3V8RKP4rbYW:2:0,T0,true,scheduled,failed,not_observed,not_observed,on_time,request_failed,5356a3a41e43fd1708be54e3
solana:4k8YBva4A5YhNdZ2Wz9htMVyxfA9qd3LpkysSyG8y96Mzq76ZLrniqCqoEy9YHAYoccK8ANevViAu3V8RKP4rbYW:2:0,T+24h,true,scheduled,failed,not_observed,not_observed,on_time,request_failed,6d79a84b4e64e609e4e96795
solana:4k8YBva4A5YhNdZ2Wz9htMVyxfA9qd3LpkysSyG8y96Mzq76ZLrniqCqoEy9YHAYoccK8ANevViAu3V8RKP4rbYW:2:0,T+60h,true,scheduled,failed,not_observed,not_observed,on_time,request_failed,2baa75958360c2f8847e6fc0
solana:9G74Eq9CzvgkWZxWcPa6PWJ662WVKYN1BQ1tRDF5m79QWAAYGFAUi2mS6K6avbGDyDqMLoeXYRZyyVaMdPztmCE:2:0,T0,true,scheduled,success,json_ok,observed,on_time,observed,5b386e41ba914a56e442acba
solana:9G74Eq9CzvgkWZxWcPa6PWJ662WVKYN1BQ1tRDF5m79QWAAYGFAUi2mS6K6avbGDyDqMLoeXYRZyyVaMdPztmCE:2:0,T+24h,true,scheduled,success,json_ok,observed,on_time,observed,e973039d49c2ec08f1b8fda9
solana:9G74Eq9CzvgkWZxWcPa6PWJ662WVKYN1BQ1tRDF5m79QWAAYGFAUi2mS6K6avbGDyDqMLoeXYRZyyVaMdPztmCE:2:0,T+60h,true,scheduled,success,json_ok,observed,on_time,observed,5ba48a3604763bbb31466cd8
solana:3eSL7rAEunpfoT9UuU5uXWzV4W6BCuarDiMJFFG1tqaoRPmxdfcFnZqpBMzbbXdaNxywERH9aLWNai61e5U7vFvB:2:0,T0,true,scheduled,success,json_ok,observed,on_time,observed,db5fa7a514ea3b7fcd7f140b
solana:3eSL7rAEunpfoT9UuU5uXWzV4W6BCuarDiMJFFG1tqaoRPmxdfcFnZqpBMzbbXdaNxywERH9aLWNai61e5U7vFvB:2:0,T+24h,true,scheduled,success,json_ok,observed,on_time,observed,f75f53218d1f2f4ecfe5b7cb
solana:3eSL7rAEunpfoT9UuU5uXWzV4W6BCuarDiMJFFG1tqaoRPmxdfcFnZqpBMzbbXdaNxywERH9aLWNai61e5U7vFvB:2:0,T+60h,true,scheduled,success,json_ok,observed,on_time,observed,34534304e676a83a88705926
solana:5mqQxNHoTKhtrgHfGV1V9kSK3eL2ScyywTHoCTixUxa4go1eTroFn9qbxSaehQ9x1GKK7bcTxbFTMMPSDgrMW7m9:2:0,T0,true,scheduled,success,json_ok,observed,on_time,observed,38173cc396a1fc6a966ab2d5
solana:5mqQxNHoTKhtrgHfGV1V9kSK3eL2ScyywTHoCTixUxa4go1eTroFn9qbxSaehQ9x1GKK7bcTxbFTMMPSDgrMW7m9:2:0,T+24h,true,scheduled,success,json_ok,observed,on_time,observed,148c52ccc4bfbb169af7ccb1
solana:5mqQxNHoTKhtrgHfGV1V9kSK3eL2ScyywTHoCTixUxa4go1eTroFn9qbxSaehQ9x1GKK7bcTxbFTMMPSDgrMW7m9:2:0,T+60h,true,scheduled,success,json_ok,observed,on_time,observed,9f088f4acbf047c2a2a9894f
solana:2nFg67XzuUA7RCznhNSW7cWZT8niiXDu6ubkQ9g5J1bKHiTp3NUA5YRqTZgdi56kFS3D8xnDzRqZGk65ySfvD2pC:2:0,T0,true,scheduled,success,json_ok,observed,on_time,observed,a28400fd13dd885f56a3fa7b
solana:2nFg67XzuUA7RCznhNSW7cWZT8niiXDu6ubkQ9g5J1bKHiTp3NUA5YRqTZgdi56kFS3D8xnDzRqZGk65ySfvD2pC:2:0,T+24h,true,scheduled,success,json_ok,observed,on_time,observed,5b439aac211af688dcdb8ed2
solana:2nFg67XzuUA7RCznhNSW7cWZT8niiXDu6ubkQ9g5J1bKHiTp3NUA5YRqTZgdi56kFS3D8xnDzRqZGk65ySfvD2pC:2:0,T+60h,true,scheduled,success,json_ok,observed,on_time,observed,f12d178b3c5706eb9a41c31e
solana:MC3E4CDH529NVXnbPm7HjfM8mqK8ferg7FfTkjiinekzm8776d27n7dFyVn6LKBHmeUU6cESsTyUjWMT2Z9PVNY:2:0,T0,true,scheduled,success,json_ok,observed,on_time,observed,63e7d2901467dd4677c920bc
solana:MC3E4CDH529NVXnbPm7HjfM8mqK8ferg7FfTkjiinekzm8776d27n7dFyVn6LKBHmeUU6cESsTyUjWMT2Z9PVNY:2:0,T+24h,true,scheduled,success,json_ok,observed,on_time,observed,55b163774b2ed708fafb43a0
solana:MC3E4CDH529NVXnbPm7HjfM8mqK8ferg7FfTkjiinekzm8776d27n7dFyVn6LKBHmeUU6cESsTyUjWMT2Z9PVNY:2:0,T+60h,true,scheduled,success,json_ok,observed,on_time,observed,b329d0ecd19626ae29a7ba29
solana:5kzpuofsM6aRTbp1RJRbDahR7R7rewLjtzh3NEB2wa2WJCEFNPuNztkAtvWB6UFd8zJn5ZrxujXLJSqhyqvbRvGj:2:0,T0,true,scheduled,success,json_ok,observed,on_time,observed,1963f4c6218fc1391c990dc2
solana:5kzpuofsM6aRTbp1RJRbDahR7R7rewLjtzh3NEB2wa2WJCEFNPuNztkAtvWB6UFd8zJn5ZrxujXLJSqhyqvbRvGj:2:0,T+24h,true,scheduled,success,json_ok,observed,on_time,observed,5b8e120348da09b7e957aa01
solana:5kzpuofsM6aRTbp1RJRbDahR7R7rewLjtzh3NEB2wa2WJCEFNPuNztkAtvWB6UFd8zJn5ZrxujXLJSqhyqvbRvGj:2:0,T+60h,true,scheduled,success,json_ok,observed,on_time,observed,33b8895291f8b1778f4b47e0
solana:58Ernp7dSAKUmMBFs1dee2F9CANi1X8f1Vx9L1V4q1VJbAFjwfaPjvdcQs79zNtN4wqrkEuJyAXkSM4JtEeaHRdN:2:0,T0,true,scheduled,not_collected_policy,not_collected_policy,not_observed,not_applicable,not_collected_policy,66b2dfe8506537ca0a44985f
solana:58Ernp7dSAKUmMBFs1dee2F9CANi1X8f1Vx9L1V4q1VJbAFjwfaPjvdcQs79zNtN4wqrkEuJyAXkSM4JtEeaHRdN:2:0,T+24h,true,scheduled,not_collected_policy,not_collected_policy,not_observed,not_applicable,not_collected_policy,5f97fc03e593da16a07cdb7a
solana:58Ernp7dSAKUmMBFs1dee2F9CANi1X8f1Vx9L1V4q1VJbAFjwfaPjvdcQs79zNtN4wqrkEuJyAXkSM4JtEeaHRdN:2:0,T+60h,true,scheduled,not_collected_policy,not_collected_policy,not_observed,not_applicable,not_collected_policy,513e8ae555f1dfecd3842b27
solana:nUVFVV8xhEjhmmhZZ2CBahHLwHrr6vjZwxoXhYVPzg5ktZmbhGoPRyDS48p1FQhPEN98Vh7n25hqNa7PVtVv8r4:2:0,T0,true,scheduled,not_collected_policy,not_collected_policy,not_observed,not_applicable,not_collected_policy,4c0d08df8d4522853a9b8bbe
solana:nUVFVV8xhEjhmmhZZ2CBahHLwHrr6vjZwxoXhYVPzg5ktZmbhGoPRyDS48p1FQhPEN98Vh7n25hqNa7PVtVv8r4:2:0,T+24h,true,scheduled,not_collected_policy,not_collected_policy,not_observed,not_applicable,not_collected_policy,abc2d989ac49d3e39424056d
solana:nUVFVV8xhEjhmmhZZ2CBahHLwHrr6vjZwxoXhYVPzg5ktZmbhGoPRyDS48p1FQhPEN98Vh7n25hqNa7PVtVv8r4:2:0,T+60h,true,scheduled,not_collected_policy,not_collected_policy,not_observed,not_applicable,not_collected_policy,fa919d26c1efa7ea9f704205
solana:5wLFwhG7GDjZKoCQdt25ZqcUjyNhdxt1SwDJDbLAqrzgAXf8ohu4yfrUG5mt29NfE226njwDMVdNUAaK9sWpNj6i:2:0,T0,true,scheduled,not_collected_policy,not_collected_policy,not_observed,not_applicable,not_collected_policy,a140928de92b9f1900cdf4fa
solana:5wLFwhG7GDjZKoCQdt25ZqcUjyNhdxt1SwDJDbLAqrzgAXf8ohu4yfrUG5mt29NfE226njwDMVdNUAaK9sWpNj6i:2:0,T+24h,true,scheduled,not_collected_policy,not_collected_policy,not_observed,not_applicable,not_collected_policy,76eb588b9340a34d8790d5a8
solana:5wLFwhG7GDjZKoCQdt25ZqcUjyNhdxt1SwDJDbLAqrzgAXf8ohu4yfrUG5mt29NfE226njwDMVdNUAaK9sWpNj6i:2:0,T+60h,true,scheduled,not_collected_policy,not_collected_policy,not_observed,not_applicable,not_collected_policy,67bba7d97e0381314e37dd60
solana:2NXwPa3EXLh3SAamuwm1ebX1Pdo1RivQvi1ESnLbg8RCY932eG3xmqM1UvMRcuZZNi6JKSaieGjBQ2cvNeqg3HZ6:2:0,T0,true,scheduled,success,json_ok,observed,on_time,observed,6a47a76d24ab6d2d5a04f0be
solana:2NXwPa3EXLh3SAamuwm1ebX1Pdo1RivQvi1ESnLbg8RCY932eG3xmqM1UvMRcuZZNi6JKSaieGjBQ2cvNeqg3HZ6:2:0,T+24h,true,scheduled,success,json_ok,observed,on_time,observed,cf9bc7c70d66ab6f9e64002c
solana:2NXwPa3EXLh3SAamuwm1ebX1Pdo1RivQvi1ESnLbg8RCY932eG3xmqM1UvMRcuZZNi6JKSaieGjBQ2cvNeqg3HZ6:2:0,T+60h,true,scheduled,success,json_ok,observed,on_time,observed,b3cf87022ccc5b61c3ba35d9
solana:4zqV3unS4mWbbXXngWxsZYrpnScExAS9qcnMa69YcjuiPwL9UgurEHPa47cVVRDDRsPF8XpeKYSFJ9Bg8ZF6LBYN:2:0,T0,true,scheduled,success,json_ok,observed,on_time,observed,9a4c5144b5188a8003ebe44c
solana:4zqV3unS4mWbbXXngWxsZYrpnScExAS9qcnMa69YcjuiPwL9UgurEHPa47cVVRDDRsPF8XpeKYSFJ9Bg8ZF6LBYN:2:0,T+24h,true,scheduled,success,json_ok,observed,on_time,observed,719d339d2eab1cac14171275
solana:4zqV3unS4mWbbXXngWxsZYrpnScExAS9qcnMa69YcjuiPwL9UgurEHPa47cVVRDDRsPF8XpeKYSFJ9Bg8ZF6LBYN:2:0,T+60h,true,scheduled,success,json_ok,observed,on_time,observed,7561ce8a0dde7ed5dc86375d
solana:4EKgqDCxtdihXmhbfuudYzaNUaxQ3XRCeoFD8QsDKqTM3TvtMRZaHJcpsTKt8JBfJvLews3tsVB6TiciEMtba9w6:2:0,T0,true,scheduled,success,json_ok,observed,on_time,observed,85c241f94e61353ccf87b81e
solana:4EKgqDCxtdihXmhbfuudYzaNUaxQ3XRCeoFD8QsDKqTM3TvtMRZaHJcpsTKt8JBfJvLews3tsVB6TiciEMtba9w6:2:0,T+24h,true,scheduled,success,json_ok,observed,on_time,observed,2e7c54894a9f7efc52693580
solana:4EKgqDCxtdihXmhbfuudYzaNUaxQ3XRCeoFD8QsDKqTM3TvtMRZaHJcpsTKt8JBfJvLews3tsVB6TiciEMtba9w6:2:0,T+60h,true,scheduled,success,json_ok,observed,on_time,observed,0781feb0d083b312277763c6
solana:4HrGcmHW9RE6MogDdx1mo9B4SMtBJgotXqr2xyaKsDSrS3MTPbYkxgBAigjgezBgbZF5J7RtCNERoWTT4Ma1Cpev:2:0,T0,true,scheduled,success,json_ok,observed,on_time,observed,69c70361fb46bfdf58561b5c
solana:4HrGcmHW9RE6MogDdx1mo9B4SMtBJgotXqr2xyaKsDSrS3MTPbYkxgBAigjgezBgbZF5J7RtCNERoWTT4Ma1Cpev:2:0,T+24h,true,scheduled,success,json_ok,observed,on_time,observed,efa92c4b1bd2036b51bf9ee6
solana:4HrGcmHW9RE6MogDdx1mo9B4SMtBJgotXqr2xyaKsDSrS3MTPbYkxgBAigjgezBgbZF5J7RtCNERoWTT4Ma1Cpev:2:0,T+60h,true,scheduled,success,json_ok,observed,on_time,observed,2251c772508944be8db6874d
solana:613WX6YvxwWFrNtNpdNArj2K9wMHrr3YRv6LV1kWicwWuwMG9EH8x4LzRcgbrCXFwWx7YJzgFVthqcSinGUAu48y:1:0,T0,true,scheduled,success,json_ok,observed,on_time,observed,589012e329fc221cc7904508
solana:613WX6YvxwWFrNtNpdNArj2K9wMHrr3YRv6LV1kWicwWuwMG9EH8x4LzRcgbrCXFwWx7YJzgFVthqcSinGUAu48y:1:0,T+24h,true,scheduled,success,json_ok,observed,on_time,observed,41997340df357242109c532c
solana:613WX6YvxwWFrNtNpdNArj2K9wMHrr3YRv6LV1kWicwWuwMG9EH8x4LzRcgbrCXFwWx7YJzgFVthqcSinGUAu48y:1:0,T+60h,true,scheduled,success,json_ok,observed,on_time,observed,b253e51bd2e19f38e67ae780
solana:gGLzfcpoubCA16u5ViMgLn2fcqehUB1omp93J94Eyp7hW2Er9egXYeMb7qmd6tBusyeCPWwLXACpU538EciWgJ1:2:0,T0,true,scheduled,success,json_ok,observed,on_time,observed,17cef7f18982faa19699f5cf
solana:gGLzfcpoubCA16u5ViMgLn2fcqehUB1omp93J94Eyp7hW2Er9egXYeMb7qmd6tBusyeCPWwLXACpU538EciWgJ1:2:0,T+24h,true,scheduled,success,json_ok,observed,on_time,observed,dfc031d4de38486be73933df
solana:gGLzfcpoubCA16u5ViMgLn2fcqehUB1omp93J94Eyp7hW2Er9egXYeMb7qmd6tBusyeCPWwLXACpU538EciWgJ1:2:0,T+60h,true,scheduled,success,json_ok,observed,on_time,observed,d390024d735a6e727f10223e
solana:56gjGJrdCpt2C6KcG3u7FiQBUp7EcgjZcCHuFGyTEaoj4ZQWEEa8bP3uZVMdfwYgCP9FmrVfjW5fdrmh9PY5jnP2:2:0,T0,true,scheduled,not_collected_policy,not_collected_policy,not_observed,not_applicable,not_collected_policy,7f878bc2e2797e40a9adb93a
solana:56gjGJrdCpt2C6KcG3u7FiQBUp7EcgjZcCHuFGyTEaoj4ZQWEEa8bP3uZVMdfwYgCP9FmrVfjW5fdrmh9PY5jnP2:2:0,T+24h,true,scheduled,not_collected_policy,not_collected_policy,not_observed,not_applicable,not_collected_policy,3585d42b6f890095cc4e98d7
solana:56gjGJrdCpt2C6KcG3u7FiQBUp7EcgjZcCHuFGyTEaoj4ZQWEEa8bP3uZVMdfwYgCP9FmrVfjW5fdrmh9PY5jnP2:2:0,T+60h,true,scheduled,not_collected_policy,not_collected_policy,not_observed,not_applicable,not_collected_policy,55494b89e9523f7e0e7dfde6
solana:1nbsi3qM8MtroUZq838H8UA3w7hBdCzADuLgnpuU5jeNfyxnpZoKpkbue7fnXujJiKLVF253eRymJZ8PfPXcpkK:2:0,T0,true,scheduled,not_collected_policy,not_collected_policy,not_observed,not_applicable,not_collected_policy,584f0e96cbea595ddfbfc5bd
solana:1nbsi3qM8MtroUZq838H8UA3w7hBdCzADuLgnpuU5jeNfyxnpZoKpkbue7fnXujJiKLVF253eRymJZ8PfPXcpkK:2:0,T+24h,true,scheduled,not_collected_policy,not_collected_policy,not_observed,not_applicable,not_collected_policy,99fa3f98210ac596dffd2dae
solana:1nbsi3qM8MtroUZq838H8UA3w7hBdCzADuLgnpuU5jeNfyxnpZoKpkbue7fnXujJiKLVF253eRymJZ8PfPXcpkK:2:0,T+60h,true,scheduled,not_collected_policy,not_collected_policy,not_observed,not_applicable,not_collected_policy,463b113f79002a8a5ebd0180
solana:5uTGCZKe2HBC5hMVGER1AyjW12S1ybzBtZt9vNHza38mQfFc2wFMfrFd1WaQTp1HWPT4PHVX9mruaYxc2yNaWAxM:2:0,T0,true,scheduled,not_collected_policy,not_collected_policy,not_observed,not_applicable,not_collected_policy,8b8e0b89ffd7541c9fdd5f25
solana:5uTGCZKe2HBC5hMVGER1AyjW12S1ybzBtZt9vNHza38mQfFc2wFMfrFd1WaQTp1HWPT4PHVX9mruaYxc2yNaWAxM:2:0,T+24h,true,scheduled,not_collected_policy,not_collected_policy,not_observed,not_applicable,not_collected_policy,09a20a691564972cc7902dd4
solana:5uTGCZKe2HBC5hMVGER1AyjW12S1ybzBtZt9vNHza38mQfFc2wFMfrFd1WaQTp1HWPT4PHVX9mruaYxc2yNaWAxM:2:0,T+60h,true,scheduled,not_collected_policy,not_collected_policy,not_observed,not_applicable,not_collected_policy,9fbbfe6d1fdac2df52a73acd
solana:58njhx9Anc2Mn7KJHUzZZRdASmazA6gowiydoxbdRUfbMqEJNbJH3ZpCYYQUAMZMgW7BXH9uh4AvjNTTjsEPmhGW:2:0,T0,true,scheduled,success,json_ok,observed,on_time,observed,ef2ea687cbfe8db128de4220
solana:58njhx9Anc2Mn7KJHUzZZRdASmazA6gowiydoxbdRUfbMqEJNbJH3ZpCYYQUAMZMgW7BXH9uh4AvjNTTjsEPmhGW:2:0,T+24h,true,scheduled,success,json_ok,observed,on_time,observed,b9a375342b1224301f79e7de
solana:58njhx9Anc2Mn7KJHUzZZRdASmazA6gowiydoxbdRUfbMqEJNbJH3ZpCYYQUAMZMgW7BXH9uh4AvjNTTjsEPmhGW:2:0,T+60h,true,scheduled,success,json_ok,observed,on_time,observed,12005f6817c9d8d413a23b41
solana:5wKpF2kCYaixGph3XqJwJi9xQF69Zgs8C2wJMiEGGWBzDjFKmNLJGWC4dGzQ6Y5sJtPwhsM6uASpmWBLVLYbKcEY:2:0,T0,true,scheduled,success,json_ok,observed,on_time,observed,f15cd6f2fb316d8f50dcacd4
solana:5wKpF2kCYaixGph3XqJwJi9xQF69Zgs8C2wJMiEGGWBzDjFKmNLJGWC4dGzQ6Y5sJtPwhsM6uASpmWBLVLYbKcEY:2:0,T+24h,true,scheduled,success,json_ok,observed,on_time,observed,2180c42d0020e1433ba80585
solana:5wKpF2kCYaixGph3XqJwJi9xQF69Zgs8C2wJMiEGGWBzDjFKmNLJGWC4dGzQ6Y5sJtPwhsM6uASpmWBLVLYbKcEY:2:0,T+60h,true,scheduled,success,json_ok,observed,on_time,observed,d6cf9ce50119b1dc00489b15
solana:5ndYhY6maxy5dc4tXYvPUX4qxQBjLhs5Kk1X61Y9s8bh98HTNJVANZHsE4FFA1zF4koXBCnSfMHrPS8GLUVo9e9Y:2:0,T0,true,scheduled,success,json_ok,observed,on_time,observed,4ac59bd7669e965be19aceaf
solana:5ndYhY6maxy5dc4tXYvPUX4qxQBjLhs5Kk1X61Y9s8bh98HTNJVANZHsE4FFA1zF4koXBCnSfMHrPS8GLUVo9e9Y:2:0,T+24h,true,scheduled,success,json_ok,observed,on_time,observed,6e0701e7b2ae3668b3f0a135
solana:5ndYhY6maxy5dc4tXYvPUX4qxQBjLhs5Kk1X61Y9s8bh98HTNJVANZHsE4FFA1zF4koXBCnSfMHrPS8GLUVo9e9Y:2:0,T+60h,true,scheduled,success,json_ok,observed,on_time,observed,e06a7790230736212df74ce6
solana:NAfrja2bRwM4tNQTaAxsNTGaxRnTTSnzR8b1eZuUpiBpMNLLPEwRBbihqfnaCZjdkJ9iZMiRpb7oiimwxoo1USs:2:0,T0,true,scheduled,success,json_ok,observed,on_time,observed,61150ae0511e4af56bd7de78
solana:NAfrja2bRwM4tNQTaAxsNTGaxRnTTSnzR8b1eZuUpiBpMNLLPEwRBbihqfnaCZjdkJ9iZMiRpb7oiimwxoo1USs:2:0,T+24h,true,scheduled,success,json_ok,observed,on_time,observed,0742a37aa4d30d274597e3c0
solana:NAfrja2bRwM4tNQTaAxsNTGaxRnTTSnzR8b1eZuUpiBpMNLLPEwRBbihqfnaCZjdkJ9iZMiRpb7oiimwxoo1USs:2:0,T+60h,true,scheduled,success,json_ok,observed,on_time,observed,7b66bb278bf1b7c8ac4b1aff
solana:cXsyBKRkL1uXPU2EBvYgJ3TEr2sDNawec6wDjQ1johHCVB8C6LZHbDngzFGUzVKwtahNn6QZw27doyKiLfuYC73:2:0,T0,true,scheduled,success,json_ok,observed,on_time,observed,805a8b9cece1cee150ba6ea3
solana:cXsyBKRkL1uXPU2EBvYgJ3TEr2sDNawec6wDjQ1johHCVB8C6LZHbDngzFGUzVKwtahNn6QZw27doyKiLfuYC73:2:0,T+24h,true,scheduled,success,json_ok,observed,on_time,observed,0900bbc200420410cb52eca6
solana:cXsyBKRkL1uXPU2EBvYgJ3TEr2sDNawec6wDjQ1johHCVB8C6LZHbDngzFGUzVKwtahNn6QZw27doyKiLfuYC73:2:0,T+60h,true,scheduled,success,json_ok,observed,on_time,observed,e01143417577921eb0b6aec7
solana:2qQpBgKdqrCaXZM6oV4HK98TmAuWS7kw659MNQbTBFSLJh43he8T3CoUqxAgkCwdNQjJKp363bhX1LKqitUgr6V:2:1,T0,true,scheduled,success,json_ok,observed,on_time,observed,23a4aad467829d191db50e1b
solana:2qQpBgKdqrCaXZM6oV4HK98TmAuWS7kw659MNQbTBFSLJh43he8T3CoUqxAgkCwdNQjJKp363bhX1LKqitUgr6V:2:1,T+24h,true,scheduled,success,json_ok,observed,on_time,observed,e03a4c5edd34cc8551eedb79
solana:2qQpBgKdqrCaXZM6oV4HK98TmAuWS7kw659MNQbTBFSLJh43he8T3CoUqxAgkCwdNQjJKp363bhX1LKqitUgr6V:2:1,T+60h,true,scheduled,success,json_ok,observed,on_time,observed,8435978565e7837d27185a96
solana:4QQAcW5wqJNrCeeo6Ptb3k416ZKEhEhnmQ3aRFG1HAWHvctM5zkgQkve8NKFc8VfhKUEoR7BfRYniAwpXXby3roe:0:0,T0,true,scheduled,success,json_ok,observed,on_time,observed,64cf3d5a08de1077abea3f2e
solana:4QQAcW5wqJNrCeeo6Ptb3k416ZKEhEhnmQ3aRFG1HAWHvctM5zkgQkve8NKFc8VfhKUEoR7BfRYniAwpXXby3roe:0:0,T+24h,true,scheduled,success,json_ok,observed,on_time,observed,59d49c2b5f9af919f19b97e4
solana:4QQAcW5wqJNrCeeo6Ptb3k416ZKEhEhnmQ3aRFG1HAWHvctM5zkgQkve8NKFc8VfhKUEoR7BfRYniAwpXXby3roe:0:0,T+60h,true,scheduled,success,json_ok,observed,on_time,observed,e381159ccbf2965a47b13d5a
solana:4xZSy8GZUEUMsDnUMSwushEYVFps3aeXH3mEWANoQf16mbthYPN9bHiMTmxYVDmAyqAQZYALdNtAdcQMCHSmGDmc:2:0,T0,true,scheduled,success,json_ok,observed,on_time,observed,07e40bbfb48783808c4d4f3b
solana:4xZSy8GZUEUMsDnUMSwushEYVFps3aeXH3mEWANoQf16mbthYPN9bHiMTmxYVDmAyqAQZYALdNtAdcQMCHSmGDmc:2:0,T+24h,true,scheduled,success,json_ok,observed,on_time,observed,19251dce60da576e92706246
solana:4xZSy8GZUEUMsDnUMSwushEYVFps3aeXH3mEWANoQf16mbthYPN9bHiMTmxYVDmAyqAQZYALdNtAdcQMCHSmGDmc:2:0,T+60h,true,scheduled,success,json_ok,observed,on_time,observed,1d8d7826b7fe4b82132d3ee5
solana:4o78GHDnCSVrnfvmP87w997nUppWneufz1xc432HZArWexSSEatPLTppCPuq5ViqE3pu6nY2yZCEFZ4jziVF16rW:2:0,T0,true,scheduled,success,json_ok,observed,on_time,observed,0da6eee9076779e7fd3f5dc7
solana:4o78GHDnCSVrnfvmP87w997nUppWneufz1xc432HZArWexSSEatPLTppCPuq5ViqE3pu6nY2yZCEFZ4jziVF16rW:2:0,T+24h,true,scheduled,success,json_ok,observed,on_time,observed,66dabe42a949a0d8a0f48723
solana:4o78GHDnCSVrnfvmP87w997nUppWneufz1xc432HZArWexSSEatPLTppCPuq5ViqE3pu6nY2yZCEFZ4jziVF16rW:2:0,T+60h,true,scheduled,success,json_ok,observed,on_time,observed,0533fa0177839b0c36a3cae6
solana:2oN7AfqoqbA6pmX2HbW6gskfVHaB1hShCWLjd6UkwFxgp3nD4Z3zUBSWEEzdMSWBNNiqXUwopbdkx1GF8iHW8WUj:2:0,T0,true,scheduled,success,json_ok,observed,on_time,observed,71f2c9c7a9776355a79cb47e
solana:2oN7AfqoqbA6pmX2HbW6gskfVHaB1hShCWLjd6UkwFxgp3nD4Z3zUBSWEEzdMSWBNNiqXUwopbdkx1GF8iHW8WUj:2:0,T+24h,true,scheduled,success,json_ok,observed,on_time,observed,9649918b8a30b64933887e36
solana:2oN7AfqoqbA6pmX2HbW6gskfVHaB1hShCWLjd6UkwFxgp3nD4Z3zUBSWEEzdMSWBNNiqXUwopbdkx1GF8iHW8WUj:2:0,T+60h,true,scheduled,success,json_ok,observed,on_time,observed,e037e9e0f9619b4d30286e0f
solana:3Hu3b2gUrGjAjwPdG4WRttCzn79nkWAzDUTHkHf6nfffoDi4T6KMouUqZ6HjySASwQuxJnBF92Fvj3c9souEi4V5:2:0,T0,true,scheduled,failed,not_observed,not_observed,on_time,request_failed,8a029b05f1e2de6b14f0e487
solana:3Hu3b2gUrGjAjwPdG4WRttCzn79nkWAzDUTHkHf6nfffoDi4T6KMouUqZ6HjySASwQuxJnBF92Fvj3c9souEi4V5:2:0,T+24h,true,scheduled,failed,not_observed,not_observed,on_time,request_failed,dad9852be39d75bca6105372
solana:3Hu3b2gUrGjAjwPdG4WRttCzn79nkWAzDUTHkHf6nfffoDi4T6KMouUqZ6HjySASwQuxJnBF92Fvj3c9souEi4V5:2:0,T+60h,true,scheduled,failed,not_observed,not_observed,on_time,request_failed,0f5b8c73f12fff8284206f5f
solana:5u5Yha1XfRnkCCLnaDGf7NLbnPC6GazppUNJdTuAMjtK7wtw4UQoYjuNhkENQxUin7sw2kdSCiCb9MohF5SkAVwc:2:0,T0,true,scheduled,success,json_ok,observed,on_time,observed,29d222e2434537d0e26ebeb8
solana:5u5Yha1XfRnkCCLnaDGf7NLbnPC6GazppUNJdTuAMjtK7wtw4UQoYjuNhkENQxUin7sw2kdSCiCb9MohF5SkAVwc:2:0,T+24h,true,scheduled,success,json_ok,observed,on_time,observed,af190d01464c126c5a57d595
solana:5u5Yha1XfRnkCCLnaDGf7NLbnPC6GazppUNJdTuAMjtK7wtw4UQoYjuNhkENQxUin7sw2kdSCiCb9MohF5SkAVwc:2:0,T+60h,true,scheduled,success,json_ok,observed,on_time,observed,78369839af18e83dc5eb2633
solana:5XRCoGxW5daFTsUW37TsRsssLMKgBxPumEYVjsmS6DqQvb2GMoz6bUZCYCdi3fA4x51P9zC8rgw4QbjCaFevECgp:0:0,T0,true,scheduled,success,json_ok,observed,on_time,observed,fc5c15c1af76a9124cb427a9
solana:5XRCoGxW5daFTsUW37TsRsssLMKgBxPumEYVjsmS6DqQvb2GMoz6bUZCYCdi3fA4x51P9zC8rgw4QbjCaFevECgp:0:0,T+24h,true,scheduled,success,json_ok,observed,on_time,observed,dfcc6269dfa576fedc3822ac
solana:5XRCoGxW5daFTsUW37TsRsssLMKgBxPumEYVjsmS6DqQvb2GMoz6bUZCYCdi3fA4x51P9zC8rgw4QbjCaFevECgp:0:0,T+60h,true,scheduled,success,json_ok,observed,on_time,observed,d3b47cf33214609667df7128
solana:22aJyGbvY2JAdU3fpoxmorWwNwV1riAW3EiQoP41hg8Jh8Y17mm61Gtzv1Lh11RpC4D5vUjMnQBWj7dgu46hY4nw:0:0,T0,true,scheduled,success,json_ok,observed,on_time,observed,962ef00946571f3dc6d49ea7
solana:22aJyGbvY2JAdU3fpoxmorWwNwV1riAW3EiQoP41hg8Jh8Y17mm61Gtzv1Lh11RpC4D5vUjMnQBWj7dgu46hY4nw:0:0,T+24h,true,scheduled,success,json_ok,observed,on_time,observed,726fde12a729ec74b1706993
solana:22aJyGbvY2JAdU3fpoxmorWwNwV1riAW3EiQoP41hg8Jh8Y17mm61Gtzv1Lh11RpC4D5vUjMnQBWj7dgu46hY4nw:0:0,T+60h,true,scheduled,success,json_ok,observed,on_time,observed,b0b940cd42f84cc8c9d87143
solana:4VzbgXhYgMMwuuhWggiuGNfUPupG5mXm9pQgFZC7GTNXjbzahJSbjACFVyaEcFUThkriH3SJ4HV8tG7QEPizfJa8:0:0,T0,true,scheduled,success,json_ok,observed,on_time,observed,8c003a759b255d5f7ade1beb
solana:4VzbgXhYgMMwuuhWggiuGNfUPupG5mXm9pQgFZC7GTNXjbzahJSbjACFVyaEcFUThkriH3SJ4HV8tG7QEPizfJa8:0:0,T+24h,true,scheduled,success,json_ok,observed,on_time,observed,c43ab31281e9514550e91f75
solana:4VzbgXhYgMMwuuhWggiuGNfUPupG5mXm9pQgFZC7GTNXjbzahJSbjACFVyaEcFUThkriH3SJ4HV8tG7QEPizfJa8:0:0,T+60h,true,scheduled,success,json_ok,observed,on_time,observed,d262b1f06790b5f7854e903d
solana:5oiGcDfnCxYSpjjkdkyU55SNFemC9Z9m1zx9TaYPVw6YPTvChBTmGztJWmBNmNH9xvwukk2ifrsrq17L4VijznmU:0:0,T0,true,scheduled,success,json_ok,observed,on_time,observed,5131e82ae4996e94011c7471
solana:5oiGcDfnCxYSpjjkdkyU55SNFemC9Z9m1zx9TaYPVw6YPTvChBTmGztJWmBNmNH9xvwukk2ifrsrq17L4VijznmU:0:0,T+24h,true,scheduled,success,json_ok,observed,on_time,observed,25e3780a3e50157d8b31fd66
solana:5oiGcDfnCxYSpjjkdkyU55SNFemC9Z9m1zx9TaYPVw6YPTvChBTmGztJWmBNmNH9xvwukk2ifrsrq17L4VijznmU:0:0,T+60h,true,scheduled,success,json_ok,observed,on_time,observed,6579c1930300bbbf05db752d
solana:4dSwrWXBRZeV7qnd1cRxHovctB1dtk7MvbXzQ6Mp8wbrLyuV8dSvtw1CW557GJkj7QicjesYtuoHgQiKZdFYd6zY:2:0,T0,true,scheduled,success,json_ok,observed,on_time,observed,8b81369ffb72773c97cf67a2
solana:4dSwrWXBRZeV7qnd1cRxHovctB1dtk7MvbXzQ6Mp8wbrLyuV8dSvtw1CW557GJkj7QicjesYtuoHgQiKZdFYd6zY:2:0,T+24h,true,scheduled,success,json_ok,observed,on_time,observed,43dd558e514af9d892616fd0
solana:4dSwrWXBRZeV7qnd1cRxHovctB1dtk7MvbXzQ6Mp8wbrLyuV8dSvtw1CW557GJkj7QicjesYtuoHgQiKZdFYd6zY:2:0,T+60h,true,scheduled,success,json_ok,observed,on_time,observed,ecbf7f17b1e54bb4106a7a1b
solana:3PofnujJDDihxJ8fwA8soj5v6qT9BgXnAnQm7x1mdZmQBqFbsWyfLnkk9x1fy961rAz91SsybRTuLZ7U3vbZp3gE:2:1,T0,true,scheduled,success,json_ok,observed,on_time,observed,cf5c42d6f19865918b6e37b2
solana:3PofnujJDDihxJ8fwA8soj5v6qT9BgXnAnQm7x1mdZmQBqFbsWyfLnkk9x1fy961rAz91SsybRTuLZ7U3vbZp3gE:2:1,T+24h,true,scheduled,success,json_ok,observed,on_time,observed,3e136e473bd2a41fe2b15ba2
solana:3PofnujJDDihxJ8fwA8soj5v6qT9BgXnAnQm7x1mdZmQBqFbsWyfLnkk9x1fy961rAz91SsybRTuLZ7U3vbZp3gE:2:1,T+60h,true,scheduled,success,json_ok,observed,on_time,observed,29305c7254fc597821e9c8ab
solana:4JbqMwHfk6MfB1yemm5dHVHJAjrQQ5exv6bmQN4akYzsZ1eNuerWbL3pnKvxi91aoJyt2YsyJkUr7mq44SFeBcyJ:0:0,T0,true,scheduled,success,json_ok,observed,on_time,observed,c749aba8d40fd4c7e631427d
solana:4JbqMwHfk6MfB1yemm5dHVHJAjrQQ5exv6bmQN4akYzsZ1eNuerWbL3pnKvxi91aoJyt2YsyJkUr7mq44SFeBcyJ:0:0,T+24h,true,scheduled,success,json_ok,observed,on_time,observed,6d9b23bc0d3565109885232b
solana:4JbqMwHfk6MfB1yemm5dHVHJAjrQQ5exv6bmQN4akYzsZ1eNuerWbL3pnKvxi91aoJyt2YsyJkUr7mq44SFeBcyJ:0:0,T+60h,true,scheduled,success,json_ok,observed,on_time,observed,10be251851ead0c44e27a6c5
solana:4VefJEU5cn3A247vVTRMsL2mAcaniUBw691REJ8ehMoLV3df1epT5m2XoVH67aWoKzJYJoGZwQhY6WnCEGG4hhQd:0:0,T0,true,scheduled,success,json_ok,observed,on_time,observed,be14c85c1968a0ce073a34b0
solana:4VefJEU5cn3A247vVTRMsL2mAcaniUBw691REJ8ehMoLV3df1epT5m2XoVH67aWoKzJYJoGZwQhY6WnCEGG4hhQd:0:0,T+24h,true,scheduled,success,json_ok,observed,on_time,observed,dfa99cbc52fa0a563c3da692
solana:4VefJEU5cn3A247vVTRMsL2mAcaniUBw691REJ8ehMoLV3df1epT5m2XoVH67aWoKzJYJoGZwQhY6WnCEGG4hhQd:0:0,T+60h,true,scheduled,success,json_ok,observed,on_time,observed,17dd550c1e1941226773913e
solana:4rtv4mNPUG2kauZwqWpdeqgk5eYywxJFtBgYqMZG6PrJL9w8TE8GjAcDmoJDFFFt3wyWyjWEDFcCJeJSfF3rFKRD:2:0,T0,true,scheduled,success,json_ok,observed,on_time,observed,e34a40fd3a50ad30a6f3c108
solana:4rtv4mNPUG2kauZwqWpdeqgk5eYywxJFtBgYqMZG6PrJL9w8TE8GjAcDmoJDFFFt3wyWyjWEDFcCJeJSfF3rFKRD:2:0,T+24h,true,scheduled,success,json_ok,observed,on_time,observed,57bfff1c78eb5ce6c75dac1b
solana:4rtv4mNPUG2kauZwqWpdeqgk5eYywxJFtBgYqMZG6PrJL9w8TE8GjAcDmoJDFFFt3wyWyjWEDFcCJeJSfF3rFKRD:2:0,T+60h,true,scheduled,success,json_ok,observed,on_time,observed,028559dbac4d93df45394c62
solana:2R8io7jXcgnUYp18hzgSXQuitT1AQYALwTnfidfeDG4vou6wR1gzbhfDmTqNsACsRz6cBpH1k78PitEK2ikPmtuz:2:0,T0,true,scheduled,success,json_ok,observed,on_time,observed,b6ed786fe10be5ebd0c6c4b4
solana:2R8io7jXcgnUYp18hzgSXQuitT1AQYALwTnfidfeDG4vou6wR1gzbhfDmTqNsACsRz6cBpH1k78PitEK2ikPmtuz:2:0,T+24h,true,scheduled,success,json_ok,observed,on_time,observed,bb1ec897c102c36a91108569
solana:2R8io7jXcgnUYp18hzgSXQuitT1AQYALwTnfidfeDG4vou6wR1gzbhfDmTqNsACsRz6cBpH1k78PitEK2ikPmtuz:2:0,T+60h,true,scheduled,success,json_ok,observed,on_time,observed,82522d52f9f202c1ff3567eb
solana:oPGQXB5gYdZY5xEfR4VL8ex81Csg5God9RxLnTfMNcTsrptqVaxvaKUY6VUqvMvv6Cnh4ALFHsu2A2KvKqvwS8v:2:0,T0,true,scheduled,not_collected_policy,not_collected_policy,not_observed,not_applicable,not_collected_policy,a7e526ad639801a8ad7309d4
solana:oPGQXB5gYdZY5xEfR4VL8ex81Csg5God9RxLnTfMNcTsrptqVaxvaKUY6VUqvMvv6Cnh4ALFHsu2A2KvKqvwS8v:2:0,T+24h,true,scheduled,not_collected_policy,not_collected_policy,not_observed,not_applicable,not_collected_policy,a37888ec47422b081fd45128
solana:oPGQXB5gYdZY5xEfR4VL8ex81Csg5God9RxLnTfMNcTsrptqVaxvaKUY6VUqvMvv6Cnh4ALFHsu2A2KvKqvwS8v:2:0,T+60h,true,scheduled,not_collected_policy,not_collected_policy,not_observed,not_applicable,not_collected_policy,4c58289159c6f8d45cbb3acb
solana:3KvZT3TvENNzu5LegjMgmoKSosDxbu4VQtx9pQ3VWwckFr1jWCk9Y2tW7femFUJaVE1sbNDYJiqj8KTtuGcvK5Mo:2:0,T0,true,scheduled,not_collected_policy,not_collected_policy,not_observed,not_applicable,not_collected_policy,cfdd0c8280460ae870de67c4
solana:3KvZT3TvENNzu5LegjMgmoKSosDxbu4VQtx9pQ3VWwckFr1jWCk9Y2tW7femFUJaVE1sbNDYJiqj8KTtuGcvK5Mo:2:0,T+24h,true,scheduled,not_collected_policy,not_collected_policy,not_observed,not_applicable,not_collected_policy,edfbe03fc4c3c000ccb6144c
solana:3KvZT3TvENNzu5LegjMgmoKSosDxbu4VQtx9pQ3VWwckFr1jWCk9Y2tW7femFUJaVE1sbNDYJiqj8KTtuGcvK5Mo:2:0,T+60h,true,scheduled,not_collected_policy,not_collected_policy,not_observed,not_applicable,not_collected_policy,59d82c318aa51f6a572eaf86
solana:45QLSYQmtgT5N36XSU43qLofRaQb62RSdTpAE2wraRX9pEvKZYNvZUkLJBHPHZgTvBUBXoJEAXn2iknEY5v7bR2Z:2:0,T0,true,scheduled,failed,not_observed,not_observed,on_time,request_failed,9f484e436782770c01120dce
solana:45QLSYQmtgT5N36XSU43qLofRaQb62RSdTpAE2wraRX9pEvKZYNvZUkLJBHPHZgTvBUBXoJEAXn2iknEY5v7bR2Z:2:0,T+24h,true,scheduled,failed,not_observed,not_observed,on_time,request_failed,cb939a8bdbc9bd4cbdf477cd
solana:45QLSYQmtgT5N36XSU43qLofRaQb62RSdTpAE2wraRX9pEvKZYNvZUkLJBHPHZgTvBUBXoJEAXn2iknEY5v7bR2Z:2:0,T+60h,true,scheduled,failed,not_observed,not_observed,on_time,request_failed,ba1089b5e375b6359c0c3af0
solana:5eWEKMqPcRK6YJjcy6C7wwtXxJY5XjKLdnwz5qp3vHA41C9fxtbex1Pv2CszXLT34n9CywDaoPhuo8SWDNZfCRUx:2:0,T0,true,scheduled,success,json_ok,observed,on_time,observed,0219d8f9c98786f996ba02df
solana:5eWEKMqPcRK6YJjcy6C7wwtXxJY5XjKLdnwz5qp3vHA41C9fxtbex1Pv2CszXLT34n9CywDaoPhuo8SWDNZfCRUx:2:0,T+24h,true,scheduled,success,json_ok,observed,on_time,observed,f3172507c1c94d0e50cc33d0
solana:5eWEKMqPcRK6YJjcy6C7wwtXxJY5XjKLdnwz5qp3vHA41C9fxtbex1Pv2CszXLT34n9CywDaoPhuo8SWDNZfCRUx:2:0,T+60h,true,scheduled,success,json_ok,observed,on_time,observed,b3ac15b633a8686939764206
solana:4Qc5nNn7pA4vN6t3BmeQHskoNDLSaDyfXPnAKNnLvdgUXbuQ9PP6h33QZYFgYEncKTDraVedkzc61i5DPpV8cuxN:2:0,T0,true,scheduled,success,json_ok,observed,on_time,observed,239fe92f44d3643e7cc26f02
solana:4Qc5nNn7pA4vN6t3BmeQHskoNDLSaDyfXPnAKNnLvdgUXbuQ9PP6h33QZYFgYEncKTDraVedkzc61i5DPpV8cuxN:2:0,T+24h,true,scheduled,success,json_ok,observed,on_time,observed,4495acdf2e133214aaa54d9f
solana:4Qc5nNn7pA4vN6t3BmeQHskoNDLSaDyfXPnAKNnLvdgUXbuQ9PP6h33QZYFgYEncKTDraVedkzc61i5DPpV8cuxN:2:0,T+60h,true,scheduled,success,json_ok,observed,on_time,observed,18b4dda2adf1a1ee6e9bef32
solana:551Tier7ugQRTMBpYZkXR2THhyMoSarAkunWeq9X1hEm16e1aaFNyPCCMhjAQGAgbVtekKcC2RviTrrTHnQGmiyk:2:0,T0,true,scheduled,success,json_ok,observed,on_time,observed,e143d180ed56dc689585b95c
solana:551Tier7ugQRTMBpYZkXR2THhyMoSarAkunWeq9X1hEm16e1aaFNyPCCMhjAQGAgbVtekKcC2RviTrrTHnQGmiyk:2:0,T+24h,true,scheduled,success,json_ok,observed,on_time,observed,5cc3e15b5ac0cd8ccc78382c
solana:551Tier7ugQRTMBpYZkXR2THhyMoSarAkunWeq9X1hEm16e1aaFNyPCCMhjAQGAgbVtekKcC2RviTrrTHnQGmiyk:2:0,T+60h,true,scheduled,success,json_ok,observed,on_time,observed,5ffd12e59ba98fecb282ce5e
solana:3i79Qe1bgxqiZt3RbvZLv28LodtxBtoTN3ApTQwJeFaGpxda228cQuetuqXqAwvxVnbaE7EeApLw9WGM4U49X2Gm:2:0,T0,true,scheduled,success,json_ok,observed,on_time,observed,983221e9795b72e323245c97
solana:3i79Qe1bgxqiZt3RbvZLv28LodtxBtoTN3ApTQwJeFaGpxda228cQuetuqXqAwvxVnbaE7EeApLw9WGM4U49X2Gm:2:0,T+24h,true,scheduled,success,json_ok,observed,on_time,observed,de8b18cd5a651ac66ac3023d
solana:3i79Qe1bgxqiZt3RbvZLv28LodtxBtoTN3ApTQwJeFaGpxda228cQuetuqXqAwvxVnbaE7EeApLw9WGM4U49X2Gm:2:0,T+60h,true,scheduled,success,json_ok,observed,on_time,observed,e16272170aa6cf638bfecd3b
solana:3mwhmUgq2XjKxv5xNqDg4gVetkJWnp63kFX8FyLeedir7TYYQJ4QQCujo8cHXSCqMjCC8wAav2RNrkN5A1gmGX4k:0:0,T0,true,scheduled,success,json_ok,observed,on_time,observed,ce9e3ae7f875b877b770bc7f
solana:3mwhmUgq2XjKxv5xNqDg4gVetkJWnp63kFX8FyLeedir7TYYQJ4QQCujo8cHXSCqMjCC8wAav2RNrkN5A1gmGX4k:0:0,T+24h,true,scheduled,success,json_ok,observed,on_time,observed,99885d327e1803857cc56c46
solana:3mwhmUgq2XjKxv5xNqDg4gVetkJWnp63kFX8FyLeedir7TYYQJ4QQCujo8cHXSCqMjCC8wAav2RNrkN5A1gmGX4k:0:0,T+60h,true,scheduled,success,json_ok,observed,on_time,observed,459063c8fa86840dffd8a7d1
solana:2xdWMJuoDa3U7izcKQgUQFLnjQLKZfWRfbACApFdBTowomywumrhW8Umw8j7SSDfMf9ACxySetNnux5WCm2YB3AT:0:0,T0,true,scheduled,success,json_ok,observed,on_time,observed,d743f231fa8ba31009ed25cf
solana:2xdWMJuoDa3U7izcKQgUQFLnjQLKZfWRfbACApFdBTowomywumrhW8Umw8j7SSDfMf9ACxySetNnux5WCm2YB3AT:0:0,T+24h,true,scheduled,success,json_ok,observed,on_time,observed,7c25860fc95fb34c92e5cafa
solana:2xdWMJuoDa3U7izcKQgUQFLnjQLKZfWRfbACApFdBTowomywumrhW8Umw8j7SSDfMf9ACxySetNnux5WCm2YB3AT:0:0,T+60h,true,scheduled,success,json_ok,observed,on_time,observed,4535e519c77ca101976b496f
solana:5fkm9QxuDTw1WBG7vTW9PHmzum8uYqbhiURaaw6aaAmVFRidob7W5GLvXsbjYi7FWmedmhCcPbXZUL5rkEGVJu6C:0:0,T0,true,scheduled,success,json_ok,observed,on_time,observed,97c00ba451e5f8115695597e
solana:5fkm9QxuDTw1WBG7vTW9PHmzum8uYqbhiURaaw6aaAmVFRidob7W5GLvXsbjYi7FWmedmhCcPbXZUL5rkEGVJu6C:0:0,T+24h,true,scheduled,success,json_ok,observed,on_time,observed,0496784726be22014d9efd62
solana:5fkm9QxuDTw1WBG7vTW9PHmzum8uYqbhiURaaw6aaAmVFRidob7W5GLvXsbjYi7FWmedmhCcPbXZUL5rkEGVJu6C:0:0,T+60h,true,scheduled,success,json_ok,observed,on_time,observed,6d3e23b6ed0be43918f9f47c
solana:4LFrQfSAM8kNN6jpq6mh737ZtzcoCkJjdZyJJ6ZXkZbNMLmmDkhojUKHaMrK8F93S2CgdueYagPrhytKH4iqnNMY:0:0,T0,true,scheduled,success,json_ok,observed,on_time,observed,b1bcced0d92f7c5659b73827
solana:4LFrQfSAM8kNN6jpq6mh737ZtzcoCkJjdZyJJ6ZXkZbNMLmmDkhojUKHaMrK8F93S2CgdueYagPrhytKH4iqnNMY:0:0,T+24h,true,scheduled,success,json_ok,observed,on_time,observed,1855188dd33ef7d1d06bb231
solana:4LFrQfSAM8kNN6jpq6mh737ZtzcoCkJjdZyJJ6ZXkZbNMLmmDkhojUKHaMrK8F93S2CgdueYagPrhytKH4iqnNMY:0:0,T+60h,true,scheduled,success,json_ok,observed,on_time,observed,e6552411d4fcc484cf3c8d7e
solana:5xJAMEeotW8LfzWHYtZwB2UMKGLXUc2DSkDUfoeyFHDP8A2vhj1b5sksqGa6CSkJxYdVBiiTsPBKAhVQQ2hBnYnL:2:0,T0,true,scheduled,failed,not_observed,not_observed,on_time,request_failed,609657b708dbf309803434be
solana:5xJAMEeotW8LfzWHYtZwB2UMKGLXUc2DSkDUfoeyFHDP8A2vhj1b5sksqGa6CSkJxYdVBiiTsPBKAhVQQ2hBnYnL:2:0,T+24h,true,scheduled,failed,not_observed,not_observed,on_time,request_failed,97778cb397133e8197a4912b
solana:5xJAMEeotW8LfzWHYtZwB2UMKGLXUc2DSkDUfoeyFHDP8A2vhj1b5sksqGa6CSkJxYdVBiiTsPBKAhVQQ2hBnYnL:2:0,T+60h,true,scheduled,failed,not_observed,not_observed,on_time,request_failed,1f768becdce75bda89dc1f18
solana:5o9hM3PSNVtSzXuvNJzotcCkAhSPEFx66y2RcS6F7JpV2pz5juNq7Q8gR9NmnRxJ1kLsoPZp3JWrSYfZpCjBc64L:0:0,T0,true,scheduled,success,json_ok,observed,on_time,observed,717f5d47d844207146aff8dc
solana:5o9hM3PSNVtSzXuvNJzotcCkAhSPEFx66y2RcS6F7JpV2pz5juNq7Q8gR9NmnRxJ1kLsoPZp3JWrSYfZpCjBc64L:0:0,T+24h,true,scheduled,success,json_ok,observed,on_time,observed,b7de7d47affd756e6d9e91bc
solana:5o9hM3PSNVtSzXuvNJzotcCkAhSPEFx66y2RcS6F7JpV2pz5juNq7Q8gR9NmnRxJ1kLsoPZp3JWrSYfZpCjBc64L:0:0,T+60h,true,scheduled,success,json_ok,observed,on_time,observed,15c20c564cc13ed58cb7ed0b
solana:3K3i5suiWYjDULzu9oH5vtgJKzBj53RVKjMfcUyo3weqfpiWxzLGR8CBEPUrUDqaPmneR5rUyQUqLoW1wcoWt42T:2:0,T0,true,scheduled,success,json_ok,observed,on_time,observed,9a010f9a0c4f576ba5d45323
solana:3K3i5suiWYjDULzu9oH5vtgJKzBj53RVKjMfcUyo3weqfpiWxzLGR8CBEPUrUDqaPmneR5rUyQUqLoW1wcoWt42T:2:0,T+24h,true,scheduled,success,json_ok,observed,on_time,observed,59df88325309323f16f240be
solana:3K3i5suiWYjDULzu9oH5vtgJKzBj53RVKjMfcUyo3weqfpiWxzLGR8CBEPUrUDqaPmneR5rUyQUqLoW1wcoWt42T:2:0,T+60h,true,scheduled,success,json_ok,observed,on_time,observed,0185f4994dfa8830d992f54e
solana:3A4rEvAx3PjQCA93yp5UVqtS1wjYs65vKvBmqYaL8ZbESTCmy6JYe4KxN1xmWfzmZXJ5iU7DDwRVzXpmcNuYcokj:0:0,T0,true,scheduled,success,json_ok,observed,on_time,observed,c2801572c1f79ecf4092a1de
solana:3A4rEvAx3PjQCA93yp5UVqtS1wjYs65vKvBmqYaL8ZbESTCmy6JYe4KxN1xmWfzmZXJ5iU7DDwRVzXpmcNuYcokj:0:0,T+24h,true,scheduled,success,json_ok,observed,on_time,observed,76808bfe3e25557277de8e05
solana:3A4rEvAx3PjQCA93yp5UVqtS1wjYs65vKvBmqYaL8ZbESTCmy6JYe4KxN1xmWfzmZXJ5iU7DDwRVzXpmcNuYcokj:0:0,T+60h,true,scheduled,success,json_ok,observed,on_time,observed,042df5f375d4fc2b9b178404
solana:6fr3cHpEtmdmmMBhW9vxDp3qm6CwxNfgjvAAhwdZvMqPXM6UJAWowg4ddjHZBbQADdpHQwBjFa6yPhUrAurwLf5:0:0,T0,true,scheduled,success,json_ok,observed,on_time,observed,8994155f33bfba71c49bee34
solana:6fr3cHpEtmdmmMBhW9vxDp3qm6CwxNfgjvAAhwdZvMqPXM6UJAWowg4ddjHZBbQADdpHQwBjFa6yPhUrAurwLf5:0:0,T+24h,true,scheduled,success,json_ok,observed,on_time,observed,15c2f7a83ecb4534b1dd1518
solana:6fr3cHpEtmdmmMBhW9vxDp3qm6CwxNfgjvAAhwdZvMqPXM6UJAWowg4ddjHZBbQADdpHQwBjFa6yPhUrAurwLf5:0:0,T+60h,true,scheduled,success,json_ok,observed,on_time,observed,ef1402abb0db94b7894e1b2a
solana:z9bvzPUVGfd2JaFL8Pb7f3EvHkcULZZ2wfPnxMCFE9gjNNesmz98oEyGveada93LastcPtv48pQec2mvThMDcm6:2:0,T0,true,scheduled,success,json_ok,observed,on_time,observed,f1d6c3f064a489d07f107126
solana:z9bvzPUVGfd2JaFL8Pb7f3EvHkcULZZ2wfPnxMCFE9gjNNesmz98oEyGveada93LastcPtv48pQec2mvThMDcm6:2:0,T+24h,true,scheduled,success,json_ok,observed,on_time,observed,83c852ce8b537af1be6ea4fc
solana:z9bvzPUVGfd2JaFL8Pb7f3EvHkcULZZ2wfPnxMCFE9gjNNesmz98oEyGveada93LastcPtv48pQec2mvThMDcm6:2:0,T+60h,true,scheduled,failed,not_observed,not_observed,on_time,request_failed,071b2421bf0800bc07b4e1c9
solana:yi6au8D4mXA2zNrSe3JUyzRVR9EsX9QihZdNUKYaZ4NEKBkkbS9gpFbkrPRGgjDJTcut8JruC8esMYtGsFMCLRr:2:0,T0,true,scheduled,failed,not_observed,not_observed,on_time,request_failed,383773b97554a02e3c37a805
solana:yi6au8D4mXA2zNrSe3JUyzRVR9EsX9QihZdNUKYaZ4NEKBkkbS9gpFbkrPRGgjDJTcut8JruC8esMYtGsFMCLRr:2:0,T+24h,true,scheduled,failed,not_observed,not_observed,on_time,request_failed,60bbde28bc1b4c4d03f0a94b
solana:yi6au8D4mXA2zNrSe3JUyzRVR9EsX9QihZdNUKYaZ4NEKBkkbS9gpFbkrPRGgjDJTcut8JruC8esMYtGsFMCLRr:2:0,T+60h,true,scheduled,failed,not_observed,not_observed,on_time,request_failed,8b3b2fb00e0490bf6c338046
solana:pfsEPsVS16ZugZjPzup7JVyHAUr9MRfVXfqBioewSp8WeVC54nVxSdyDHH7mjam1kBv3JrRk5cUTHPi9EKMWq17:1:0,T0,true,scheduled,success,json_ok,observed,on_time,observed,1c45a73dcb863dff68ff4518
solana:pfsEPsVS16ZugZjPzup7JVyHAUr9MRfVXfqBioewSp8WeVC54nVxSdyDHH7mjam1kBv3JrRk5cUTHPi9EKMWq17:1:0,T+24h,true,scheduled,success,json_ok,observed,on_time,observed,b388a2b85cd38a37543ce4cd
solana:pfsEPsVS16ZugZjPzup7JVyHAUr9MRfVXfqBioewSp8WeVC54nVxSdyDHH7mjam1kBv3JrRk5cUTHPi9EKMWq17:1:0,T+60h,true,scheduled,success,json_ok,observed,on_time,observed,c3a6f6750ec3b0aac0d2d9a2
solana:dF8nBvbksAtt6sSDsKKwa9eQTbFcqRF68Ubkcbu8JLWtEE2YSCKZZP2ULJXyArb4BBzLbkhoJ7HugHACXTRHbEF:13:0,T0,true,scheduled,success,json_ok,observed,on_time,observed,b6a0d6323929ed717188a6c6
solana:dF8nBvbksAtt6sSDsKKwa9eQTbFcqRF68Ubkcbu8JLWtEE2YSCKZZP2ULJXyArb4BBzLbkhoJ7HugHACXTRHbEF:13:0,T+24h,true,scheduled,success,json_ok,observed,on_time,observed,81f89309f051ddd6e5b86a61
solana:dF8nBvbksAtt6sSDsKKwa9eQTbFcqRF68Ubkcbu8JLWtEE2YSCKZZP2ULJXyArb4BBzLbkhoJ7HugHACXTRHbEF:13:0,T+60h,true,scheduled,success,json_ok,observed,on_time,observed,c43d76abc69581db77548efa
solana:53co1GW7X58V5bJkT3A6T6nbBhtaEgFujSG1dtJnw74aGDxKneBE6LG13GihcgwUp6XNe5ZZ1okp8hsWUbaHzWwi:2:0,T0,true,scheduled,success,json_ok,observed,on_time,observed,7534caf6b24aaa388bb408d6
solana:53co1GW7X58V5bJkT3A6T6nbBhtaEgFujSG1dtJnw74aGDxKneBE6LG13GihcgwUp6XNe5ZZ1okp8hsWUbaHzWwi:2:0,T+24h,true,scheduled,success,json_ok,observed,on_time,observed,d9a60adf7f3e0d84329e18ef
solana:53co1GW7X58V5bJkT3A6T6nbBhtaEgFujSG1dtJnw74aGDxKneBE6LG13GihcgwUp6XNe5ZZ1okp8hsWUbaHzWwi:2:0,T+60h,true,scheduled,success,json_ok,observed,on_time,observed,af8fdf51d59ff59f2d2f2113
solana:5wjFAKMrD925AryE8DVKJAYtw1zLunjcNgCaZi3qb3BvAovG3xxZxvLra4eKZ5hHnFRixftsYnAMKe1ya1p6AjCJ:2:0,T0,true,scheduled,success,json_ok,observed,on_time,observed,e0c95d13b113b74b52493df3
solana:5wjFAKMrD925AryE8DVKJAYtw1zLunjcNgCaZi3qb3BvAovG3xxZxvLra4eKZ5hHnFRixftsYnAMKe1ya1p6AjCJ:2:0,T+24h,true,scheduled,success,json_ok,observed,on_time,observed,64d9eb6812d08a2d8d2f038a
solana:5wjFAKMrD925AryE8DVKJAYtw1zLunjcNgCaZi3qb3BvAovG3xxZxvLra4eKZ5hHnFRixftsYnAMKe1ya1p6AjCJ:2:0,T+60h,true,scheduled,success,json_ok,observed,on_time,observed,91d420046c7ddb4fa76b25f0
solana:5FeHDgWJBU4yEGjVYr1U6Gsw8xtpBR8EW1HpQNEy37Epz98PFoiJXw97jgmkUcovtEdaCYoEJNEAsDib7VjLd9bb:2:0,T0,true,scheduled,failed,not_observed,not_observed,on_time,request_failed,0f0350903a4057bfc94c48cd
solana:5FeHDgWJBU4yEGjVYr1U6Gsw8xtpBR8EW1HpQNEy37Epz98PFoiJXw97jgmkUcovtEdaCYoEJNEAsDib7VjLd9bb:2:0,T+24h,true,scheduled,failed,not_observed,not_observed,on_time,request_failed,2228cb48498604752756136f
solana:5FeHDgWJBU4yEGjVYr1U6Gsw8xtpBR8EW1HpQNEy37Epz98PFoiJXw97jgmkUcovtEdaCYoEJNEAsDib7VjLd9bb:2:0,T+60h,true,scheduled,failed,not_observed,not_observed,on_time,request_failed,d7042cf55d873f3c1130db83
solana:3iRB2EUz9PQti8gffyTFLoaySXPVSP9JHEJuLfxmfibnhVESwdfTAoSepp3LJ6aNZ6T2dgUp3nczs2B9xomSt1cS:1:0,T0,true,scheduled,success,json_ok,observed,on_time,observed,81f00f9fcab701cb2cfb7e47
solana:3iRB2EUz9PQti8gffyTFLoaySXPVSP9JHEJuLfxmfibnhVESwdfTAoSepp3LJ6aNZ6T2dgUp3nczs2B9xomSt1cS:1:0,T+24h,true,scheduled,success,json_ok,observed,on_time,observed,380144b6498c611a65330dab
solana:3iRB2EUz9PQti8gffyTFLoaySXPVSP9JHEJuLfxmfibnhVESwdfTAoSepp3LJ6aNZ6T2dgUp3nczs2B9xomSt1cS:1:0,T+60h,true,scheduled,success,json_ok,observed,on_time,observed,a08fb4c453075e7e5040dc61
solana:5r3YHWUxuGQX5RWKKWMw2oCvE9GGwentHztBjEXzcDN5vGjbui7ydqPwAs3vtjAY2pbYmp29dXo3zBgUkVLXWwMd:2:0,T0,true,scheduled,success,json_ok,observed,on_time,observed,012ca809c8b0705c57a59ab0
solana:5r3YHWUxuGQX5RWKKWMw2oCvE9GGwentHztBjEXzcDN5vGjbui7ydqPwAs3vtjAY2pbYmp29dXo3zBgUkVLXWwMd:2:0,T+24h,true,scheduled,success,json_ok,observed,on_time,observed,da3f482e387808d7c83138ce
solana:5r3YHWUxuGQX5RWKKWMw2oCvE9GGwentHztBjEXzcDN5vGjbui7ydqPwAs3vtjAY2pbYmp29dXo3zBgUkVLXWwMd:2:0,T+60h,true,scheduled,success,json_ok,observed,on_time,observed,1d686ee9e378b88bdcf37e6d
solana:4oc8QzJFv1UyBstmNkg94MPnCEGRC5M63b1rJ92JEDUfz7ZjwiCMyf2CE7TTG8ZDxqYzsoVvBiCos6V3fz6JphCc:0:0,T0,true,scheduled,success,json_ok,observed,on_time,observed,ef6672e6464539c083a617ec
solana:4oc8QzJFv1UyBstmNkg94MPnCEGRC5M63b1rJ92JEDUfz7ZjwiCMyf2CE7TTG8ZDxqYzsoVvBiCos6V3fz6JphCc:0:0,T+24h,true,scheduled,success,json_ok,observed,on_time,observed,d61c34dc9600da9ae00b4b94
solana:4oc8QzJFv1UyBstmNkg94MPnCEGRC5M63b1rJ92JEDUfz7ZjwiCMyf2CE7TTG8ZDxqYzsoVvBiCos6V3fz6JphCc:0:0,T+60h,true,scheduled,success,json_ok,observed,on_time,observed,0ec94ff562686a9b86de364b
solana:2z1vCD6LYcGaWpvJsooi7ks7dJev6M5GUoLit8jJW19moc918w3NXvoLoz6vJnHhPyDV9pYU13mAWkZkUsJmkj11:2:0,T0,true,scheduled,success,json_ok,observed,on_time,observed,d54a35b7927b535776ed27a7
solana:2z1vCD6LYcGaWpvJsooi7ks7dJev6M5GUoLit8jJW19moc918w3NXvoLoz6vJnHhPyDV9pYU13mAWkZkUsJmkj11:2:0,T+24h,true,scheduled,success,json_ok,observed,on_time,observed,db7b5248c54490ec86e7132a
solana:2z1vCD6LYcGaWpvJsooi7ks7dJev6M5GUoLit8jJW19moc918w3NXvoLoz6vJnHhPyDV9pYU13mAWkZkUsJmkj11:2:0,T+60h,true,scheduled,success,json_ok,observed,on_time,observed,4258687996dc0104c3f439f9
solana:2aRu2BJc8odJxVJUNBmbCHMQcaU9d2UKVbBw7L42Cke6XZg9pwNkZMDsQbMk5jz8nCXM5UptFQU4apQJ9Sa2iTTf:2:0,T0,true,scheduled,success,json_ok,observed,on_time,observed,f2a99d305aa3f9df5fb62c78
solana:2aRu2BJc8odJxVJUNBmbCHMQcaU9d2UKVbBw7L42Cke6XZg9pwNkZMDsQbMk5jz8nCXM5UptFQU4apQJ9Sa2iTTf:2:0,T+24h,true,scheduled,success,json_ok,observed,on_time,observed,d277ee3f0b6e7fc7e477e98c
solana:2aRu2BJc8odJxVJUNBmbCHMQcaU9d2UKVbBw7L42Cke6XZg9pwNkZMDsQbMk5jz8nCXM5UptFQU4apQJ9Sa2iTTf:2:0,T+60h,true,scheduled,success,json_ok,observed,on_time,observed,d5e55176a04155c4ccbab7a5
solana:3bMh4qo8bHTqDJ6sysoYZ5rFL4XcPYJwGrQY8W4qHYXiDE4dRxKyzfXn3aBAP18qureCf5fryvS1zU9P4DhQKZtx:2:0,T0,true,scheduled,success,json_ok,observed,on_time,observed,8264b680ba9c7babf0df803b
solana:3bMh4qo8bHTqDJ6sysoYZ5rFL4XcPYJwGrQY8W4qHYXiDE4dRxKyzfXn3aBAP18qureCf5fryvS1zU9P4DhQKZtx:2:0,T+24h,true,scheduled,success,json_ok,observed,on_time,observed,a4e4e079a5e3dc875ca20dda
solana:3bMh4qo8bHTqDJ6sysoYZ5rFL4XcPYJwGrQY8W4qHYXiDE4dRxKyzfXn3aBAP18qureCf5fryvS1zU9P4DhQKZtx:2:0,T+60h,true,scheduled,success,json_ok,observed,on_time,observed,531abbfdce70fb860db3fd2b
solana:P2R3CKrHmUbcCE48HTwC5htxgiRQ9HP6GYuNUdD4NTyVwX5WV3HpyTwkf4v1ZkjFVbvjWxZHpCqwLfkb2zCpc1y:2:0,T0,true,scheduled,success,json_ok,observed,on_time,observed,4e7abb0c58b0ab20bbffe9b6
solana:P2R3CKrHmUbcCE48HTwC5htxgiRQ9HP6GYuNUdD4NTyVwX5WV3HpyTwkf4v1ZkjFVbvjWxZHpCqwLfkb2zCpc1y:2:0,T+24h,true,scheduled,success,json_ok,observed,on_time,observed,f8351ef8d144dd0f51a0bf65
solana:P2R3CKrHmUbcCE48HTwC5htxgiRQ9HP6GYuNUdD4NTyVwX5WV3HpyTwkf4v1ZkjFVbvjWxZHpCqwLfkb2zCpc1y:2:0,T+60h,true,scheduled,success,json_ok,observed,on_time,observed,efaa4c796bdbd940523ccd9d
solana:u2tq9MCqm7DqqWK8kTPv3eWbQWhf7TK5LtqNvLRcwFphNFVvxzm827UfvKsymDb8RLgd2jDkgj49ry5QAcAFeeJ:2:0,T0,true,scheduled,success,json_ok,observed,on_time,observed,6e66cdaff05eda089aaba84f
solana:u2tq9MCqm7DqqWK8kTPv3eWbQWhf7TK5LtqNvLRcwFphNFVvxzm827UfvKsymDb8RLgd2jDkgj49ry5QAcAFeeJ:2:0,T+24h,true,scheduled,success,json_ok,observed,on_time,observed,9c388d528f023072773c91d9
solana:u2tq9MCqm7DqqWK8kTPv3eWbQWhf7TK5LtqNvLRcwFphNFVvxzm827UfvKsymDb8RLgd2jDkgj49ry5QAcAFeeJ:2:0,T+60h,true,scheduled,success,json_ok,observed,on_time,observed,8fe904b5fa003571f7eab38d
solana:4iXcdf6f45PccB2togWXx3GmLVCxAGRUFXfD9vkXz1gu8JtdYQ87Ks3zSV8Fno3g88mNxivptkK5vZeBjecGLbKe:2:0,T0,true,scheduled,success,json_ok,observed,on_time,observed,d4f884d3e704582e180095a4
solana:4iXcdf6f45PccB2togWXx3GmLVCxAGRUFXfD9vkXz1gu8JtdYQ87Ks3zSV8Fno3g88mNxivptkK5vZeBjecGLbKe:2:0,T+24h,true,scheduled,success,json_ok,observed,on_time,observed,2044a569beb0cfe66b47e68f
solana:4iXcdf6f45PccB2togWXx3GmLVCxAGRUFXfD9vkXz1gu8JtdYQ87Ks3zSV8Fno3g88mNxivptkK5vZeBjecGLbKe:2:0,T+60h,true,scheduled,success,json_ok,observed,on_time,observed,b46be57e4b57cb7c4d5f2dcc
solana:2tYqwzZvDdmrURw4p5LCN7U3vVT9kiSEnkiL7Wgn9p5z7tL4NreWbzyi5s2a3pbVbYPEufo2B3PkgJzB8dHBD6Fe:2:0,T0,true,scheduled,success,json_ok,observed,on_time,observed,ee3c137594e44179aa473af9
solana:2tYqwzZvDdmrURw4p5LCN7U3vVT9kiSEnkiL7Wgn9p5z7tL4NreWbzyi5s2a3pbVbYPEufo2B3PkgJzB8dHBD6Fe:2:0,T+24h,true,scheduled,success,json_ok,observed,on_time,observed,b392267e81fc969ded699f0b
solana:2tYqwzZvDdmrURw4p5LCN7U3vVT9kiSEnkiL7Wgn9p5z7tL4NreWbzyi5s2a3pbVbYPEufo2B3PkgJzB8dHBD6Fe:2:0,T+60h,true,scheduled,success,json_ok,observed,on_time,observed,fb79026bb7571a6d2f582038
solana:5ZmJXDBsbQw3QxhjcMBoAqdrbf4cJ4pJn5h3CJvFWisVUYTUdRy1LkRTC7j4yCFmRrfe5vsNNzkn9gvwWCFUacrk:2:0,T0,true,scheduled,success,json_ok,observed,on_time,observed,9164381104211ac2111e7815
solana:5ZmJXDBsbQw3QxhjcMBoAqdrbf4cJ4pJn5h3CJvFWisVUYTUdRy1LkRTC7j4yCFmRrfe5vsNNzkn9gvwWCFUacrk:2:0,T+24h,true,scheduled,success,json_ok,observed,on_time,observed,575c0dade4ee74964ba5ae51
solana:5ZmJXDBsbQw3QxhjcMBoAqdrbf4cJ4pJn5h3CJvFWisVUYTUdRy1LkRTC7j4yCFmRrfe5vsNNzkn9gvwWCFUacrk:2:0,T+60h,true,scheduled,success,json_ok,observed,on_time,observed,e34982689e921b245919942e
solana:4mrVR3qxsQvEHmbakWUkkC8j4PBPXrvpkxqamxfmh8R3KGncVhQR2pvPXypQ6DNAJLTKp2WyzoWmRCxcuBBqd5Ej:3:0,T0,true,scheduled,success,json_ok,observed,on_time,observed,bbaa9830b8139393f6c06f95
solana:4mrVR3qxsQvEHmbakWUkkC8j4PBPXrvpkxqamxfmh8R3KGncVhQR2pvPXypQ6DNAJLTKp2WyzoWmRCxcuBBqd5Ej:3:0,T+24h,true,scheduled,success,json_ok,observed,on_time,observed,61bf05e5d30854fcaa6626b8
solana:4mrVR3qxsQvEHmbakWUkkC8j4PBPXrvpkxqamxfmh8R3KGncVhQR2pvPXypQ6DNAJLTKp2WyzoWmRCxcuBBqd5Ej:3:0,T+60h,true,scheduled,success,json_ok,observed,on_time,observed,78f9376eabf6930bbb2fec03
solana:3skVoB3RetbLu4ZV5uny5m9jHDTVEjJp2ijqCJoEVPj9GbP2bYPR4QKxdSyiXVu3VW89hpNeb9Pu1L2KNVR7QGwt:2:0,T0,true,scheduled,success,json_ok,observed,on_time,observed,2ec191e1ba8bcc915f63483d
solana:3skVoB3RetbLu4ZV5uny5m9jHDTVEjJp2ijqCJoEVPj9GbP2bYPR4QKxdSyiXVu3VW89hpNeb9Pu1L2KNVR7QGwt:2:0,T+24h,true,scheduled,success,json_ok,observed,on_time,observed,1eab9d38103a496b51c23241
solana:3skVoB3RetbLu4ZV5uny5m9jHDTVEjJp2ijqCJoEVPj9GbP2bYPR4QKxdSyiXVu3VW89hpNeb9Pu1L2KNVR7QGwt:2:0,T+60h,true,scheduled,success,json_ok,observed,on_time,observed,bf35777ff586f0ea8f32f478
solana:2BTaTfD1abMq4isdvuTiUUezpf1uquwDfSuL1hvfEBhzBfUrG1DhbsR7ucE9MVVdfwboRfHwq8SfJUPYSGHLkcXi:2:0,T0,true,scheduled,success,json_ok,observed,on_time,observed,62a27d82ee2fe63c44007200
solana:2BTaTfD1abMq4isdvuTiUUezpf1uquwDfSuL1hvfEBhzBfUrG1DhbsR7ucE9MVVdfwboRfHwq8SfJUPYSGHLkcXi:2:0,T+24h,true,scheduled,success,json_ok,observed,on_time,observed,98ca65688ac9f5563c1170bc
solana:2BTaTfD1abMq4isdvuTiUUezpf1uquwDfSuL1hvfEBhzBfUrG1DhbsR7ucE9MVVdfwboRfHwq8SfJUPYSGHLkcXi:2:0,T+60h,true,scheduled,success,json_ok,observed,on_time,observed,4c04c0ebabb6db58e004c80c
solana:5yep1BTXQAEZa2ekeacvb6QWk8AheYTaQcHLPYqy51wKn6EWLXEGAkKknTNb1PiZYETqdcqvGpCdmxviu2eDRT7e:2:0,T0,true,scheduled,success,json_ok,observed,on_time,observed,89603f714e06a860957e3845
solana:5yep1BTXQAEZa2ekeacvb6QWk8AheYTaQcHLPYqy51wKn6EWLXEGAkKknTNb1PiZYETqdcqvGpCdmxviu2eDRT7e:2:0,T+24h,true,scheduled,success,json_ok,observed,on_time,observed,b0514c80536af02130d4373a
solana:5yep1BTXQAEZa2ekeacvb6QWk8AheYTaQcHLPYqy51wKn6EWLXEGAkKknTNb1PiZYETqdcqvGpCdmxviu2eDRT7e:2:0,T+60h,true,scheduled,success,json_ok,observed,on_time,observed,5ce720a653720c0c6047a357
solana:5wT1ABGDNzB9gkUKjoqbSS1CYDmUekDJr1sWkMYcGvQtC6SkqxsFA2Wg7KHLF4fxpSPABRoK2ZPQYBiZkgP6DarT:2:0,T0,true,scheduled,success,json_ok,observed,on_time,observed,b639ddf84e073b959a1c9ad7
solana:5wT1ABGDNzB9gkUKjoqbSS1CYDmUekDJr1sWkMYcGvQtC6SkqxsFA2Wg7KHLF4fxpSPABRoK2ZPQYBiZkgP6DarT:2:0,T+24h,true,scheduled,success,json_ok,observed,on_time,observed,f76e2166214a2fc7c5127d66
solana:5wT1ABGDNzB9gkUKjoqbSS1CYDmUekDJr1sWkMYcGvQtC6SkqxsFA2Wg7KHLF4fxpSPABRoK2ZPQYBiZkgP6DarT:2:0,T+60h,true,scheduled,success,json_ok,observed,on_time,observed,1a3a1b532979b09fb079e4a2
solana:3NsS2bRFuQ33Z5psnneufKfnxjXcd34DJx52ooZwh59TY9p1MysfcLpUUirBhV8g5nN8Rrfz1wVwdFcw3y47ZA7a:2:0,T0,true,scheduled,not_collected_policy,not_collected_policy,not_observed,not_applicable,not_collected_policy,38573fc02b92d40a8ec4af47
solana:3NsS2bRFuQ33Z5psnneufKfnxjXcd34DJx52ooZwh59TY9p1MysfcLpUUirBhV8g5nN8Rrfz1wVwdFcw3y47ZA7a:2:0,T+24h,true,scheduled,not_collected_policy,not_collected_policy,not_observed,not_applicable,not_collected_policy,dc73d0414d8cf63afeb9fd70
solana:3NsS2bRFuQ33Z5psnneufKfnxjXcd34DJx52ooZwh59TY9p1MysfcLpUUirBhV8g5nN8Rrfz1wVwdFcw3y47ZA7a:2:0,T+60h,true,scheduled,not_collected_policy,not_collected_policy,not_observed,not_applicable,not_collected_policy,4935023e4a57aa90cbbbde67
solana:itzNLqHtXvH4tPLpWb5KPtatZavC2RpMenG22XUwJR24MCmuMTStdLX3p9zUQ8kBa7qB2htYmuX3YAU6YmWGRD2:2:0,T0,true,scheduled,success,json_ok,observed,on_time,observed,cf0d739cc330779a5ea853cb
solana:itzNLqHtXvH4tPLpWb5KPtatZavC2RpMenG22XUwJR24MCmuMTStdLX3p9zUQ8kBa7qB2htYmuX3YAU6YmWGRD2:2:0,T+24h,true,scheduled,success,json_ok,observed,on_time,observed,b906d1e377a240e9f84ce0e5
solana:itzNLqHtXvH4tPLpWb5KPtatZavC2RpMenG22XUwJR24MCmuMTStdLX3p9zUQ8kBa7qB2htYmuX3YAU6YmWGRD2:2:0,T+60h,true,scheduled,success,json_ok,observed,on_time,observed,ac84b1fcbc44eccab718ba9f
solana:4LPTiyfAUXeJijGhHkbhrtoSG7nfJnVux57R83eS1k3zs9ooTTvYwWuseZX2R7uZPmnx8szbchh2mZFpvTa9tXD2:2:0,T0,true,scheduled,failed,not_observed,not_observed,on_time,request_failed,f3a1d015d8ae87d52e6a0cad
solana:4LPTiyfAUXeJijGhHkbhrtoSG7nfJnVux57R83eS1k3zs9ooTTvYwWuseZX2R7uZPmnx8szbchh2mZFpvTa9tXD2:2:0,T+24h,true,scheduled,failed,not_observed,not_observed,on_time,request_failed,6d4368f50ff1384c4b900a9b
solana:4LPTiyfAUXeJijGhHkbhrtoSG7nfJnVux57R83eS1k3zs9ooTTvYwWuseZX2R7uZPmnx8szbchh2mZFpvTa9tXD2:2:0,T+60h,true,scheduled,failed,not_observed,not_observed,on_time,request_failed,756d5a46697b0553b33c9d71
solana:5u9Udv3Li98X3TgtEqVJ1FGXJaGGsyyLiQpHA5NhhSyNcoEw1m5g7Ga7C4f8sSvBcfSt5M9sZiymQUeiArQ7VJDF:2:0,T0,true,scheduled,success,json_ok,observed,on_time,observed,fc8f3560c31cc32c601413b2
solana:5u9Udv3Li98X3TgtEqVJ1FGXJaGGsyyLiQpHA5NhhSyNcoEw1m5g7Ga7C4f8sSvBcfSt5M9sZiymQUeiArQ7VJDF:2:0,T+24h,true,scheduled,success,json_ok,observed,on_time,observed,50719787bfbb4df8eb0335f4
solana:5u9Udv3Li98X3TgtEqVJ1FGXJaGGsyyLiQpHA5NhhSyNcoEw1m5g7Ga7C4f8sSvBcfSt5M9sZiymQUeiArQ7VJDF:2:0,T+60h,true,scheduled,success,json_ok,observed,on_time,observed,c53f5c202dbc8552f33584d7
solana:549aM7uPyw1ifTE9yJFNE12jxDQrk1CWG6s4xwcf1u1wUaETqFZ3wHCTBX48w2w8XEk8KjGKBExyby84tigRnNVP:0:0,T0,true,scheduled,success,json_ok,observed,on_time,observed,993014821e940495918bb213
solana:549aM7uPyw1ifTE9yJFNE12jxDQrk1CWG6s4xwcf1u1wUaETqFZ3wHCTBX48w2w8XEk8KjGKBExyby84tigRnNVP:0:0,T+24h,true,scheduled,success,json_ok,observed,on_time,observed,8fb8612a604d18be93fac9f1
solana:549aM7uPyw1ifTE9yJFNE12jxDQrk1CWG6s4xwcf1u1wUaETqFZ3wHCTBX48w2w8XEk8KjGKBExyby84tigRnNVP:0:0,T+60h,true,scheduled,success,json_ok,observed,on_time,observed,924fbcd45b982834b3b889e9
solana:3UnRaEBtDxRJcmZZ3s4cY3KNfzhoqnbJa5Y9d4Wjw68v17MNTUEpMnhNDQg591oNBzcwZJJK2UtyGZce6UbZUE7S:2:0,T0,true,scheduled,success,json_ok,observed,on_time,observed,2ef216a4ef906f87da634f7b
solana:3UnRaEBtDxRJcmZZ3s4cY3KNfzhoqnbJa5Y9d4Wjw68v17MNTUEpMnhNDQg591oNBzcwZJJK2UtyGZce6UbZUE7S:2:0,T+24h,true,scheduled,success,json_ok,observed,on_time,observed,e1a5cad3e77110054ef5233d
solana:3UnRaEBtDxRJcmZZ3s4cY3KNfzhoqnbJa5Y9d4Wjw68v17MNTUEpMnhNDQg591oNBzcwZJJK2UtyGZce6UbZUE7S:2:0,T+60h,true,scheduled,success,json_ok,observed,on_time,observed,c1e90b670bd62489b72b076d
solana:ANMVQ1FPUQzZGV8QP4vBQ2ZU62sZ3eowjWoM5MjCXWAg4NCxFiGk8ZKaypUqTczoSVe8p7bMgTDpJwcMK3rGxAK:2:0,T0,true,scheduled,success,json_ok,observed,on_time,observed,34ae4f50483d0e5e006de5d3
solana:ANMVQ1FPUQzZGV8QP4vBQ2ZU62sZ3eowjWoM5MjCXWAg4NCxFiGk8ZKaypUqTczoSVe8p7bMgTDpJwcMK3rGxAK:2:0,T+24h,true,scheduled,success,json_ok,observed,on_time,observed,1284bbbab39d0661266f4818
solana:ANMVQ1FPUQzZGV8QP4vBQ2ZU62sZ3eowjWoM5MjCXWAg4NCxFiGk8ZKaypUqTczoSVe8p7bMgTDpJwcMK3rGxAK:2:0,T+60h,true,scheduled,success,json_ok,observed,on_time,observed,db8af7ef41ea1a91a95da9f4
solana:3dsoQgfWq9GQVXvAjWqB6GNvEpbvYuwrzRi95p2AQB4crvKVQN28K8abEWEikESUxwNCQW1wgGER13VAYDnFsdWM:2:0,T0,true,scheduled,success,json_ok,observed,on_time,observed,872131a16f647eb76073141e
solana:3dsoQgfWq9GQVXvAjWqB6GNvEpbvYuwrzRi95p2AQB4crvKVQN28K8abEWEikESUxwNCQW1wgGER13VAYDnFsdWM:2:0,T+24h,true,scheduled,success,json_ok,observed,on_time,observed,89317eaa9057c14cecda6055
solana:3dsoQgfWq9GQVXvAjWqB6GNvEpbvYuwrzRi95p2AQB4crvKVQN28K8abEWEikESUxwNCQW1wgGER13VAYDnFsdWM:2:0,T+60h,true,scheduled,success,json_ok,observed,on_time,observed,6495eb996aff28ff58d95af6
solana:3ewTA2qKKm1VPQRBQXt5DUpLgfpENwP4R3imbgw9xrjp81tXu4cQpJZxnRBqZhVofmpEus6HEN2qnbP21bw8paZT:2:0,T0,true,scheduled,success,json_ok,observed,on_time,observed,56a8f42ad966f6e7478ae537
solana:3ewTA2qKKm1VPQRBQXt5DUpLgfpENwP4R3imbgw9xrjp81tXu4cQpJZxnRBqZhVofmpEus6HEN2qnbP21bw8paZT:2:0,T+24h,true,scheduled,success,json_ok,observed,on_time,observed,ff7736b4861fcc88b04d9b13
solana:3ewTA2qKKm1VPQRBQXt5DUpLgfpENwP4R3imbgw9xrjp81tXu4cQpJZxnRBqZhVofmpEus6HEN2qnbP21bw8paZT:2:0,T+60h,true,scheduled,success,json_ok,observed,on_time,observed,f599ce4374c9bd3d9c0b09cb
solana:5UkWMuTUiyiBjBFs2wvUACiCKzHWpncUudGZAzCvsixRH4mqYoxHfCCAKBbqxe13e9YhkFifXkeaW9X7sxgQCRLJ:2:0,T0,true,scheduled,success,json_ok,observed,on_time,observed,3ff75885e4d5de2b877b96d6
solana:5UkWMuTUiyiBjBFs2wvUACiCKzHWpncUudGZAzCvsixRH4mqYoxHfCCAKBbqxe13e9YhkFifXkeaW9X7sxgQCRLJ:2:0,T+24h,true,scheduled,success,json_ok,observed,on_time,observed,8e14e5367be572d76b550d83
solana:5UkWMuTUiyiBjBFs2wvUACiCKzHWpncUudGZAzCvsixRH4mqYoxHfCCAKBbqxe13e9YhkFifXkeaW9X7sxgQCRLJ:2:0,T+60h,true,scheduled,success,json_ok,observed,on_time,observed,11b38b99186acf94945acb6f
solana:77YkXV6XbJxkShJSuGxGEB8FEWeqNMv6wcLDEvA9Q1wx9RKVN9XgkoaPuNhabctjbguVydLnFbHbxzi14oTr77D:2:0,T0,true,scheduled,success,json_ok,observed,on_time,observed,3e11c9d7d585e04bd58d79fe
solana:77YkXV6XbJxkShJSuGxGEB8FEWeqNMv6wcLDEvA9Q1wx9RKVN9XgkoaPuNhabctjbguVydLnFbHbxzi14oTr77D:2:0,T+24h,true,scheduled,success,json_ok,observed,on_time,observed,03564a045d0a3fae00c3a292
solana:77YkXV6XbJxkShJSuGxGEB8FEWeqNMv6wcLDEvA9Q1wx9RKVN9XgkoaPuNhabctjbguVydLnFbHbxzi14oTr77D:2:0,T+60h,true,scheduled,success,json_ok,observed,on_time,observed,95c995cb590d3d0695c55b74
solana:5wagJLwF8LTzq6vR3JrSdFJHYy7PuYmeybqKrcibSDK8nePjwXrhyLzESZrVcLtDxHUPBnWCuf3GRDqUTMuRK4Wy:2:0,T0,true,scheduled,success,json_ok,observed,on_time,observed,a3658a23cd5c41e9c9aa15c7
solana:5wagJLwF8LTzq6vR3JrSdFJHYy7PuYmeybqKrcibSDK8nePjwXrhyLzESZrVcLtDxHUPBnWCuf3GRDqUTMuRK4Wy:2:0,T+24h,true,scheduled,success,json_ok,observed,on_time,observed,c757ced2fbc8be9c9cbc1df0
solana:5wagJLwF8LTzq6vR3JrSdFJHYy7PuYmeybqKrcibSDK8nePjwXrhyLzESZrVcLtDxHUPBnWCuf3GRDqUTMuRK4Wy:2:0,T+60h,true,scheduled,success,json_ok,observed,on_time,observed,580fd773bc719fc12ce2192d
solana:JCcuUZqtfZcrrsSyisjnEaLuBghbFgNFrvHZ8jrtW6znEP63cXwyUZTkS5hC9sUQBHTLRyfwU4aSNuU9oDw1hgp:2:0,T0,true,scheduled,success,json_ok,observed,on_time,observed,cb1fb8479627da182d372609
solana:JCcuUZqtfZcrrsSyisjnEaLuBghbFgNFrvHZ8jrtW6znEP63cXwyUZTkS5hC9sUQBHTLRyfwU4aSNuU9oDw1hgp:2:0,T+24h,true,scheduled,success,json_ok,observed,on_time,observed,e495b34ab5941bd03c370c9d
solana:JCcuUZqtfZcrrsSyisjnEaLuBghbFgNFrvHZ8jrtW6znEP63cXwyUZTkS5hC9sUQBHTLRyfwU4aSNuU9oDw1hgp:2:0,T+60h,true,scheduled,success,json_ok,observed,on_time,observed,54c3d0b50eaba75ac8560393
solana:2TvRfeoXTrS4vzk7utU3kpXRojLejr2fXgpy9bGtQayyvfnFsxvL8eYvCJUaLB3dDCcVv8VAXhDy7A9NjknY5hkt:2:0,T0,true,scheduled,success,json_ok,observed,on_time,observed,c6f370b0021d70ebebb8b098
solana:2TvRfeoXTrS4vzk7utU3kpXRojLejr2fXgpy9bGtQayyvfnFsxvL8eYvCJUaLB3dDCcVv8VAXhDy7A9NjknY5hkt:2:0,T+24h,true,scheduled,success,json_ok,observed,on_time,observed,0187ca964a1f02bbaad8c537
solana:2TvRfeoXTrS4vzk7utU3kpXRojLejr2fXgpy9bGtQayyvfnFsxvL8eYvCJUaLB3dDCcVv8VAXhDy7A9NjknY5hkt:2:0,T+60h,true,scheduled,success,json_ok,observed,on_time,observed,c65203c4b073e1afd3faabe9
solana:56Q3zycgEVJKKbL1RrnewRY2wVLZEw6tt6Kj6dS2zLyJFWdNE6r1Nkj6rwGs3ipgp5SeWAnbJggvSUeqE6HFaUQy:0:0,T0,true,scheduled,success,json_ok,observed,on_time,observed,885159637ab9eca68aca5588
solana:56Q3zycgEVJKKbL1RrnewRY2wVLZEw6tt6Kj6dS2zLyJFWdNE6r1Nkj6rwGs3ipgp5SeWAnbJggvSUeqE6HFaUQy:0:0,T+24h,true,scheduled,success,json_ok,observed,on_time,observed,8436d7aeb5700910bff09bf4
solana:56Q3zycgEVJKKbL1RrnewRY2wVLZEw6tt6Kj6dS2zLyJFWdNE6r1Nkj6rwGs3ipgp5SeWAnbJggvSUeqE6HFaUQy:0:0,T+60h,true,scheduled,success,json_ok,observed,on_time,observed,e6831c769dc01932a8a9948e
solana:43y8aspd6oDCWg7RgeW8R2SQZp8giJrz48Qnoqy96WzAqxhTACYiocuHuSdBHDuVoNAvP4gkJzwGp3QT5foHm5LC:2:0,T0,true,scheduled,success,json_ok,observed,on_time,observed,06b209aa370fb405b6620678
solana:43y8aspd6oDCWg7RgeW8R2SQZp8giJrz48Qnoqy96WzAqxhTACYiocuHuSdBHDuVoNAvP4gkJzwGp3QT5foHm5LC:2:0,T+24h,true,scheduled,success,json_ok,observed,on_time,observed,dd3c23662ec5fde33edf9740
solana:43y8aspd6oDCWg7RgeW8R2SQZp8giJrz48Qnoqy96WzAqxhTACYiocuHuSdBHDuVoNAvP4gkJzwGp3QT5foHm5LC:2:0,T+60h,true,scheduled,success,json_ok,observed,on_time,observed,0572092388270d8163c447be
solana:ECVAkXDVbkN41Ryht5tmf7EjNbk5homDhMq12ADJyKkL6d9DUafjyFntnghx3mhRuK5kFHiWV1PD2cfVUjnVwnA:2:0,T0,true,scheduled,success,json_ok,observed,on_time,observed,f3988ae314c5100c074dad0a
solana:ECVAkXDVbkN41Ryht5tmf7EjNbk5homDhMq12ADJyKkL6d9DUafjyFntnghx3mhRuK5kFHiWV1PD2cfVUjnVwnA:2:0,T+24h,true,scheduled,success,json_ok,observed,on_time,observed,44a653a7d21eedb2291b539f
solana:ECVAkXDVbkN41Ryht5tmf7EjNbk5homDhMq12ADJyKkL6d9DUafjyFntnghx3mhRuK5kFHiWV1PD2cfVUjnVwnA:2:0,T+60h,true,scheduled,success,json_ok,observed,on_time,observed,61d51bfd48433ace8f0e35d2
solana:3dyns7wfLpzQ9uWfBguVB17PUoxynvUYP4U8BvYVgaZ7U5wnzgp1G9TUabQHL727Vktr67UU58KbUSPZ1xAiGPHD:2:0,T0,true,scheduled,success,json_ok,observed,on_time,observed,cd452a9e9063e6edea435587
solana:3dyns7wfLpzQ9uWfBguVB17PUoxynvUYP4U8BvYVgaZ7U5wnzgp1G9TUabQHL727Vktr67UU58KbUSPZ1xAiGPHD:2:0,T+24h,true,scheduled,success,json_ok,observed,on_time,observed,ab3e7e4e4349daa44edf7127
solana:3dyns7wfLpzQ9uWfBguVB17PUoxynvUYP4U8BvYVgaZ7U5wnzgp1G9TUabQHL727Vktr67UU58KbUSPZ1xAiGPHD:2:0,T+60h,true,scheduled,success,json_ok,observed,on_time,observed,15087b878b96c51230f2c92f
solana:3PBFfiN8TqixxTMDo5XFunRsgAf4mHELKXeLWcFRKJ3UV5PoLRcrnr1tMx3Jvu2ynrfvFnVmUdwLCMYLRBFHzAoj:2:0,T0,true,scheduled,success,json_ok,observed,on_time,observed,66ae01fa33e6512af8c78705
solana:3PBFfiN8TqixxTMDo5XFunRsgAf4mHELKXeLWcFRKJ3UV5PoLRcrnr1tMx3Jvu2ynrfvFnVmUdwLCMYLRBFHzAoj:2:0,T+24h,true,scheduled,success,json_ok,observed,on_time,observed,26d2d9d036b451e62f84bcbe
solana:3PBFfiN8TqixxTMDo5XFunRsgAf4mHELKXeLWcFRKJ3UV5PoLRcrnr1tMx3Jvu2ynrfvFnVmUdwLCMYLRBFHzAoj:2:0,T+60h,true,scheduled,success,json_ok,observed,on_time,observed,c23c9c15ae61f656cb5b358f
solana:3yQq759T3DeJgPdm8j4bS32Znxzn2bgQZeip4oSFJHushsSTXQ4i5jnrui5UApfBXoSKbbxZ4ChhyoSveyxEz4Y3:2:0,T0,true,scheduled,not_collected_policy,not_collected_policy,not_observed,not_applicable,not_collected_policy,6d9a5957b8a9b412dfacec80
solana:3yQq759T3DeJgPdm8j4bS32Znxzn2bgQZeip4oSFJHushsSTXQ4i5jnrui5UApfBXoSKbbxZ4ChhyoSveyxEz4Y3:2:0,T+24h,true,scheduled,not_collected_policy,not_collected_policy,not_observed,not_applicable,not_collected_policy,1698cdc19a2b7a1a36ad3582
solana:3yQq759T3DeJgPdm8j4bS32Znxzn2bgQZeip4oSFJHushsSTXQ4i5jnrui5UApfBXoSKbbxZ4ChhyoSveyxEz4Y3:2:0,T+60h,true,scheduled,not_collected_policy,not_collected_policy,not_observed,not_applicable,not_collected_policy,ef15d42178e07525aac50c5a
solana:2ikBc7dfhRKxSmFQ8s6isYj5HcxjGMSLp9agjFLf61mXEgbPiPQfEnWNUAegMr5xnx7EKe87WbGVi9nLJUqbAGPk:2:0,T0,true,scheduled,failed,not_observed,not_observed,on_time,request_failed,fe1bffa57c0326e69a1475e9
solana:2ikBc7dfhRKxSmFQ8s6isYj5HcxjGMSLp9agjFLf61mXEgbPiPQfEnWNUAegMr5xnx7EKe87WbGVi9nLJUqbAGPk:2:0,T+24h,true,scheduled,failed,not_observed,not_observed,on_time,request_failed,d630ff509d5d81df719bf75d
solana:2ikBc7dfhRKxSmFQ8s6isYj5HcxjGMSLp9agjFLf61mXEgbPiPQfEnWNUAegMr5xnx7EKe87WbGVi9nLJUqbAGPk:2:0,T+60h,true,scheduled,failed,not_observed,not_observed,on_time,request_failed,d3284bc16aad8b408ef11083
solana:vATdnRBRpjXGfg4gBZmN9jn889LJTZB19AmFtThk8dBa33gCEuZBuZASB4xEAGtazTMESD5E9MiioMkCGmYpQ4Q:2:0,T0,true,scheduled,success,json_ok,observed,on_time,observed,cef953ed2a9dc7037a506980
solana:vATdnRBRpjXGfg4gBZmN9jn889LJTZB19AmFtThk8dBa33gCEuZBuZASB4xEAGtazTMESD5E9MiioMkCGmYpQ4Q:2:0,T+24h,true,scheduled,success,json_ok,observed,on_time,observed,09792818ed0c54fce56788fa
solana:vATdnRBRpjXGfg4gBZmN9jn889LJTZB19AmFtThk8dBa33gCEuZBuZASB4xEAGtazTMESD5E9MiioMkCGmYpQ4Q:2:0,T+60h,true,scheduled,success,json_ok,observed,on_time,observed,6ee027056b01932561cfcac7
solana:PwZ7iWpuBJgmThAFHDxcw8eYdKEEW7K4tqPycj7wBuecRpW2m6fi8G1nVUAhB2gWCmUwFtrp6bBF3yNmvvqNFLN:0:0,T0,true,scheduled,success,json_ok,observed,on_time,observed,70b09a8436afa2a08167680f
solana:PwZ7iWpuBJgmThAFHDxcw8eYdKEEW7K4tqPycj7wBuecRpW2m6fi8G1nVUAhB2gWCmUwFtrp6bBF3yNmvvqNFLN:0:0,T+24h,true,scheduled,success,json_ok,observed,on_time,observed,c40e5317103e8df8518647d9
solana:PwZ7iWpuBJgmThAFHDxcw8eYdKEEW7K4tqPycj7wBuecRpW2m6fi8G1nVUAhB2gWCmUwFtrp6bBF3yNmvvqNFLN:0:0,T+60h,true,scheduled,success,json_ok,observed,on_time,observed,b40efacc2e178abb9490f920
solana:62K6evjhfJwqQUFtxWrXsRQ5Nu2XSPZ3Fq9WCWwshzwnn3u1xXjEGrDqf9HFDsDb9jNTm5WpbytjN8H1kfvgzYPw:2:0,T0,true,scheduled,success,json_ok,observed,on_time,observed,72f75288d4db2eb6ca8b387c
solana:62K6evjhfJwqQUFtxWrXsRQ5Nu2XSPZ3Fq9WCWwshzwnn3u1xXjEGrDqf9HFDsDb9jNTm5WpbytjN8H1kfvgzYPw:2:0,T+24h,true,scheduled,success,json_ok,observed,on_time,observed,4d3aa367deea9cc6fda3db78
solana:62K6evjhfJwqQUFtxWrXsRQ5Nu2XSPZ3Fq9WCWwshzwnn3u1xXjEGrDqf9HFDsDb9jNTm5WpbytjN8H1kfvgzYPw:2:0,T+60h,true,scheduled,success,json_ok,observed,on_time,observed,df4d52658344842b1f3b74b3
solana:HmKGRkFRxg8YV3Hq9LAZRWo1uBZBKDF9ESc8UE8NqMBh3jmNQuVSrjYRJ9Nmdw9hGp2K48xsgNi99RbgvwYYMqJ:2:0,T0,true,scheduled,success,json_ok,observed,on_time,observed,4153e5360d3d637125862065
solana:HmKGRkFRxg8YV3Hq9LAZRWo1uBZBKDF9ESc8UE8NqMBh3jmNQuVSrjYRJ9Nmdw9hGp2K48xsgNi99RbgvwYYMqJ:2:0,T+24h,true,scheduled,success,json_ok,observed,on_time,observed,c4ffa9164fd0658b49667538
solana:HmKGRkFRxg8YV3Hq9LAZRWo1uBZBKDF9ESc8UE8NqMBh3jmNQuVSrjYRJ9Nmdw9hGp2K48xsgNi99RbgvwYYMqJ:2:0,T+60h,true,scheduled,success,json_ok,observed,on_time,observed,6ee5e26fece607b11f1623cf
solana:3H37bCt7DD83fD9ghDzoqqPLBwoEnfJyh4BBexvbYvJZtZtmmjktAqoZagYs1epFFkbVNpoLx5UoLuHtnG5WV6BU:2:0,T0,true,scheduled,success,json_ok,observed,on_time,observed,a6939addb93799e125bb349a
solana:3H37bCt7DD83fD9ghDzoqqPLBwoEnfJyh4BBexvbYvJZtZtmmjktAqoZagYs1epFFkbVNpoLx5UoLuHtnG5WV6BU:2:0,T+24h,true,scheduled,success,json_ok,observed,on_time,observed,9e6df338a5e48132e2694639
solana:3H37bCt7DD83fD9ghDzoqqPLBwoEnfJyh4BBexvbYvJZtZtmmjktAqoZagYs1epFFkbVNpoLx5UoLuHtnG5WV6BU:2:0,T+60h,true,scheduled,success,json_ok,observed,on_time,observed,bc88094d20d0a0c85255476a
solana:3hpiYnUSomJ42YM925a7GHsw3Di7bD4fgmUorxctT6csUsxGxp7tzGwMSorhumt6Gc5xSgEFejZ2tdXM5Wd9qEBv:0:0,T0,true,scheduled,success,json_ok,observed,on_time,observed,f075778b346c2181a1c7c370
solana:3hpiYnUSomJ42YM925a7GHsw3Di7bD4fgmUorxctT6csUsxGxp7tzGwMSorhumt6Gc5xSgEFejZ2tdXM5Wd9qEBv:0:0,T+24h,true,scheduled,success,json_ok,observed,on_time,observed,fd1e4dd972a48c22a4fd7733
solana:3hpiYnUSomJ42YM925a7GHsw3Di7bD4fgmUorxctT6csUsxGxp7tzGwMSorhumt6Gc5xSgEFejZ2tdXM5Wd9qEBv:0:0,T+60h,true,scheduled,success,json_ok,observed,on_time,observed,9187b3aa02ae5f2d1be1f62f
solana:8ZsLBoF65kfo7mJ5FQ8aYc75p3cVQPBFEg3GT27Nudc7eiZ15BkMSxf5H3MhzEb5Mvpqr83xMBDhderiUoBEpDC:2:0,T0,true,scheduled,success,json_ok,observed,on_time,observed,bb8474677452509f228a8a78
solana:8ZsLBoF65kfo7mJ5FQ8aYc75p3cVQPBFEg3GT27Nudc7eiZ15BkMSxf5H3MhzEb5Mvpqr83xMBDhderiUoBEpDC:2:0,T+24h,true,scheduled,success,json_ok,observed,on_time,observed,06ff1098e96eff4ff320b821
solana:8ZsLBoF65kfo7mJ5FQ8aYc75p3cVQPBFEg3GT27Nudc7eiZ15BkMSxf5H3MhzEb5Mvpqr83xMBDhderiUoBEpDC:2:0,T+60h,true,scheduled,success,json_ok,observed,on_time,observed,578cef142b74848e6e0f2ca7
solana:4tbUdryNtmoVCDc5zGeshcVakCrFECApaFTeAT6ZPWWn1ddThZ42UW4HPEZZ71LP5cifYXjsEvi1ZHCVEdGQpwWx:1:0,T0,true,scheduled,success,json_ok,observed,on_time,observed,6a27158ca089ae5ca65a59ce
solana:4tbUdryNtmoVCDc5zGeshcVakCrFECApaFTeAT6ZPWWn1ddThZ42UW4HPEZZ71LP5cifYXjsEvi1ZHCVEdGQpwWx:1:0,T+24h,true,scheduled,success,json_ok,observed,on_time,observed,62ffa3028e5b0a19ea829ed0
solana:4tbUdryNtmoVCDc5zGeshcVakCrFECApaFTeAT6ZPWWn1ddThZ42UW4HPEZZ71LP5cifYXjsEvi1ZHCVEdGQpwWx:1:0,T+60h,true,scheduled,success,json_ok,observed,on_time,observed,27267901e0b0c5f8328d2f03
solana:5Sk3T8uPoGrcx9sAfZPv7FwzwpUJq1HiM5Yn1N2eHNQPZTLRNRAfpS6dr8cbnSNvWPqRaz1isXQms2xmHnGXr7mD:2:0,T0,true,scheduled,success,json_ok,observed,on_time,observed,ad8a5855bf86acb3745563de
solana:5Sk3T8uPoGrcx9sAfZPv7FwzwpUJq1HiM5Yn1N2eHNQPZTLRNRAfpS6dr8cbnSNvWPqRaz1isXQms2xmHnGXr7mD:2:0,T+24h,true,scheduled,success,json_ok,observed,on_time,observed,199867703d67d8a84bba4b1f
solana:5Sk3T8uPoGrcx9sAfZPv7FwzwpUJq1HiM5Yn1N2eHNQPZTLRNRAfpS6dr8cbnSNvWPqRaz1isXQms2xmHnGXr7mD:2:0,T+60h,true,scheduled,success,json_ok,observed,on_time,observed,e14e61903441a0b694067a30
solana:3fLQfRA45PDLki8mzgdb17sS91qsVJUNQbaZs7bQsafvZYn5M2FwJ9sGCp9Ax7oig7wBRTqH7Lidga7uciHd62YN:0:0,T0,true,scheduled,success,json_ok,observed,on_time,observed,327a877a4aa216db01a76357
solana:3fLQfRA45PDLki8mzgdb17sS91qsVJUNQbaZs7bQsafvZYn5M2FwJ9sGCp9Ax7oig7wBRTqH7Lidga7uciHd62YN:0:0,T+24h,true,scheduled,success,json_ok,observed,on_time,observed,b5435ffba706f32c3568a29c
solana:3fLQfRA45PDLki8mzgdb17sS91qsVJUNQbaZs7bQsafvZYn5M2FwJ9sGCp9Ax7oig7wBRTqH7Lidga7uciHd62YN:0:0,T+60h,true,scheduled,success,json_ok,observed,on_time,observed,d05189e54bea34fc805fb441
solana:37NjDdKzebuM9qfre5Rwu9Yrih2U9GuerE2Fk4iDaDbCcejPo4FQAwjnMwpEZSRvYtPQy7iD9irRio3cFu3W38jo:2:0,T0,true,scheduled,success,json_ok,observed,on_time,observed,77e3b9613b3daa180c2074d5
solana:37NjDdKzebuM9qfre5Rwu9Yrih2U9GuerE2Fk4iDaDbCcejPo4FQAwjnMwpEZSRvYtPQy7iD9irRio3cFu3W38jo:2:0,T+24h,true,scheduled,success,json_ok,observed,on_time,observed,ba23b0737a699551f3054956
solana:37NjDdKzebuM9qfre5Rwu9Yrih2U9GuerE2Fk4iDaDbCcejPo4FQAwjnMwpEZSRvYtPQy7iD9irRio3cFu3W38jo:2:0,T+60h,true,scheduled,success,json_ok,observed,on_time,observed,a3a8c4d955b6c9ee0537df87
solana:3eKyrtkJRhRgGa1L3jPqaHYnc2mmWXSzzeP1xUKLjr5UyaeY6E8JUif5quj9TQeh4PEk3WXvz8oB25gp9UsqNgAu:2:0,T0,true,scheduled,success,json_ok,observed,on_time,observed,3f0e2f95f9aef2c8602e4b9c
solana:3eKyrtkJRhRgGa1L3jPqaHYnc2mmWXSzzeP1xUKLjr5UyaeY6E8JUif5quj9TQeh4PEk3WXvz8oB25gp9UsqNgAu:2:0,T+24h,true,scheduled,success,json_ok,observed,on_time,observed,ebb2a309ead29f4cd3a9058b
solana:3eKyrtkJRhRgGa1L3jPqaHYnc2mmWXSzzeP1xUKLjr5UyaeY6E8JUif5quj9TQeh4PEk3WXvz8oB25gp9UsqNgAu:2:0,T+60h,true,scheduled,success,json_ok,observed,on_time,observed,64ec72b26b824328e067246b
solana:3cHZQsmPfzxh77vQZg16BZMks7kSkNACdUXapmywvY2zKxMhqmrchstnSBym2w9QBfsPXRhQ5ZhtRDZTxb9SHps3:2:0,T0,true,scheduled,success,json_ok,observed,on_time,observed,35eb4da9f539487a295c7de9
solana:3cHZQsmPfzxh77vQZg16BZMks7kSkNACdUXapmywvY2zKxMhqmrchstnSBym2w9QBfsPXRhQ5ZhtRDZTxb9SHps3:2:0,T+24h,true,scheduled,success,json_ok,observed,on_time,observed,0097f7f3b0074c3b19ff3127
solana:3cHZQsmPfzxh77vQZg16BZMks7kSkNACdUXapmywvY2zKxMhqmrchstnSBym2w9QBfsPXRhQ5ZhtRDZTxb9SHps3:2:0,T+60h,true,scheduled,success,json_ok,observed,on_time,observed,ce4647fd12019aa2636b6025
solana:3h1rgnfA95uaKVwn6SGxmrFgbhmdndqMuZoy6WY3S3Vc1vV36SSrXC9WJJJqTGwbEp3YzPiPoBe14KWMTqtrumyJ:2:0,T0,true,scheduled,success,json_ok,observed,on_time,observed,24540099c9cf531592908ee7
solana:3h1rgnfA95uaKVwn6SGxmrFgbhmdndqMuZoy6WY3S3Vc1vV36SSrXC9WJJJqTGwbEp3YzPiPoBe14KWMTqtrumyJ:2:0,T+24h,true,scheduled,success,json_ok,observed,on_time,observed,0b24702ce0c218c79033c3f1
solana:3h1rgnfA95uaKVwn6SGxmrFgbhmdndqMuZoy6WY3S3Vc1vV36SSrXC9WJJJqTGwbEp3YzPiPoBe14KWMTqtrumyJ:2:0,T+60h,true,scheduled,success,json_ok,observed,on_time,observed,311f87fc8ea284c4278535df
solana:6ACptVd5f7noaAYKz71LtD39zZi7csWa6KXye2CbYB2osm7jdtSG4mUJTzzSeFbb9uiKmRq2h87GAkjdq8BWqSM:2:0,T0,true,scheduled,success,json_ok,observed,on_time,observed,c88aec264288368d24ad7cec
solana:6ACptVd5f7noaAYKz71LtD39zZi7csWa6KXye2CbYB2osm7jdtSG4mUJTzzSeFbb9uiKmRq2h87GAkjdq8BWqSM:2:0,T+24h,true,scheduled,success,json_ok,observed,on_time,observed,0e859e0cd848c5512812f27e
solana:6ACptVd5f7noaAYKz71LtD39zZi7csWa6KXye2CbYB2osm7jdtSG4mUJTzzSeFbb9uiKmRq2h87GAkjdq8BWqSM:2:0,T+60h,true,scheduled,success,json_ok,observed,on_time,observed,91d399ff5b7a56272b8cce4c
solana:2o9FWQzK3SsiH4G3Bf7SoXsKj3Mnh4GYLmpKyNrK6KGBg2WBHjrgcYx1yGo8TDw7vzu2yNRUcVrhXFHXJkL1CrFd:2:0,T0,true,scheduled,success,json_ok,observed,on_time,observed,6f4366cb7aa1ebfc864be4c4
solana:2o9FWQzK3SsiH4G3Bf7SoXsKj3Mnh4GYLmpKyNrK6KGBg2WBHjrgcYx1yGo8TDw7vzu2yNRUcVrhXFHXJkL1CrFd:2:0,T+24h,true,scheduled,success,json_ok,observed,on_time,observed,c514bfb0f206e49853da5d98
solana:2o9FWQzK3SsiH4G3Bf7SoXsKj3Mnh4GYLmpKyNrK6KGBg2WBHjrgcYx1yGo8TDw7vzu2yNRUcVrhXFHXJkL1CrFd:2:0,T+60h,true,scheduled,success,json_ok,observed,on_time,observed,12d92e4ff49008c53fc5db35
solana:N4dRLM4XxJHyoeC9ntAJLdfV1T8n5syRFGkQLeMg7SKxS7RrC1vTcA1udunJCTvfNVUZBuUjXbYu4tmkMx2t4jr:2:0,T0,true,scheduled,not_collected_policy,not_collected_policy,not_observed,not_applicable,not_collected_policy,775c579220b31742c2829719
solana:N4dRLM4XxJHyoeC9ntAJLdfV1T8n5syRFGkQLeMg7SKxS7RrC1vTcA1udunJCTvfNVUZBuUjXbYu4tmkMx2t4jr:2:0,T+24h,true,scheduled,not_collected_policy,not_collected_policy,not_observed,not_applicable,not_collected_policy,cab3540164b17fe4a84a2b08
solana:N4dRLM4XxJHyoeC9ntAJLdfV1T8n5syRFGkQLeMg7SKxS7RrC1vTcA1udunJCTvfNVUZBuUjXbYu4tmkMx2t4jr:2:0,T+60h,true,scheduled,not_collected_policy,not_collected_policy,not_observed,not_applicable,not_collected_policy,50bd8aa4adac90c68d3e791e
solana:Z7sFcMT586ZrDxQdYtZhEZGw1gfCw8k1P1ayPjonasUYVm1gVLuEhZRxj3Yjv2LaLgknxw4Krk5KTZ1RoVCMLVp:2:0,T0,true,scheduled,success,json_ok,observed,on_time,observed,a05c175e7d9c1ec89d5305f6
solana:Z7sFcMT586ZrDxQdYtZhEZGw1gfCw8k1P1ayPjonasUYVm1gVLuEhZRxj3Yjv2LaLgknxw4Krk5KTZ1RoVCMLVp:2:0,T+24h,true,scheduled,success,json_ok,observed,on_time,observed,8026bcf25e54fcae6e561006
solana:Z7sFcMT586ZrDxQdYtZhEZGw1gfCw8k1P1ayPjonasUYVm1gVLuEhZRxj3Yjv2LaLgknxw4Krk5KTZ1RoVCMLVp:2:0,T+60h,true,scheduled,success,json_ok,observed,on_time,observed,490fb74d41709f39a8beef5a
solana:SuQicFSRWCQwFh9noSh2m1eMyDrnrJafXc2hb6aeruyB9NxmubJsYTvcH1UtM5xrZRQ4Pa64qRuHvntXTW2fF2w:2:0,T0,true,scheduled,failed,not_observed,not_observed,on_time,request_failed,945e5b9fb32d584c4c218600
solana:SuQicFSRWCQwFh9noSh2m1eMyDrnrJafXc2hb6aeruyB9NxmubJsYTvcH1UtM5xrZRQ4Pa64qRuHvntXTW2fF2w:2:0,T+24h,true,scheduled,failed,not_observed,not_observed,on_time,request_failed,cfab591b85f83741efa8c22d
solana:SuQicFSRWCQwFh9noSh2m1eMyDrnrJafXc2hb6aeruyB9NxmubJsYTvcH1UtM5xrZRQ4Pa64qRuHvntXTW2fF2w:2:0,T+60h,true,scheduled,failed,not_observed,not_observed,on_time,request_failed,87df7f85502554082a7c8c6d
solana:xnhL57mSLZKYVoV9XJcWrRdksBVbqmAemroFmVjUrJzsPpvtJjojXpCwApaiQSnnz5GL8VY23zkrMhRzvu17EY6:1:0,T0,true,scheduled,success,json_ok,observed,on_time,observed,8dd6fcd8b4378052affe6235
solana:xnhL57mSLZKYVoV9XJcWrRdksBVbqmAemroFmVjUrJzsPpvtJjojXpCwApaiQSnnz5GL8VY23zkrMhRzvu17EY6:1:0,T+24h,true,scheduled,success,json_ok,observed,on_time,observed,4f1ff0c77950e1240a0f932b
solana:xnhL57mSLZKYVoV9XJcWrRdksBVbqmAemroFmVjUrJzsPpvtJjojXpCwApaiQSnnz5GL8VY23zkrMhRzvu17EY6:1:0,T+60h,true,scheduled,success,json_ok,observed,on_time,observed,712c04dc02e0296fd616def6
solana:38QYWpmrFwpDgrAJWosseTBAYaKiPgwm4576XwqFMEQtgcRdDXjqqnTHkQRzJUqQCYEx4SHiEGonhS3zHLv5kBDJ:2:0,T0,true,scheduled,success,json_ok,observed,on_time,observed,aa57ece878ef1506d7d84e90
solana:38QYWpmrFwpDgrAJWosseTBAYaKiPgwm4576XwqFMEQtgcRdDXjqqnTHkQRzJUqQCYEx4SHiEGonhS3zHLv5kBDJ:2:0,T+24h,true,scheduled,success,json_ok,observed,on_time,observed,9559017dbb18a1a0ce2f3536
solana:38QYWpmrFwpDgrAJWosseTBAYaKiPgwm4576XwqFMEQtgcRdDXjqqnTHkQRzJUqQCYEx4SHiEGonhS3zHLv5kBDJ:2:0,T+60h,true,scheduled,success,json_ok,observed,on_time,observed,d72e0ffdd292765e944421d6
solana:AZEDZw97FgyLnC6WgbgZ2EYzMvXbZE7M1RYH6QafyZ81u7LTC2As3oaKFFEhzDV71bvfbv5Dzgm4ZvLnCJXenU7:0:0,T0,true,scheduled,success,json_ok,observed,on_time,observed,183bca905bb91e175a0e5c00
solana:AZEDZw97FgyLnC6WgbgZ2EYzMvXbZE7M1RYH6QafyZ81u7LTC2As3oaKFFEhzDV71bvfbv5Dzgm4ZvLnCJXenU7:0:0,T+24h,true,scheduled,success,json_ok,observed,on_time,observed,42573af388c7abdb480545a7
solana:AZEDZw97FgyLnC6WgbgZ2EYzMvXbZE7M1RYH6QafyZ81u7LTC2As3oaKFFEhzDV71bvfbv5Dzgm4ZvLnCJXenU7:0:0,T+60h,true,scheduled,success,json_ok,observed,on_time,observed,35927207b62748a62cb76052
solana:4dxko1PPHYv1WBd2ygs6WNJv7nhP3gVLqvCQuMnPrd9dmgYfP9aj1rjWWNCuDq14G25mrFapKVF8YUSML6yhnD1A:2:0,T0,true,scheduled,success,json_ok,observed,on_time,observed,1216e42f73e32d814d7f98c3
solana:4dxko1PPHYv1WBd2ygs6WNJv7nhP3gVLqvCQuMnPrd9dmgYfP9aj1rjWWNCuDq14G25mrFapKVF8YUSML6yhnD1A:2:0,T+24h,true,scheduled,success,json_ok,observed,on_time,observed,838d7af1fbcf66a5b7f19b9e
solana:4dxko1PPHYv1WBd2ygs6WNJv7nhP3gVLqvCQuMnPrd9dmgYfP9aj1rjWWNCuDq14G25mrFapKVF8YUSML6yhnD1A:2:0,T+60h,true,scheduled,success,json_ok,observed,on_time,observed,18e4d185865ed65adfcb4347
solana:5GmRxwjpmbY5N3ZjATdzJHtQ4tKKXyGYRrdumPvMYsLMALZosW3WY7k4seV2BXGt3VJNuwkEdVwyRr9UDULggVz6:2:0,T0,true,scheduled,success,json_ok,observed,on_time,observed,d6842fe925254232d44ffc12
solana:5GmRxwjpmbY5N3ZjATdzJHtQ4tKKXyGYRrdumPvMYsLMALZosW3WY7k4seV2BXGt3VJNuwkEdVwyRr9UDULggVz6:2:0,T+24h,true,scheduled,success,json_ok,observed,on_time,observed,552346784c335480c9b52af0
solana:5GmRxwjpmbY5N3ZjATdzJHtQ4tKKXyGYRrdumPvMYsLMALZosW3WY7k4seV2BXGt3VJNuwkEdVwyRr9UDULggVz6:2:0,T+60h,true,scheduled,success,json_ok,observed,on_time,observed,bb79e762e02892762db98045
solana:2F2deQWMZkHu46AoPYqMnQQSFPvXXZjgCGC9YHa8MdDEWhj8iDsMm5ueCbysXZiE6UkJ4jA6uGmLKJ2F5trgs8sY:2:0,T0,true,scheduled,success,json_ok,observed,on_time,observed,5f32b77305b6f3fd7833f2ef
solana:2F2deQWMZkHu46AoPYqMnQQSFPvXXZjgCGC9YHa8MdDEWhj8iDsMm5ueCbysXZiE6UkJ4jA6uGmLKJ2F5trgs8sY:2:0,T+24h,true,scheduled,success,json_ok,observed,on_time,observed,94d467d125c9c851a97f7f4c
solana:2F2deQWMZkHu46AoPYqMnQQSFPvXXZjgCGC9YHa8MdDEWhj8iDsMm5ueCbysXZiE6UkJ4jA6uGmLKJ2F5trgs8sY:2:0,T+60h,true,scheduled,success,json_ok,observed,on_time,observed,d9c46cdadcf79297238d93cd
solana:2wPpDtujpKhHYXpWy7zLx1NSdyC3ayVm5WYFyXVS5tJumxbwLmRyLkvntrcDFob4Ff1PoqZNFuojzfqvBner7Adv:2:0,T0,true,scheduled,success,json_ok,observed,on_time,observed,ecfc9425d9b6e30cdcd73871
solana:2wPpDtujpKhHYXpWy7zLx1NSdyC3ayVm5WYFyXVS5tJumxbwLmRyLkvntrcDFob4Ff1PoqZNFuojzfqvBner7Adv:2:0,T+24h,true,scheduled,success,json_ok,observed,on_time,observed,1617a3cc28be792ad372da2f
solana:2wPpDtujpKhHYXpWy7zLx1NSdyC3ayVm5WYFyXVS5tJumxbwLmRyLkvntrcDFob4Ff1PoqZNFuojzfqvBner7Adv:2:0,T+60h,true,scheduled,success,json_ok,observed,on_time,observed,5b9c75f3dbf67ad112a6072c
solana:5kgsfRGRwd5Aim2UNXkTQV5UoV2K7uiUKn1DMWa7AAe2j2fZzEfrTFhDeT4hDLDEuNDHm5TwDDtNqRKvF7LovMHL:2:0,T0,true,scheduled,success,json_ok,observed,on_time,observed,34bffef5cd9bd546024a7078
solana:5kgsfRGRwd5Aim2UNXkTQV5UoV2K7uiUKn1DMWa7AAe2j2fZzEfrTFhDeT4hDLDEuNDHm5TwDDtNqRKvF7LovMHL:2:0,T+24h,true,scheduled,success,json_ok,observed,on_time,observed,b92ed4eedac2ad00ee5041ca
solana:5kgsfRGRwd5Aim2UNXkTQV5UoV2K7uiUKn1DMWa7AAe2j2fZzEfrTFhDeT4hDLDEuNDHm5TwDDtNqRKvF7LovMHL:2:0,T+60h,true,scheduled,success,json_ok,observed,on_time,observed,9e43a101bf67ab15786371f8
solana:Ts7i5ZNSUmFbxFudPRJDd3DTDST3MnhxRJ2ep2sgSAzADposxQ5CmtCWzjmbS5vGARSUfUvwHWPpKHvWVztCQ8s:2:0,T0,true,scheduled,success,json_ok,observed,on_time,observed,671b0b1b4ac11dff6e1df049
solana:Ts7i5ZNSUmFbxFudPRJDd3DTDST3MnhxRJ2ep2sgSAzADposxQ5CmtCWzjmbS5vGARSUfUvwHWPpKHvWVztCQ8s:2:0,T+24h,true,scheduled,success,json_ok,observed,on_time,observed,7ee8e43de9f1be5b40cd8485
solana:Ts7i5ZNSUmFbxFudPRJDd3DTDST3MnhxRJ2ep2sgSAzADposxQ5CmtCWzjmbS5vGARSUfUvwHWPpKHvWVztCQ8s:2:0,T+60h,true,scheduled,success,json_ok,observed,on_time,observed,fad2b393b5181fba2aa28afc
solana:4ujqa45pBZHhS25XtMiJhpDMXy3v2jUHbAM7e5CrecqkiXUyUvKp4HYGyoJ6G8UY7ry5H835bBiHAzVWJ2cdztAG:2:0,T0,true,scheduled,success,json_ok,observed,on_time,observed,1a3e3e6c3a2a5592fac425f3
solana:4ujqa45pBZHhS25XtMiJhpDMXy3v2jUHbAM7e5CrecqkiXUyUvKp4HYGyoJ6G8UY7ry5H835bBiHAzVWJ2cdztAG:2:0,T+24h,true,scheduled,success,json_ok,observed,on_time,observed,4e300103f94002a377f3cf3b
solana:4ujqa45pBZHhS25XtMiJhpDMXy3v2jUHbAM7e5CrecqkiXUyUvKp4HYGyoJ6G8UY7ry5H835bBiHAzVWJ2cdztAG:2:0,T+60h,true,scheduled,success,json_ok,observed,on_time,observed,3d8aa20b00fe882397ea5938
solana:4R87MebUJydHGMzGkWP7VQra6BQWEP2QzJaD1DkdGoixuBubgwQy55pAUVKMcZPy4c1n9cvLa8NbqFqv4D84x2rg:2:0,T0,true,scheduled,failed,not_observed,not_observed,on_time,request_failed,a8e7e0466a2effbae888d9e6
solana:4R87MebUJydHGMzGkWP7VQra6BQWEP2QzJaD1DkdGoixuBubgwQy55pAUVKMcZPy4c1n9cvLa8NbqFqv4D84x2rg:2:0,T+24h,true,scheduled,failed,not_observed,not_observed,on_time,request_failed,ea14c4a22069e0725c5705aa
solana:4R87MebUJydHGMzGkWP7VQra6BQWEP2QzJaD1DkdGoixuBubgwQy55pAUVKMcZPy4c1n9cvLa8NbqFqv4D84x2rg:2:0,T+60h,true,scheduled,failed,not_observed,not_observed,on_time,request_failed,446c81d00dee13bcc1c6b29f
solana:4mZufn5H9qLrUwxBkRkMPp6uk8W6ss3nFZWHBVUCpDkDzBCQwidW1MpFDzJSvHPKvCsfLWNvK8eFEpif15DCa3BW:2:0,T0,true,scheduled,success,json_ok,observed,on_time,observed,1155b6e5c7308fa89c0faadb
solana:4mZufn5H9qLrUwxBkRkMPp6uk8W6ss3nFZWHBVUCpDkDzBCQwidW1MpFDzJSvHPKvCsfLWNvK8eFEpif15DCa3BW:2:0,T+24h,true,scheduled,success,json_ok,observed,on_time,observed,274788f857cb30d4867f08e8
solana:4mZufn5H9qLrUwxBkRkMPp6uk8W6ss3nFZWHBVUCpDkDzBCQwidW1MpFDzJSvHPKvCsfLWNvK8eFEpif15DCa3BW:2:0,T+60h,true,scheduled,success,json_ok,observed,on_time,observed,90d5e569986d0e8330ab68d2
solana:4b3qeBwAakHUnwNsmivXNdwxejb8iVYMrvNdJrXfzXaDxMJepUZS474eHseAU3RTmHGdare4y8DMaMm8nmptAc3q:2:0,T0,true,scheduled,success,json_ok,observed,on_time,observed,227ed19bff489d4c97cbf5d8
solana:4b3qeBwAakHUnwNsmivXNdwxejb8iVYMrvNdJrXfzXaDxMJepUZS474eHseAU3RTmHGdare4y8DMaMm8nmptAc3q:2:0,T+24h,true,scheduled,success,json_ok,observed,on_time,observed,d8fd800dd9ee50f54fb8fff0
solana:4b3qeBwAakHUnwNsmivXNdwxejb8iVYMrvNdJrXfzXaDxMJepUZS474eHseAU3RTmHGdare4y8DMaMm8nmptAc3q:2:0,T+60h,true,scheduled,success,json_ok,observed,on_time,observed,d10d687f24c660005856ef77
solana:5RWeb1sjwX3kgVbopMZyypDZtjsv9QRaAagsdNxro4r2TVTykHhFfWv12j4RH8zVVrJhNBwXxXQaHP6xcBBvXXaF:2:0,T0,true,scheduled,success,json_ok,observed,on_time,observed,3944a2975c78682affad913b
solana:5RWeb1sjwX3kgVbopMZyypDZtjsv9QRaAagsdNxro4r2TVTykHhFfWv12j4RH8zVVrJhNBwXxXQaHP6xcBBvXXaF:2:0,T+24h,true,scheduled,success,json_ok,observed,on_time,observed,812a0a806c0a6bfbf85d140a
solana:5RWeb1sjwX3kgVbopMZyypDZtjsv9QRaAagsdNxro4r2TVTykHhFfWv12j4RH8zVVrJhNBwXxXQaHP6xcBBvXXaF:2:0,T+60h,true,scheduled,success,json_ok,observed,on_time,observed,2dfe5d754b510e173f40b41c
solana:hGHibRQu9fJmSFBTHnLbmmTkLDY7SG4GotDncmu8Eb9uhF3si4Zq7LhRHzhyPNRDL3pxrfT2jje4izT1uk2jziu:2:0,T0,true,scheduled,not_collected_policy,not_collected_policy,not_observed,not_applicable,not_collected_policy,56ba1d815a8e79b5dcc1b546
solana:hGHibRQu9fJmSFBTHnLbmmTkLDY7SG4GotDncmu8Eb9uhF3si4Zq7LhRHzhyPNRDL3pxrfT2jje4izT1uk2jziu:2:0,T+24h,true,scheduled,not_collected_policy,not_collected_policy,not_observed,not_applicable,not_collected_policy,a36ddea73fa2247112dd67c9
solana:hGHibRQu9fJmSFBTHnLbmmTkLDY7SG4GotDncmu8Eb9uhF3si4Zq7LhRHzhyPNRDL3pxrfT2jje4izT1uk2jziu:2:0,T+60h,true,scheduled,not_collected_policy,not_collected_policy,not_observed,not_applicable,not_collected_policy,f7572472e6ddc19dee8c0e35
solana:3cVLDczKsCRpUdkiw4xoPDqAgg26uqBPK1zoFkdqYiVuVXZifMH5xoqyqhzRmEAWKxSS1VfsxF6Cwewz8tV1UVcu:2:0,T0,true,scheduled,success,json_ok,observed,on_time,observed,5db3308bfca5343d9f2bcdbb
solana:3cVLDczKsCRpUdkiw4xoPDqAgg26uqBPK1zoFkdqYiVuVXZifMH5xoqyqhzRmEAWKxSS1VfsxF6Cwewz8tV1UVcu:2:0,T+24h,true,scheduled,success,json_ok,observed,on_time,observed,4cd95485eb0fbb35f3629621
solana:3cVLDczKsCRpUdkiw4xoPDqAgg26uqBPK1zoFkdqYiVuVXZifMH5xoqyqhzRmEAWKxSS1VfsxF6Cwewz8tV1UVcu:2:0,T+60h,true,scheduled,success,json_ok,observed,on_time,observed,bf821b6491f6da7da27cadd8
solana:2aSdZS9dS9kGaUpS8E7YHSgiBhUo8UaSt1RkNPdqaJ9fYLPyqNpHasRpEy8HomshWMaaPLWcmHCFnda4S4edMP1k:0:0,T0,true,scheduled,success,json_ok,observed,on_time,observed,d8f90670e951a1c863f8d316
solana:2aSdZS9dS9kGaUpS8E7YHSgiBhUo8UaSt1RkNPdqaJ9fYLPyqNpHasRpEy8HomshWMaaPLWcmHCFnda4S4edMP1k:0:0,T+24h,true,scheduled,success,json_ok,observed,on_time,observed,35bfbcc2234148d1244355b2
solana:2aSdZS9dS9kGaUpS8E7YHSgiBhUo8UaSt1RkNPdqaJ9fYLPyqNpHasRpEy8HomshWMaaPLWcmHCFnda4S4edMP1k:0:0,T+60h,true,scheduled,success,json_ok,observed,on_time,observed,de88dcca4745ef7cc5a53a1a
solana:4SLsocWSBK27azF2zNyb72NV5JnivkgipuKHqro7BjYQhGNur7tapJBkRQqECwTSeZNvXTP5Uzny4xQ467N6Bmg9:2:0,T0,true,scheduled,success,json_ok,observed,on_time,observed,f80d56fee72d2ea9632d22ad
solana:4SLsocWSBK27azF2zNyb72NV5JnivkgipuKHqro7BjYQhGNur7tapJBkRQqECwTSeZNvXTP5Uzny4xQ467N6Bmg9:2:0,T+24h,true,scheduled,success,json_ok,observed,on_time,observed,59a8c9ab9d22ad9072b14b70
solana:4SLsocWSBK27azF2zNyb72NV5JnivkgipuKHqro7BjYQhGNur7tapJBkRQqECwTSeZNvXTP5Uzny4xQ467N6Bmg9:2:0,T+60h,true,scheduled,success,json_ok,observed,on_time,observed,be87433ee05ba4c659ddc004
solana:UmFGupGYcaQzJFKDd8t2wX29hzf4GNcGL7VuJQm6dXCpH9GbBAz4AQfo4KJXa51Tqr9wnQw7n72hhKuPekCzGAq:2:0,T0,true,scheduled,success,json_ok,observed,on_time,observed,0aa226f29011aa4cc112af91
solana:UmFGupGYcaQzJFKDd8t2wX29hzf4GNcGL7VuJQm6dXCpH9GbBAz4AQfo4KJXa51Tqr9wnQw7n72hhKuPekCzGAq:2:0,T+24h,true,scheduled,success,json_ok,observed,on_time,observed,954f41f51f12173df227136b
solana:UmFGupGYcaQzJFKDd8t2wX29hzf4GNcGL7VuJQm6dXCpH9GbBAz4AQfo4KJXa51Tqr9wnQw7n72hhKuPekCzGAq:2:0,T+60h,true,scheduled,success,json_ok,observed,on_time,observed,f45c4e2ed6138da600bdbede
solana:2CBPrJHeV5UZ7HbpnYSSLE5gq4Utgt5rYPBznYndMh3Dxvenp1jiJVVBqPp82u5pNQV4Yf16NxtWbMthLKsAS5SG:2:0,T0,true,scheduled,success,json_ok,observed,on_time,observed,7ebff85b049b8ce70e6f8d98
solana:2CBPrJHeV5UZ7HbpnYSSLE5gq4Utgt5rYPBznYndMh3Dxvenp1jiJVVBqPp82u5pNQV4Yf16NxtWbMthLKsAS5SG:2:0,T+24h,true,scheduled,success,json_ok,observed,on_time,observed,58c63674689eed8d1ed07445
solana:2CBPrJHeV5UZ7HbpnYSSLE5gq4Utgt5rYPBznYndMh3Dxvenp1jiJVVBqPp82u5pNQV4Yf16NxtWbMthLKsAS5SG:2:0,T+60h,true,scheduled,success,json_ok,observed,on_time,observed,b273dadd22130eb572582dff
solana:5vT9Kdohoqf5wk69X9ykQUYngCLirexgvVRdSCR4mS5iXZxXRQAQzJNyEvDNMehBS9dGmdivU3kXb59ByNZXNz8E:2:0,T0,true,scheduled,success,json_ok,observed,on_time,observed,95142c05547d829b2300f611
solana:5vT9Kdohoqf5wk69X9ykQUYngCLirexgvVRdSCR4mS5iXZxXRQAQzJNyEvDNMehBS9dGmdivU3kXb59ByNZXNz8E:2:0,T+24h,true,scheduled,success,json_ok,observed,on_time,observed,12a3924885eb9d60669cd025
solana:5vT9Kdohoqf5wk69X9ykQUYngCLirexgvVRdSCR4mS5iXZxXRQAQzJNyEvDNMehBS9dGmdivU3kXb59ByNZXNz8E:2:0,T+60h,true,scheduled,success,json_ok,observed,on_time,observed,0b79b70a995dfc5fb4198fbc
solana:5tntHfaV81cTaPoAD3LT2tVro3DX1E9hw3bYR2LsK82NczPbmzdfrwXKb1biTsifg7ZSBYLP2xoaUTFzD2ve1hWk:2:0,T0,true,scheduled,not_collected_policy,not_collected_policy,not_observed,not_applicable,not_collected_policy,b8ab364ae0e139d2de7c277a
solana:5tntHfaV81cTaPoAD3LT2tVro3DX1E9hw3bYR2LsK82NczPbmzdfrwXKb1biTsifg7ZSBYLP2xoaUTFzD2ve1hWk:2:0,T+24h,true,scheduled,not_collected_policy,not_collected_policy,not_observed,not_applicable,not_collected_policy,93228b27962321df57f6f366
solana:5tntHfaV81cTaPoAD3LT2tVro3DX1E9hw3bYR2LsK82NczPbmzdfrwXKb1biTsifg7ZSBYLP2xoaUTFzD2ve1hWk:2:0,T+60h,true,scheduled,not_collected_policy,not_collected_policy,not_observed,not_applicable,not_collected_policy,a9a454b6e46d20f6565f100f
solana:2QLuX1fq92ysncPJPDPiwkmCuf8QRYi1Gq2anuwPdyyVH8wBZcVJcsZKQjRZ2M4MnHj3ubCP68ZDuAsPjh94UDgU:2:1,T0,true,scheduled,success,json_ok,observed,on_time,observed,ed8171cba1b18c8ab96100bd
solana:2QLuX1fq92ysncPJPDPiwkmCuf8QRYi1Gq2anuwPdyyVH8wBZcVJcsZKQjRZ2M4MnHj3ubCP68ZDuAsPjh94UDgU:2:1,T+24h,true,scheduled,success,json_ok,observed,on_time,observed,7dc5b38711868e8391139f32
solana:2QLuX1fq92ysncPJPDPiwkmCuf8QRYi1Gq2anuwPdyyVH8wBZcVJcsZKQjRZ2M4MnHj3ubCP68ZDuAsPjh94UDgU:2:1,T+60h,true,scheduled,success,json_ok,observed,on_time,observed,b468e6d4ef4f36d5ff3d5612
solana:3fdDWEgrEhSDJafmmLBT7MAn17BQ9EPYWGvvtJhuRSCC2bXSbMTCazSkJKTVhAyuFCqay7KDM13BPpFmbmhAV9TQ:2:0,T0,true,scheduled,success,json_ok,observed,on_time,observed,f42c6dd2407e6912f3aaa6b9
solana:3fdDWEgrEhSDJafmmLBT7MAn17BQ9EPYWGvvtJhuRSCC2bXSbMTCazSkJKTVhAyuFCqay7KDM13BPpFmbmhAV9TQ:2:0,T+24h,true,scheduled,success,json_ok,observed,on_time,observed,0beca662397a02e3cd601dce
solana:3fdDWEgrEhSDJafmmLBT7MAn17BQ9EPYWGvvtJhuRSCC2bXSbMTCazSkJKTVhAyuFCqay7KDM13BPpFmbmhAV9TQ:2:0,T+60h,true,scheduled,success,json_ok,observed,on_time,observed,1b53b1e15b23c141ced5d2f6
solana:2QD3QV3jhaeSMHQhSMFBHTJedcso2riYV4jHp1RYaruXEc7hydY2cCXqc8DCmaoVvUwkJquh89mDxwyQ6DnCYkbY:2:0,T0,true,scheduled,success,json_ok,observed,on_time,observed,c6ce6f3c2e4280e45ece5a97
solana:2QD3QV3jhaeSMHQhSMFBHTJedcso2riYV4jHp1RYaruXEc7hydY2cCXqc8DCmaoVvUwkJquh89mDxwyQ6DnCYkbY:2:0,T+24h,true,scheduled,success,json_ok,observed,on_time,observed,afede5fb9766fd927811b331
solana:2QD3QV3jhaeSMHQhSMFBHTJedcso2riYV4jHp1RYaruXEc7hydY2cCXqc8DCmaoVvUwkJquh89mDxwyQ6DnCYkbY:2:0,T+60h,true,scheduled,success,json_ok,observed,on_time,observed,c943e4b8f74b304c7c661f9d
solana:v1BDp7x13yPqp26z8qQMn58beRAKGXqmdcfFhzdM3eCdKk3Er5MLvdbygLvySQh3qRYc2ZLB9Jr1zNx3BHaaSkF:0:0,T0,true,scheduled,success,json_ok,observed,on_time,observed,44a8c31a063607cc74fd269f
solana:v1BDp7x13yPqp26z8qQMn58beRAKGXqmdcfFhzdM3eCdKk3Er5MLvdbygLvySQh3qRYc2ZLB9Jr1zNx3BHaaSkF:0:0,T+24h,true,scheduled,success,json_ok,observed,on_time,observed,70b5d7443c2295c00b3dce9c
solana:v1BDp7x13yPqp26z8qQMn58beRAKGXqmdcfFhzdM3eCdKk3Er5MLvdbygLvySQh3qRYc2ZLB9Jr1zNx3BHaaSkF:0:0,T+60h,true,scheduled,success,json_ok,observed,on_time,observed,7f361a317b489b07c472338b
solana:66ZBrT5FXaQ112AukKRzKCvKjAU7gyFwAumHkM717Ewg21Sfk4UKnAH2twv5pwjbzFh1uURTiMUKGYeWUWjF3TKQ:2:0,T0,true,scheduled,success,json_ok,observed,on_time,observed,ba4131fe5a1a0493a85813a7
solana:66ZBrT5FXaQ112AukKRzKCvKjAU7gyFwAumHkM717Ewg21Sfk4UKnAH2twv5pwjbzFh1uURTiMUKGYeWUWjF3TKQ:2:0,T+24h,true,scheduled,success,json_ok,observed,on_time,observed,3fc5ce7258e6e177c0f80770
solana:66ZBrT5FXaQ112AukKRzKCvKjAU7gyFwAumHkM717Ewg21Sfk4UKnAH2twv5pwjbzFh1uURTiMUKGYeWUWjF3TKQ:2:0,T+60h,true,scheduled,success,json_ok,observed,on_time,observed,0151ba07760d32ae932369ba
solana:3LAo9KuhYa4MZ82FP4VjEhKtByKvarti6LELuMXtgbQJTox6i3aW2um55n4jxqVy3bFUcGaVdDrgjdpCXztjHAeZ:2:0,T0,true,scheduled,success,json_ok,observed,on_time,observed,1236dbbab77972b5848561d6
solana:3LAo9KuhYa4MZ82FP4VjEhKtByKvarti6LELuMXtgbQJTox6i3aW2um55n4jxqVy3bFUcGaVdDrgjdpCXztjHAeZ:2:0,T+24h,true,scheduled,success,json_ok,observed,on_time,observed,6aa56da268476ce34f8f37c4
solana:3LAo9KuhYa4MZ82FP4VjEhKtByKvarti6LELuMXtgbQJTox6i3aW2um55n4jxqVy3bFUcGaVdDrgjdpCXztjHAeZ:2:0,T+60h,true,scheduled,success,json_ok,observed,on_time,observed,415bae4c17f866a6ca913e7b
solana:2Xem6QA8Bb8BpNqZebGZifxsb8vcvUakxt2NFtaCqiZh4FZJ6F1K1qkiwoAULDu1tYU7c1HFWgNRnctjzBcznvTv:2:0,T0,true,scheduled,success,json_ok,observed,on_time,observed,03861b21d0af2a799ab7365e
solana:2Xem6QA8Bb8BpNqZebGZifxsb8vcvUakxt2NFtaCqiZh4FZJ6F1K1qkiwoAULDu1tYU7c1HFWgNRnctjzBcznvTv:2:0,T+24h,true,scheduled,success,json_ok,observed,on_time,observed,d769fda14fec903e7435df86
solana:2Xem6QA8Bb8BpNqZebGZifxsb8vcvUakxt2NFtaCqiZh4FZJ6F1K1qkiwoAULDu1tYU7c1HFWgNRnctjzBcznvTv:2:0,T+60h,true,scheduled,success,json_ok,observed,on_time,observed,e7a5ce446c6151bb7a5e543d
solana:2vpZBKqZZRTbEmFaAykvGm9uKrr2vZVjg9UzUoSwQT6mCibQ9Dmti4iQw61bjTdq8mDvGSwHcMu4x5e4dwZgAp5t:2:0,T0,true,scheduled,failed,not_observed,not_observed,on_time,request_failed,4f5544a62032e4aaa04fbba0
solana:2vpZBKqZZRTbEmFaAykvGm9uKrr2vZVjg9UzUoSwQT6mCibQ9Dmti4iQw61bjTdq8mDvGSwHcMu4x5e4dwZgAp5t:2:0,T+24h,true,scheduled,failed,not_observed,not_observed,on_time,request_failed,3005af24201d1f034ac950be
solana:2vpZBKqZZRTbEmFaAykvGm9uKrr2vZVjg9UzUoSwQT6mCibQ9Dmti4iQw61bjTdq8mDvGSwHcMu4x5e4dwZgAp5t:2:0,T+60h,true,scheduled,failed,not_observed,not_observed,on_time,request_failed,05b98ca84ade695aa78bdf63
solana:4jckr4DHACaofpPbJWGLNxgk6PY144yCKk7i5byRPGsPywUWQsgdKDVtBgTeFPS12vzk8TqKbnxek26SSNjZ8Ume:2:0,T0,true,scheduled,not_collected_policy,not_collected_policy,not_observed,not_applicable,not_collected_policy,ecfdd8eaa752a82b239527e8
solana:4jckr4DHACaofpPbJWGLNxgk6PY144yCKk7i5byRPGsPywUWQsgdKDVtBgTeFPS12vzk8TqKbnxek26SSNjZ8Ume:2:0,T+24h,true,scheduled,not_collected_policy,not_collected_policy,not_observed,not_applicable,not_collected_policy,fe766832ee5248cb221f4564
solana:4jckr4DHACaofpPbJWGLNxgk6PY144yCKk7i5byRPGsPywUWQsgdKDVtBgTeFPS12vzk8TqKbnxek26SSNjZ8Ume:2:0,T+60h,true,scheduled,not_collected_policy,not_collected_policy,not_observed,not_applicable,not_collected_policy,934cd82debbd448ed309d2f9
solana:5sHxMJ3YaZKHsyHa4LtNdXQSjNFunLPq6B5zrg5f6QAz2wJZrPNPvmJ27xgne3RnUq9E3LoakTexHxEqDPbse1BY:2:0,T0,true,scheduled,success,json_ok,observed,on_time,observed,42d170a555a50eba02a0f75e
solana:5sHxMJ3YaZKHsyHa4LtNdXQSjNFunLPq6B5zrg5f6QAz2wJZrPNPvmJ27xgne3RnUq9E3LoakTexHxEqDPbse1BY:2:0,T+24h,true,scheduled,success,json_ok,observed,on_time,observed,6c0237f044a3ac5e56759f52
solana:5sHxMJ3YaZKHsyHa4LtNdXQSjNFunLPq6B5zrg5f6QAz2wJZrPNPvmJ27xgne3RnUq9E3LoakTexHxEqDPbse1BY:2:0,T+60h,true,scheduled,success,json_ok,observed,on_time,observed,ed21abebf8ea026e0a90d74b
solana:3AZcFLhe1xafWHoiV1gYAfsJ92QNa8oihNJpN9xf33kx8Cqs6nfobyefRErv62fJoJ6Nxe2KX8AAe6p296Db9qmx:2:0,T0,true,scheduled,not_collected_policy,not_collected_policy,not_observed,not_applicable,not_collected_policy,7c09d3011269c6efc49065ae
solana:3AZcFLhe1xafWHoiV1gYAfsJ92QNa8oihNJpN9xf33kx8Cqs6nfobyefRErv62fJoJ6Nxe2KX8AAe6p296Db9qmx:2:0,T+24h,true,scheduled,not_collected_policy,not_collected_policy,not_observed,not_applicable,not_collected_policy,880bfadb44fdbf76e3122cad
solana:3AZcFLhe1xafWHoiV1gYAfsJ92QNa8oihNJpN9xf33kx8Cqs6nfobyefRErv62fJoJ6Nxe2KX8AAe6p296Db9qmx:2:0,T+60h,true,scheduled,not_collected_policy,not_collected_policy,not_observed,not_applicable,not_collected_policy,7e130477522513a613df9968
solana:2em851WttTn9arXWtiQfXcbsaoBNWpV4RUTqNrRG4uJ6EW9HhKvG4MLiUFUoT7d94WPaHxRt9AzQVFx4RiFgGB4f:2:0,T0,true,scheduled,not_collected_policy,not_collected_policy,not_observed,not_applicable,not_collected_policy,6dac5a294881c0873f5351fd
solana:2em851WttTn9arXWtiQfXcbsaoBNWpV4RUTqNrRG4uJ6EW9HhKvG4MLiUFUoT7d94WPaHxRt9AzQVFx4RiFgGB4f:2:0,T+24h,true,scheduled,not_collected_policy,not_collected_policy,not_observed,not_applicable,not_collected_policy,7a5356e357b21f713b4fd57a
solana:2em851WttTn9arXWtiQfXcbsaoBNWpV4RUTqNrRG4uJ6EW9HhKvG4MLiUFUoT7d94WPaHxRt9AzQVFx4RiFgGB4f:2:0,T+60h,true,scheduled,not_collected_policy,not_collected_policy,not_observed,not_applicable,not_collected_policy,f3d4bbfe64889b9800571463
solana:vszrriATmiK6KuQGNW9dgDLBzfVM1DJHxXRLdCQtX3dr6to6YmwMn3ZgHSAsWGC96TMdk93kmw7fssH3R92YjnE:2:0,T0,true,scheduled,not_collected_policy,not_collected_policy,not_observed,not_applicable,not_collected_policy,8318d649b0626a110b53455b
solana:vszrriATmiK6KuQGNW9dgDLBzfVM1DJHxXRLdCQtX3dr6to6YmwMn3ZgHSAsWGC96TMdk93kmw7fssH3R92YjnE:2:0,T+24h,true,scheduled,not_collected_policy,not_collected_policy,not_observed,not_applicable,not_collected_policy,b4c091b022c4b4c98f4518e4
solana:vszrriATmiK6KuQGNW9dgDLBzfVM1DJHxXRLdCQtX3dr6to6YmwMn3ZgHSAsWGC96TMdk93kmw7fssH3R92YjnE:2:0,T+60h,true,scheduled,not_collected_policy,not_collected_policy,not_observed,not_applicable,not_collected_policy,48c24c36853afee0a4b4f18b
solana:46KvgSMVG9PciopQdntJih8YZJ8Whn2RSdspiNRbxRXgfd4n4XrBrBrRhTHstLhms1psnjDiL7E47hXdknFCtR36:2:0,T0,true,scheduled,success,json_ok,observed,on_time,observed,05bf05752fc2363ffd78070d
solana:46KvgSMVG9PciopQdntJih8YZJ8Whn2RSdspiNRbxRXgfd4n4XrBrBrRhTHstLhms1psnjDiL7E47hXdknFCtR36:2:0,T+24h,true,scheduled,success,json_ok,observed,on_time,observed,ab555205475eebd411e527aa
solana:46KvgSMVG9PciopQdntJih8YZJ8Whn2RSdspiNRbxRXgfd4n4XrBrBrRhTHstLhms1psnjDiL7E47hXdknFCtR36:2:0,T+60h,true,scheduled,success,json_ok,observed,on_time,observed,e0fc6f40c0c74966ee9e148f
solana:YzjwhMQ5dFyGMeTJLwdPFTWCx1QfvAzBZhYbnDZYeKZtrFkVK8XszYvzFNVTSwpS7RaZQXaCPUBct1A3bvF916Y:2:0,T0,true,scheduled,not_collected_policy,not_collected_policy,not_observed,not_applicable,not_collected_policy,55c5145fe0cdd5cd2c7ab75e
solana:YzjwhMQ5dFyGMeTJLwdPFTWCx1QfvAzBZhYbnDZYeKZtrFkVK8XszYvzFNVTSwpS7RaZQXaCPUBct1A3bvF916Y:2:0,T+24h,true,scheduled,not_collected_policy,not_collected_policy,not_observed,not_applicable,not_collected_policy,0eca0382e6fc2fdbcd084480
solana:YzjwhMQ5dFyGMeTJLwdPFTWCx1QfvAzBZhYbnDZYeKZtrFkVK8XszYvzFNVTSwpS7RaZQXaCPUBct1A3bvF916Y:2:0,T+60h,true,scheduled,not_collected_policy,not_collected_policy,not_observed,not_applicable,not_collected_policy,957f2cc5ecae8b774f898fd1
solana:MDXNTDiVpJsTVhcG2v6copuX9rRTPhaaZfVZnon8NuvkWgJ4vjCDcAYSyo9Hp71hkhEADDpSHqYDEtXWubnGNKN:2:0,T0,true,scheduled,success,json_ok,observed,on_time,observed,d53b9630a9e1747706845a0a
solana:MDXNTDiVpJsTVhcG2v6copuX9rRTPhaaZfVZnon8NuvkWgJ4vjCDcAYSyo9Hp71hkhEADDpSHqYDEtXWubnGNKN:2:0,T+24h,true,scheduled,success,json_ok,observed,on_time,observed,84f10e908f8569f636e5ced8
solana:MDXNTDiVpJsTVhcG2v6copuX9rRTPhaaZfVZnon8NuvkWgJ4vjCDcAYSyo9Hp71hkhEADDpSHqYDEtXWubnGNKN:2:0,T+60h,true,scheduled,success,json_ok,observed,on_time,observed,3f6c3cb0ab5a87603a27c93e
solana:Fi9disG58wUUHgntg5XyGJiB1cvTRiXgKGo2bxQZkMqrKuw8PfAW9Ty2PTexNgxYUHSB1JzefRG9mi1iBTU25e2:2:0,T0,true,scheduled,success,json_ok,observed,on_time,observed,180525b7584ab72002e1ceed
solana:Fi9disG58wUUHgntg5XyGJiB1cvTRiXgKGo2bxQZkMqrKuw8PfAW9Ty2PTexNgxYUHSB1JzefRG9mi1iBTU25e2:2:0,T+24h,true,scheduled,success,json_ok,observed,on_time,observed,68e41253450d01011456dc3d
solana:Fi9disG58wUUHgntg5XyGJiB1cvTRiXgKGo2bxQZkMqrKuw8PfAW9Ty2PTexNgxYUHSB1JzefRG9mi1iBTU25e2:2:0,T+60h,true,scheduled,success,json_ok,observed,on_time,observed,a0f33776135176c9adfe57c8
solana:3ao6Xnj1Afzwhe2SkFCRztYuN95prcnTsN5Y1wf5QpnpLd7PZgvDtfAVoVRRYm65xkJDBAFPnzVPHEYJSq3EDAQa:0:0,T0,true,scheduled,success,json_ok,observed,on_time,observed,dee935a95d1fb6d59e279de1
solana:3ao6Xnj1Afzwhe2SkFCRztYuN95prcnTsN5Y1wf5QpnpLd7PZgvDtfAVoVRRYm65xkJDBAFPnzVPHEYJSq3EDAQa:0:0,T+24h,true,scheduled,success,json_ok,observed,on_time,observed,a90a18baf55ab45929b7d028
solana:3ao6Xnj1Afzwhe2SkFCRztYuN95prcnTsN5Y1wf5QpnpLd7PZgvDtfAVoVRRYm65xkJDBAFPnzVPHEYJSq3EDAQa:0:0,T+60h,true,scheduled,success,json_ok,observed,on_time,observed,3f897931d7c7f42c7135d796
solana:2NGttgBCVihm515UD7M2CWerDHN47iJf8Dyxdpu3JNc7ymgEtyzZxEx9Uso5zhgi6cP6xS33gLb9E8vkNK8zF6vs:2:0,T0,true,scheduled,success,json_ok,observed,on_time,observed,ab9ebcf49350adf78db45562
solana:2NGttgBCVihm515UD7M2CWerDHN47iJf8Dyxdpu3JNc7ymgEtyzZxEx9Uso5zhgi6cP6xS33gLb9E8vkNK8zF6vs:2:0,T+24h,true,scheduled,success,json_ok,observed,on_time,observed,36365060bd3f9d8cde9e78ca
solana:2NGttgBCVihm515UD7M2CWerDHN47iJf8Dyxdpu3JNc7ymgEtyzZxEx9Uso5zhgi6cP6xS33gLb9E8vkNK8zF6vs:2:0,T+60h,true,scheduled,success,json_ok,observed,on_time,observed,b37deb3b3497e43429dbad1f
solana:5uJN5X7nf2kWHvMz8gY8ppuavoDqH9jekKkAmiZp1KmXU7LgX4DEczidJUEyKoDSa2AYRuwe4M5gNjuupv9t9BeG:2:0,T0,true,scheduled,success,json_ok,observed,on_time,observed,e78cf09e0b27b461f1ea870c
solana:5uJN5X7nf2kWHvMz8gY8ppuavoDqH9jekKkAmiZp1KmXU7LgX4DEczidJUEyKoDSa2AYRuwe4M5gNjuupv9t9BeG:2:0,T+24h,true,scheduled,success,json_ok,observed,on_time,observed,fa89e3569b74945e020ff835
solana:5uJN5X7nf2kWHvMz8gY8ppuavoDqH9jekKkAmiZp1KmXU7LgX4DEczidJUEyKoDSa2AYRuwe4M5gNjuupv9t9BeG:2:0,T+60h,true,scheduled,success,json_ok,observed,on_time,observed,ccc3e3adbf02598ac169aea7
solana:3nRCqQpWESQFVgk9uKxeXeJDWujeFEj5GfsVK5J9aPdJ2suvdizMc1hstfhJLpR8hcL3jKGzTPuQ3hauC15Jcvqo:2:0,T0,true,scheduled,success,json_ok,observed,on_time,observed,5e836fa279eaf8d330ddaf31
solana:3nRCqQpWESQFVgk9uKxeXeJDWujeFEj5GfsVK5J9aPdJ2suvdizMc1hstfhJLpR8hcL3jKGzTPuQ3hauC15Jcvqo:2:0,T+24h,true,scheduled,success,json_ok,observed,on_time,observed,3a7fe1e76a8f5567c7944d99
solana:3nRCqQpWESQFVgk9uKxeXeJDWujeFEj5GfsVK5J9aPdJ2suvdizMc1hstfhJLpR8hcL3jKGzTPuQ3hauC15Jcvqo:2:0,T+60h,true,scheduled,success,json_ok,observed,on_time,observed,b68ea26ac64979b8a69967c1
solana:3VXHfXkoFjPSxtGwZNrU12TU4ZRZzwbZaAmwrus9YWribdZQ6bCD79kmD52Ws3kGNMh7TUtFVVmGAhgUzZPMbuT1:2:0,T0,true,scheduled,success,json_ok,observed,on_time,observed,e4ad2b920c09e11f8cc70304
solana:3VXHfXkoFjPSxtGwZNrU12TU4ZRZzwbZaAmwrus9YWribdZQ6bCD79kmD52Ws3kGNMh7TUtFVVmGAhgUzZPMbuT1:2:0,T+24h,true,scheduled,success,json_ok,observed,on_time,observed,dcf500b28465e2467b0912fe
solana:3VXHfXkoFjPSxtGwZNrU12TU4ZRZzwbZaAmwrus9YWribdZQ6bCD79kmD52Ws3kGNMh7TUtFVVmGAhgUzZPMbuT1:2:0,T+60h,true,scheduled,success,json_ok,observed,on_time,observed,b68c973e361d12c788639670
solana:5nnPueBKNjtyhGEd3xQMnz9TDnhLeuDfJ7JonGvQSb5UwWoQD4mHswf8FWQQPzXaUbqQubye56tM9je5CaacTEM8:2:0,T0,true,scheduled,success,json_ok,observed,on_time,observed,6aeb43d14019e87c1ad8da88
solana:5nnPueBKNjtyhGEd3xQMnz9TDnhLeuDfJ7JonGvQSb5UwWoQD4mHswf8FWQQPzXaUbqQubye56tM9je5CaacTEM8:2:0,T+24h,true,scheduled,success,json_ok,observed,on_time,observed,f5914ba35638ebdbf5b7d7bb
solana:5nnPueBKNjtyhGEd3xQMnz9TDnhLeuDfJ7JonGvQSb5UwWoQD4mHswf8FWQQPzXaUbqQubye56tM9je5CaacTEM8:2:0,T+60h,true,scheduled,success,json_ok,observed,on_time,observed,1c772fbae7521ef1725d39b7
solana:5a4o7NJi8Hbey3nJ6DEzcWzCCv3VEia9NyU8McovoZGnb2ep7vFMLV1yaAdQr1gKXdk8c87yYWTE8JKTZ7m3Ywx8:2:0,T0,true,scheduled,not_collected_policy,not_collected_policy,not_observed,not_applicable,not_collected_policy,c4020261cdb56888a499bf14
solana:5a4o7NJi8Hbey3nJ6DEzcWzCCv3VEia9NyU8McovoZGnb2ep7vFMLV1yaAdQr1gKXdk8c87yYWTE8JKTZ7m3Ywx8:2:0,T+24h,true,scheduled,not_collected_policy,not_collected_policy,not_observed,not_applicable,not_collected_policy,70f8d8c4b8dcd5e2f7c9ec90
solana:5a4o7NJi8Hbey3nJ6DEzcWzCCv3VEia9NyU8McovoZGnb2ep7vFMLV1yaAdQr1gKXdk8c87yYWTE8JKTZ7m3Ywx8:2:0,T+60h,true,scheduled,not_collected_policy,not_collected_policy,not_observed,not_applicable,not_collected_policy,992d9067823c22331dc406b8
solana:2UVECT6cbYiaGc1zzsth6h69YrkuNSrXB3WjbAkSVadxNR5rZzyvwdnmjjq87YZdGfVf6x9KFFqz7hGNrFfdUBsE:2:0,T0,true,scheduled,failed,not_observed,not_observed,on_time,request_failed,3b2a9873c918e2da1b24d218
solana:2UVECT6cbYiaGc1zzsth6h69YrkuNSrXB3WjbAkSVadxNR5rZzyvwdnmjjq87YZdGfVf6x9KFFqz7hGNrFfdUBsE:2:0,T+24h,true,scheduled,failed,not_observed,not_observed,on_time,request_failed,dfb6f96b9cfd43b3e07e45a0
solana:2UVECT6cbYiaGc1zzsth6h69YrkuNSrXB3WjbAkSVadxNR5rZzyvwdnmjjq87YZdGfVf6x9KFFqz7hGNrFfdUBsE:2:0,T+60h,true,scheduled,failed,not_observed,not_observed,on_time,request_failed,ceaaf3fe29d8d3599478c875
solana:4K5GMbYvNvgGQAharF44hfM4CBZa1huvwTznvUZEDA3P2z1bmf7YAYbY9HGt9Wa16x6ZjPr2Thd9GMBDoLZsDnJX:2:0,T0,true,scheduled,success,json_ok,observed,on_time,observed,e458e0d99fe3aa9b03196c94
solana:4K5GMbYvNvgGQAharF44hfM4CBZa1huvwTznvUZEDA3P2z1bmf7YAYbY9HGt9Wa16x6ZjPr2Thd9GMBDoLZsDnJX:2:0,T+24h,true,scheduled,success,json_ok,observed,on_time,observed,f8c56ff99f79e827a015cc2d
solana:4K5GMbYvNvgGQAharF44hfM4CBZa1huvwTznvUZEDA3P2z1bmf7YAYbY9HGt9Wa16x6ZjPr2Thd9GMBDoLZsDnJX:2:0,T+60h,true,scheduled,success,json_ok,observed,on_time,observed,c54ed5b9b819fc4e76c08901
solana:46ipAkyURwM4fKuRkqcCNCjWtE6dLrQAW9MdQkAFp628NUQCZx3wQoeFByh4nrL4oKANsETsY6YreYzore9VKhqw:2:0,T0,true,scheduled,success,json_ok,observed,on_time,observed,13ebf2f7bf2faf99491cf40c
solana:46ipAkyURwM4fKuRkqcCNCjWtE6dLrQAW9MdQkAFp628NUQCZx3wQoeFByh4nrL4oKANsETsY6YreYzore9VKhqw:2:0,T+24h,true,scheduled,success,json_ok,observed,on_time,observed,d8c964dd6dc9d58613ca268d
solana:46ipAkyURwM4fKuRkqcCNCjWtE6dLrQAW9MdQkAFp628NUQCZx3wQoeFByh4nrL4oKANsETsY6YreYzore9VKhqw:2:0,T+60h,true,scheduled,success,json_ok,observed,on_time,observed,5c571d1a5a43f702b373459d
solana:5Da2zK8oNG9y2qN4ndLjeBe7WttRY7q2VAoC6rUMXGaaDrVzZ9euDb3jw4GoUoJXQyngoffAPx4DoR3KPywoMDes:2:0,T0,true,scheduled,not_collected_policy,not_collected_policy,not_observed,not_applicable,not_collected_policy,1c790c6c0e3c3d138465c6b0
solana:5Da2zK8oNG9y2qN4ndLjeBe7WttRY7q2VAoC6rUMXGaaDrVzZ9euDb3jw4GoUoJXQyngoffAPx4DoR3KPywoMDes:2:0,T+24h,true,scheduled,not_collected_policy,not_collected_policy,not_observed,not_applicable,not_collected_policy,7c5c51fe3ea35f4082780a56
solana:5Da2zK8oNG9y2qN4ndLjeBe7WttRY7q2VAoC6rUMXGaaDrVzZ9euDb3jw4GoUoJXQyngoffAPx4DoR3KPywoMDes:2:0,T+60h,true,scheduled,not_collected_policy,not_collected_policy,not_observed,not_applicable,not_collected_policy,0b6c4cc0d8b63b97fb8b26d6
solana:48iy3X99E4y7f8QRdxaWvEZ6AS4f7FGgvumF7DHib6ft1naSZBxU5GHKXx2BMExxjpSn5S9EGY8F1TbkbfRfRtFB:2:0,T0,true,scheduled,not_collected_policy,not_collected_policy,not_observed,not_applicable,not_collected_policy,c02c0f09a24a859b60ddb68d
solana:48iy3X99E4y7f8QRdxaWvEZ6AS4f7FGgvumF7DHib6ft1naSZBxU5GHKXx2BMExxjpSn5S9EGY8F1TbkbfRfRtFB:2:0,T+24h,true,scheduled,not_collected_policy,not_collected_policy,not_observed,not_applicable,not_collected_policy,5a464e1044b770e03916af80
solana:48iy3X99E4y7f8QRdxaWvEZ6AS4f7FGgvumF7DHib6ft1naSZBxU5GHKXx2BMExxjpSn5S9EGY8F1TbkbfRfRtFB:2:0,T+60h,true,scheduled,not_collected_policy,not_collected_policy,not_observed,not_applicable,not_collected_policy,7f44d17b06cd9d061467625f
solana:TsdqvA4aLd8VBT29cvbqzirKBVU9GHTQPg7KCbp4CEBSiJ94hCwTQgHL17DYzfjiwZTu8GQJLadJjsFB8QfDo6B:2:0,T0,true,scheduled,success,json_ok,observed,on_time,observed,0cd3e1a55f81d9bcff76e2a9
solana:TsdqvA4aLd8VBT29cvbqzirKBVU9GHTQPg7KCbp4CEBSiJ94hCwTQgHL17DYzfjiwZTu8GQJLadJjsFB8QfDo6B:2:0,T+24h,true,scheduled,success,json_ok,observed,on_time,observed,d743a92086c8c851741c1dd5
solana:TsdqvA4aLd8VBT29cvbqzirKBVU9GHTQPg7KCbp4CEBSiJ94hCwTQgHL17DYzfjiwZTu8GQJLadJjsFB8QfDo6B:2:0,T+60h,true,scheduled,success,json_ok,observed,on_time,observed,fe3391074069caa3f43b65cb
solana:4G2CnzByZr174zA6gE2yH7Gv4WF6aBNuqtit7NpaUh7mXYcHVmQRfbiVhxfsUe44hsMQ5f4qptGKhHvfrCDAFqyR:2:0,T0,true,scheduled,success,json_ok,observed,on_time,observed,b654aaa58a190912852e9e84
solana:4G2CnzByZr174zA6gE2yH7Gv4WF6aBNuqtit7NpaUh7mXYcHVmQRfbiVhxfsUe44hsMQ5f4qptGKhHvfrCDAFqyR:2:0,T+24h,true,scheduled,success,json_ok,observed,on_time,observed,162038f8f49fd8bb984fd4ee
solana:4G2CnzByZr174zA6gE2yH7Gv4WF6aBNuqtit7NpaUh7mXYcHVmQRfbiVhxfsUe44hsMQ5f4qptGKhHvfrCDAFqyR:2:0,T+60h,true,scheduled,success,json_ok,observed,on_time,observed,e6fb7a88d3b72c4e98cd9a67
solana:3xtbPKggiqqwpNmJu495rYktQqWUSSszuiqifPuhrBaAarjCi5nLFNQdCFQJQYv6EAR866mNSWm4RKz58t1HVobx:2:0,T0,true,scheduled,failed,not_observed,not_observed,on_time,request_failed,42c618f32f6f3fe70103635c
solana:3xtbPKggiqqwpNmJu495rYktQqWUSSszuiqifPuhrBaAarjCi5nLFNQdCFQJQYv6EAR866mNSWm4RKz58t1HVobx:2:0,T+24h,true,scheduled,failed,not_observed,not_observed,on_time,request_failed,3df6b36f94376095e8ef6c29
solana:3xtbPKggiqqwpNmJu495rYktQqWUSSszuiqifPuhrBaAarjCi5nLFNQdCFQJQYv6EAR866mNSWm4RKz58t1HVobx:2:0,T+60h,true,scheduled,failed,not_observed,not_observed,on_time,request_failed,6c9f9626e2c1ccccf4033fd2
solana:5gNFsCrhhsxcFhnsuhUk8HLKsXtrxbkfGhC92xhM85NvD9Uh8NYiKYicUYwD5g7m3G1QomfZNXfn3tRbHGbFXPsL:2:0,T0,true,scheduled,success,json_ok,observed,on_time,observed,5a86e200a6111a74e82d923e
solana:5gNFsCrhhsxcFhnsuhUk8HLKsXtrxbkfGhC92xhM85NvD9Uh8NYiKYicUYwD5g7m3G1QomfZNXfn3tRbHGbFXPsL:2:0,T+24h,true,scheduled,success,json_ok,observed,on_time,observed,3ae2d1b78cf1071c02d82d1f
solana:5gNFsCrhhsxcFhnsuhUk8HLKsXtrxbkfGhC92xhM85NvD9Uh8NYiKYicUYwD5g7m3G1QomfZNXfn3tRbHGbFXPsL:2:0,T+60h,true,scheduled,success,json_ok,observed,on_time,observed,f3d8da1701f0e75c18bddec0
solana:2SNNpXMS3P6Ymhi3f4vE8hLSciBH4fnHpJa91xkEdd9YfMBFcxoKxW2nq84PNfgYevQJXZ7JYsiwc7KFoittfeVy:2:0,T0,true,scheduled,not_collected_policy,not_collected_policy,not_observed,not_applicable,not_collected_policy,bf6b98020d0b68ec5391af86
solana:2SNNpXMS3P6Ymhi3f4vE8hLSciBH4fnHpJa91xkEdd9YfMBFcxoKxW2nq84PNfgYevQJXZ7JYsiwc7KFoittfeVy:2:0,T+24h,true,scheduled,not_collected_policy,not_collected_policy,not_observed,not_applicable,not_collected_policy,8369d70e8e80de2678a4c6c9
solana:2SNNpXMS3P6Ymhi3f4vE8hLSciBH4fnHpJa91xkEdd9YfMBFcxoKxW2nq84PNfgYevQJXZ7JYsiwc7KFoittfeVy:2:0,T+60h,true,scheduled,not_collected_policy,not_collected_policy,not_observed,not_applicable,not_collected_policy,ce641b633c1c6770488d6517
solana:4RKhw8rW3WL1f2178rAbwZvnvHV57X5hw1JBpPP4DKeVpcsMPA9KDcEPT28n4jzkWPPBmBUr9HVNvoywgGre82xX:2:0,T0,true,scheduled,not_collected_policy,not_collected_policy,not_observed,not_applicable,not_collected_policy,257ab05c6f08d5f975ac7453
solana:4RKhw8rW3WL1f2178rAbwZvnvHV57X5hw1JBpPP4DKeVpcsMPA9KDcEPT28n4jzkWPPBmBUr9HVNvoywgGre82xX:2:0,T+24h,true,scheduled,not_collected_policy,not_collected_policy,not_observed,not_applicable,not_collected_policy,480c5b7b5eeab50e341845d5
solana:4RKhw8rW3WL1f2178rAbwZvnvHV57X5hw1JBpPP4DKeVpcsMPA9KDcEPT28n4jzkWPPBmBUr9HVNvoywgGre82xX:2:0,T+60h,true,scheduled,not_collected_policy,not_collected_policy,not_observed,not_applicable,not_collected_policy,ce57877b522215425fb235d4
solana:672G9uogYykwy1BsBzXMcyn5ke7SGzyppcKiPt1oNMHdWnoNwQcZtasPHvHPdCtTrZchXZXsnPgiJUeMnDiYtawa:2:0,T0,true,scheduled,success,json_ok,observed,on_time,observed,a344aa3d64259052695aa87a
solana:672G9uogYykwy1BsBzXMcyn5ke7SGzyppcKiPt1oNMHdWnoNwQcZtasPHvHPdCtTrZchXZXsnPgiJUeMnDiYtawa:2:0,T+24h,true,scheduled,success,json_ok,observed,on_time,observed,bc23266d9ccfcab99cfca9a9
solana:672G9uogYykwy1BsBzXMcyn5ke7SGzyppcKiPt1oNMHdWnoNwQcZtasPHvHPdCtTrZchXZXsnPgiJUeMnDiYtawa:2:0,T+60h,true,scheduled,success,json_ok,observed,on_time,observed,956ee3d15dbbd8aed2dc133a
solana:22vxPox1KRPHDxDCa8xaymJiqR2JLxwiSVG8mXv3BNoYdFW45c8sjRbSsKmdYRvcfsUFNHo6XF7ZARzBE3KUywWq:2:0,T0,true,scheduled,success,json_ok,observed,on_time,observed,9b09626485134db299def462
solana:22vxPox1KRPHDxDCa8xaymJiqR2JLxwiSVG8mXv3BNoYdFW45c8sjRbSsKmdYRvcfsUFNHo6XF7ZARzBE3KUywWq:2:0,T+24h,true,scheduled,success,json_ok,observed,on_time,observed,492c6e1a7838b496d8d994e1
solana:22vxPox1KRPHDxDCa8xaymJiqR2JLxwiSVG8mXv3BNoYdFW45c8sjRbSsKmdYRvcfsUFNHo6XF7ZARzBE3KUywWq:2:0,T+60h,true,scheduled,success,json_ok,observed,on_time,observed,bcfcc8f96a11650b71785f06
solana:3Y59zeLxd7g1JSdWENRjms6KfViLiobm36qppiGJ3iriRgPhBpJS6zouS2icexZruPWz7CcLh6nhCT1Nex4juS8H:2:0,T0,true,scheduled,success,json_ok,observed,on_time,observed,bf040b41ca5f8e6a5fe2b73b
solana:3Y59zeLxd7g1JSdWENRjms6KfViLiobm36qppiGJ3iriRgPhBpJS6zouS2icexZruPWz7CcLh6nhCT1Nex4juS8H:2:0,T+24h,true,scheduled,success,json_ok,observed,on_time,observed,f4b7fd8ec7fa4a6a8be0b090
solana:3Y59zeLxd7g1JSdWENRjms6KfViLiobm36qppiGJ3iriRgPhBpJS6zouS2icexZruPWz7CcLh6nhCT1Nex4juS8H:2:0,T+60h,true,scheduled,success,json_ok,observed,on_time,observed,0a65c864db3c1de567172f98
solana:3RGJVEBbmq1caD1h2WvWJpECXgnN6UXVMmfxFjn3nPntb2XwiStzMDBrYVHgWELvxipjKGgTEeB9tTt2hzpPvf2p:2:0,T0,true,scheduled,not_collected_policy,not_collected_policy,not_observed,not_applicable,not_collected_policy,cc6419b98058582513f31927
solana:3RGJVEBbmq1caD1h2WvWJpECXgnN6UXVMmfxFjn3nPntb2XwiStzMDBrYVHgWELvxipjKGgTEeB9tTt2hzpPvf2p:2:0,T+24h,true,scheduled,not_collected_policy,not_collected_policy,not_observed,not_applicable,not_collected_policy,0be0d98160c7769bf3882708
solana:3RGJVEBbmq1caD1h2WvWJpECXgnN6UXVMmfxFjn3nPntb2XwiStzMDBrYVHgWELvxipjKGgTEeB9tTt2hzpPvf2p:2:0,T+60h,true,scheduled,not_collected_policy,not_collected_policy,not_observed,not_applicable,not_collected_policy,9a9504d0028c8c1018c8b9bc
solana:2g2DDdSTHiZFPaYNXNUQB4kd6Ha2MHnHdF322SfZRQeiEGK6EsLYxKTpjLrReXX8x2pSPoCW8ppKDru55yAj8gF5:2:0,T0,true,scheduled,failed,not_observed,not_observed,on_time,request_failed,113b0caea053b1e6da3f15fd
solana:2g2DDdSTHiZFPaYNXNUQB4kd6Ha2MHnHdF322SfZRQeiEGK6EsLYxKTpjLrReXX8x2pSPoCW8ppKDru55yAj8gF5:2:0,T+24h,true,scheduled,failed,not_observed,not_observed,on_time,request_failed,c18f20205883f780cfccac69
solana:2g2DDdSTHiZFPaYNXNUQB4kd6Ha2MHnHdF322SfZRQeiEGK6EsLYxKTpjLrReXX8x2pSPoCW8ppKDru55yAj8gF5:2:0,T+60h,true,scheduled,failed,not_observed,not_observed,on_time,request_failed,e526e29f817c160143ef9201
solana:3o25BDCBM2QwVztkewjQnoeDj1YFhMwoyeS1bwpMbLuhnFuysEH2tt7sfZj4PrnJN2YkXNsggxDCm4kW4eVi38qL:2:0,T0,true,scheduled,success,json_ok,observed,on_time,observed,c1eb23fa2954d2968847ce17
solana:3o25BDCBM2QwVztkewjQnoeDj1YFhMwoyeS1bwpMbLuhnFuysEH2tt7sfZj4PrnJN2YkXNsggxDCm4kW4eVi38qL:2:0,T+24h,true,scheduled,success,json_ok,observed,on_time,observed,64531f26efb3924dd3acaff3
solana:3o25BDCBM2QwVztkewjQnoeDj1YFhMwoyeS1bwpMbLuhnFuysEH2tt7sfZj4PrnJN2YkXNsggxDCm4kW4eVi38qL:2:0,T+60h,true,scheduled,success,json_ok,observed,on_time,observed,be34c282fdb9481955449cc7
solana:2gzrKnY7zNSzPwm2Hqpu6kU5F6yUKpuv4GQs62NbAJtLcDrtQoQ5ntTAK2JTyziDLkXkpJzqsM5MdyZEtfvQ5xPW:2:0,T0,true,scheduled,success,json_ok,observed,on_time,observed,8cf2f06aa813caf7736ed438
solana:2gzrKnY7zNSzPwm2Hqpu6kU5F6yUKpuv4GQs62NbAJtLcDrtQoQ5ntTAK2JTyziDLkXkpJzqsM5MdyZEtfvQ5xPW:2:0,T+24h,true,scheduled,success,json_ok,observed,on_time,observed,2d5b86207c4bd573b593d3ab
solana:2gzrKnY7zNSzPwm2Hqpu6kU5F6yUKpuv4GQs62NbAJtLcDrtQoQ5ntTAK2JTyziDLkXkpJzqsM5MdyZEtfvQ5xPW:2:0,T+60h,true,scheduled,success,json_ok,observed,on_time,observed,5c36eac159aaa9468ef956a5
solana:3WAKFS9uYhABwjBR6QzvG8NezxUPm1nqv1EFoLr6XY2PsmMGC65vrw3gcpprrzU5rAQKbh8GxRFRXcgdSyiVDATR:0:0,T0,true,scheduled,success,json_ok,observed,on_time,observed,e538e97a04bb4597555273fc
solana:3WAKFS9uYhABwjBR6QzvG8NezxUPm1nqv1EFoLr6XY2PsmMGC65vrw3gcpprrzU5rAQKbh8GxRFRXcgdSyiVDATR:0:0,T+24h,true,scheduled,success,json_ok,observed,on_time,observed,c56a407e3567cf28a227ea2f
solana:3WAKFS9uYhABwjBR6QzvG8NezxUPm1nqv1EFoLr6XY2PsmMGC65vrw3gcpprrzU5rAQKbh8GxRFRXcgdSyiVDATR:0:0,T+60h,true,scheduled,success,json_ok,observed,on_time,observed,8b382f5ab87d220663504d08
solana:5CWbqTEBYfb5ddsgDyw4gdLX9aoaaXpr45uDAWCPMyfQqjKjc6jetrrjfoVXsKqcNCRnHHGzhMAYJPTy8LqSGkpk:2:0,T0,true,scheduled,not_collected_policy,not_collected_policy,not_observed,not_applicable,not_collected_policy,33f5ba282c0a6b89cadf3863
solana:5CWbqTEBYfb5ddsgDyw4gdLX9aoaaXpr45uDAWCPMyfQqjKjc6jetrrjfoVXsKqcNCRnHHGzhMAYJPTy8LqSGkpk:2:0,T+24h,true,scheduled,not_collected_policy,not_collected_policy,not_observed,not_applicable,not_collected_policy,5e1c3b859a412d5403b28712
solana:5CWbqTEBYfb5ddsgDyw4gdLX9aoaaXpr45uDAWCPMyfQqjKjc6jetrrjfoVXsKqcNCRnHHGzhMAYJPTy8LqSGkpk:2:0,T+60h,true,scheduled,not_collected_policy,not_collected_policy,not_observed,not_applicable,not_collected_policy,20ddaf7aaff0bb958646f0a7
solana:nv3BFjKjAKz8X3VFunc7XRvkPR2MD9BE6sfUL3bq6pGsVUCEG7jvDMV2fFRM9a9kT4R4wABZD1tStUG8xbTpKzS:2:0,T0,true,scheduled,not_collected_policy,not_collected_policy,not_observed,not_applicable,not_collected_policy,87869d095a442e0fb41f1fa1
solana:nv3BFjKjAKz8X3VFunc7XRvkPR2MD9BE6sfUL3bq6pGsVUCEG7jvDMV2fFRM9a9kT4R4wABZD1tStUG8xbTpKzS:2:0,T+24h,true,scheduled,not_collected_policy,not_collected_policy,not_observed,not_applicable,not_collected_policy,adcee8c8f9775c71a884859b
solana:nv3BFjKjAKz8X3VFunc7XRvkPR2MD9BE6sfUL3bq6pGsVUCEG7jvDMV2fFRM9a9kT4R4wABZD1tStUG8xbTpKzS:2:0,T+60h,true,scheduled,not_collected_policy,not_collected_policy,not_observed,not_applicable,not_collected_policy,2cc9dc651e35506b5730b2fc
solana:4gP7GKXDJ6Spxh5vtBRJfmC27QGyPBowDK8yzwkjp9WAdHUqWbYQitGY4MqfGuYppxxjtetQvKbBpRX2hFPBqcpR:2:0,T0,true,scheduled,not_collected_policy,not_collected_policy,not_observed,not_applicable,not_collected_policy,b7c87829f70e5de2618ddb88
solana:4gP7GKXDJ6Spxh5vtBRJfmC27QGyPBowDK8yzwkjp9WAdHUqWbYQitGY4MqfGuYppxxjtetQvKbBpRX2hFPBqcpR:2:0,T+24h,true,scheduled,not_collected_policy,not_collected_policy,not_observed,not_applicable,not_collected_policy,70f1dbc0207d603e00b599e3
solana:4gP7GKXDJ6Spxh5vtBRJfmC27QGyPBowDK8yzwkjp9WAdHUqWbYQitGY4MqfGuYppxxjtetQvKbBpRX2hFPBqcpR:2:0,T+60h,true,scheduled,not_collected_policy,not_collected_policy,not_observed,not_applicable,not_collected_policy,853e50d0e17231bbf4732f35
solana:4ZRhxoUo8YMGajwWCnNKrZ1cn7zKvGgCm4sftYi7xkrZbHTAvZV2vwnFmKRY62cufvC1BMjL7eT32NGhd1VJQzpo:2:0,T0,true,scheduled,success,json_ok,observed,on_time,observed,737c7a70d7a49af34f8364bb
solana:4ZRhxoUo8YMGajwWCnNKrZ1cn7zKvGgCm4sftYi7xkrZbHTAvZV2vwnFmKRY62cufvC1BMjL7eT32NGhd1VJQzpo:2:0,T+24h,true,scheduled,success,json_ok,observed,on_time,observed,9fe6ba9b015536ee257d8cd4
solana:4ZRhxoUo8YMGajwWCnNKrZ1cn7zKvGgCm4sftYi7xkrZbHTAvZV2vwnFmKRY62cufvC1BMjL7eT32NGhd1VJQzpo:2:0,T+60h,true,scheduled,success,json_ok,observed,on_time,observed,f79cdbf8ad42dd2a54142fa4
solana:HkEztw2JjQR1vThr95uwvVVnVbsUVTgtKt776S7c19d14pS7KbcYesm1dwhp6az6hD9rdyfPzPErTJpaQyuhByt:2:0,T0,true,scheduled,success,json_ok,observed,on_time,observed,791a3cdb918a888f3f652f38
solana:HkEztw2JjQR1vThr95uwvVVnVbsUVTgtKt776S7c19d14pS7KbcYesm1dwhp6az6hD9rdyfPzPErTJpaQyuhByt:2:0,T+24h,true,scheduled,success,json_ok,observed,on_time,observed,b0496379811a5b56497f7a00
solana:HkEztw2JjQR1vThr95uwvVVnVbsUVTgtKt776S7c19d14pS7KbcYesm1dwhp6az6hD9rdyfPzPErTJpaQyuhByt:2:0,T+60h,true,scheduled,success,json_ok,observed,on_time,observed,b4ace268ed90df35a13a6791
solana:3PyMZRSL3TNxshhvF3H9icRNp1cp6836gwodhE3aSrbWj1FhYwNvs3m6gMjzCg9bgNpQse8pQHXo2hvau8R1hKsr:2:0,T0,true,scheduled,success,json_ok,observed,on_time,observed,19205a5c318b67fe5c839e5d
solana:3PyMZRSL3TNxshhvF3H9icRNp1cp6836gwodhE3aSrbWj1FhYwNvs3m6gMjzCg9bgNpQse8pQHXo2hvau8R1hKsr:2:0,T+24h,true,scheduled,success,json_ok,observed,on_time,observed,ae547c8719fb9f65b0a6d460
solana:3PyMZRSL3TNxshhvF3H9icRNp1cp6836gwodhE3aSrbWj1FhYwNvs3m6gMjzCg9bgNpQse8pQHXo2hvau8R1hKsr:2:0,T+60h,true,scheduled,success,json_ok,observed,on_time,observed,fd879f2184fff1aa8b51b1bd
solana:36boVAm1tmbETJXCsCa5UmGUhSRCA89yYpDsHshGdj5ijAsJZk87BUb16vsCQTGXaM33CBKc8ZboR5Vkd7RnUcjF:2:0,T0,true,scheduled,success,json_ok,observed,on_time,observed,9d58f887cdec69849122efb1
solana:36boVAm1tmbETJXCsCa5UmGUhSRCA89yYpDsHshGdj5ijAsJZk87BUb16vsCQTGXaM33CBKc8ZboR5Vkd7RnUcjF:2:0,T+24h,true,scheduled,success,json_ok,observed,on_time,observed,c846ad2428fb56145194464c
solana:36boVAm1tmbETJXCsCa5UmGUhSRCA89yYpDsHshGdj5ijAsJZk87BUb16vsCQTGXaM33CBKc8ZboR5Vkd7RnUcjF:2:0,T+60h,true,scheduled,success,json_ok,observed,on_time,observed,6ec8a7e26cb9f7cc71fa46c9
solana:2NiXhAhxQHDVUYxaRQTWwKH3kddfd9Lz2jRdo4hyf6m8ZVukNyL1W8vHFiobx9nqeCwzQohhq6DU1hYTjhvChzJZ:2:0,T0,true,scheduled,success,json_ok,observed,on_time,observed,5e5f78fd52bd731797ff2e51
solana:2NiXhAhxQHDVUYxaRQTWwKH3kddfd9Lz2jRdo4hyf6m8ZVukNyL1W8vHFiobx9nqeCwzQohhq6DU1hYTjhvChzJZ:2:0,T+24h,true,scheduled,success,json_ok,observed,on_time,observed,dc66e3e3892470cff4998065
solana:2NiXhAhxQHDVUYxaRQTWwKH3kddfd9Lz2jRdo4hyf6m8ZVukNyL1W8vHFiobx9nqeCwzQohhq6DU1hYTjhvChzJZ:2:0,T+60h,true,scheduled,success,json_ok,observed,on_time,observed,7ca88cc5f0f809707c43a2ae
solana:3p8TN3LNGszNVqV7e6CFpx2bdDHc4md5xj7yZ7bWx7tes6JFXTksQT7F131VfSqraPmQfAMAnC2pWx7Ks8z63iYz:2:0,T0,true,scheduled,success,json_ok,observed,on_time,observed,b2ac27f0e5281455926dc26d
solana:3p8TN3LNGszNVqV7e6CFpx2bdDHc4md5xj7yZ7bWx7tes6JFXTksQT7F131VfSqraPmQfAMAnC2pWx7Ks8z63iYz:2:0,T+24h,true,scheduled,success,json_ok,observed,on_time,observed,7a00440e5bf0ab52970a9972
solana:3p8TN3LNGszNVqV7e6CFpx2bdDHc4md5xj7yZ7bWx7tes6JFXTksQT7F131VfSqraPmQfAMAnC2pWx7Ks8z63iYz:2:0,T+60h,true,scheduled,success,json_ok,observed,on_time,observed,94a32fc4e16ade4f233383c4
solana:5HfUfuZY3Reg2mWdbrWXLeWgknM9MkkNGJ48pVsZguijQRRKEy2zMDRidvEMSv62vXFGPs31v8WdRwa7Z51HZD2Q:2:0,T0,true,scheduled,success,json_ok,observed,on_time,observed,e2e5b99f202df2c161bc056f
solana:5HfUfuZY3Reg2mWdbrWXLeWgknM9MkkNGJ48pVsZguijQRRKEy2zMDRidvEMSv62vXFGPs31v8WdRwa7Z51HZD2Q:2:0,T+24h,true,scheduled,success,json_ok,observed,on_time,observed,7715c35a484ea4ce2682a1fc
solana:5HfUfuZY3Reg2mWdbrWXLeWgknM9MkkNGJ48pVsZguijQRRKEy2zMDRidvEMSv62vXFGPs31v8WdRwa7Z51HZD2Q:2:0,T+60h,true,scheduled,success,json_ok,observed,on_time,observed,c8ae27ebdc7bc8db2eaca63a
solana:2vTPGFC4Vz7wSGn9ySUQmQ3GRfcH8tfRrmEnmzLhc1jPvJvs6PE3VzXSYnUcHCuMS5tkiPUQi7fkJpsEbcu7Svqp:2:0,T0,true,scheduled,success,json_ok,observed,on_time,observed,5f7bf082af24271270e25bee
solana:2vTPGFC4Vz7wSGn9ySUQmQ3GRfcH8tfRrmEnmzLhc1jPvJvs6PE3VzXSYnUcHCuMS5tkiPUQi7fkJpsEbcu7Svqp:2:0,T+24h,true,scheduled,success,json_ok,observed,on_time,observed,30dbe5219db5da4105c48c14
solana:2vTPGFC4Vz7wSGn9ySUQmQ3GRfcH8tfRrmEnmzLhc1jPvJvs6PE3VzXSYnUcHCuMS5tkiPUQi7fkJpsEbcu7Svqp:2:0,T+60h,true,scheduled,success,json_ok,observed,on_time,observed,8f2080e8bfd122e5f18575bb
solana:3dgtc7eJjKf8bfEc4D8hvTL2dzn4VoraUHLcCQiTS8EVytKhZMC1fKGxcwSkkcjuTobyLViqcjJc6dqLpzjk6k7h:2:0,T0,true,scheduled,success,json_ok,observed,on_time,observed,47aab7b8db44bba6529170de
solana:3dgtc7eJjKf8bfEc4D8hvTL2dzn4VoraUHLcCQiTS8EVytKhZMC1fKGxcwSkkcjuTobyLViqcjJc6dqLpzjk6k7h:2:0,T+24h,true,scheduled,success,json_ok,observed,on_time,observed,da254815dd2fb04723ad7ee5
solana:3dgtc7eJjKf8bfEc4D8hvTL2dzn4VoraUHLcCQiTS8EVytKhZMC1fKGxcwSkkcjuTobyLViqcjJc6dqLpzjk6k7h:2:0,T+60h,true,scheduled,success,json_ok,observed,on_time,observed,b991c7e0217e9f7ae2d3c537
solana:2X6AcRRvc1PRYkCtmZnFfX3VLR6y7fmmMMtTQrctfEMJSyN8Z2yjLCoATaw8JVqMKs6yEn35hUJCgV8U2AJSDZD2:2:0,T0,true,scheduled,success,json_ok,observed,on_time,observed,5a01b90134517984c738720f
solana:2X6AcRRvc1PRYkCtmZnFfX3VLR6y7fmmMMtTQrctfEMJSyN8Z2yjLCoATaw8JVqMKs6yEn35hUJCgV8U2AJSDZD2:2:0,T+24h,true,scheduled,success,json_ok,observed,on_time,observed,434826770032e6e88efc926a
solana:2X6AcRRvc1PRYkCtmZnFfX3VLR6y7fmmMMtTQrctfEMJSyN8Z2yjLCoATaw8JVqMKs6yEn35hUJCgV8U2AJSDZD2:2:0,T+60h,true,scheduled,success,json_ok,observed,on_time,observed,2c8ebab74be06d0c8e9ca814
solana:4Ujo1RsoGv56B3dfcr4pKxfdgEPnkB8mVaScHKxK3U1tznEhSWFLzWWcGXQ8XARbeC3NhbnUGPWkWFBBteDrTyff:2:1,T0,true,scheduled,success,json_ok,observed,on_time,observed,3a8c58cb01d92a99344d7f74
solana:4Ujo1RsoGv56B3dfcr4pKxfdgEPnkB8mVaScHKxK3U1tznEhSWFLzWWcGXQ8XARbeC3NhbnUGPWkWFBBteDrTyff:2:1,T+24h,true,scheduled,success,json_ok,observed,on_time,observed,3783194bf29b5742f532c306
solana:4Ujo1RsoGv56B3dfcr4pKxfdgEPnkB8mVaScHKxK3U1tznEhSWFLzWWcGXQ8XARbeC3NhbnUGPWkWFBBteDrTyff:2:1,T+60h,true,scheduled,success,json_ok,observed,on_time,observed,11b407949791a423be7b7efe
solana:2dHrP3YQRkHu5jUcJGMQm4toJF9uLRY5qfedvwqHbLxnYfazbJLinD7yq4ru3pHLKxEFYXfFRH1t8s2V2Djxcds1:2:0,T0,true,scheduled,success,json_ok,observed,on_time,observed,28b73e80111a38ef77772dfc
solana:2dHrP3YQRkHu5jUcJGMQm4toJF9uLRY5qfedvwqHbLxnYfazbJLinD7yq4ru3pHLKxEFYXfFRH1t8s2V2Djxcds1:2:0,T+24h,true,scheduled,success,json_ok,observed,on_time,observed,0a05d1fe365c2e1fe2ee0f40
solana:2dHrP3YQRkHu5jUcJGMQm4toJF9uLRY5qfedvwqHbLxnYfazbJLinD7yq4ru3pHLKxEFYXfFRH1t8s2V2Djxcds1:2:0,T+60h,true,scheduled,success,json_ok,observed,on_time,observed,e2f75c349a1e2626250b83b3
solana:2tiJdA81H8hcWBdPhAQFPNdGk9xZvgcSKVGNMH77DDUtEmxEfG3JNzrQt1CH9wNoheRY2su83A77Kvn31W1N8ajx:2:0,T0,true,scheduled,success,json_ok,observed,on_time,observed,a908cda0c6bec1028754aa7e
solana:2tiJdA81H8hcWBdPhAQFPNdGk9xZvgcSKVGNMH77DDUtEmxEfG3JNzrQt1CH9wNoheRY2su83A77Kvn31W1N8ajx:2:0,T+24h,true,scheduled,success,json_ok,observed,on_time,observed,69c75c080143686138480103
solana:2tiJdA81H8hcWBdPhAQFPNdGk9xZvgcSKVGNMH77DDUtEmxEfG3JNzrQt1CH9wNoheRY2su83A77Kvn31W1N8ajx:2:0,T+60h,true,scheduled,success,json_ok,observed,on_time,observed,f5975dc9d37fb23a5d821df7
solana:3f5c15EMtZ32Gy66efrkjwF2B1p4YKvq3oPEUBXKxSVnYhDCSg51eEWeLHDSC48M48gPDFhz2ybeeuh8s7gZBK1P:2:0,T0,true,scheduled,success,json_ok,observed,on_time,observed,5bc75b50843f5d8728559a3d
solana:3f5c15EMtZ32Gy66efrkjwF2B1p4YKvq3oPEUBXKxSVnYhDCSg51eEWeLHDSC48M48gPDFhz2ybeeuh8s7gZBK1P:2:0,T+24h,true,scheduled,success,json_ok,observed,on_time,observed,97abd8d725319d6cae19d7d0
solana:3f5c15EMtZ32Gy66efrkjwF2B1p4YKvq3oPEUBXKxSVnYhDCSg51eEWeLHDSC48M48gPDFhz2ybeeuh8s7gZBK1P:2:0,T+60h,true,scheduled,success,json_ok,observed,on_time,observed,3a54ef04c5cc49c7fa4ee4a4
solana:2LihCEjDE9suYjQCr5sVvS6yvpW1abtNzcjjrKNc5nF7GNGRBtEDu2nNi1iiocwr2WTPrM2FttFc3tz2zPTdncCQ:2:0,T0,true,scheduled,failed,not_observed,not_observed,on_time,request_failed,b15653a4fa9e8028116959a0
solana:2LihCEjDE9suYjQCr5sVvS6yvpW1abtNzcjjrKNc5nF7GNGRBtEDu2nNi1iiocwr2WTPrM2FttFc3tz2zPTdncCQ:2:0,T+24h,true,scheduled,failed,not_observed,not_observed,on_time,request_failed,b448c5aea5b24a29f04522fb
solana:2LihCEjDE9suYjQCr5sVvS6yvpW1abtNzcjjrKNc5nF7GNGRBtEDu2nNi1iiocwr2WTPrM2FttFc3tz2zPTdncCQ:2:0,T+60h,true,scheduled,failed,not_observed,not_observed,on_time,request_failed,f3aa31aeafaf3001b0cf5c31
solana:5kdm2FYUTo18J5vfqCaqsiye8zKasQA8rxCNqpvzMkdbe6bXWFiukk399i9zZ9B3q5R41H5pZ2vQHLxdkGruEJVe:2:0,T0,true,scheduled,success,json_ok,observed,on_time,observed,e47bb4dfbc5ab59e70223155
solana:5kdm2FYUTo18J5vfqCaqsiye8zKasQA8rxCNqpvzMkdbe6bXWFiukk399i9zZ9B3q5R41H5pZ2vQHLxdkGruEJVe:2:0,T+24h,true,scheduled,success,json_ok,observed,on_time,observed,7e147e208d4af3684e277dea
solana:5kdm2FYUTo18J5vfqCaqsiye8zKasQA8rxCNqpvzMkdbe6bXWFiukk399i9zZ9B3q5R41H5pZ2vQHLxdkGruEJVe:2:0,T+60h,true,scheduled,success,json_ok,observed,on_time,observed,8fd361f8f0094cf69ac1bcd7
solana:Ar9XpFmxxZJKKW2jBqaVgtVUv2cr7wAUa6jqpLYBkVAjQUJRMMEc2ity6uSWWN7FhQifUpJbfsh1zWXfUCpPxdZ:2:0,T0,true,scheduled,success,json_ok,observed,on_time,observed,d2935212d47955d4939d5308
solana:Ar9XpFmxxZJKKW2jBqaVgtVUv2cr7wAUa6jqpLYBkVAjQUJRMMEc2ity6uSWWN7FhQifUpJbfsh1zWXfUCpPxdZ:2:0,T+24h,true,scheduled,success,json_ok,observed,on_time,observed,ddb104c908ba3b822ad01e42
solana:Ar9XpFmxxZJKKW2jBqaVgtVUv2cr7wAUa6jqpLYBkVAjQUJRMMEc2ity6uSWWN7FhQifUpJbfsh1zWXfUCpPxdZ:2:0,T+60h,true,scheduled,success,json_ok,observed,on_time,observed,6e02a3365aad3628a467750e
solana:3hmquLAoW2VWrNp5A3KMQ8javpxG91oQhuUEpq5uL6j8BcNfitwr7CzyM8NL1vAvdg7S1aKce25apV9DGQGiaikf:2:0,T0,true,scheduled,success,json_ok,observed,on_time,observed,2b38a8d47e1ca899b78b2ae5
solana:3hmquLAoW2VWrNp5A3KMQ8javpxG91oQhuUEpq5uL6j8BcNfitwr7CzyM8NL1vAvdg7S1aKce25apV9DGQGiaikf:2:0,T+24h,true,scheduled,success,json_ok,observed,on_time,observed,301046080accc3abe29b2b5d
solana:3hmquLAoW2VWrNp5A3KMQ8javpxG91oQhuUEpq5uL6j8BcNfitwr7CzyM8NL1vAvdg7S1aKce25apV9DGQGiaikf:2:0,T+60h,true,scheduled,success,json_ok,observed,on_time,observed,c0c63f477b3dc38c940545c6
solana:jSQLzhwmH9FWBhQuh7pU1aPDxEbDWBn1kV8i5KWi74mwLtu6gmTkPdVveGaKhVPdb4VeB2K84iBaN8P1LApo2sH:2:0,T0,true,scheduled,success,json_ok,observed,on_time,observed,c6a7ab42bf23d52e0bb5f94b
solana:jSQLzhwmH9FWBhQuh7pU1aPDxEbDWBn1kV8i5KWi74mwLtu6gmTkPdVveGaKhVPdb4VeB2K84iBaN8P1LApo2sH:2:0,T+24h,true,scheduled,success,json_ok,observed,on_time,observed,166035c4f8134de6ede44bdb
solana:jSQLzhwmH9FWBhQuh7pU1aPDxEbDWBn1kV8i5KWi74mwLtu6gmTkPdVveGaKhVPdb4VeB2K84iBaN8P1LApo2sH:2:0,T+60h,true,scheduled,success,json_ok,observed,on_time,observed,b7451edf73ba92006cad0c4f
solana:4ZQncc2FbZWkwbeHwAGWKDEXSjAQUg4TEEiu65UpMTYu6nzksC671CCLwL4DUm6hwe6Y4Pdovepz46v8fcQ1Kpsg:2:0,T0,true,scheduled,success,json_ok,observed,on_time,observed,b08ec634e8ebf4b57cb82529
solana:4ZQncc2FbZWkwbeHwAGWKDEXSjAQUg4TEEiu65UpMTYu6nzksC671CCLwL4DUm6hwe6Y4Pdovepz46v8fcQ1Kpsg:2:0,T+24h,true,scheduled,success,json_ok,observed,on_time,observed,8d89a0438afd0e461b0bcf6c
solana:4ZQncc2FbZWkwbeHwAGWKDEXSjAQUg4TEEiu65UpMTYu6nzksC671CCLwL4DUm6hwe6Y4Pdovepz46v8fcQ1Kpsg:2:0,T+60h,true,scheduled,success,json_ok,observed,on_time,observed,d6c11ea61220a6c586b52a60
solana:4TMKsRks8A8GQtMbgxkKfm2nL9vbq9SfaTdgU4sCijWknLjokxHdJjdaXj1x5ffnmXWYJwxRQyMpDnnhAyQ3Ejcr:2:0,T0,true,scheduled,success,json_ok,observed,on_time,observed,193b6e8b792a458dd98f7d7e
solana:4TMKsRks8A8GQtMbgxkKfm2nL9vbq9SfaTdgU4sCijWknLjokxHdJjdaXj1x5ffnmXWYJwxRQyMpDnnhAyQ3Ejcr:2:0,T+24h,true,scheduled,success,json_ok,observed,on_time,observed,94572e569aa836926915baf2
solana:4TMKsRks8A8GQtMbgxkKfm2nL9vbq9SfaTdgU4sCijWknLjokxHdJjdaXj1x5ffnmXWYJwxRQyMpDnnhAyQ3Ejcr:2:0,T+60h,true,scheduled,success,json_ok,observed,on_time,observed,c622fd758893d8048798dbb4
solana:4rG5dNWQjWykSeTpyBtxod5fwE1VUkyZdwBxfeSdL9ynLu1w7gExfQgY91NXPwbb9c8ethVAxtAUwaSBpwenm8Ua:2:0,T0,true,scheduled,success,json_ok,observed,on_time,observed,749e91e89d215314826f6dee
solana:4rG5dNWQjWykSeTpyBtxod5fwE1VUkyZdwBxfeSdL9ynLu1w7gExfQgY91NXPwbb9c8ethVAxtAUwaSBpwenm8Ua:2:0,T+24h,true,scheduled,success,json_ok,observed,on_time,observed,6c9b4e61d0bb5798f7c901f8
solana:4rG5dNWQjWykSeTpyBtxod5fwE1VUkyZdwBxfeSdL9ynLu1w7gExfQgY91NXPwbb9c8ethVAxtAUwaSBpwenm8Ua:2:0,T+60h,true,scheduled,success,json_ok,observed,on_time,observed,2426ff9297827c655a693575
solana:2nBc7TzNfQQtcnaGVQT2nKYoiXNrT5Z6LLcsjDXS4XokoN8NV5xapedHqHhEfp2GPRkR3b1hXAwcXdS6pfh6nnni:2:0,T0,true,scheduled,success,json_ok,observed,on_time,observed,545a31e5c5eaaa440ce319a4
solana:2nBc7TzNfQQtcnaGVQT2nKYoiXNrT5Z6LLcsjDXS4XokoN8NV5xapedHqHhEfp2GPRkR3b1hXAwcXdS6pfh6nnni:2:0,T+24h,true,scheduled,success,json_ok,observed,on_time,observed,8e823b8c8db8cd74ad3245f0
solana:2nBc7TzNfQQtcnaGVQT2nKYoiXNrT5Z6LLcsjDXS4XokoN8NV5xapedHqHhEfp2GPRkR3b1hXAwcXdS6pfh6nnni:2:0,T+60h,true,scheduled,success,json_ok,observed,on_time,observed,230b40f6dcb4e9f90abfc83a
solana:4Lk9a4vQmmVoEBRLxQd1BM1dyuvu7KLQphpAR12D1wnJEPMw9CaSmLgN7KbihjLvMo7Am5PzV2gJNkKD35qaWaWu:2:0,T0,true,scheduled,success,json_ok,observed,on_time,observed,f284495759988f8711b18f05
solana:4Lk9a4vQmmVoEBRLxQd1BM1dyuvu7KLQphpAR12D1wnJEPMw9CaSmLgN7KbihjLvMo7Am5PzV2gJNkKD35qaWaWu:2:0,T+24h,true,scheduled,success,json_ok,observed,on_time,observed,ac03c5a6cb7e0595e43c1d7a
solana:4Lk9a4vQmmVoEBRLxQd1BM1dyuvu7KLQphpAR12D1wnJEPMw9CaSmLgN7KbihjLvMo7Am5PzV2gJNkKD35qaWaWu:2:0,T+60h,true,scheduled,success,json_ok,observed,on_time,observed,9f372d3de305ed6f74ea9e4e
solana:2cWJ4fFaqE5Z8pUuVscrBvTUjZk4VeDnT6dGWaobaBZX32Yf6Tv8jt9HBiqU8pWKWcQiEJ5Y2V3x848TkXEgVoGy:2:0,T0,true,scheduled,success,json_ok,observed,on_time,observed,cf8defba0297ba543d8b86c0
solana:2cWJ4fFaqE5Z8pUuVscrBvTUjZk4VeDnT6dGWaobaBZX32Yf6Tv8jt9HBiqU8pWKWcQiEJ5Y2V3x848TkXEgVoGy:2:0,T+24h,true,scheduled,success,json_ok,observed,on_time,observed,6d5b5f38ed669a122e0321d0
solana:2cWJ4fFaqE5Z8pUuVscrBvTUjZk4VeDnT6dGWaobaBZX32Yf6Tv8jt9HBiqU8pWKWcQiEJ5Y2V3x848TkXEgVoGy:2:0,T+60h,true,scheduled,success,json_ok,observed,on_time,observed,4be19e2cb04df1733ba49c31
solana:3JqCwUg9HUP7awNhFzWjhBXv2uAYSsP5q1RLSFJggiLcRJZyUcxkGKoF4eZjPJPT5dovWcRJrBTuSYLDHa1kaHfK:2:0,T0,true,scheduled,success,json_ok,observed,on_time,observed,11cdcd477d3e42469b8991a6
solana:3JqCwUg9HUP7awNhFzWjhBXv2uAYSsP5q1RLSFJggiLcRJZyUcxkGKoF4eZjPJPT5dovWcRJrBTuSYLDHa1kaHfK:2:0,T+24h,true,scheduled,success,json_ok,observed,on_time,observed,fadb3f9290bf3cf570a493c7
solana:3JqCwUg9HUP7awNhFzWjhBXv2uAYSsP5q1RLSFJggiLcRJZyUcxkGKoF4eZjPJPT5dovWcRJrBTuSYLDHa1kaHfK:2:0,T+60h,true,scheduled,success,json_ok,observed,on_time,observed,268c98adb7014d7872b47900
solana:21Qq9teabVaUGsff7pM6iJnbfaqHn8i6DrDi9axEVVhVoveJKXM7efj8EWh2winqFg3pUVaY916Y3JgpEfqynqb6:3:0,T0,true,scheduled,success,json_ok,observed,on_time,observed,bf36e4e2fa75d3d02aef0e47
solana:21Qq9teabVaUGsff7pM6iJnbfaqHn8i6DrDi9axEVVhVoveJKXM7efj8EWh2winqFg3pUVaY916Y3JgpEfqynqb6:3:0,T+24h,true,scheduled,success,json_ok,observed,on_time,observed,4de96caba2f2a6b884956145
solana:21Qq9teabVaUGsff7pM6iJnbfaqHn8i6DrDi9axEVVhVoveJKXM7efj8EWh2winqFg3pUVaY916Y3JgpEfqynqb6:3:0,T+60h,true,scheduled,success,json_ok,observed,on_time,observed,1b6bb13aa75662e4a4de1b2f
solana:2sbFcQYKeMucZej2RAcHKVNoDj9HakzRW3mUcDonX6PV9SCk9LMmiwJxDepH9sWLivPKVXvaqsJexb5ph7L78dEh:2:0,T0,true,scheduled,success,json_ok,observed,on_time,observed,dfb4b29ad45e6d03ee12f049
solana:2sbFcQYKeMucZej2RAcHKVNoDj9HakzRW3mUcDonX6PV9SCk9LMmiwJxDepH9sWLivPKVXvaqsJexb5ph7L78dEh:2:0,T+24h,true,scheduled,success,json_ok,observed,on_time,observed,6f6308c87107f6ad3be30a5f
solana:2sbFcQYKeMucZej2RAcHKVNoDj9HakzRW3mUcDonX6PV9SCk9LMmiwJxDepH9sWLivPKVXvaqsJexb5ph7L78dEh:2:0,T+60h,true,scheduled,success,json_ok,observed,on_time,observed,fa04992412d2df72d66e5882
solana:3jevR2ueTND18CPuiQWvDQK1Y2rJuPqyeJmvpkLPcsZf1avSY1cuGmDsqaZUCJ9fozgubUUkLa35MkQhtQVzdf4F:2:0,T0,true,scheduled,success,json_ok,observed,on_time,observed,3d1cac70fb68aa844b1e3814
solana:3jevR2ueTND18CPuiQWvDQK1Y2rJuPqyeJmvpkLPcsZf1avSY1cuGmDsqaZUCJ9fozgubUUkLa35MkQhtQVzdf4F:2:0,T+24h,true,scheduled,success,json_ok,observed,on_time,observed,c2b27628aac62f1e3a94460a
solana:3jevR2ueTND18CPuiQWvDQK1Y2rJuPqyeJmvpkLPcsZf1avSY1cuGmDsqaZUCJ9fozgubUUkLa35MkQhtQVzdf4F:2:0,T+60h,true,scheduled,success,json_ok,observed,on_time,observed,7c5bb7c20ba0d4634eae3146
solana:5WMPMjJ2NPhb7okuraPhamTBxVgd4zqiwRBogcoWFTHvkKP2r8wDcJCVRfZiTzK1aewGTXaFHdcZ5k66AVyH9eEX:1:0,T0,true,scheduled,success,json_ok,observed,on_time,observed,8d41c125a05d741c897d480a
solana:5WMPMjJ2NPhb7okuraPhamTBxVgd4zqiwRBogcoWFTHvkKP2r8wDcJCVRfZiTzK1aewGTXaFHdcZ5k66AVyH9eEX:1:0,T+24h,true,scheduled,success,json_ok,observed,on_time,observed,b821542906495891df8b1a18
solana:5WMPMjJ2NPhb7okuraPhamTBxVgd4zqiwRBogcoWFTHvkKP2r8wDcJCVRfZiTzK1aewGTXaFHdcZ5k66AVyH9eEX:1:0,T+60h,true,scheduled,success,json_ok,observed,on_time,observed,da34e2f0286222e22de35ce5
solana:62P3oHxJwEeC2TxF46BHriGtGeaNVf1RYzGCq1CBrzVkuv3jYh42a1kJmJoRGTWD8daczcY3gW9W1RXHo6vvy7bJ:0:0,T0,true,scheduled,success,json_ok,observed,on_time,observed,7b4a932c6ac67d63a320d276
solana:62P3oHxJwEeC2TxF46BHriGtGeaNVf1RYzGCq1CBrzVkuv3jYh42a1kJmJoRGTWD8daczcY3gW9W1RXHo6vvy7bJ:0:0,T+24h,true,scheduled,success,json_ok,observed,on_time,observed,f280d846d4c02c1c2efca849
solana:62P3oHxJwEeC2TxF46BHriGtGeaNVf1RYzGCq1CBrzVkuv3jYh42a1kJmJoRGTWD8daczcY3gW9W1RXHo6vvy7bJ:0:0,T+60h,true,scheduled,success,json_ok,observed,on_time,observed,09fb83a8071c2ced00130312
solana:5s1V1n4Gpm4HE2bKSLhdY1eFpB6A6Jcq97KLnGnLASxzNxFQmyC6oyf7bsojQwpfLkQnFNxPAtHQScYa6WYBYqWZ:2:0,T0,true,scheduled,success,json_ok,observed,on_time,observed,0ffafc21d9b24c344e95a833
solana:5s1V1n4Gpm4HE2bKSLhdY1eFpB6A6Jcq97KLnGnLASxzNxFQmyC6oyf7bsojQwpfLkQnFNxPAtHQScYa6WYBYqWZ:2:0,T+24h,true,scheduled,success,json_ok,observed,on_time,observed,1cfb9a8e19201860310addb5
solana:5s1V1n4Gpm4HE2bKSLhdY1eFpB6A6Jcq97KLnGnLASxzNxFQmyC6oyf7bsojQwpfLkQnFNxPAtHQScYa6WYBYqWZ:2:0,T+60h,true,scheduled,success,json_ok,observed,on_time,observed,765667df9251f92041506314
solana:2dTKyQV6peNkFEksAiSXEVB5YMmZgZtjf8YeYURGH8ivVreM8o81uL7yekfcqZi9cbjsjoY1EG1JoAEmo2i5kyZH:2:0,T0,true,scheduled,success,json_ok,observed,on_time,observed,52842ab3f2e550e984a81e65
solana:2dTKyQV6peNkFEksAiSXEVB5YMmZgZtjf8YeYURGH8ivVreM8o81uL7yekfcqZi9cbjsjoY1EG1JoAEmo2i5kyZH:2:0,T+24h,true,scheduled,success,json_ok,observed,on_time,observed,ac7c4a612ab059e50e621c2b
solana:2dTKyQV6peNkFEksAiSXEVB5YMmZgZtjf8YeYURGH8ivVreM8o81uL7yekfcqZi9cbjsjoY1EG1JoAEmo2i5kyZH:2:0,T+60h,true,scheduled,success,json_ok,observed,on_time,observed,8846ce0ded16b44bd88c491c
solana:53jpDTBWgw5fQWHcgHwAAFu6bGZK9CvvFMVr3SRRiqx2wX8bZ7ZK57vW3C3j1oWmCKr4jMHaG4RsPh5VTExQMbA5:2:0,T0,true,scheduled,success,json_ok,observed,on_time,observed,13f5291ded52195a46439ecc
solana:53jpDTBWgw5fQWHcgHwAAFu6bGZK9CvvFMVr3SRRiqx2wX8bZ7ZK57vW3C3j1oWmCKr4jMHaG4RsPh5VTExQMbA5:2:0,T+24h,true,scheduled,success,json_ok,observed,on_time,observed,869f9657ae4aeb3a8f960cc6
solana:53jpDTBWgw5fQWHcgHwAAFu6bGZK9CvvFMVr3SRRiqx2wX8bZ7ZK57vW3C3j1oWmCKr4jMHaG4RsPh5VTExQMbA5:2:0,T+60h,true,scheduled,success,json_ok,observed,on_time,observed,aefe47a1db7f95001a0b3c26
solana:3ByfgjYzycju6tvkdyARzryciHjpGNhTL1zxeeRyix6jJdWL5cBMm56HryML7ov9C2Rv9JJCB8oG17De1eRmSwef:2:0,T0,true,scheduled,success,json_ok,observed,on_time,observed,f239e862489bc85a4cab4d37
solana:3ByfgjYzycju6tvkdyARzryciHjpGNhTL1zxeeRyix6jJdWL5cBMm56HryML7ov9C2Rv9JJCB8oG17De1eRmSwef:2:0,T+24h,true,scheduled,success,json_ok,observed,on_time,observed,09e5a5084f8ce68cb78a1bb6
solana:3ByfgjYzycju6tvkdyARzryciHjpGNhTL1zxeeRyix6jJdWL5cBMm56HryML7ov9C2Rv9JJCB8oG17De1eRmSwef:2:0,T+60h,true,scheduled,success,json_ok,observed,on_time,observed,5dff3c2027056709592c61af
solana:2KtwoSjh3Z8Vj9q4MjjwUV9hwfW7orAsZ9TYPSvSdHcpg4rPRs7XWDSWU1BZ2dBajVw3zCxRo36X9KD3BmQP4cub:2:0,T0,true,scheduled,success,json_ok,observed,on_time,observed,5a7c646d5cfbfdf94e296610
solana:2KtwoSjh3Z8Vj9q4MjjwUV9hwfW7orAsZ9TYPSvSdHcpg4rPRs7XWDSWU1BZ2dBajVw3zCxRo36X9KD3BmQP4cub:2:0,T+24h,true,scheduled,success,json_ok,observed,on_time,observed,11ab6a0c967651d1926bed57
solana:2KtwoSjh3Z8Vj9q4MjjwUV9hwfW7orAsZ9TYPSvSdHcpg4rPRs7XWDSWU1BZ2dBajVw3zCxRo36X9KD3BmQP4cub:2:0,T+60h,true,scheduled,success,json_ok,observed,on_time,observed,d9b665eca19043c52ed7a87c
solana:4813Du8p2FoajiUDXKQ9tBHjZQZpYjyyDBJy7kSqdvmQcxmJA3QDnt2g27Wm8rcRMqjn36TC7epSJaNog5PxSFR8:2:0,T0,true,scheduled,success,json_ok,observed,on_time,observed,80492448ab45b036ec0e362a
solana:4813Du8p2FoajiUDXKQ9tBHjZQZpYjyyDBJy7kSqdvmQcxmJA3QDnt2g27Wm8rcRMqjn36TC7epSJaNog5PxSFR8:2:0,T+24h,true,scheduled,success,json_ok,observed,on_time,observed,e9bce39c6b099e3eeccf1aae
solana:4813Du8p2FoajiUDXKQ9tBHjZQZpYjyyDBJy7kSqdvmQcxmJA3QDnt2g27Wm8rcRMqjn36TC7epSJaNog5PxSFR8:2:0,T+60h,true,scheduled,success,json_ok,observed,on_time,observed,c2cd7619889afe3e4c0a26c2
solana:3f9KTSpZkPKqjLiPGmo3nuPiJu3pSUKEdMxyeQhBPGF1CHbyTa1TctjThyUVT8Bi7FRhAsvrU2tLdN3rDcFiGfQC:2:0,T0,true,scheduled,success,json_ok,observed,on_time,observed,1928129f0374619e955072a3
solana:3f9KTSpZkPKqjLiPGmo3nuPiJu3pSUKEdMxyeQhBPGF1CHbyTa1TctjThyUVT8Bi7FRhAsvrU2tLdN3rDcFiGfQC:2:0,T+24h,true,scheduled,success,json_ok,observed,on_time,observed,3b62dfa259c26b43093400a3
solana:3f9KTSpZkPKqjLiPGmo3nuPiJu3pSUKEdMxyeQhBPGF1CHbyTa1TctjThyUVT8Bi7FRhAsvrU2tLdN3rDcFiGfQC:2:0,T+60h,true,scheduled,success,json_ok,observed,on_time,observed,1a73c5c6194e07e72bae1f94
solana:4zTAS9ooUEjW74pcHrgjM3WnP2kkEmQgbJMgJfDrxU1sF2y1dztkqQ5j12pb1d2spQXDstyKy5byy9BA4jEbfwht:2:0,T0,true,scheduled,success,json_ok,observed,on_time,observed,6d436c012b0f355db625c96a
solana:4zTAS9ooUEjW74pcHrgjM3WnP2kkEmQgbJMgJfDrxU1sF2y1dztkqQ5j12pb1d2spQXDstyKy5byy9BA4jEbfwht:2:0,T+24h,true,scheduled,success,json_ok,observed,on_time,observed,3abc45335f14f5413779f6ca
solana:4zTAS9ooUEjW74pcHrgjM3WnP2kkEmQgbJMgJfDrxU1sF2y1dztkqQ5j12pb1d2spQXDstyKy5byy9BA4jEbfwht:2:0,T+60h,true,scheduled,success,json_ok,observed,on_time,observed,64a5867b1c1051ed58150f79
solana:3ZuSFV6ZbykBhPY8jM5XBEP9f1wSV4tLhLiGvoR75rMvRjYKgpP9o3K4g1BQRKxUAG6bT9PWCRhSwH5SWYbDMY6c:2:0,T0,true,scheduled,success,json_ok,observed,on_time,observed,def21458713052cb1866b775
solana:3ZuSFV6ZbykBhPY8jM5XBEP9f1wSV4tLhLiGvoR75rMvRjYKgpP9o3K4g1BQRKxUAG6bT9PWCRhSwH5SWYbDMY6c:2:0,T+24h,true,scheduled,success,json_ok,observed,on_time,observed,e127f5c73b91ccd7ec793772
solana:3ZuSFV6ZbykBhPY8jM5XBEP9f1wSV4tLhLiGvoR75rMvRjYKgpP9o3K4g1BQRKxUAG6bT9PWCRhSwH5SWYbDMY6c:2:0,T+60h,true,scheduled,success,json_ok,observed,on_time,observed,3dd7c62c654957e9509322a6
solana:hFTtQCA1n2nN3DfVVXNApKi2QCLHn9RZPy44a3e4BpJ88QkGctwPno2rJeMYETerjpwNNi1zhqk4GxsBWax17uT:2:0,T0,true,scheduled,success,json_ok,observed,on_time,observed,17d94fe0a88802f4c4217eb3
solana:hFTtQCA1n2nN3DfVVXNApKi2QCLHn9RZPy44a3e4BpJ88QkGctwPno2rJeMYETerjpwNNi1zhqk4GxsBWax17uT:2:0,T+24h,true,scheduled,success,json_ok,observed,on_time,observed,a145105122ce1cfe18feccad
solana:hFTtQCA1n2nN3DfVVXNApKi2QCLHn9RZPy44a3e4BpJ88QkGctwPno2rJeMYETerjpwNNi1zhqk4GxsBWax17uT:2:0,T+60h,true,scheduled,success,json_ok,observed,on_time,observed,c5b4484eb705c5d668443f40
solana:2c6ZCC9vbyfzKPaP6BY4QMfT8gE3TaGh9eT7vCVRwKJpfPfFCVmMGFnQtDTvzAeSFpBKtgEUusTgFxtxtVgu7skq:2:0,T0,true,scheduled,success,json_ok,observed,on_time,observed,39d71b7e82edb33e87819a3d
solana:2c6ZCC9vbyfzKPaP6BY4QMfT8gE3TaGh9eT7vCVRwKJpfPfFCVmMGFnQtDTvzAeSFpBKtgEUusTgFxtxtVgu7skq:2:0,T+24h,true,scheduled,success,json_ok,observed,on_time,observed,6747c6fdec921eb9109413b1
solana:2c6ZCC9vbyfzKPaP6BY4QMfT8gE3TaGh9eT7vCVRwKJpfPfFCVmMGFnQtDTvzAeSFpBKtgEUusTgFxtxtVgu7skq:2:0,T+60h,true,scheduled,success,json_ok,observed,on_time,observed,194d483ab22deaec831a31c6
solana:2PaXzfxAEEeZyaMXxXFjjeC3nWNSoSjNNwNdTUZW4NvT4ryMyMAJEvrvLE4hC5LMBVhwGZZhiGcmLyBp3kRAtAit:2:0,T0,true,scheduled,success,json_ok,observed,on_time,observed,fc84ad2fbbaa1423bd9d5a86
solana:2PaXzfxAEEeZyaMXxXFjjeC3nWNSoSjNNwNdTUZW4NvT4ryMyMAJEvrvLE4hC5LMBVhwGZZhiGcmLyBp3kRAtAit:2:0,T+24h,true,scheduled,success,json_ok,observed,on_time,observed,1a9213bd3f833cdf20fb73d9
solana:2PaXzfxAEEeZyaMXxXFjjeC3nWNSoSjNNwNdTUZW4NvT4ryMyMAJEvrvLE4hC5LMBVhwGZZhiGcmLyBp3kRAtAit:2:0,T+60h,true,scheduled,success,json_ok,observed,on_time,observed,feb6bee6fc9352dab92543ea
solana:4TKsPNQMWay59avLz8bpbdysS5CpDAKFBZi8vJuRXGjdBUsAkXWNQpgrkzHonCEuDegve9qzijvG2H7JNA4R8FX5:2:0,T0,true,scheduled,success,json_ok,observed,on_time,observed,ae8e9fd4cac4a7710689758d
solana:4TKsPNQMWay59avLz8bpbdysS5CpDAKFBZi8vJuRXGjdBUsAkXWNQpgrkzHonCEuDegve9qzijvG2H7JNA4R8FX5:2:0,T+24h,true,scheduled,success,json_ok,observed,on_time,observed,d011b324401811111cf8a9ee
solana:4TKsPNQMWay59avLz8bpbdysS5CpDAKFBZi8vJuRXGjdBUsAkXWNQpgrkzHonCEuDegve9qzijvG2H7JNA4R8FX5:2:0,T+60h,true,scheduled,success,json_ok,observed,on_time,observed,67e37db3869cf2be01bf5ed2
solana:2kjsNQe9xPbFwZWF5qUHZi8Sjq7Wb851ipc9jXZXYdJq2LiV6FX9H2qKsBAiePBB1scjjtCqRfvUwLgzg37tZJCv:2:0,T0,true,scheduled,success,json_ok,observed,on_time,observed,6db5af77059197c6b2b88a41
solana:2kjsNQe9xPbFwZWF5qUHZi8Sjq7Wb851ipc9jXZXYdJq2LiV6FX9H2qKsBAiePBB1scjjtCqRfvUwLgzg37tZJCv:2:0,T+24h,true,scheduled,success,json_ok,observed,on_time,observed,087937545fff263f69a2dd28
solana:2kjsNQe9xPbFwZWF5qUHZi8Sjq7Wb851ipc9jXZXYdJq2LiV6FX9H2qKsBAiePBB1scjjtCqRfvUwLgzg37tZJCv:2:0,T+60h,true,scheduled,success,json_ok,observed,on_time,observed,4460f1ff7fc61c03caaf0df7
solana:Hie1ngdMhGE8iKicKKSorCTvSu1HjSkCHqZ2xKmQNajpoV6CJCqf5zKM1mG2nLvJERGxrmm4XsHREjRXEAzifNH:2:0,T0,true,scheduled,success,json_ok,observed,on_time,observed,e5889f6aded9aa5b7b314ebd
solana:Hie1ngdMhGE8iKicKKSorCTvSu1HjSkCHqZ2xKmQNajpoV6CJCqf5zKM1mG2nLvJERGxrmm4XsHREjRXEAzifNH:2:0,T+24h,true,scheduled,success,json_ok,observed,on_time,observed,4a7e8bc421207699ab6d34b4
solana:Hie1ngdMhGE8iKicKKSorCTvSu1HjSkCHqZ2xKmQNajpoV6CJCqf5zKM1mG2nLvJERGxrmm4XsHREjRXEAzifNH:2:0,T+60h,true,scheduled,success,json_ok,observed,on_time,observed,e1b4b776ebfae51b4aadbb54
solana:2bgNJF68pyFJXnMg2Rsh51AQCSwHyeSAYZ3Pyzx7SQ4CM51QdvvD5FZPacKV2wFMbLgmxfbLvPWghPgKCg31u224:2:0,T0,true,scheduled,success,json_ok,observed,on_time,observed,a0bc9274083389c0f69d857f
solana:2bgNJF68pyFJXnMg2Rsh51AQCSwHyeSAYZ3Pyzx7SQ4CM51QdvvD5FZPacKV2wFMbLgmxfbLvPWghPgKCg31u224:2:0,T+24h,true,scheduled,success,json_ok,observed,on_time,observed,277579428ef0faa599706986
solana:2bgNJF68pyFJXnMg2Rsh51AQCSwHyeSAYZ3Pyzx7SQ4CM51QdvvD5FZPacKV2wFMbLgmxfbLvPWghPgKCg31u224:2:0,T+60h,true,scheduled,success,json_ok,observed,on_time,observed,a3cf301669ed9862463218d1
solana:59YqJyQK7KRxzruhKrLEkE2YaruSeFqbkd4yvoqU34PMvfbYu3K86ZPrqhccT7aJQ9uPHsWQcM4afMQecFuAhKKY:2:0,T0,true,scheduled,success,json_ok,observed,on_time,observed,fe26b803505e49c3638eccfd
solana:59YqJyQK7KRxzruhKrLEkE2YaruSeFqbkd4yvoqU34PMvfbYu3K86ZPrqhccT7aJQ9uPHsWQcM4afMQecFuAhKKY:2:0,T+24h,true,scheduled,success,json_ok,observed,on_time,observed,c8f3b559ea121e89b092a8b6
solana:59YqJyQK7KRxzruhKrLEkE2YaruSeFqbkd4yvoqU34PMvfbYu3K86ZPrqhccT7aJQ9uPHsWQcM4afMQecFuAhKKY:2:0,T+60h,true,scheduled,success,json_ok,observed,on_time,observed,2a2583e4585d3a3e30353bb3
solana:5Z3jZp2urDknGFdasQn98L2NtgNA2Fs9nwd6oF8sLfjTYt2ihB2BjezCAyej4dz38E7QVMRHrsKWPfWAPP9myzEC:2:0,T0,true,scheduled,success,json_ok,observed,on_time,observed,dd0a943f12ead97d160aaff1
solana:5Z3jZp2urDknGFdasQn98L2NtgNA2Fs9nwd6oF8sLfjTYt2ihB2BjezCAyej4dz38E7QVMRHrsKWPfWAPP9myzEC:2:0,T+24h,true,scheduled,success,json_ok,observed,on_time,observed,f1e8df70a61c3e5b52b50385
solana:5Z3jZp2urDknGFdasQn98L2NtgNA2Fs9nwd6oF8sLfjTYt2ihB2BjezCAyej4dz38E7QVMRHrsKWPfWAPP9myzEC:2:0,T+60h,true,scheduled,success,json_ok,observed,on_time,observed,e39723cf3c236dc1bd649327
solana:36FpDwyW7wfkpyNP5iM3Xm3r5fVRHeA98TAN1w6i5EAuNuJUkC7FMJpBfSkK3y8a2wByQnUFgqp48jxhfwj4CM7t:2:0,T0,true,scheduled,success,json_ok,observed,on_time,observed,3895417279efb2cb02af78e5
solana:36FpDwyW7wfkpyNP5iM3Xm3r5fVRHeA98TAN1w6i5EAuNuJUkC7FMJpBfSkK3y8a2wByQnUFgqp48jxhfwj4CM7t:2:0,T+24h,true,scheduled,success,json_ok,observed,on_time,observed,b4907cd8e8b8125560279098
solana:36FpDwyW7wfkpyNP5iM3Xm3r5fVRHeA98TAN1w6i5EAuNuJUkC7FMJpBfSkK3y8a2wByQnUFgqp48jxhfwj4CM7t:2:0,T+60h,true,scheduled,success,json_ok,observed,on_time,observed,98848b1e2f6c7374d14a38e1
solana:2Rof3yFKQ99tGA8k9hkhHxLHvUC6FkHMDYuPuJoFqopHDs1fjrZVKxuS5J7KzUfgePyu6p21Y5dhSLZFArmW3HFw:2:0,T0,true,scheduled,success,json_ok,observed,on_time,observed,11eacfd891cf45f89dbc5920
solana:2Rof3yFKQ99tGA8k9hkhHxLHvUC6FkHMDYuPuJoFqopHDs1fjrZVKxuS5J7KzUfgePyu6p21Y5dhSLZFArmW3HFw:2:0,T+24h,true,scheduled,success,json_ok,observed,on_time,observed,555972b2778a418a17a65991
solana:2Rof3yFKQ99tGA8k9hkhHxLHvUC6FkHMDYuPuJoFqopHDs1fjrZVKxuS5J7KzUfgePyu6p21Y5dhSLZFArmW3HFw:2:0,T+60h,true,scheduled,success,json_ok,observed,on_time,observed,34f0c15411e027b6c738dd57
solana:2WmXacbEB1mXFstPXmpU7956XcUvzwx6oJhvENAmv7UUMV4XPZ5t3BXwaWJYSS8JBmJDKFweahtu7uEiLEFBypRV:2:1,T0,true,scheduled,success,json_ok,observed,on_time,observed,264e7eb2f14847efeb8d1a88
solana:2WmXacbEB1mXFstPXmpU7956XcUvzwx6oJhvENAmv7UUMV4XPZ5t3BXwaWJYSS8JBmJDKFweahtu7uEiLEFBypRV:2:1,T+24h,true,scheduled,success,json_ok,observed,on_time,observed,b0d6585171f63c4b116712db
solana:2WmXacbEB1mXFstPXmpU7956XcUvzwx6oJhvENAmv7UUMV4XPZ5t3BXwaWJYSS8JBmJDKFweahtu7uEiLEFBypRV:2:1,T+60h,true,scheduled,success,json_ok,observed,on_time,observed,92f165a9f5cf8f45fd26ab1a
solana:QDEPYnpyBn7ZSyzbGeFe9rEHfCnnT4YZzoL6aCmr4zRn7imPApH9LAiFf6ntEePk7wkuLM7tXzdn65AHTGUqjTh:2:0,T0,true,scheduled,success,json_ok,observed,on_time,observed,19857f0688e430693697ef54
solana:QDEPYnpyBn7ZSyzbGeFe9rEHfCnnT4YZzoL6aCmr4zRn7imPApH9LAiFf6ntEePk7wkuLM7tXzdn65AHTGUqjTh:2:0,T+24h,true,scheduled,success,json_ok,observed,on_time,observed,79afe743e7fff846e9693c58
solana:QDEPYnpyBn7ZSyzbGeFe9rEHfCnnT4YZzoL6aCmr4zRn7imPApH9LAiFf6ntEePk7wkuLM7tXzdn65AHTGUqjTh:2:0,T+60h,true,scheduled,success,json_ok,observed,on_time,observed,e983e52d188d3debb99aa339
solana:4yiL7faiHZ9JHEgVg5X5AAQAWoD3NXNxJCHygYFfDdT5V96kbqypGjH6KaX337R6SE1zX7S9QLDKwMzXN3zGfCEJ:2:0,T0,true,scheduled,success,json_ok,observed,on_time,observed,2224d38d3ddbd30fa3ae7a30
solana:4yiL7faiHZ9JHEgVg5X5AAQAWoD3NXNxJCHygYFfDdT5V96kbqypGjH6KaX337R6SE1zX7S9QLDKwMzXN3zGfCEJ:2:0,T+24h,true,scheduled,success,json_ok,observed,on_time,observed,454c7e072a1a334484a8607b
solana:4yiL7faiHZ9JHEgVg5X5AAQAWoD3NXNxJCHygYFfDdT5V96kbqypGjH6KaX337R6SE1zX7S9QLDKwMzXN3zGfCEJ:2:0,T+60h,true,scheduled,success,json_ok,observed,on_time,observed,372e56bc7314a984ac950ff7
solana:3gw92ATvHnDsm4B2okb8dRpqan81eyMZnRQpnKWK6xT3NzRcoAoHVbEd1MnXS19qwfQfoB2CQixLxDdV7y9qyhWG:2:0,T0,true,scheduled,success,json_ok,observed,on_time,observed,293013489c611fab2a4608d5
solana:3gw92ATvHnDsm4B2okb8dRpqan81eyMZnRQpnKWK6xT3NzRcoAoHVbEd1MnXS19qwfQfoB2CQixLxDdV7y9qyhWG:2:0,T+24h,true,scheduled,success,json_ok,observed,on_time,observed,c0d60e0eecd062500a0f58c0
solana:3gw92ATvHnDsm4B2okb8dRpqan81eyMZnRQpnKWK6xT3NzRcoAoHVbEd1MnXS19qwfQfoB2CQixLxDdV7y9qyhWG:2:0,T+60h,true,scheduled,success,json_ok,observed,on_time,observed,2a6f7e437468600f9385aad6
solana:2h1mcVipLSusmPbLK3SMx74HPb4moq8nBPqaZdGzCG9FBUXkWVxFL9V2Cdred85rL5nAu9HHURvM92PRWrAhzcL3:2:0,T0,true,scheduled,success,json_ok,observed,on_time,observed,7f8ffcc3a2ae81f0511bbce1
solana:2h1mcVipLSusmPbLK3SMx74HPb4moq8nBPqaZdGzCG9FBUXkWVxFL9V2Cdred85rL5nAu9HHURvM92PRWrAhzcL3:2:0,T+24h,true,scheduled,success,json_ok,observed,on_time,observed,16c6ecddc1dff85845b79763
solana:2h1mcVipLSusmPbLK3SMx74HPb4moq8nBPqaZdGzCG9FBUXkWVxFL9V2Cdred85rL5nAu9HHURvM92PRWrAhzcL3:2:0,T+60h,true,scheduled,success,json_ok,observed,on_time,observed,a36a3c84e18164cb03541b7c
solana:3rXeccvSpjdHn7dvf8xNi1CajzDderbZwgp8mNifYBCSXpjdjzEzyFXWKHPf9wFBwRTh4sATQjVKHqZyAQUxKCK1:2:0,T0,true,scheduled,success,json_ok,observed,on_time,observed,40817c7f360fc63018bbbb2b
solana:3rXeccvSpjdHn7dvf8xNi1CajzDderbZwgp8mNifYBCSXpjdjzEzyFXWKHPf9wFBwRTh4sATQjVKHqZyAQUxKCK1:2:0,T+24h,true,scheduled,success,json_ok,observed,on_time,observed,9ae0cf6fd44dd474bcdb55f0
solana:3rXeccvSpjdHn7dvf8xNi1CajzDderbZwgp8mNifYBCSXpjdjzEzyFXWKHPf9wFBwRTh4sATQjVKHqZyAQUxKCK1:2:0,T+60h,true,scheduled,success,json_ok,observed,on_time,observed,ea077792320db24c9d12c300
solana:3CkxgCqJj5aoQMZoRDuHruFXqFxissTeUXyav78RmgZtUjHcVCd7yLRRzgwVZcmJD8TpjaQVTQod66XEre42kkjG:2:0,T0,true,scheduled,success,json_ok,observed,on_time,observed,3e713ea270e9a46ebe5f667c
solana:3CkxgCqJj5aoQMZoRDuHruFXqFxissTeUXyav78RmgZtUjHcVCd7yLRRzgwVZcmJD8TpjaQVTQod66XEre42kkjG:2:0,T+24h,true,scheduled,success,json_ok,observed,on_time,observed,c00e6a952ea72c811ebde6ad
solana:3CkxgCqJj5aoQMZoRDuHruFXqFxissTeUXyav78RmgZtUjHcVCd7yLRRzgwVZcmJD8TpjaQVTQod66XEre42kkjG:2:0,T+60h,true,scheduled,success,json_ok,observed,on_time,observed,b6546cec6b33c62b684a4f28
solana:3u3KEi6uBzkDyzt5rKD4vFdFyri6NLS8ixD1KfJCeA4iPU9tjftQ3drjszUnMMxEjZguwaHEUe3hFpcWcqw7c8Xa:2:0,T0,true,scheduled,success,json_ok,observed,on_time,observed,0aba6a8661a0547e32000375
solana:3u3KEi6uBzkDyzt5rKD4vFdFyri6NLS8ixD1KfJCeA4iPU9tjftQ3drjszUnMMxEjZguwaHEUe3hFpcWcqw7c8Xa:2:0,T+24h,true,scheduled,success,json_ok,observed,on_time,observed,3e8a835d924eb8ff1386a8f2
solana:3u3KEi6uBzkDyzt5rKD4vFdFyri6NLS8ixD1KfJCeA4iPU9tjftQ3drjszUnMMxEjZguwaHEUe3hFpcWcqw7c8Xa:2:0,T+60h,true,scheduled,success,json_ok,observed,on_time,observed,142c74eda64eba325656a559
solana:5tq9Zn5F8yqq8e6igv3hdF6rcUEqrzoURoMzyusACcLQia8aqTKwf4qQN48N5PmEVtKYZETaVPvJi7L4D1tpySTF:2:0,T0,true,scheduled,success,json_ok,observed,on_time,observed,5362e114299c5fc6d8192537
solana:5tq9Zn5F8yqq8e6igv3hdF6rcUEqrzoURoMzyusACcLQia8aqTKwf4qQN48N5PmEVtKYZETaVPvJi7L4D1tpySTF:2:0,T+24h,true,scheduled,success,json_ok,observed,on_time,observed,381bb58037104eba8b691bb8
solana:5tq9Zn5F8yqq8e6igv3hdF6rcUEqrzoURoMzyusACcLQia8aqTKwf4qQN48N5PmEVtKYZETaVPvJi7L4D1tpySTF:2:0,T+60h,true,scheduled,success,json_ok,observed,on_time,observed,5d4a0e861bc513704a2ce037
solana:3SAvcpSJhzvebXFc7L4urD6SHE6igshHt3qGxaCsmrou9AaMDoTsuiQofD4dHKXQg5KXKZVW8wpcYK5ograyApmn:2:0,T0,true,scheduled,success,json_ok,observed,on_time,observed,b27f0d2265d3fd7167ec8309
solana:3SAvcpSJhzvebXFc7L4urD6SHE6igshHt3qGxaCsmrou9AaMDoTsuiQofD4dHKXQg5KXKZVW8wpcYK5ograyApmn:2:0,T+24h,true,scheduled,success,json_ok,observed,on_time,observed,a40597496f359faf1abf91e0
solana:3SAvcpSJhzvebXFc7L4urD6SHE6igshHt3qGxaCsmrou9AaMDoTsuiQofD4dHKXQg5KXKZVW8wpcYK5ograyApmn:2:0,T+60h,true,scheduled,success,json_ok,observed,on_time,observed,f6f471b0318823ada3dcbc44
solana:3KkJV1qv4KBhTFxngoPXShPwNHBhXUHQUhaPAGugeEuV2xHUo6gqF15dYH3GPFqgTM7ze9SJKmJZ2Rzx7RaF7rat:0:0,T0,true,scheduled,success,json_ok,observed,on_time,observed,2b3ad5bc673cde541407f115
solana:3KkJV1qv4KBhTFxngoPXShPwNHBhXUHQUhaPAGugeEuV2xHUo6gqF15dYH3GPFqgTM7ze9SJKmJZ2Rzx7RaF7rat:0:0,T+24h,true,scheduled,success,json_ok,observed,on_time,observed,1f097f207909cb5f20fab255
solana:3KkJV1qv4KBhTFxngoPXShPwNHBhXUHQUhaPAGugeEuV2xHUo6gqF15dYH3GPFqgTM7ze9SJKmJZ2Rzx7RaF7rat:0:0,T+60h,true,scheduled,success,json_ok,observed,on_time,observed,ca10aec5754ff777c6d67881
solana:5YHRBRybuubUvuDGSqr2NgFK7o17Q9DkBkmNQpWBvX5jPijBreNc1WW9Z6X84ncYkQgokZqChjMsLUBLPqnPtm2Y:2:0,T0,true,scheduled,success,json_ok,observed,on_time,observed,acf4e73b5b7486760203287a
solana:5YHRBRybuubUvuDGSqr2NgFK7o17Q9DkBkmNQpWBvX5jPijBreNc1WW9Z6X84ncYkQgokZqChjMsLUBLPqnPtm2Y:2:0,T+24h,true,scheduled,success,json_ok,observed,on_time,observed,c6cd98bcba1dffabc298869c
solana:5YHRBRybuubUvuDGSqr2NgFK7o17Q9DkBkmNQpWBvX5jPijBreNc1WW9Z6X84ncYkQgokZqChjMsLUBLPqnPtm2Y:2:0,T+60h,true,scheduled,success,json_ok,observed,on_time,observed,203872ff0c6b42d7819210ca
solana:58ZYmPnV9TogQPve2LGjhJng9qetZtGdqpkGXCf1viwJ1mn6aQrDCxmjxAh9rFQJxGfHiF5zYyhnpuPgcV6gFXGk:2:0,T0,true,scheduled,success,json_ok,observed,on_time,observed,4cfeb3a990df4ec00260b819
solana:58ZYmPnV9TogQPve2LGjhJng9qetZtGdqpkGXCf1viwJ1mn6aQrDCxmjxAh9rFQJxGfHiF5zYyhnpuPgcV6gFXGk:2:0,T+24h,true,scheduled,success,json_ok,observed,on_time,observed,4ff09cb1bc3cefdb7c505d18
solana:58ZYmPnV9TogQPve2LGjhJng9qetZtGdqpkGXCf1viwJ1mn6aQrDCxmjxAh9rFQJxGfHiF5zYyhnpuPgcV6gFXGk:2:0,T+60h,true,scheduled,success,json_ok,observed,on_time,observed,e2118b282c3a40abd6728b71
solana:hFe69WuwGZH8dd8MuBMuZfDgQfQQTadPmAzvi1GA1dp3iNTC5Nfcube2vz84uFyByLTBhX4qKGbwc3ZEdtcrYGH:2:0,T0,true,scheduled,success,json_ok,observed,on_time,observed,9525192dceafcde59ad00278
solana:hFe69WuwGZH8dd8MuBMuZfDgQfQQTadPmAzvi1GA1dp3iNTC5Nfcube2vz84uFyByLTBhX4qKGbwc3ZEdtcrYGH:2:0,T+24h,true,scheduled,success,json_ok,observed,on_time,observed,5c3baf4e31f1b49a6905e441
solana:hFe69WuwGZH8dd8MuBMuZfDgQfQQTadPmAzvi1GA1dp3iNTC5Nfcube2vz84uFyByLTBhX4qKGbwc3ZEdtcrYGH:2:0,T+60h,true,scheduled,success,json_ok,observed,on_time,observed,b68d2ddbb700a41a62828b4a
solana:4PXgUqds2nW5XEEQw1NLXQ6Jh7uCnV1hh8VVMbFJjTBFUnZV8MQEaQDsqdFPhEmvTJvBsq9opAvFy3Nf9b3vCXTa:2:0,T0,true,scheduled,success,json_ok,observed,on_time,observed,505ac2448c3ab6b1a99d5402
solana:4PXgUqds2nW5XEEQw1NLXQ6Jh7uCnV1hh8VVMbFJjTBFUnZV8MQEaQDsqdFPhEmvTJvBsq9opAvFy3Nf9b3vCXTa:2:0,T+24h,true,scheduled,success,json_ok,observed,on_time,observed,44c968a0c0c8a17ed71426cd
solana:4PXgUqds2nW5XEEQw1NLXQ6Jh7uCnV1hh8VVMbFJjTBFUnZV8MQEaQDsqdFPhEmvTJvBsq9opAvFy3Nf9b3vCXTa:2:0,T+60h,true,scheduled,success,json_ok,observed,on_time,observed,6595854e68f834ae449a06b1
solana:4Z3AmceodcQmP418wG6P1RK3Kv6TjQMLg5798J5LVKcJsMCGaJAquieYQoiZMn65b6nJXCCBwzTwGuyWEa4xaZdp:2:0,T0,true,scheduled,success,json_ok,observed,on_time,observed,bced9396e9d4ffe7b073a2ee
solana:4Z3AmceodcQmP418wG6P1RK3Kv6TjQMLg5798J5LVKcJsMCGaJAquieYQoiZMn65b6nJXCCBwzTwGuyWEa4xaZdp:2:0,T+24h,true,scheduled,success,json_ok,observed,on_time,observed,b174172024415ab4663de708
solana:4Z3AmceodcQmP418wG6P1RK3Kv6TjQMLg5798J5LVKcJsMCGaJAquieYQoiZMn65b6nJXCCBwzTwGuyWEa4xaZdp:2:0,T+60h,true,scheduled,success,json_ok,observed,on_time,observed,778e360625271e413a856cd1
solana:3KTxqcxA4t34WycDNDNLqvr2tnG3faB1HTPUYHdKWiwpED5hyf9kBkozstDEDdfFkyQsYgtbHkiPRLYkKdnNeTAY:2:0,T0,true,scheduled,success,json_ok,observed,on_time,observed,c09e9fc97d3c25c9efb9ac0f
solana:3KTxqcxA4t34WycDNDNLqvr2tnG3faB1HTPUYHdKWiwpED5hyf9kBkozstDEDdfFkyQsYgtbHkiPRLYkKdnNeTAY:2:0,T+24h,true,scheduled,success,json_ok,observed,on_time,observed,a16f71c00b1dcf64ff00dc43
solana:3KTxqcxA4t34WycDNDNLqvr2tnG3faB1HTPUYHdKWiwpED5hyf9kBkozstDEDdfFkyQsYgtbHkiPRLYkKdnNeTAY:2:0,T+60h,true,scheduled,success,json_ok,observed,on_time,observed,97b4f13495136a77cf798b10
solana:3XqpvAeZwHcNdp7ZJ9hKAfynbCBHGB43zUTVsTBHp1nSdvDGTUwN7xwdgUSJ8Sm3EBW7qba4T3pEJ6spXzTtL5pe:2:0,T0,true,scheduled,success,json_ok,observed,on_time,observed,49a60f79e46e151e909e50a1
solana:3XqpvAeZwHcNdp7ZJ9hKAfynbCBHGB43zUTVsTBHp1nSdvDGTUwN7xwdgUSJ8Sm3EBW7qba4T3pEJ6spXzTtL5pe:2:0,T+24h,true,scheduled,success,json_ok,observed,on_time,observed,72e9cef17bb400ebdb19178d
solana:3XqpvAeZwHcNdp7ZJ9hKAfynbCBHGB43zUTVsTBHp1nSdvDGTUwN7xwdgUSJ8Sm3EBW7qba4T3pEJ6spXzTtL5pe:2:0,T+60h,true,scheduled,success,json_ok,observed,on_time,observed,61c165c9efdf57a4cb62554b
solana:4oMvMJJY2VbAMQXXJX7g3e4Xdegk4StwzcAYycLNtCBdAprMAefoWKkTC7LciNLDigjHW3EKY8rVYiGKm8iszLNo:0:0,T0,true,scheduled,success,json_ok,observed,on_time,observed,acb420199cea9894b7e512a1
solana:4oMvMJJY2VbAMQXXJX7g3e4Xdegk4StwzcAYycLNtCBdAprMAefoWKkTC7LciNLDigjHW3EKY8rVYiGKm8iszLNo:0:0,T+24h,true,scheduled,success,json_ok,observed,on_time,observed,7585d5de9b23f3cb51eaf3c7
solana:4oMvMJJY2VbAMQXXJX7g3e4Xdegk4StwzcAYycLNtCBdAprMAefoWKkTC7LciNLDigjHW3EKY8rVYiGKm8iszLNo:0:0,T+60h,true,scheduled,success,json_ok,observed,on_time,observed,d71e82c3c7c46ed0479da546
solana:2aMLJWPdXHnUYmyShmtCrEfRMuWHoBihCSz2W6p5AtuEU3uFo6skpu7eYwKCz74XSjfaLztTXoxuoVj99jEv5pka:2:0,T0,true,scheduled,success,json_ok,observed,on_time,observed,21983b55c18214a338e8fbbe
solana:2aMLJWPdXHnUYmyShmtCrEfRMuWHoBihCSz2W6p5AtuEU3uFo6skpu7eYwKCz74XSjfaLztTXoxuoVj99jEv5pka:2:0,T+24h,true,scheduled,success,json_ok,observed,on_time,observed,daec100ca403fe2fc076c2eb
solana:2aMLJWPdXHnUYmyShmtCrEfRMuWHoBihCSz2W6p5AtuEU3uFo6skpu7eYwKCz74XSjfaLztTXoxuoVj99jEv5pka:2:0,T+60h,true,scheduled,success,json_ok,observed,on_time,observed,6ee0328475f8aff6f8b5065a
solana:4TD1u3Ffi8PmwzvTTGCcPQYvyqfPGVjcwZYANYU28SYf6ed1pn2QYi9Xd8x7BZQidtcu2WPhSGDeRo7PMcxofvMN:2:0,T0,true,scheduled,success,json_ok,observed,on_time,observed,c43bd7dbb713cdaac4a22216
solana:4TD1u3Ffi8PmwzvTTGCcPQYvyqfPGVjcwZYANYU28SYf6ed1pn2QYi9Xd8x7BZQidtcu2WPhSGDeRo7PMcxofvMN:2:0,T+24h,true,scheduled,success,json_ok,observed,on_time,observed,5facd0e82efcfa4215080472
solana:4TD1u3Ffi8PmwzvTTGCcPQYvyqfPGVjcwZYANYU28SYf6ed1pn2QYi9Xd8x7BZQidtcu2WPhSGDeRo7PMcxofvMN:2:0,T+60h,true,scheduled,success,json_ok,observed,on_time,observed,85ea0f36688a7de32d72af84
solana:2KvckS37dzf3funYMY3A5t28MCAy5M33MNDYkt6L1idXr7DnekcoMZ6WqDTSPaf7sLYBp5DLTfB3zPhyRm5e7HcK:2:0,T0,true,scheduled,success,json_ok,observed,on_time,observed,65eeb6ee5c4e52eb52581888
solana:2KvckS37dzf3funYMY3A5t28MCAy5M33MNDYkt6L1idXr7DnekcoMZ6WqDTSPaf7sLYBp5DLTfB3zPhyRm5e7HcK:2:0,T+24h,true,scheduled,success,json_ok,observed,on_time,observed,ba9602e34194eef6a4f2e89e
solana:2KvckS37dzf3funYMY3A5t28MCAy5M33MNDYkt6L1idXr7DnekcoMZ6WqDTSPaf7sLYBp5DLTfB3zPhyRm5e7HcK:2:0,T+60h,true,scheduled,success,json_ok,observed,on_time,observed,932ca32728b3b23a6430e2cd
solana:5FaC8HwzPqXaHH4jhZe14fV6HzjkKoZAas3hw24TyaHh5ekK5jJxsjrU9siaYLhMx8WbRofnmnixL9vpSaFpvLtM:2:0,T0,true,scheduled,success,json_ok,observed,on_time,observed,1a4f60aa34a602022d176047
solana:5FaC8HwzPqXaHH4jhZe14fV6HzjkKoZAas3hw24TyaHh5ekK5jJxsjrU9siaYLhMx8WbRofnmnixL9vpSaFpvLtM:2:0,T+24h,true,scheduled,success,json_ok,observed,on_time,observed,8998fddcb37df659d77d34a8
solana:5FaC8HwzPqXaHH4jhZe14fV6HzjkKoZAas3hw24TyaHh5ekK5jJxsjrU9siaYLhMx8WbRofnmnixL9vpSaFpvLtM:2:0,T+60h,true,scheduled,success,json_ok,observed,on_time,observed,4206927fb1cd760ce902750b
solana:7EQsGkML2McEsTThibQzpn3ueoas3brr9YWjQrqzn3SvVGE5uRNWYgsUfpGexGp6fnQC3xXxdmupj3NvgPmJvmz:0:0,T0,true,scheduled,failed,not_observed,not_observed,on_time,request_failed,df2e2d5e65c25066420e04d2
solana:7EQsGkML2McEsTThibQzpn3ueoas3brr9YWjQrqzn3SvVGE5uRNWYgsUfpGexGp6fnQC3xXxdmupj3NvgPmJvmz:0:0,T+24h,true,scheduled,failed,not_observed,not_observed,on_time,request_failed,e3a5421230a7c35312027fb3
solana:7EQsGkML2McEsTThibQzpn3ueoas3brr9YWjQrqzn3SvVGE5uRNWYgsUfpGexGp6fnQC3xXxdmupj3NvgPmJvmz:0:0,T+60h,true,scheduled,failed,not_observed,not_observed,on_time,request_failed,1e7b7fa77e44f49da75ddfb6
solana:33i13wfUqiHCNvD6TuLA89q5NDqisCNbTEyZb65rV9efzcrSmoUwqUm7E4VReXWjwcqUrYPSMRekSxwPs2ty514N:2:0,T0,true,scheduled,success,json_ok,observed,on_time,observed,407d5f80f3af09c3d9f04a83
solana:33i13wfUqiHCNvD6TuLA89q5NDqisCNbTEyZb65rV9efzcrSmoUwqUm7E4VReXWjwcqUrYPSMRekSxwPs2ty514N:2:0,T+24h,true,scheduled,success,json_ok,observed,on_time,observed,fbea823d364696b8b664662f
solana:33i13wfUqiHCNvD6TuLA89q5NDqisCNbTEyZb65rV9efzcrSmoUwqUm7E4VReXWjwcqUrYPSMRekSxwPs2ty514N:2:0,T+60h,true,scheduled,success,json_ok,observed,on_time,observed,53f3bdab8e762bd170bfe5bf
solana:4A12U2MydcRSS8YsKRhZ9S7fN7E3dQMtAMhCuTxFz26MFScuPqCsB5U2VthwJn5ydCBMjJ5pYURQN8FigGW5zzBu:2:0,T0,true,scheduled,success,json_ok,observed,on_time,observed,fb9179226170eb853ef61608
solana:4A12U2MydcRSS8YsKRhZ9S7fN7E3dQMtAMhCuTxFz26MFScuPqCsB5U2VthwJn5ydCBMjJ5pYURQN8FigGW5zzBu:2:0,T+24h,true,scheduled,success,json_ok,observed,on_time,observed,ce5e073f50bb44cd6070f8de
solana:4A12U2MydcRSS8YsKRhZ9S7fN7E3dQMtAMhCuTxFz26MFScuPqCsB5U2VthwJn5ydCBMjJ5pYURQN8FigGW5zzBu:2:0,T+60h,true,scheduled,success,json_ok,observed,on_time,observed,cd6387058d51daa81f21a60e
solana:49ePGM7afsrswLyEXoRd97jGfcv5wauCCt9TbKyf4zsyG8Qfrg34EVdFaKTXu2kqDd7mHTHNLD4FdJrXaoCCGxQr:2:0,T0,true,scheduled,success,json_ok,observed,on_time,observed,9c65cf4fd22bf2982c847cc5
solana:49ePGM7afsrswLyEXoRd97jGfcv5wauCCt9TbKyf4zsyG8Qfrg34EVdFaKTXu2kqDd7mHTHNLD4FdJrXaoCCGxQr:2:0,T+24h,true,scheduled,success,json_ok,observed,on_time,observed,b198be4817f40df88d220d10
solana:49ePGM7afsrswLyEXoRd97jGfcv5wauCCt9TbKyf4zsyG8Qfrg34EVdFaKTXu2kqDd7mHTHNLD4FdJrXaoCCGxQr:2:0,T+60h,true,scheduled,success,json_ok,observed,on_time,observed,7078bde0ab052ba6b033a0b9
solana:2Hdh2KJ3tftqiEvxD2ea3uJb21R79k57FojuepXJpJjzEdMn8SNzpUktKjUiMxC53H88ymgRdX77VtGoq7JfdnaN:2:0,T0,true,scheduled,success,json_ok,observed,on_time,observed,0568b07bf971823d9f42e4ab
solana:2Hdh2KJ3tftqiEvxD2ea3uJb21R79k57FojuepXJpJjzEdMn8SNzpUktKjUiMxC53H88ymgRdX77VtGoq7JfdnaN:2:0,T+24h,true,scheduled,success,json_ok,observed,on_time,observed,2ca383be05ec894ffa08f0f8
solana:2Hdh2KJ3tftqiEvxD2ea3uJb21R79k57FojuepXJpJjzEdMn8SNzpUktKjUiMxC53H88ymgRdX77VtGoq7JfdnaN:2:0,T+60h,true,scheduled,success,json_ok,observed,on_time,observed,9bcb7b4b0b6d2e915418a5aa
solana:4F7GmoZTtaToBZAtzZPqti6WFSq7MKgJ4S1SaUWdCDUum6etcmZQ2Y8amFyX4snCouu1J26sXYenQGmCdbhjnE1H:2:0,T0,true,scheduled,success,json_ok,observed,on_time,observed,a660f2c70bddb8a2d2729b2d
solana:4F7GmoZTtaToBZAtzZPqti6WFSq7MKgJ4S1SaUWdCDUum6etcmZQ2Y8amFyX4snCouu1J26sXYenQGmCdbhjnE1H:2:0,T+24h,true,scheduled,success,json_ok,observed,on_time,observed,76a3dda06da60a4965dfcb42
solana:4F7GmoZTtaToBZAtzZPqti6WFSq7MKgJ4S1SaUWdCDUum6etcmZQ2Y8amFyX4snCouu1J26sXYenQGmCdbhjnE1H:2:0,T+60h,true,scheduled,success,json_ok,observed,on_time,observed,ae05c137cedfc6a5002c8404
solana:2RW3XSR7mNceA2iCWxpLZCoBSiLnV2zxRKazfZREeZXcuu6E1zriT4YCGRsTNoUbo5ynXJyyvEvV4LNhfpedtCVD:2:0,T0,true,scheduled,success,json_ok,observed,on_time,observed,6efaccdfd90b59cd6a74bce1
solana:2RW3XSR7mNceA2iCWxpLZCoBSiLnV2zxRKazfZREeZXcuu6E1zriT4YCGRsTNoUbo5ynXJyyvEvV4LNhfpedtCVD:2:0,T+24h,true,scheduled,success,json_ok,observed,on_time,observed,bd9370898a3c172e6d3a4d9f
solana:2RW3XSR7mNceA2iCWxpLZCoBSiLnV2zxRKazfZREeZXcuu6E1zriT4YCGRsTNoUbo5ynXJyyvEvV4LNhfpedtCVD:2:0,T+60h,true,scheduled,success,json_ok,observed,on_time,observed,90302afc52326c7ed91118b8
solana:369B7XFkzofQCBE3hhZWGmRn712j6iSzZ2ZHFFqNpufeYj66TZm4nUWUsfpSiDS73Mi4azM1wUqqr4PareKdyDs6:2:0,T0,true,scheduled,success,json_ok,observed,on_time,observed,b0e4a8cea13213347c0f2f36
solana:369B7XFkzofQCBE3hhZWGmRn712j6iSzZ2ZHFFqNpufeYj66TZm4nUWUsfpSiDS73Mi4azM1wUqqr4PareKdyDs6:2:0,T+24h,true,scheduled,success,json_ok,observed,on_time,observed,5f58840801401a8340fc8df7
solana:369B7XFkzofQCBE3hhZWGmRn712j6iSzZ2ZHFFqNpufeYj66TZm4nUWUsfpSiDS73Mi4azM1wUqqr4PareKdyDs6:2:0,T+60h,true,scheduled,success,json_ok,observed,on_time,observed,fa24facb2d653b710d196055
solana:5QdCJkU8yH3XmayvZUhDEx7YQg9Dc2obLKSBLpbm7uD7GiveMfwYDqq8vFjNnjmsdijXPwdBQnUVhh855DRfwNFX:2:0,T0,true,scheduled,success,json_ok,observed,on_time,observed,f9adbe32b0c5ffdaee4286fc
solana:5QdCJkU8yH3XmayvZUhDEx7YQg9Dc2obLKSBLpbm7uD7GiveMfwYDqq8vFjNnjmsdijXPwdBQnUVhh855DRfwNFX:2:0,T+24h,true,scheduled,success,json_ok,observed,on_time,observed,bc23029323d63dc4f2e0eec1
solana:5QdCJkU8yH3XmayvZUhDEx7YQg9Dc2obLKSBLpbm7uD7GiveMfwYDqq8vFjNnjmsdijXPwdBQnUVhh855DRfwNFX:2:0,T+60h,true,scheduled,success,json_ok,observed,on_time,observed,f67b062e52d92db1889664fb
solana:5sNdBrR1i3LTNxrsCzsPFQrH7hYF1mFfpsFHCEHejPUvaJSTqSMxa4mWe4UksqrJJ72rkF2tAJ215yGjkHR6W8fM:2:0,T0,true,scheduled,success,json_ok,observed,on_time,observed,b83337801e42128d02f8d261
solana:5sNdBrR1i3LTNxrsCzsPFQrH7hYF1mFfpsFHCEHejPUvaJSTqSMxa4mWe4UksqrJJ72rkF2tAJ215yGjkHR6W8fM:2:0,T+24h,true,scheduled,success,json_ok,observed,on_time,observed,de883e7e307e51ee73e67bd5
solana:5sNdBrR1i3LTNxrsCzsPFQrH7hYF1mFfpsFHCEHejPUvaJSTqSMxa4mWe4UksqrJJ72rkF2tAJ215yGjkHR6W8fM:2:0,T+60h,true,scheduled,success,json_ok,observed,on_time,observed,308ef3866bc032aaa4806adc
solana:4h1teYuDQunAEpLMNypRtT3sjJ2q9L3XW3rbMYdxe8Y7Vcfmt5wjyUhKWRVhkCG2xv1MuEZYyk9RN4437f2n44Q6:2:0,T0,true,scheduled,success,json_ok,observed,on_time,observed,05679b7df35434cc6124c7c1
solana:4h1teYuDQunAEpLMNypRtT3sjJ2q9L3XW3rbMYdxe8Y7Vcfmt5wjyUhKWRVhkCG2xv1MuEZYyk9RN4437f2n44Q6:2:0,T+24h,true,scheduled,success,json_ok,observed,on_time,observed,628c3cb8ddb521d39218d5c3
solana:4h1teYuDQunAEpLMNypRtT3sjJ2q9L3XW3rbMYdxe8Y7Vcfmt5wjyUhKWRVhkCG2xv1MuEZYyk9RN4437f2n44Q6:2:0,T+60h,true,scheduled,success,json_ok,observed,on_time,observed,7c97739526837a0aa55b9e4a
solana:3AP1oGNHTRGXqXqNvrz4kdT4ZVYyP585m9Jqq4PQuHzoDJt2VFdgfwnqyHgQ4hKi25hRoB8UWj9jKMMZZ7JGqr86:2:0,T0,true,scheduled,success,json_ok,observed,on_time,observed,d08b32b488ca908b232eeb9d
solana:3AP1oGNHTRGXqXqNvrz4kdT4ZVYyP585m9Jqq4PQuHzoDJt2VFdgfwnqyHgQ4hKi25hRoB8UWj9jKMMZZ7JGqr86:2:0,T+24h,true,scheduled,success,json_ok,observed,on_time,observed,50ac77f0a3812bb12b98801c
solana:3AP1oGNHTRGXqXqNvrz4kdT4ZVYyP585m9Jqq4PQuHzoDJt2VFdgfwnqyHgQ4hKi25hRoB8UWj9jKMMZZ7JGqr86:2:0,T+60h,true,scheduled,success,json_ok,observed,on_time,observed,2f1162de31c3c19723245c59
solana:5HuBXoFRkLnpjhFwX32ZtnrXrftwake1wBWePcgEm1GqBuu1zR8RPuSe1R6grEmNriaFCsqf3pVAgvytJY5LcHLK:2:0,T0,true,scheduled,success,json_ok,observed,on_time,observed,24a4e6d4922fb31673e3bf4b
solana:5HuBXoFRkLnpjhFwX32ZtnrXrftwake1wBWePcgEm1GqBuu1zR8RPuSe1R6grEmNriaFCsqf3pVAgvytJY5LcHLK:2:0,T+24h,true,scheduled,success,json_ok,observed,on_time,observed,52210c961fddfeecbdacffca
solana:5HuBXoFRkLnpjhFwX32ZtnrXrftwake1wBWePcgEm1GqBuu1zR8RPuSe1R6grEmNriaFCsqf3pVAgvytJY5LcHLK:2:0,T+60h,true,scheduled,success,json_ok,observed,on_time,observed,48119e77606d7a6f4a7ab44e
solana:5jdAAczyArakmXD3SrVX9kBQQbMkDXwyPsKQurV8M8dtEiUYudN9g6HUHMD5ANEbYb8Sph5Hx1ewC5RaUeT8hhD6:2:0,T0,true,scheduled,success,json_ok,observed,on_time,observed,00cf3b6aec49187b7fe9df0b
solana:5jdAAczyArakmXD3SrVX9kBQQbMkDXwyPsKQurV8M8dtEiUYudN9g6HUHMD5ANEbYb8Sph5Hx1ewC5RaUeT8hhD6:2:0,T+24h,true,scheduled,success,json_ok,observed,on_time,observed,7d3ab18cbed044d9e04a5e5a
solana:5jdAAczyArakmXD3SrVX9kBQQbMkDXwyPsKQurV8M8dtEiUYudN9g6HUHMD5ANEbYb8Sph5Hx1ewC5RaUeT8hhD6:2:0,T+60h,true,scheduled,success,json_ok,observed,on_time,observed,1c8019cd970c37082acc1680
solana:43qbySnStrq1SitwnNWY2uChiHrnEKy2mRKRkmqaCLsMAfKamkrHUfdo1YzxTSyB4CitWkm3rAHvPwUhmZNk7C49:2:0,T0,true,scheduled,success,json_ok,observed,on_time,observed,a2f029969ac0e611227e0c63
solana:43qbySnStrq1SitwnNWY2uChiHrnEKy2mRKRkmqaCLsMAfKamkrHUfdo1YzxTSyB4CitWkm3rAHvPwUhmZNk7C49:2:0,T+24h,true,scheduled,success,json_ok,observed,on_time,observed,fa29c3781151e8da2b674156
solana:43qbySnStrq1SitwnNWY2uChiHrnEKy2mRKRkmqaCLsMAfKamkrHUfdo1YzxTSyB4CitWkm3rAHvPwUhmZNk7C49:2:0,T+60h,true,scheduled,success,json_ok,observed,on_time,observed,6a8eb948c9c0124047ab0fb9
solana:4omQWhhNHWHDsHPsS6YNoyVeTVBDhGKUXKzXZde8xfRARtGuQdAPJwM6k88Y6FHR3RYXj1eMeNRSWLEWFycjCM5Y:2:0,T0,true,scheduled,success,json_ok,observed,on_time,observed,5ab473f892e241d43621a8d3
solana:4omQWhhNHWHDsHPsS6YNoyVeTVBDhGKUXKzXZde8xfRARtGuQdAPJwM6k88Y6FHR3RYXj1eMeNRSWLEWFycjCM5Y:2:0,T+24h,true,scheduled,success,json_ok,observed,on_time,observed,ba23d57ddb0dff86fc84b6d8
solana:4omQWhhNHWHDsHPsS6YNoyVeTVBDhGKUXKzXZde8xfRARtGuQdAPJwM6k88Y6FHR3RYXj1eMeNRSWLEWFycjCM5Y:2:0,T+60h,true,scheduled,success,json_ok,observed,on_time,observed,220d8d9041a41697057c253c
solana:1FThwHfH75b1rSVWkecKubtmbt9RUmSvkUkHrL61WZPggkN7kRUVbVtk7U6dJeDVjMDnbALHr1QexpUwBviCFzw:2:0,T0,true,scheduled,success,json_ok,observed,on_time,observed,9227f39d63d7b5c1536e1855
solana:1FThwHfH75b1rSVWkecKubtmbt9RUmSvkUkHrL61WZPggkN7kRUVbVtk7U6dJeDVjMDnbALHr1QexpUwBviCFzw:2:0,T+24h,true,scheduled,success,json_ok,observed,on_time,observed,19e13b8d9e28b53892afa99b
solana:1FThwHfH75b1rSVWkecKubtmbt9RUmSvkUkHrL61WZPggkN7kRUVbVtk7U6dJeDVjMDnbALHr1QexpUwBviCFzw:2:0,T+60h,true,scheduled,success,json_ok,observed,on_time,observed,15ad8092a611985c8c1799f6
solana:2BDwtV3CkTzu1NPZj68qdpjYvx23oB78kB141YyuKMjsEkynTQiSupry87QnSwJPbshstAu7UMYjcEVYowiPpCxq:2:0,T0,true,scheduled,success,json_ok,observed,on_time,observed,60f39c105747b3294d2d7b89
solana:2BDwtV3CkTzu1NPZj68qdpjYvx23oB78kB141YyuKMjsEkynTQiSupry87QnSwJPbshstAu7UMYjcEVYowiPpCxq:2:0,T+24h,true,scheduled,success,json_ok,observed,on_time,observed,3ec847d066c6e15be3ac04f9
solana:2BDwtV3CkTzu1NPZj68qdpjYvx23oB78kB141YyuKMjsEkynTQiSupry87QnSwJPbshstAu7UMYjcEVYowiPpCxq:2:0,T+60h,true,scheduled,success,json_ok,observed,on_time,observed,3fe954eb427cbbce2a798319
solana:ZGtCRNAap65yVAWpXjnhvrz9XvoTd6ps5ztGYEcLL56UJe9PmKsqGZ3sT5Mxe4rtmNbTGaJut2cVoD7cn7aNUBc:2:0,T0,true,scheduled,success,json_ok,observed,on_time,observed,b3c1b9cd7a533542adce507e
solana:ZGtCRNAap65yVAWpXjnhvrz9XvoTd6ps5ztGYEcLL56UJe9PmKsqGZ3sT5Mxe4rtmNbTGaJut2cVoD7cn7aNUBc:2:0,T+24h,true,scheduled,success,json_ok,observed,on_time,observed,51898cbfcfc766d8d1869997
solana:ZGtCRNAap65yVAWpXjnhvrz9XvoTd6ps5ztGYEcLL56UJe9PmKsqGZ3sT5Mxe4rtmNbTGaJut2cVoD7cn7aNUBc:2:0,T+60h,true,scheduled,success,json_ok,observed,on_time,observed,2a9ca00b8c20f83557fafbae
solana:4J9dBTtuqrfpUU8Tgxum4Zw782nf66HmV4LkixbxueojceCbqGSHUZX2H31BhaTcqRn2c1EqxmP3ptwprVRQfS3u:2:0,T0,true,scheduled,success,json_ok,observed,on_time,observed,b15088f915df02ba7b1b888d
solana:4J9dBTtuqrfpUU8Tgxum4Zw782nf66HmV4LkixbxueojceCbqGSHUZX2H31BhaTcqRn2c1EqxmP3ptwprVRQfS3u:2:0,T+24h,true,scheduled,success,json_ok,observed,on_time,observed,9cb3f9d194282f8baeb6deb1
solana:4J9dBTtuqrfpUU8Tgxum4Zw782nf66HmV4LkixbxueojceCbqGSHUZX2H31BhaTcqRn2c1EqxmP3ptwprVRQfS3u:2:0,T+60h,true,scheduled,success,json_ok,observed,on_time,observed,4bd4cdc843f6be667245e326
solana:3tRq54Lsc2HdMQVx1D3K6zTYGtBSEDt54EoksXBsHQswsz6voGyYds9nHcmdTincgZKYUJVyUNCFQpMFjCydzmgR:2:0,T0,true,scheduled,success,json_ok,observed,on_time,observed,c5cdf31e58020fc30884b8c3
solana:3tRq54Lsc2HdMQVx1D3K6zTYGtBSEDt54EoksXBsHQswsz6voGyYds9nHcmdTincgZKYUJVyUNCFQpMFjCydzmgR:2:0,T+24h,true,scheduled,success,json_ok,observed,on_time,observed,5993222879a452651f5b587e
solana:3tRq54Lsc2HdMQVx1D3K6zTYGtBSEDt54EoksXBsHQswsz6voGyYds9nHcmdTincgZKYUJVyUNCFQpMFjCydzmgR:2:0,T+60h,true,scheduled,success,json_ok,observed,on_time,observed,e6f08e45222e8bc6cbff5716
solana:5FHyQeFyrnQBVY9yagawsjYXD8n1zkGWn1J2j5G5eMPQbak3vm6N99FfeBixoABw36EY6798u26JQgQufMQXdbFt:2:0,T0,true,scheduled,success,json_ok,observed,on_time,observed,ca405214fee29dfd7d77f4c5
solana:5FHyQeFyrnQBVY9yagawsjYXD8n1zkGWn1J2j5G5eMPQbak3vm6N99FfeBixoABw36EY6798u26JQgQufMQXdbFt:2:0,T+24h,true,scheduled,success,json_ok,observed,on_time,observed,f8c7176d2cee265c4f2ce909
solana:5FHyQeFyrnQBVY9yagawsjYXD8n1zkGWn1J2j5G5eMPQbak3vm6N99FfeBixoABw36EY6798u26JQgQufMQXdbFt:2:0,T+60h,true,scheduled,success,json_ok,observed,on_time,observed,fec5e9cc5967282700926f8e
solana:64zbcyPUiB61HyQwFqa2fnuM2AJdAcsZZ2DsEYGhq12Xk7mrtJ8c1z9Hf6BKCp6rsYTD2EJBahEA8gSd97JJvUSL:2:0,T0,true,scheduled,success,json_ok,observed,on_time,observed,ca292c39c44612ef42dcd1d7
solana:64zbcyPUiB61HyQwFqa2fnuM2AJdAcsZZ2DsEYGhq12Xk7mrtJ8c1z9Hf6BKCp6rsYTD2EJBahEA8gSd97JJvUSL:2:0,T+24h,true,scheduled,success,json_ok,observed,on_time,observed,77557fcacca834d6cedf7d4c
solana:64zbcyPUiB61HyQwFqa2fnuM2AJdAcsZZ2DsEYGhq12Xk7mrtJ8c1z9Hf6BKCp6rsYTD2EJBahEA8gSd97JJvUSL:2:0,T+60h,true,scheduled,success,json_ok,observed,on_time,observed,5a801c4f22f357212ada685a
solana:4d8bJQc4aZVsQHUNjumJ5vTdusbfcfpquMPfY8vWjWzMxk74Pvs46pjkeXTxynjYt68s9pNM1sMgLv8p2hoNUjwM:3:0,T0,true,scheduled,success,json_ok,observed,on_time,observed,6faa5029951cd6e6b45ad259
solana:4d8bJQc4aZVsQHUNjumJ5vTdusbfcfpquMPfY8vWjWzMxk74Pvs46pjkeXTxynjYt68s9pNM1sMgLv8p2hoNUjwM:3:0,T+24h,true,scheduled,success,json_ok,observed,on_time,observed,b2c0d5dac41828b6d7882c9d
solana:4d8bJQc4aZVsQHUNjumJ5vTdusbfcfpquMPfY8vWjWzMxk74Pvs46pjkeXTxynjYt68s9pNM1sMgLv8p2hoNUjwM:3:0,T+60h,true,scheduled,success,json_ok,observed,on_time,observed,0fda456621bf67b83a2902b3
solana:42w7nXbFudjrNz3vUBBK6kJtvnGnwf4B46AtzucVBM2hfm3fkv1DSz85dP3x8ndsxnvj6oESQHNBW3y2DTMtbD4p:3:0,T0,true,scheduled,success,json_ok,observed,on_time,observed,cc968fda2e48d6912c858cf9
solana:42w7nXbFudjrNz3vUBBK6kJtvnGnwf4B46AtzucVBM2hfm3fkv1DSz85dP3x8ndsxnvj6oESQHNBW3y2DTMtbD4p:3:0,T+24h,true,scheduled,success,json_ok,observed,on_time,observed,39800e14f18c0968c489e424
solana:42w7nXbFudjrNz3vUBBK6kJtvnGnwf4B46AtzucVBM2hfm3fkv1DSz85dP3x8ndsxnvj6oESQHNBW3y2DTMtbD4p:3:0,T+60h,true,scheduled,success,json_ok,observed,on_time,observed,4bed95925d27e944018babb2
solana:8qiN55yH41xWt7EXh443QTHPjzdmzExJWRrrmddHiHoC9pcDrk8SU6e3bNXC7NbCYEoyFFgM5W6nnfDv1zn686m:3:0,T0,true,scheduled,success,json_ok,observed,on_time,observed,7e4b4aea5467f102e83f42bb
solana:8qiN55yH41xWt7EXh443QTHPjzdmzExJWRrrmddHiHoC9pcDrk8SU6e3bNXC7NbCYEoyFFgM5W6nnfDv1zn686m:3:0,T+24h,true,scheduled,success,json_ok,observed,on_time,observed,731ff573f47fcac4996e9e18
solana:8qiN55yH41xWt7EXh443QTHPjzdmzExJWRrrmddHiHoC9pcDrk8SU6e3bNXC7NbCYEoyFFgM5W6nnfDv1zn686m:3:0,T+60h,true,scheduled,success,json_ok,observed,on_time,observed,0a0fe9e71a83cbd74aa9fdc2
solana:5XPVNNfuAx1NB2VCLHPW2YRT1f52sqWWWRchb9Zx6UdHvH51hSRoAPtaV2JqtasgZaEYLWnmwV4s4stq4iuNyNfZ:2:0,T0,true,scheduled,success,json_ok,observed,on_time,observed,01422540b8b113927513bc73
solana:5XPVNNfuAx1NB2VCLHPW2YRT1f52sqWWWRchb9Zx6UdHvH51hSRoAPtaV2JqtasgZaEYLWnmwV4s4stq4iuNyNfZ:2:0,T+24h,true,scheduled,success,json_ok,observed,on_time,observed,2236d5fe3e29eafbdd3e1b93
solana:5XPVNNfuAx1NB2VCLHPW2YRT1f52sqWWWRchb9Zx6UdHvH51hSRoAPtaV2JqtasgZaEYLWnmwV4s4stq4iuNyNfZ:2:0,T+60h,true,scheduled,success,json_ok,observed,on_time,observed,2c6e22d4b2fa435fe26672d4
solana:2pFJNSCgu7NunXFJNpTJcYc81uZZDXEuWrFHBYKDWhfxxdZEz4dfK3Hh11y2b23GAuYUvpjj13pm5H8ryhG54cuz:2:0,T0,true,scheduled,success,json_ok,observed,on_time,observed,694f1cc198a6e969ce2c69fb
solana:2pFJNSCgu7NunXFJNpTJcYc81uZZDXEuWrFHBYKDWhfxxdZEz4dfK3Hh11y2b23GAuYUvpjj13pm5H8ryhG54cuz:2:0,T+24h,true,scheduled,success,json_ok,observed,on_time,observed,aea11e5eef7e9e99f370a8c2
solana:2pFJNSCgu7NunXFJNpTJcYc81uZZDXEuWrFHBYKDWhfxxdZEz4dfK3Hh11y2b23GAuYUvpjj13pm5H8ryhG54cuz:2:0,T+60h,true,scheduled,success,json_ok,observed,on_time,observed,2d7a7f3b3fb4125990b05e5a
solana:mjBo6YqGUfVMxvwP4k48jE8yAzA5mW4nhu3acCMGQuxQ9ymWkK8HBmwB227qUwMZwLv7zVcHkNCDyKZrk4mthoY:2:0,T0,true,scheduled,success,json_ok,observed,on_time,observed,b2accecd3e55e5aaa60bc3ae
solana:mjBo6YqGUfVMxvwP4k48jE8yAzA5mW4nhu3acCMGQuxQ9ymWkK8HBmwB227qUwMZwLv7zVcHkNCDyKZrk4mthoY:2:0,T+24h,true,scheduled,success,json_ok,observed,on_time,observed,8f9b2023b849452ecae3c821
solana:mjBo6YqGUfVMxvwP4k48jE8yAzA5mW4nhu3acCMGQuxQ9ymWkK8HBmwB227qUwMZwLv7zVcHkNCDyKZrk4mthoY:2:0,T+60h,true,scheduled,success,json_ok,observed,on_time,observed,a51f15c0a42dfdefee072245
solana:FFkKHgqqvUvjYQc2LK14HHQwpHMbgofi91q1UV625EgsSTcrRDAXUansuHZTFq2tfKnkywB39X4asTgLybFQ3Ge:0:0,T0,true,scheduled,success,json_ok,observed,on_time,observed,fe46d80cd7d0f7cd23751a67
solana:FFkKHgqqvUvjYQc2LK14HHQwpHMbgofi91q1UV625EgsSTcrRDAXUansuHZTFq2tfKnkywB39X4asTgLybFQ3Ge:0:0,T+24h,true,scheduled,success,json_ok,observed,on_time,observed,e86cc6c8a316834075aa839e
solana:FFkKHgqqvUvjYQc2LK14HHQwpHMbgofi91q1UV625EgsSTcrRDAXUansuHZTFq2tfKnkywB39X4asTgLybFQ3Ge:0:0,T+60h,true,scheduled,success,json_ok,observed,on_time,observed,2d498225499b47e49969d246
solana:3TJpMfPqAQQgDwsHjJyF2Fi8DJQrd8GxJgJiSJ5xjJCdWLtYutWtopz4PKwn1mFFoTXgmT22Vq6LYtucyfwfQm3h:2:0,T0,true,scheduled,success,json_ok,observed,on_time,observed,96963f076e456dccc343c970
solana:3TJpMfPqAQQgDwsHjJyF2Fi8DJQrd8GxJgJiSJ5xjJCdWLtYutWtopz4PKwn1mFFoTXgmT22Vq6LYtucyfwfQm3h:2:0,T+24h,true,scheduled,success,json_ok,observed,on_time,observed,d4adb526b7a6722a455c9312
solana:3TJpMfPqAQQgDwsHjJyF2Fi8DJQrd8GxJgJiSJ5xjJCdWLtYutWtopz4PKwn1mFFoTXgmT22Vq6LYtucyfwfQm3h:2:0,T+60h,true,scheduled,success,json_ok,observed,on_time,observed,4d595482650e355c74a49fc2
solana:5vWretqrz6q4RwVanYso2L98xu5uqX3T7Shs1qqRJatCrN4YhS5YJGi2BNVtS4L13CPPaXFfcH87RtGn78UyaFHp:2:0,T0,true,scheduled,success,json_ok,observed,on_time,observed,59de8e04754afb5a2105a8ae
solana:5vWretqrz6q4RwVanYso2L98xu5uqX3T7Shs1qqRJatCrN4YhS5YJGi2BNVtS4L13CPPaXFfcH87RtGn78UyaFHp:2:0,T+24h,true,scheduled,success,json_ok,observed,on_time,observed,aa01f44bd2aed4db1b69810f
solana:5vWretqrz6q4RwVanYso2L98xu5uqX3T7Shs1qqRJatCrN4YhS5YJGi2BNVtS4L13CPPaXFfcH87RtGn78UyaFHp:2:0,T+60h,true,scheduled,success,json_ok,observed,on_time,observed,b391d98def9180c5a5267bcf
solana:2XDAuuY1er1j9jBDs8ZCGRgt5TaopHGTcvnUS8faFQXZaVvshpbB4NUrPvUJguEv73zRrNp8KAcjGjTvyjLSSgjm:2:0,T0,true,scheduled,success,json_ok,observed,on_time,observed,8f796d95eeb95ce81695b604
solana:2XDAuuY1er1j9jBDs8ZCGRgt5TaopHGTcvnUS8faFQXZaVvshpbB4NUrPvUJguEv73zRrNp8KAcjGjTvyjLSSgjm:2:0,T+24h,true,scheduled,success,json_ok,observed,on_time,observed,9d87d4d2d00f4367bf565299
solana:2XDAuuY1er1j9jBDs8ZCGRgt5TaopHGTcvnUS8faFQXZaVvshpbB4NUrPvUJguEv73zRrNp8KAcjGjTvyjLSSgjm:2:0,T+60h,true,scheduled,success,json_ok,observed,on_time,observed,a3139bb99e562e82754e40b2
solana:3Fkua5ugSs3b1BG5XzGE7d1kCjKxCCW2zKiiiqSfzf4WLHTmW56cS4bQKAU6DotfHWHb9zxPdMx34EmS7C58mHhj:2:0,T0,true,scheduled,success,json_ok,observed,on_time,observed,cea346f44fbaa6a84cbb6e12
solana:3Fkua5ugSs3b1BG5XzGE7d1kCjKxCCW2zKiiiqSfzf4WLHTmW56cS4bQKAU6DotfHWHb9zxPdMx34EmS7C58mHhj:2:0,T+24h,true,scheduled,success,json_ok,observed,on_time,observed,d3bbbc98104edc528b239c46
solana:3Fkua5ugSs3b1BG5XzGE7d1kCjKxCCW2zKiiiqSfzf4WLHTmW56cS4bQKAU6DotfHWHb9zxPdMx34EmS7C58mHhj:2:0,T+60h,true,scheduled,success,json_ok,observed,on_time,observed,936605459e20392a7e5b75db
solana:2TAPoWYtKckFh59fxuoDb1oGppywd35V7Qnn96pD9pnnXyPKustNaiyh4DWa4guUnj7QUHoeFyUpA22chbviK7mq:2:0,T0,true,scheduled,failed,not_observed,not_observed,on_time,request_failed,9942e7d44e3311faec9060c9
solana:2TAPoWYtKckFh59fxuoDb1oGppywd35V7Qnn96pD9pnnXyPKustNaiyh4DWa4guUnj7QUHoeFyUpA22chbviK7mq:2:0,T+24h,true,scheduled,failed,not_observed,not_observed,on_time,request_failed,7ff49f10e1407c367081f27b
solana:2TAPoWYtKckFh59fxuoDb1oGppywd35V7Qnn96pD9pnnXyPKustNaiyh4DWa4guUnj7QUHoeFyUpA22chbviK7mq:2:0,T+60h,true,scheduled,failed,not_observed,not_observed,on_time,request_failed,189cf278aea68a037acac817
solana:4LBS7NSMQc9svH38udgCws35FWNJ11t6nymFz282a7HtdTysa8T15dqu7oejptzezfaUJGamQMoxjhK9y5DrHkz7:2:0,T0,true,scheduled,success,json_ok,observed,on_time,observed,95a582ac0490ba9359c69bb7
solana:4LBS7NSMQc9svH38udgCws35FWNJ11t6nymFz282a7HtdTysa8T15dqu7oejptzezfaUJGamQMoxjhK9y5DrHkz7:2:0,T+24h,true,scheduled,success,json_ok,observed,on_time,observed,ae81b455d2e941317128a9df
solana:4LBS7NSMQc9svH38udgCws35FWNJ11t6nymFz282a7HtdTysa8T15dqu7oejptzezfaUJGamQMoxjhK9y5DrHkz7:2:0,T+60h,true,scheduled,success,json_ok,observed,on_time,observed,07d328738efff22c387ebf57
solana:5Uqkz4Qwi2FqJoK5EmkL8SKKx6vbNz2L4tS4wYw6Ykys7sPSxGpBSaFPY4xdKt2BJMNg31WRBuzyNVcTW2B9c66t:2:0,T0,true,scheduled,success,json_ok,observed,on_time,observed,015b012e939209e00c1f9c89
solana:5Uqkz4Qwi2FqJoK5EmkL8SKKx6vbNz2L4tS4wYw6Ykys7sPSxGpBSaFPY4xdKt2BJMNg31WRBuzyNVcTW2B9c66t:2:0,T+24h,true,scheduled,success,json_ok,observed,on_time,observed,f7a270facf57de0ee9719466
solana:5Uqkz4Qwi2FqJoK5EmkL8SKKx6vbNz2L4tS4wYw6Ykys7sPSxGpBSaFPY4xdKt2BJMNg31WRBuzyNVcTW2B9c66t:2:0,T+60h,true,scheduled,success,json_ok,observed,on_time,observed,846ca8a90e647c4a89e0301a
solana:3mRPtPQ2RCEJ1PnNBy41divF5xb4ZdYxSmGrvXw5nmVfs7CkF8LHpMZLgjN1Ly21MDVjrbopyXfzDabsZVJ2U6Qw:2:0,T0,true,scheduled,success,json_ok,observed,on_time,observed,ab1b8d2b9d3cff78d6249958
solana:3mRPtPQ2RCEJ1PnNBy41divF5xb4ZdYxSmGrvXw5nmVfs7CkF8LHpMZLgjN1Ly21MDVjrbopyXfzDabsZVJ2U6Qw:2:0,T+24h,true,scheduled,success,json_ok,observed,on_time,observed,eba8b856b4bb2b1d0e9f23db
solana:3mRPtPQ2RCEJ1PnNBy41divF5xb4ZdYxSmGrvXw5nmVfs7CkF8LHpMZLgjN1Ly21MDVjrbopyXfzDabsZVJ2U6Qw:2:0,T+60h,true,scheduled,success,json_ok,observed,on_time,observed,1506cfae2d711bc222fbcf52
solana:tVhnGnH6v6KwgEmFJVMqETbKFSb2STXYy5LvgUjWHziAW3oWgK4ys7ovUopC9CmtXXxHs5a3SUwSeUccJCw6WAV:1:0,T0,true,scheduled,failed,not_observed,not_observed,late,request_failed,c21b785fb4a4ceae905895ec
solana:tVhnGnH6v6KwgEmFJVMqETbKFSb2STXYy5LvgUjWHziAW3oWgK4ys7ovUopC9CmtXXxHs5a3SUwSeUccJCw6WAV:1:0,T+24h,true,scheduled,failed,not_observed,not_observed,late,request_failed,7a82ebac6ca382954eae46a4
solana:tVhnGnH6v6KwgEmFJVMqETbKFSb2STXYy5LvgUjWHziAW3oWgK4ys7ovUopC9CmtXXxHs5a3SUwSeUccJCw6WAV:1:0,T+60h,true,scheduled,failed,not_observed,not_observed,on_time,request_failed,f19a9167ec92c8a781cea541
solana:2u4bY2J511fYAX5zKnWo3JQnu6Qarz4nvbcfRtw4ykkt55PVELj8w9HkaSatPXh9QBxJ6uFmugTVhUSqDZ8HwdAS:2:0,T0,true,scheduled,success,json_ok,observed,on_time,observed,cff19f4f73467ced13c33a37
solana:2u4bY2J511fYAX5zKnWo3JQnu6Qarz4nvbcfRtw4ykkt55PVELj8w9HkaSatPXh9QBxJ6uFmugTVhUSqDZ8HwdAS:2:0,T+24h,true,scheduled,success,json_ok,observed,on_time,observed,341895259cbb3b29112334f8
solana:2u4bY2J511fYAX5zKnWo3JQnu6Qarz4nvbcfRtw4ykkt55PVELj8w9HkaSatPXh9QBxJ6uFmugTVhUSqDZ8HwdAS:2:0,T+60h,true,scheduled,success,json_ok,observed,on_time,observed,ad7dde476c9e17c473974203
solana:25tCdpCUDrnLDRJW35sWWxFMLv2AgLJwakQpBGnHJr4bd3VxVnanjfys5TPfdPgkXUpR1FKdvaKaX3yRTq5TGAL6:2:0,T0,true,scheduled,success,json_ok,observed,on_time,observed,9cbcf5c3c0c8f692aaa7cb94
solana:25tCdpCUDrnLDRJW35sWWxFMLv2AgLJwakQpBGnHJr4bd3VxVnanjfys5TPfdPgkXUpR1FKdvaKaX3yRTq5TGAL6:2:0,T+24h,true,scheduled,success,json_ok,observed,on_time,observed,d5553ec60cd782f2d07298c8
solana:25tCdpCUDrnLDRJW35sWWxFMLv2AgLJwakQpBGnHJr4bd3VxVnanjfys5TPfdPgkXUpR1FKdvaKaX3yRTq5TGAL6:2:0,T+60h,true,scheduled,success,json_ok,observed,on_time,observed,257806092b3fc186cc6ea3ab
solana:5KEiS89jjSMerUi3utnTEAoHWb9D5ysMYyk91bYFw7mr2PsJd8QS7QuxKrZfa7RX25ho545tJHwLAcBkX3iwXGf:2:0,T0,true,scheduled,failed,not_observed,not_observed,on_time,request_failed,3ad2053afccfdc7b3da9fd7e
solana:5KEiS89jjSMerUi3utnTEAoHWb9D5ysMYyk91bYFw7mr2PsJd8QS7QuxKrZfa7RX25ho545tJHwLAcBkX3iwXGf:2:0,T+24h,true,scheduled,failed,not_observed,not_observed,on_time,request_failed,7bb54e1a514970d1e20c4347
solana:5KEiS89jjSMerUi3utnTEAoHWb9D5ysMYyk91bYFw7mr2PsJd8QS7QuxKrZfa7RX25ho545tJHwLAcBkX3iwXGf:2:0,T+60h,true,scheduled,failed,not_observed,not_observed,on_time,request_failed,2b3471648bdda869d78b0c09
solana:5QaYbdPDcxbsK8g8BmZunV5JQvBHP8mnXAdGnMndt9aY8C6uZ3DbwZbH5jRcKWvxvrZTPRdTVwFmncfH6JjRhJSz:2:0,T0,true,scheduled,success,json_ok,observed,on_time,observed,7f15d153a635847628476e0a
solana:5QaYbdPDcxbsK8g8BmZunV5JQvBHP8mnXAdGnMndt9aY8C6uZ3DbwZbH5jRcKWvxvrZTPRdTVwFmncfH6JjRhJSz:2:0,T+24h,true,scheduled,success,json_ok,observed,on_time,observed,c8138499d1c5fb58ace22b86
solana:5QaYbdPDcxbsK8g8BmZunV5JQvBHP8mnXAdGnMndt9aY8C6uZ3DbwZbH5jRcKWvxvrZTPRdTVwFmncfH6JjRhJSz:2:0,T+60h,true,scheduled,success,json_ok,observed,on_time,observed,d6be8d481a575b3fd4921810
solana:LrPqZDPZJaY592NstATynEfLGR7aLYyP7Y9wXvMV7x26D2kfZxFPQbZWMbUDyfnVFvRHp6C1juLR9xGWHKoqcqa:2:0,T0,true,scheduled,success,json_ok,observed,on_time,observed,b75d27895b94c42a30dddbf4
solana:LrPqZDPZJaY592NstATynEfLGR7aLYyP7Y9wXvMV7x26D2kfZxFPQbZWMbUDyfnVFvRHp6C1juLR9xGWHKoqcqa:2:0,T+24h,true,scheduled,success,json_ok,observed,on_time,observed,cc26113c2c6cfdfede83c90f
solana:LrPqZDPZJaY592NstATynEfLGR7aLYyP7Y9wXvMV7x26D2kfZxFPQbZWMbUDyfnVFvRHp6C1juLR9xGWHKoqcqa:2:0,T+60h,true,scheduled,success,json_ok,observed,on_time,observed,48ffc8e62a8e80424fdb6a10
solana:gujVJ3BbM2oy2aW6NBEjM6AL8rVoxf752PYtnNMf7KnXtnaS9nM4vGq4bG6V2o2DvrugqWbXXs3syg5G4w5uGoR:2:0,T0,true,scheduled,success,json_ok,observed,on_time,observed,070ae8de0f88159951552740
solana:gujVJ3BbM2oy2aW6NBEjM6AL8rVoxf752PYtnNMf7KnXtnaS9nM4vGq4bG6V2o2DvrugqWbXXs3syg5G4w5uGoR:2:0,T+24h,true,scheduled,success,json_ok,observed,on_time,observed,263df7aa7136ee1a302e2ff0
solana:gujVJ3BbM2oy2aW6NBEjM6AL8rVoxf752PYtnNMf7KnXtnaS9nM4vGq4bG6V2o2DvrugqWbXXs3syg5G4w5uGoR:2:0,T+60h,true,scheduled,success,json_ok,observed,on_time,observed,13e83c003748a18612e69bf2
solana:51urWVwoKBTNcDnXp1B4dDBgDm6YgNWygjtLpjjnanSaik6vboCqHqzmhDgAfpmJC1HeQyDvwD8wPd7eiahkwJpU:2:0,T0,true,scheduled,success,json_ok,observed,on_time,observed,7bc3747add94331c315a2940
solana:51urWVwoKBTNcDnXp1B4dDBgDm6YgNWygjtLpjjnanSaik6vboCqHqzmhDgAfpmJC1HeQyDvwD8wPd7eiahkwJpU:2:0,T+24h,true,scheduled,success,json_ok,observed,on_time,observed,f1cd9db76115b7ab6eaddb4e
solana:51urWVwoKBTNcDnXp1B4dDBgDm6YgNWygjtLpjjnanSaik6vboCqHqzmhDgAfpmJC1HeQyDvwD8wPd7eiahkwJpU:2:0,T+60h,true,scheduled,success,json_ok,observed,on_time,observed,aac15c7091cb6873cbc27fbe
solana:sS9Ds1zLkfYZHhf8uFgyD9uyQHu8363BSRH86wCZr17BUcSFnfZdm94aVheojp4n5kpYkqd52Fcd3ApoNNe1K4h:2:0,T0,true,scheduled,success,json_ok,observed,on_time,observed,1ed02074bb0c0698f1366447
solana:sS9Ds1zLkfYZHhf8uFgyD9uyQHu8363BSRH86wCZr17BUcSFnfZdm94aVheojp4n5kpYkqd52Fcd3ApoNNe1K4h:2:0,T+24h,true,scheduled,success,json_ok,observed,on_time,observed,3b8d5c1d926a0fabe86a568b
solana:sS9Ds1zLkfYZHhf8uFgyD9uyQHu8363BSRH86wCZr17BUcSFnfZdm94aVheojp4n5kpYkqd52Fcd3ApoNNe1K4h:2:0,T+60h,true,scheduled,success,json_ok,observed,on_time,observed,1bec26bdbab7c54970acd08e
solana:vv482hphuRMjQoL4k8ppVNFXWgdM6QDCQRBprUk7KtXSMbbUjFbvAKyGLyWmrUGnwBhNtJdpcQrFtUDbg7m2iDZ:2:0,T0,true,scheduled,success,json_ok,observed,on_time,observed,a9b629a99003ea26e445b368
solana:vv482hphuRMjQoL4k8ppVNFXWgdM6QDCQRBprUk7KtXSMbbUjFbvAKyGLyWmrUGnwBhNtJdpcQrFtUDbg7m2iDZ:2:0,T+24h,true,scheduled,success,json_ok,observed,on_time,observed,1e1f736deccfd05357cf6f88
solana:vv482hphuRMjQoL4k8ppVNFXWgdM6QDCQRBprUk7KtXSMbbUjFbvAKyGLyWmrUGnwBhNtJdpcQrFtUDbg7m2iDZ:2:0,T+60h,true,scheduled,success,json_ok,observed,on_time,observed,063f96f1ef9428592e25c51e
solana:34vNVqof31fYJhdEFFA83nXSepv9WG6PDvtBxhzKedcYXfqGj7czuQkpBsDHW9zifzLnbkR7nB897dfYiY6Dx738:2:0,T0,true,scheduled,success,json_ok,observed,on_time,observed,14fb211ae61286ad55366309
solana:34vNVqof31fYJhdEFFA83nXSepv9WG6PDvtBxhzKedcYXfqGj7czuQkpBsDHW9zifzLnbkR7nB897dfYiY6Dx738:2:0,T+24h,true,scheduled,success,json_ok,observed,on_time,observed,c618db983332f50a9c662a68
solana:34vNVqof31fYJhdEFFA83nXSepv9WG6PDvtBxhzKedcYXfqGj7czuQkpBsDHW9zifzLnbkR7nB897dfYiY6Dx738:2:0,T+60h,true,scheduled,success,json_ok,observed,on_time,observed,a6f301798db2875de526f797
solana:3TqQZVGUYJwdDH35qNntLRdhpHRFKnrJLt5zGTEMf37pt3wtYQvUvoMgfaEkjQrqgD1aeWnzfkrx7YWKX977A17X:17:0,T0,true,scheduled,success,json_ok,observed,on_time,observed,6ac5217a9cc73df95e22ef15
solana:3TqQZVGUYJwdDH35qNntLRdhpHRFKnrJLt5zGTEMf37pt3wtYQvUvoMgfaEkjQrqgD1aeWnzfkrx7YWKX977A17X:17:0,T+24h,true,scheduled,success,json_ok,observed,on_time,observed,f8b3b551396bd5df1614cae1
solana:3TqQZVGUYJwdDH35qNntLRdhpHRFKnrJLt5zGTEMf37pt3wtYQvUvoMgfaEkjQrqgD1aeWnzfkrx7YWKX977A17X:17:0,T+60h,true,scheduled,success,json_ok,observed,on_time,observed,3d968d76db4b70d6b0428883
solana:4Fo4HM23E9TvJhDojJdRrMyCNC8cu15UuP5y2CyiVehtem1fhSzTjrZrL6WxYWu4gSXx1PuAnHAHBpfaqy3LmYVC:2:0,T0,true,scheduled,success,json_ok,observed,on_time,observed,6b1183de1518d82f8077813d
solana:4Fo4HM23E9TvJhDojJdRrMyCNC8cu15UuP5y2CyiVehtem1fhSzTjrZrL6WxYWu4gSXx1PuAnHAHBpfaqy3LmYVC:2:0,T+24h,true,scheduled,success,json_ok,observed,on_time,observed,9e0e4898bce449446dd03f28
solana:4Fo4HM23E9TvJhDojJdRrMyCNC8cu15UuP5y2CyiVehtem1fhSzTjrZrL6WxYWu4gSXx1PuAnHAHBpfaqy3LmYVC:2:0,T+60h,true,scheduled,success,json_ok,observed,on_time,observed,61154b1d00d39266eacca183
solana:3pSUSwjZ9giVnTuvtUkgAMLe7N5Uvzw2Jm3UKhdeGkjzXbFMJVYWrqs18aBwfTnxzG37VANxWKPWnjsweo3tGAzF:2:0,T0,true,scheduled,success,json_ok,observed,on_time,observed,86aa91f045e75330bac64793
solana:3pSUSwjZ9giVnTuvtUkgAMLe7N5Uvzw2Jm3UKhdeGkjzXbFMJVYWrqs18aBwfTnxzG37VANxWKPWnjsweo3tGAzF:2:0,T+24h,true,scheduled,success,json_ok,observed,on_time,observed,333daae5901dce710224eb0d
solana:3pSUSwjZ9giVnTuvtUkgAMLe7N5Uvzw2Jm3UKhdeGkjzXbFMJVYWrqs18aBwfTnxzG37VANxWKPWnjsweo3tGAzF:2:0,T+60h,true,scheduled,success,json_ok,observed,on_time,observed,a02db6cc6efde3952d5abeab
solana:3PX1aQ1FXSWKhBjv9ScjT7bNBxa9WV8ADMNMQGjQjfuYygBKXkVNKfG2APDwfDH9QVJgpBUzLCuMy9SVLnnm6iXH:2:0,T0,true,scheduled,success,json_ok,observed,on_time,observed,c77c5f1b5474987e301da35b
solana:3PX1aQ1FXSWKhBjv9ScjT7bNBxa9WV8ADMNMQGjQjfuYygBKXkVNKfG2APDwfDH9QVJgpBUzLCuMy9SVLnnm6iXH:2:0,T+24h,true,scheduled,success,json_ok,observed,on_time,observed,2598dd43b3c5dc4c0b570b56
solana:3PX1aQ1FXSWKhBjv9ScjT7bNBxa9WV8ADMNMQGjQjfuYygBKXkVNKfG2APDwfDH9QVJgpBUzLCuMy9SVLnnm6iXH:2:0,T+60h,true,scheduled,success,json_ok,observed,on_time,observed,b6a19ac0220325fca799df7c
solana:4k5nnycYAXom1EFeB1tjEXdB6BuVVuvcguA3wo1EbwZqgkbLgDhsBtL1F8pP63zmcTV3NDLCCtBrJW3fwppZxXPV:2:0,T0,true,scheduled,success,json_ok,observed,on_time,observed,1ee0dbc61cede346fd9a2390
solana:4k5nnycYAXom1EFeB1tjEXdB6BuVVuvcguA3wo1EbwZqgkbLgDhsBtL1F8pP63zmcTV3NDLCCtBrJW3fwppZxXPV:2:0,T+24h,true,scheduled,success,json_ok,observed,on_time,observed,fda631cf8225fde67cbb1a8a
solana:4k5nnycYAXom1EFeB1tjEXdB6BuVVuvcguA3wo1EbwZqgkbLgDhsBtL1F8pP63zmcTV3NDLCCtBrJW3fwppZxXPV:2:0,T+60h,true,scheduled,success,json_ok,observed,on_time,observed,969e6a265fdd19e71f4821fa
solana:Ga8dkCZMXgz4P78yg8h8uaHNEh54eVhM59XeTJ9eD5jHsTzcisEQMpSLgkx1kZdQ3HHyxhb81kywL4cpoVCb7S2:2:0,T0,true,scheduled,success,json_ok,observed,on_time,observed,4a679f1e527b26afba8859a2
solana:Ga8dkCZMXgz4P78yg8h8uaHNEh54eVhM59XeTJ9eD5jHsTzcisEQMpSLgkx1kZdQ3HHyxhb81kywL4cpoVCb7S2:2:0,T+24h,true,scheduled,success,json_ok,observed,on_time,observed,4de102b047da0e1aa3ad0f09
solana:Ga8dkCZMXgz4P78yg8h8uaHNEh54eVhM59XeTJ9eD5jHsTzcisEQMpSLgkx1kZdQ3HHyxhb81kywL4cpoVCb7S2:2:0,T+60h,true,scheduled,success,json_ok,observed,on_time,observed,597968c6cc2f12bb415ba992
solana:5pcR139qb29FdmqSySUG1rAPsJoUR5sG9M4QiyiughHTPmsy8zaDixyJkHLnKJ54pmusXFAoWAosdDQMatrnSN3E:2:0,T0,true,scheduled,success,json_ok,observed,on_time,observed,3ddf7e9cbb0d8213b172272e
solana:5pcR139qb29FdmqSySUG1rAPsJoUR5sG9M4QiyiughHTPmsy8zaDixyJkHLnKJ54pmusXFAoWAosdDQMatrnSN3E:2:0,T+24h,true,scheduled,success,json_ok,observed,on_time,observed,feba99274dc26926ccdbb1f3
solana:5pcR139qb29FdmqSySUG1rAPsJoUR5sG9M4QiyiughHTPmsy8zaDixyJkHLnKJ54pmusXFAoWAosdDQMatrnSN3E:2:0,T+60h,true,scheduled,success,json_ok,observed,on_time,observed,1cfd9a429a24ce5de5e44bc3
solana:3DUPAayrsTK7QxZmqZrAPzu6dnJZj4vnyrWHB31CjgoShFKqf67b8fDmDCntHNuTZ65jK3uWyQbhgB2CcphCWTXY:2:0,T0,true,scheduled,failed,not_observed,not_observed,on_time,request_failed,d26f2d24c198689c8eca675c
solana:3DUPAayrsTK7QxZmqZrAPzu6dnJZj4vnyrWHB31CjgoShFKqf67b8fDmDCntHNuTZ65jK3uWyQbhgB2CcphCWTXY:2:0,T+24h,true,scheduled,failed,not_observed,not_observed,on_time,request_failed,63ff513130a06de571970f73
solana:3DUPAayrsTK7QxZmqZrAPzu6dnJZj4vnyrWHB31CjgoShFKqf67b8fDmDCntHNuTZ65jK3uWyQbhgB2CcphCWTXY:2:0,T+60h,true,scheduled,failed,not_observed,not_observed,on_time,request_failed,b664beca5004971a10d65cca
solana:wGjv5Ju1wZJErJFKgPKY3CjWicBDQVwuVYGc5Rh5XDUPX6nNpntLjENHehM7fztn5prY4hGorua65EvS9VEeMCT:2:0,T0,true,scheduled,success,json_ok,observed,on_time,observed,949e3e6e92642302e4822313
solana:wGjv5Ju1wZJErJFKgPKY3CjWicBDQVwuVYGc5Rh5XDUPX6nNpntLjENHehM7fztn5prY4hGorua65EvS9VEeMCT:2:0,T+24h,true,scheduled,success,json_ok,observed,on_time,observed,e5da1926e51fcdc5e0f60865
solana:wGjv5Ju1wZJErJFKgPKY3CjWicBDQVwuVYGc5Rh5XDUPX6nNpntLjENHehM7fztn5prY4hGorua65EvS9VEeMCT:2:0,T+60h,true,scheduled,success,json_ok,observed,on_time,observed,bfd5a0e84921d832cb8d5355
solana:4juJHLEUP8tXbPU6LXq4gyWRob5nzbUprd7vF8RyFfiksBKmRc9RxE1minvRnEFqyBD26zM9iMnDSQcHJvdpe2TD:2:0,T0,true,scheduled,success,json_ok,observed,on_time,observed,ce0726986729d465da33589a
solana:4juJHLEUP8tXbPU6LXq4gyWRob5nzbUprd7vF8RyFfiksBKmRc9RxE1minvRnEFqyBD26zM9iMnDSQcHJvdpe2TD:2:0,T+24h,true,scheduled,success,json_ok,observed,on_time,observed,8a5424c7c8520af794e6618b
solana:4juJHLEUP8tXbPU6LXq4gyWRob5nzbUprd7vF8RyFfiksBKmRc9RxE1minvRnEFqyBD26zM9iMnDSQcHJvdpe2TD:2:0,T+60h,true,scheduled,success,json_ok,observed,on_time,observed,d6d111f31d2d75bf64e1b885
solana:2qiVXUoxRFrGqCcRnxxjShwCdZ69UY8d9P9eE1eusErxb4VTD7WHg5cbnJgkkweBwcnqxo6TM5HaNyicVVxRrJmd:2:0,T0,true,scheduled,success,json_ok,observed,on_time,observed,73d3ad0155f689cd83792a56
solana:2qiVXUoxRFrGqCcRnxxjShwCdZ69UY8d9P9eE1eusErxb4VTD7WHg5cbnJgkkweBwcnqxo6TM5HaNyicVVxRrJmd:2:0,T+24h,true,scheduled,success,json_ok,observed,on_time,observed,89c3e7a3b622b4c2d85fd3d7
solana:2qiVXUoxRFrGqCcRnxxjShwCdZ69UY8d9P9eE1eusErxb4VTD7WHg5cbnJgkkweBwcnqxo6TM5HaNyicVVxRrJmd:2:0,T+60h,true,scheduled,success,json_ok,observed,on_time,observed,9d662946087bb0dce991f557
solana:Bz3WBKb5xcsJMgjpSAHhZNAgm1KdDwpp6mkp34NMmjRU9kautX51d1Gm2S4HENZmJsbqXDihjegrpyykQHVgcPE:2:0,T0,true,scheduled,success,json_ok,observed,on_time,observed,d191bf1d073158ea5562d761
solana:Bz3WBKb5xcsJMgjpSAHhZNAgm1KdDwpp6mkp34NMmjRU9kautX51d1Gm2S4HENZmJsbqXDihjegrpyykQHVgcPE:2:0,T+24h,true,scheduled,success,json_ok,observed,on_time,observed,29d24edb3d28e3376ee25528
solana:Bz3WBKb5xcsJMgjpSAHhZNAgm1KdDwpp6mkp34NMmjRU9kautX51d1Gm2S4HENZmJsbqXDihjegrpyykQHVgcPE:2:0,T+60h,true,scheduled,success,json_ok,observed,on_time,observed,e20824fe71debd47565947c5
solana:2tyN8iua1DrrYMd3KFfbLCEsEnasM1ZJtHLN72FxQJfxKonPhHrXv3McjLUdMsRJVuNV4LkReYuk5JkXs8ph1NBh:0:0,T0,true,scheduled,success,json_ok,observed,on_time,observed,823f5cbddf18701f08be3bf5
solana:2tyN8iua1DrrYMd3KFfbLCEsEnasM1ZJtHLN72FxQJfxKonPhHrXv3McjLUdMsRJVuNV4LkReYuk5JkXs8ph1NBh:0:0,T+24h,true,scheduled,success,json_ok,observed,on_time,observed,6de6575238186725ed0beaf5
solana:2tyN8iua1DrrYMd3KFfbLCEsEnasM1ZJtHLN72FxQJfxKonPhHrXv3McjLUdMsRJVuNV4LkReYuk5JkXs8ph1NBh:0:0,T+60h,true,scheduled,success,json_ok,observed,on_time,observed,087093c1808aba367ab5ff06
solana:3NUaUbs4vSksQcLuLYpJXCBzQx3CHvpiXfzPjJcVdD3AW343DeYVzHZKpzet4eiLPPKzg9SoCev9BtoPNG6DCmv3:2:0,T0,true,scheduled,success,json_ok,observed,on_time,observed,f76c6492da22ea42fef5a384
solana:3NUaUbs4vSksQcLuLYpJXCBzQx3CHvpiXfzPjJcVdD3AW343DeYVzHZKpzet4eiLPPKzg9SoCev9BtoPNG6DCmv3:2:0,T+24h,true,scheduled,success,json_ok,observed,on_time,observed,be33986a1409eba621e040b7
solana:3NUaUbs4vSksQcLuLYpJXCBzQx3CHvpiXfzPjJcVdD3AW343DeYVzHZKpzet4eiLPPKzg9SoCev9BtoPNG6DCmv3:2:0,T+60h,true,scheduled,success,json_ok,observed,on_time,observed,ed2da685e4667346df238be0
solana:vMy4eWaAdPebhkbm4z1uiEu2oDYpNyw4kApJdHPusZP7G7ay5E7hk1jvYMFtEJYzzNThZophZqBkQrjrvopa4v5:2:0,T0,true,scheduled,failed,not_observed,not_observed,on_time,request_failed,617cc4292d53fc0a5bae1510
solana:vMy4eWaAdPebhkbm4z1uiEu2oDYpNyw4kApJdHPusZP7G7ay5E7hk1jvYMFtEJYzzNThZophZqBkQrjrvopa4v5:2:0,T+24h,true,scheduled,failed,not_observed,not_observed,on_time,request_failed,f1674c87f34efa1ba4680400
solana:vMy4eWaAdPebhkbm4z1uiEu2oDYpNyw4kApJdHPusZP7G7ay5E7hk1jvYMFtEJYzzNThZophZqBkQrjrvopa4v5:2:0,T+60h,true,scheduled,failed,not_observed,not_observed,on_time,request_failed,206b25754439e4296a5e46db
solana:3ZpFoovtrFAJppwephsAzgZvEUixWzYNQHMXwc7SLGkTjM2A4fJ7g5tPfj3FNXf9zUr9Ns3MLHTuLDBZAMtGT18F:1:0,T0,true,scheduled,success,json_ok,observed,on_time,observed,086618344fd7f834a062b1a7
solana:3ZpFoovtrFAJppwephsAzgZvEUixWzYNQHMXwc7SLGkTjM2A4fJ7g5tPfj3FNXf9zUr9Ns3MLHTuLDBZAMtGT18F:1:0,T+24h,true,scheduled,success,json_ok,observed,on_time,observed,85003c29b8302923132b3746
solana:3ZpFoovtrFAJppwephsAzgZvEUixWzYNQHMXwc7SLGkTjM2A4fJ7g5tPfj3FNXf9zUr9Ns3MLHTuLDBZAMtGT18F:1:0,T+60h,true,scheduled,success,json_ok,observed,on_time,observed,2af5b19f413c101fb7370a0d
solana:3XedECQQRFvCBS8e7cTawaSe7Vh9p6kSCDteNQfssnNbbuc9Emb5fAMV19gygpSYaH8Unhf24y2tr1DvzzanmgBq:2:0,T0,true,scheduled,success,json_ok,observed,on_time,observed,eb524104e55ec4b0d7358f69
solana:3XedECQQRFvCBS8e7cTawaSe7Vh9p6kSCDteNQfssnNbbuc9Emb5fAMV19gygpSYaH8Unhf24y2tr1DvzzanmgBq:2:0,T+24h,true,scheduled,success,json_ok,observed,on_time,observed,23f90e70299b982eacaaad81
solana:3XedECQQRFvCBS8e7cTawaSe7Vh9p6kSCDteNQfssnNbbuc9Emb5fAMV19gygpSYaH8Unhf24y2tr1DvzzanmgBq:2:0,T+60h,true,scheduled,success,json_ok,observed,on_time,observed,95660814d206933928552071
solana:CGHsrSprpzzqp9vvpyYeB97HsKRW2FjzWSmpREgQ17mXAVHCjfksB7G6jREtLFgLXZf1WTtVCXmuNM4q1KiCr88:2:0,T0,true,scheduled,success,json_ok,observed,on_time,observed,dacfe69406949ddc679b8ebb
solana:CGHsrSprpzzqp9vvpyYeB97HsKRW2FjzWSmpREgQ17mXAVHCjfksB7G6jREtLFgLXZf1WTtVCXmuNM4q1KiCr88:2:0,T+24h,true,scheduled,success,json_ok,observed,on_time,observed,72024f2f4e0a06877d8ebe9f
solana:CGHsrSprpzzqp9vvpyYeB97HsKRW2FjzWSmpREgQ17mXAVHCjfksB7G6jREtLFgLXZf1WTtVCXmuNM4q1KiCr88:2:0,T+60h,true,scheduled,success,json_ok,observed,on_time,observed,54082097164127fae1213325
solana:kSC4LmXMGsAFCZuAPqvn1MePw6QyMF9ReuasEwQqrgQDSFnTnnF7cYAPeH5HcZUBvKh5Yv1aWxEFNCtgouJnVsg:3:0,T0,true,scheduled,success,json_ok,observed,on_time,observed,6053ab2ff1d04235108aa036
solana:kSC4LmXMGsAFCZuAPqvn1MePw6QyMF9ReuasEwQqrgQDSFnTnnF7cYAPeH5HcZUBvKh5Yv1aWxEFNCtgouJnVsg:3:0,T+24h,true,scheduled,success,json_ok,observed,on_time,observed,a2b40f27195d4baf8313f2a9
solana:kSC4LmXMGsAFCZuAPqvn1MePw6QyMF9ReuasEwQqrgQDSFnTnnF7cYAPeH5HcZUBvKh5Yv1aWxEFNCtgouJnVsg:3:0,T+60h,true,scheduled,success,json_ok,observed,on_time,observed,b05437acb23e29a25b4a36fe
solana:3UJ6wGMmU9HpQQL8r9SY27FwmKG254KuPKg5HntHLM3DcVT7He76LMjibKcFEdKc1FQaBak9XooM5MMtraCVfaYM:3:0,T0,true,scheduled,success,json_ok,observed,on_time,observed,0e396500e2b624d55ef9749d
solana:3UJ6wGMmU9HpQQL8r9SY27FwmKG254KuPKg5HntHLM3DcVT7He76LMjibKcFEdKc1FQaBak9XooM5MMtraCVfaYM:3:0,T+24h,true,scheduled,success,json_ok,observed,on_time,observed,ba85a52a4d62e63c53fbc397
solana:3UJ6wGMmU9HpQQL8r9SY27FwmKG254KuPKg5HntHLM3DcVT7He76LMjibKcFEdKc1FQaBak9XooM5MMtraCVfaYM:3:0,T+60h,true,scheduled,success,json_ok,observed,on_time,observed,723ca83e9f09c377870a525f
solana:45DX4ZmMw5Sq1WHQ1T6SjUDRwyghwU6ENKF6NiPSKRF6xx5cYEcAH6gthfrohzUVGhXQEDDKdjPTmpJLYVLSHQ6w:2:0,T0,true,scheduled,success,json_ok,observed,on_time,observed,cde3dcfe4abe61a7a4ea782a
solana:45DX4ZmMw5Sq1WHQ1T6SjUDRwyghwU6ENKF6NiPSKRF6xx5cYEcAH6gthfrohzUVGhXQEDDKdjPTmpJLYVLSHQ6w:2:0,T+24h,true,scheduled,success,json_ok,observed,on_time,observed,2bd7a104054340b77581916b
solana:45DX4ZmMw5Sq1WHQ1T6SjUDRwyghwU6ENKF6NiPSKRF6xx5cYEcAH6gthfrohzUVGhXQEDDKdjPTmpJLYVLSHQ6w:2:0,T+60h,true,scheduled,success,json_ok,observed,on_time,observed,16b81920917cd0e97ce32cbd
solana:5iMcvdB31PYxWeQQWBG7sFTcnpPph1HVeoJ5VUUhhME1dAfKSuFKvKcVuLVZeLxWCWxhTVDBYxXyzHkQtXg4rPjm:2:0,T0,true,scheduled,success,json_ok,observed,on_time,observed,8c628b827316906945d8f8c6
solana:5iMcvdB31PYxWeQQWBG7sFTcnpPph1HVeoJ5VUUhhME1dAfKSuFKvKcVuLVZeLxWCWxhTVDBYxXyzHkQtXg4rPjm:2:0,T+24h,true,scheduled,success,json_ok,observed,on_time,observed,3838c920ca2f145c0226a088
solana:5iMcvdB31PYxWeQQWBG7sFTcnpPph1HVeoJ5VUUhhME1dAfKSuFKvKcVuLVZeLxWCWxhTVDBYxXyzHkQtXg4rPjm:2:0,T+60h,true,scheduled,success,json_ok,observed,on_time,observed,addbbc6d2bd2f88f468c1da9
solana:4uZmX7uofVAUXyazJjZ2qH2V1ZSYzxwCP3onGu2KfXSopDf2LG4P5dcLu1gqrVWtj3DqW6e6KAThUBt1dSQVaocM:2:0,T0,true,scheduled,success,json_ok,observed,on_time,observed,943b05818015ca402ba40ac1
solana:4uZmX7uofVAUXyazJjZ2qH2V1ZSYzxwCP3onGu2KfXSopDf2LG4P5dcLu1gqrVWtj3DqW6e6KAThUBt1dSQVaocM:2:0,T+24h,true,scheduled,success,json_ok,observed,on_time,observed,7df0fe3b5051743edc7fa950
solana:4uZmX7uofVAUXyazJjZ2qH2V1ZSYzxwCP3onGu2KfXSopDf2LG4P5dcLu1gqrVWtj3DqW6e6KAThUBt1dSQVaocM:2:0,T+60h,true,scheduled,success,json_ok,observed,on_time,observed,b30a1f5266ce26b7b0d10d48
solana:5TA7epc3bK7ReBEE4Pwy64D2QfFmiZpA69xVLjnPLQnhANhyQFiiiBFXYQcwmQ14TiQN3XD4T1N8wFBNqCqLKD81:2:0,T0,true,scheduled,success,json_ok,observed,on_time,observed,640e95d0fe1d62745361358d
solana:5TA7epc3bK7ReBEE4Pwy64D2QfFmiZpA69xVLjnPLQnhANhyQFiiiBFXYQcwmQ14TiQN3XD4T1N8wFBNqCqLKD81:2:0,T+24h,true,scheduled,success,json_ok,observed,on_time,observed,548f33b6300c053ee32070de
solana:5TA7epc3bK7ReBEE4Pwy64D2QfFmiZpA69xVLjnPLQnhANhyQFiiiBFXYQcwmQ14TiQN3XD4T1N8wFBNqCqLKD81:2:0,T+60h,true,scheduled,success,json_ok,observed,on_time,observed,505ac0f50a15aaf5c665dd58
solana:5LBWcDthCJsbdLz1Eu31SQVdFpgVT3CaucErXHNKzX1cRsg19L7bW6U5QJYUxeJaF6qAz7yUhQSgniq9uWBHEAAx:2:0,T0,true,scheduled,failed,not_observed,not_observed,on_time,request_failed,209838615c64527d48fbc945
solana:5LBWcDthCJsbdLz1Eu31SQVdFpgVT3CaucErXHNKzX1cRsg19L7bW6U5QJYUxeJaF6qAz7yUhQSgniq9uWBHEAAx:2:0,T+24h,true,scheduled,failed,not_observed,not_observed,on_time,request_failed,4586069bbebb222ced98a3cd
solana:5LBWcDthCJsbdLz1Eu31SQVdFpgVT3CaucErXHNKzX1cRsg19L7bW6U5QJYUxeJaF6qAz7yUhQSgniq9uWBHEAAx:2:0,T+60h,true,scheduled,failed,not_observed,not_observed,on_time,request_failed,5a1a3986e27b7de52268ae43
solana:4Wyppm1bCQusjJ5RwfA9iwUQot53fLrzt9fzXKE6vaehRcsAZQAJ8y8utNsiADYUHuRJtv4kZYU5Pib6fADMPXZU:2:0,T0,true,scheduled,success,json_ok,observed,on_time,observed,58d5eae8615a79e4ea967f7f
solana:4Wyppm1bCQusjJ5RwfA9iwUQot53fLrzt9fzXKE6vaehRcsAZQAJ8y8utNsiADYUHuRJtv4kZYU5Pib6fADMPXZU:2:0,T+24h,true,scheduled,success,json_ok,observed,on_time,observed,454cacd82588439d21dccba1
solana:4Wyppm1bCQusjJ5RwfA9iwUQot53fLrzt9fzXKE6vaehRcsAZQAJ8y8utNsiADYUHuRJtv4kZYU5Pib6fADMPXZU:2:0,T+60h,true,scheduled,success,json_ok,observed,on_time,observed,df2e157b6a884704d076b3ee
solana:fBPLNH8cSniW3zo1bsFSS7xqg36KNLNpfPxQ2NeHkABu89uMGb68cYRs2C8F2oTzrwM8JGbQ4ReaYYBurPoQsef:2:0,T0,true,scheduled,success,json_ok,observed,on_time,observed,9db85f106c05de89f80b0e2f
solana:fBPLNH8cSniW3zo1bsFSS7xqg36KNLNpfPxQ2NeHkABu89uMGb68cYRs2C8F2oTzrwM8JGbQ4ReaYYBurPoQsef:2:0,T+24h,true,scheduled,success,json_ok,observed,on_time,observed,ce3cd6293bf019068e27a2e1
solana:fBPLNH8cSniW3zo1bsFSS7xqg36KNLNpfPxQ2NeHkABu89uMGb68cYRs2C8F2oTzrwM8JGbQ4ReaYYBurPoQsef:2:0,T+60h,true,scheduled,success,json_ok,observed,on_time,observed,e338a117fe130e9402020377
solana:5ZocAx2EzXvfy2nqtL3ceC218AVZqB68uovKh3sLmCwn8at2TXN3xzk78ZHk1RY9i7JJzYJSQhj6bre6coNRQdD7:2:0,T0,true,scheduled,success,json_ok,observed,on_time,observed,00d038b47ea05e9cd69cedc8
solana:5ZocAx2EzXvfy2nqtL3ceC218AVZqB68uovKh3sLmCwn8at2TXN3xzk78ZHk1RY9i7JJzYJSQhj6bre6coNRQdD7:2:0,T+24h,true,scheduled,success,json_ok,observed,on_time,observed,a45fa8fe807805323466a3e8
solana:5ZocAx2EzXvfy2nqtL3ceC218AVZqB68uovKh3sLmCwn8at2TXN3xzk78ZHk1RY9i7JJzYJSQhj6bre6coNRQdD7:2:0,T+60h,true,scheduled,success,json_ok,observed,on_time,observed,7e91cb9752d3221da56f7707
solana:3Tqxb5U5RdYqfjfjXxrofCsoCLxDDvtZ1ZhpzTt5sugCKbBBSSbHc1FhjPa472bb6Rq3fpSgUjmEUvtbxkXPyKLQ:2:0,T0,true,scheduled,success,json_ok,observed,on_time,observed,38897f8dadb31fc3866e0b69
solana:3Tqxb5U5RdYqfjfjXxrofCsoCLxDDvtZ1ZhpzTt5sugCKbBBSSbHc1FhjPa472bb6Rq3fpSgUjmEUvtbxkXPyKLQ:2:0,T+24h,true,scheduled,success,json_ok,observed,on_time,observed,29b4072d3aa18e11ba5079d7
solana:3Tqxb5U5RdYqfjfjXxrofCsoCLxDDvtZ1ZhpzTt5sugCKbBBSSbHc1FhjPa472bb6Rq3fpSgUjmEUvtbxkXPyKLQ:2:0,T+60h,true,scheduled,success,json_ok,observed,on_time,observed,b5cfc44a15177788b42c63db
solana:2wiTzHS82q8xzYxJo5JxS6Re9UsTwPDjJe1c2yhHNxMWwvrYfqvg5rhfBALkQJcstmvY8taBqQYV5i4itF6gVHHv:2:0,T0,true,scheduled,success,json_ok,observed,on_time,observed,b816a3425a84e1a6fc8b5372
solana:2wiTzHS82q8xzYxJo5JxS6Re9UsTwPDjJe1c2yhHNxMWwvrYfqvg5rhfBALkQJcstmvY8taBqQYV5i4itF6gVHHv:2:0,T+24h,true,scheduled,success,json_ok,observed,on_time,observed,5a10f76ba17eefd42fe938af
solana:2wiTzHS82q8xzYxJo5JxS6Re9UsTwPDjJe1c2yhHNxMWwvrYfqvg5rhfBALkQJcstmvY8taBqQYV5i4itF6gVHHv:2:0,T+60h,true,scheduled,success,json_ok,observed,on_time,observed,ba7c625115eea1b4f4213012
solana:29YRtP81zHCfYDQzuJePZpb4CvvRfPyWkNCBPrecFabTTzCp4T7XpYrhUCcB8xRwV8MFToHZ7Z7BCnuqoBwd2HPh:2:0,T0,true,scheduled,failed,not_observed,not_observed,on_time,request_failed,4d80aa89f97e8eb510ef9f79
solana:29YRtP81zHCfYDQzuJePZpb4CvvRfPyWkNCBPrecFabTTzCp4T7XpYrhUCcB8xRwV8MFToHZ7Z7BCnuqoBwd2HPh:2:0,T+24h,true,scheduled,failed,not_observed,not_observed,on_time,request_failed,dcfd3c12c6716c2f663ed10f
solana:29YRtP81zHCfYDQzuJePZpb4CvvRfPyWkNCBPrecFabTTzCp4T7XpYrhUCcB8xRwV8MFToHZ7Z7BCnuqoBwd2HPh:2:0,T+60h,true,scheduled,failed,not_observed,not_observed,on_time,request_failed,fcb80cbdb3b9428b36eaaa75
solana:4iEFrJSzMrwkQW4B6HBguReioN11iADgYBcwtk87KyPRqSXKDS83AjaX9WeYGqVfc3iDCEZuPEs92Kf64FTnaHGb:2:0,T0,true,scheduled,success,json_ok,observed,on_time,observed,fe1d38ff0c4335567e18802f
solana:4iEFrJSzMrwkQW4B6HBguReioN11iADgYBcwtk87KyPRqSXKDS83AjaX9WeYGqVfc3iDCEZuPEs92Kf64FTnaHGb:2:0,T+24h,true,scheduled,success,json_ok,observed,on_time,observed,57e02cb0e579eb69bcc8d833
solana:4iEFrJSzMrwkQW4B6HBguReioN11iADgYBcwtk87KyPRqSXKDS83AjaX9WeYGqVfc3iDCEZuPEs92Kf64FTnaHGb:2:0,T+60h,true,scheduled,success,json_ok,observed,on_time,observed,ef8a07bc535749f568451e7c
solana:67pUjFtYqWkmCrYCfTd16amivws23qBDLYFAa6wib2gvxif8fjHuZjywUtpfzyc8V85dnt1fE3gQKTAJ123aTCuD:2:0,T0,true,scheduled,success,json_ok,observed,on_time,observed,7e5fde7de62af774cd04aeaf
solana:67pUjFtYqWkmCrYCfTd16amivws23qBDLYFAa6wib2gvxif8fjHuZjywUtpfzyc8V85dnt1fE3gQKTAJ123aTCuD:2:0,T+24h,true,scheduled,success,json_ok,observed,on_time,observed,b07dbb8ca8f892e75336c20d
solana:67pUjFtYqWkmCrYCfTd16amivws23qBDLYFAa6wib2gvxif8fjHuZjywUtpfzyc8V85dnt1fE3gQKTAJ123aTCuD:2:0,T+60h,true,scheduled,success,json_ok,observed,on_time,observed,40f28d5f48ab9b32da27ecd6
solana:3MDRGDfVCxLyetBSg4Bmjy7SSmTg716Bxg6XzkxHH2TJKxS1ni7HyXjE7MKhpGLP9W3fBc8y8GUsyEJyBA42DiAe:2:0,T0,true,scheduled,success,json_ok,observed,on_time,observed,b3fa2d86b143d502a2d9e93c
solana:3MDRGDfVCxLyetBSg4Bmjy7SSmTg716Bxg6XzkxHH2TJKxS1ni7HyXjE7MKhpGLP9W3fBc8y8GUsyEJyBA42DiAe:2:0,T+24h,true,scheduled,success,json_ok,observed,on_time,observed,8b96c81021a14e9a236f70cc
solana:3MDRGDfVCxLyetBSg4Bmjy7SSmTg716Bxg6XzkxHH2TJKxS1ni7HyXjE7MKhpGLP9W3fBc8y8GUsyEJyBA42DiAe:2:0,T+60h,true,scheduled,success,json_ok,observed,on_time,observed,7453b94ae1a6eb3e4d0b0739
solana:2bSiZUYSZp3tbG7WxEFLsCiLxMBp3KSrsvLgLqLWR95rxUkppCvq5obPL4fPS6VG2uUbsH7MZLbhihoAnbNJb8sy:2:0,T0,true,scheduled,success,json_ok,observed,on_time,observed,dc7ac783fba2abf47071f5ce
solana:2bSiZUYSZp3tbG7WxEFLsCiLxMBp3KSrsvLgLqLWR95rxUkppCvq5obPL4fPS6VG2uUbsH7MZLbhihoAnbNJb8sy:2:0,T+24h,true,scheduled,success,json_ok,observed,on_time,observed,6a981213dc68b7e125d8b299
solana:2bSiZUYSZp3tbG7WxEFLsCiLxMBp3KSrsvLgLqLWR95rxUkppCvq5obPL4fPS6VG2uUbsH7MZLbhihoAnbNJb8sy:2:0,T+60h,true,scheduled,success,json_ok,observed,on_time,observed,8bb8661943b03563e76b4520
solana:3cExB2uAik9u8VbNYCuTSFt2ZDYe5EEdxQBeEAt12X59mpyxoFj59ubYdW6HVF2AmqcUnghAKdYUzLhnNBovk67v:2:0,T0,true,scheduled,success,json_ok,observed,on_time,observed,eb8d80d66404552416903aa6
solana:3cExB2uAik9u8VbNYCuTSFt2ZDYe5EEdxQBeEAt12X59mpyxoFj59ubYdW6HVF2AmqcUnghAKdYUzLhnNBovk67v:2:0,T+24h,true,scheduled,success,json_ok,observed,on_time,observed,0a56ec2b107530977ed852ab
solana:3cExB2uAik9u8VbNYCuTSFt2ZDYe5EEdxQBeEAt12X59mpyxoFj59ubYdW6HVF2AmqcUnghAKdYUzLhnNBovk67v:2:0,T+60h,true,scheduled,success,json_ok,observed,on_time,observed,22acdf4893bee8e2d3736af1
solana:462jY4W3GfV3firKbk32t3PPDJysZzs1TpB1M2cqcfu9gwR3rGVJe1MYb5EvNeivoQQRXmRMkj5ErwTsbATpWBH4:2:0,T0,true,scheduled,success,json_ok,observed,on_time,observed,3ee18bdde6741f763fb3424b
solana:462jY4W3GfV3firKbk32t3PPDJysZzs1TpB1M2cqcfu9gwR3rGVJe1MYb5EvNeivoQQRXmRMkj5ErwTsbATpWBH4:2:0,T+24h,true,scheduled,success,json_ok,observed,on_time,observed,ac519fb111b7c42e37387cf6
solana:462jY4W3GfV3firKbk32t3PPDJysZzs1TpB1M2cqcfu9gwR3rGVJe1MYb5EvNeivoQQRXmRMkj5ErwTsbATpWBH4:2:0,T+60h,true,scheduled,success,json_ok,observed,on_time,observed,4c795d0d524d5b81b7b5b2e7
solana:66oLBo8jbPLYhABrdSZzuWmPqJGx5LEfwK8uETFPBS68JGiTSTH4nrD3jQpyyTrbvffLrs8mCytYrpqTRFfDsMQv:2:0,T0,true,scheduled,success,json_ok,observed,on_time,observed,5bab7fe63e9eedafe038f0ad
solana:66oLBo8jbPLYhABrdSZzuWmPqJGx5LEfwK8uETFPBS68JGiTSTH4nrD3jQpyyTrbvffLrs8mCytYrpqTRFfDsMQv:2:0,T+24h,true,scheduled,success,json_ok,observed,on_time,observed,2b162ec3c5a105d817e08a68
solana:66oLBo8jbPLYhABrdSZzuWmPqJGx5LEfwK8uETFPBS68JGiTSTH4nrD3jQpyyTrbvffLrs8mCytYrpqTRFfDsMQv:2:0,T+60h,true,scheduled,success,json_ok,observed,on_time,observed,6443d468f7510b588571ba18
solana:42TuAVYp2oMw6JyeP4uthdACtZCdTusCJjAH3KAYuvrUR3HVnvspjo5HpiNhoGAp42bD8Up9R2nDsYpEHeBpobW9:2:0,T0,true,scheduled,success,json_ok,observed,on_time,observed,f550c4c2ef6e66d351f689a1
solana:42TuAVYp2oMw6JyeP4uthdACtZCdTusCJjAH3KAYuvrUR3HVnvspjo5HpiNhoGAp42bD8Up9R2nDsYpEHeBpobW9:2:0,T+24h,true,scheduled,success,json_ok,observed,on_time,observed,ad605e7d182ee0da8ff3d9ba
solana:42TuAVYp2oMw6JyeP4uthdACtZCdTusCJjAH3KAYuvrUR3HVnvspjo5HpiNhoGAp42bD8Up9R2nDsYpEHeBpobW9:2:0,T+60h,true,scheduled,success,json_ok,observed,on_time,observed,7b5899621807651513717a7d
solana:6229w8aT4fgMvdyDE46u7su23U7hJKFLSvVcRJPhxw7nniuC8JvmphqS1L46Vgm1BFhtRigbsCWefChMmZur4dT5:2:0,T0,true,scheduled,success,json_ok,observed,on_time,observed,4b9c6701867e6bd22f161bb5
solana:6229w8aT4fgMvdyDE46u7su23U7hJKFLSvVcRJPhxw7nniuC8JvmphqS1L46Vgm1BFhtRigbsCWefChMmZur4dT5:2:0,T+24h,true,scheduled,success,json_ok,observed,on_time,observed,22cdab3a768b47b8e0e1d511
solana:6229w8aT4fgMvdyDE46u7su23U7hJKFLSvVcRJPhxw7nniuC8JvmphqS1L46Vgm1BFhtRigbsCWefChMmZur4dT5:2:0,T+60h,true,scheduled,success,json_ok,observed,on_time,observed,f2fb1d00887abe250a4d1d82
solana:4Xb88qVp9cjRFwryCJvRAkbbLytp1WBJdr22GNPsC59fwwj8jGiZhHot8q1z1USjDCdNfBZBDCEftJQ3xbPLE5eR:2:0,T0,true,scheduled,success,json_ok,observed,on_time,observed,abb76e36a67b09c2b8d782e6
solana:4Xb88qVp9cjRFwryCJvRAkbbLytp1WBJdr22GNPsC59fwwj8jGiZhHot8q1z1USjDCdNfBZBDCEftJQ3xbPLE5eR:2:0,T+24h,true,scheduled,success,json_ok,observed,on_time,observed,89652ab66eb40ca43857cfaa
solana:4Xb88qVp9cjRFwryCJvRAkbbLytp1WBJdr22GNPsC59fwwj8jGiZhHot8q1z1USjDCdNfBZBDCEftJQ3xbPLE5eR:2:0,T+60h,true,scheduled,success,json_ok,observed,on_time,observed,851771976e6cf0b73d004a04
solana:4giZJ2wKvA7ikguBXxhY4hPEUzyNrbHmsQRZBjYkH7Q1PYHCa9hkVg3qwu1yPZ7wKBzBCkaoAp5QyawZoq6QaUiz:2:0,T0,true,scheduled,success,json_ok,observed,on_time,observed,824584c7298d609c2842ef9c
solana:4giZJ2wKvA7ikguBXxhY4hPEUzyNrbHmsQRZBjYkH7Q1PYHCa9hkVg3qwu1yPZ7wKBzBCkaoAp5QyawZoq6QaUiz:2:0,T+24h,true,scheduled,success,json_ok,observed,on_time,observed,a0239d25453a0a40034bd846
solana:4giZJ2wKvA7ikguBXxhY4hPEUzyNrbHmsQRZBjYkH7Q1PYHCa9hkVg3qwu1yPZ7wKBzBCkaoAp5QyawZoq6QaUiz:2:0,T+60h,true,scheduled,success,json_ok,observed,on_time,observed,4b21f4dddb915cc85a2413f3
solana:VqhbSTrv4ccYU6VNaFvHykBPFQj73Ygman34HLibtTEjCnqZN4buyaoChv8eQXVW4TCRhL4YCBd85Z2cfXfn7gt:2:0,T0,true,scheduled,success,json_ok,observed,on_time,observed,3df4f9e62d71362ac600ad5e
solana:VqhbSTrv4ccYU6VNaFvHykBPFQj73Ygman34HLibtTEjCnqZN4buyaoChv8eQXVW4TCRhL4YCBd85Z2cfXfn7gt:2:0,T+24h,true,scheduled,success,json_ok,observed,on_time,observed,3ff08a5a273851347486838d
solana:VqhbSTrv4ccYU6VNaFvHykBPFQj73Ygman34HLibtTEjCnqZN4buyaoChv8eQXVW4TCRhL4YCBd85Z2cfXfn7gt:2:0,T+60h,true,scheduled,success,json_ok,observed,on_time,observed,9440777c098253a26b1b0959
solana:4Vrr24u2892mT8YRG2jfJjf77BDPiGsLVA8a4SRPDbCnxmDoyp34PKjvzJrYkM53RZJoKUwTmz5dYmRb521zh4jD:2:0,T0,true,scheduled,success,json_ok,observed,on_time,observed,506b35b3ce7e5d9dec2a2312
solana:4Vrr24u2892mT8YRG2jfJjf77BDPiGsLVA8a4SRPDbCnxmDoyp34PKjvzJrYkM53RZJoKUwTmz5dYmRb521zh4jD:2:0,T+24h,true,scheduled,success,json_ok,observed,on_time,observed,28e06ac2e1aaefa01b93d71e
solana:4Vrr24u2892mT8YRG2jfJjf77BDPiGsLVA8a4SRPDbCnxmDoyp34PKjvzJrYkM53RZJoKUwTmz5dYmRb521zh4jD:2:0,T+60h,true,scheduled,success,json_ok,observed,on_time,observed,384a5247451a2438bf3a9bed
solana:4GQhM5tvmH5KX7aSypGU8AJBtauoyJaMb5KLDXLo36uVWyQWwYZy2WFuwuiaChD2MhuaD99HKQcNDBtSHLBbEKne:2:0,T0,true,scheduled,success,json_ok,observed,on_time,observed,4e12acf89dbde2d7db429e41
solana:4GQhM5tvmH5KX7aSypGU8AJBtauoyJaMb5KLDXLo36uVWyQWwYZy2WFuwuiaChD2MhuaD99HKQcNDBtSHLBbEKne:2:0,T+24h,true,scheduled,success,json_ok,observed,on_time,observed,70630b58f2b0589ee97fabca
solana:4GQhM5tvmH5KX7aSypGU8AJBtauoyJaMb5KLDXLo36uVWyQWwYZy2WFuwuiaChD2MhuaD99HKQcNDBtSHLBbEKne:2:0,T+60h,true,scheduled,success,json_ok,observed,on_time,observed,d5a356e7f7ac5c48bf1f4714
solana:4jrpnLnaqVYWoKH1Ua7oio2ByikbVq1VuQk5NZN2PiYBWfJRNedtfvjKVPJaNvLhAnohNWsWwuvUBbGN9rHy8UVK:2:0,T0,true,scheduled,success,json_ok,observed,on_time,observed,a51c4e7378e86ebfe00ef7b3
solana:4jrpnLnaqVYWoKH1Ua7oio2ByikbVq1VuQk5NZN2PiYBWfJRNedtfvjKVPJaNvLhAnohNWsWwuvUBbGN9rHy8UVK:2:0,T+24h,true,scheduled,success,json_ok,observed,on_time,observed,31a24f9ec155469111ec5e55
solana:4jrpnLnaqVYWoKH1Ua7oio2ByikbVq1VuQk5NZN2PiYBWfJRNedtfvjKVPJaNvLhAnohNWsWwuvUBbGN9rHy8UVK:2:0,T+60h,true,scheduled,success,json_ok,observed,on_time,observed,f05b931dba385cde23b82e87
solana:5QhZnLzS9znaoTpFYzK4AeLmgxSrgPLgYFaotCapai9vkHXf6nqufZctvueJZFMZ6SvLFYD4m1FAWMMPV8fCYxZ1:2:0,T0,true,scheduled,success,json_ok,observed,on_time,observed,ccf2b9a79285529dabb4e50e
solana:5QhZnLzS9znaoTpFYzK4AeLmgxSrgPLgYFaotCapai9vkHXf6nqufZctvueJZFMZ6SvLFYD4m1FAWMMPV8fCYxZ1:2:0,T+24h,true,scheduled,success,json_ok,observed,on_time,observed,37950fad7eb550d6ab1eb712
solana:5QhZnLzS9znaoTpFYzK4AeLmgxSrgPLgYFaotCapai9vkHXf6nqufZctvueJZFMZ6SvLFYD4m1FAWMMPV8fCYxZ1:2:0,T+60h,true,scheduled,success,json_ok,observed,on_time,observed,f105d7cfa5e8164ad247417e
solana:24fpDX8Qo5naTJWPkevnToiFdTAncKBLzRRLH626UXtZCWFtnPbGrhYMmpE3wQ4QXUyxR6z9amaGQbkgPwH98Ref:2:0,T0,true,scheduled,success,json_ok,observed,on_time,observed,994961178207c9eae48ae5f2
solana:24fpDX8Qo5naTJWPkevnToiFdTAncKBLzRRLH626UXtZCWFtnPbGrhYMmpE3wQ4QXUyxR6z9amaGQbkgPwH98Ref:2:0,T+24h,true,scheduled,success,json_ok,observed,on_time,observed,36d0ca76b046680e84a38fdb
solana:24fpDX8Qo5naTJWPkevnToiFdTAncKBLzRRLH626UXtZCWFtnPbGrhYMmpE3wQ4QXUyxR6z9amaGQbkgPwH98Ref:2:0,T+60h,true,scheduled,success,json_ok,observed,on_time,observed,b8e344211480480d9d21dbb3
solana:ob7QXDjWsU9pw3rew867F22RfMsXbGz2rgFxyZzDzFLbCinCjgwdjTpNUnApSVitj5isGJZWdP1zNetpnaAwuL8:2:0,T0,true,scheduled,success,json_ok,observed,on_time,observed,45c3cc00a788bc1c7cbb0a8f
solana:ob7QXDjWsU9pw3rew867F22RfMsXbGz2rgFxyZzDzFLbCinCjgwdjTpNUnApSVitj5isGJZWdP1zNetpnaAwuL8:2:0,T+24h,true,scheduled,success,json_ok,observed,on_time,observed,eb64b1bb8a7fc4225c9609db
solana:ob7QXDjWsU9pw3rew867F22RfMsXbGz2rgFxyZzDzFLbCinCjgwdjTpNUnApSVitj5isGJZWdP1zNetpnaAwuL8:2:0,T+60h,true,scheduled,success,json_ok,observed,on_time,observed,8b72c1925fcd7f1a01b29f9c
solana:RjxXQeQdWabLxzSTtTqxWDmkBHThoFksCSP8AHh1cJX29Wn4HNYCxReveTtsGVgwmjamXEC6tfJTV9fqaG2YRAL:2:0,T0,true,scheduled,success,json_ok,observed,on_time,observed,e800927f52c3591202792778
solana:RjxXQeQdWabLxzSTtTqxWDmkBHThoFksCSP8AHh1cJX29Wn4HNYCxReveTtsGVgwmjamXEC6tfJTV9fqaG2YRAL:2:0,T+24h,true,scheduled,success,json_ok,observed,on_time,observed,fe01cff2c0a9994e4f007035
solana:RjxXQeQdWabLxzSTtTqxWDmkBHThoFksCSP8AHh1cJX29Wn4HNYCxReveTtsGVgwmjamXEC6tfJTV9fqaG2YRAL:2:0,T+60h,true,scheduled,success,json_ok,observed,on_time,observed,2717e67415f108e75e2cbaf0
solana:5fHde3fvkVbDxr4W76Ej9gDdRAq5mVgAHzu7KekKGsVoCv6bfQD5vQcM57YTE3i3AKATxbL5pQogSqebMnU5EZ1b:3:0,T0,true,scheduled,success,json_ok,observed,on_time,observed,229a94465582b326cb0287a1
solana:5fHde3fvkVbDxr4W76Ej9gDdRAq5mVgAHzu7KekKGsVoCv6bfQD5vQcM57YTE3i3AKATxbL5pQogSqebMnU5EZ1b:3:0,T+24h,true,scheduled,success,json_ok,observed,on_time,observed,87bcba904c501ca637b1fffd
solana:5fHde3fvkVbDxr4W76Ej9gDdRAq5mVgAHzu7KekKGsVoCv6bfQD5vQcM57YTE3i3AKATxbL5pQogSqebMnU5EZ1b:3:0,T+60h,true,scheduled,success,json_ok,observed,on_time,observed,dadc40a1b81a299e2a327620
solana:2S4SYa3ZEMob1XXZrMSswWFNNn4rWUizuBhRooP6QH4m79Jb4CYLpnUiDXUDrgsH7SC76fpTnbLfzNGqmpdD9r9L:2:0,T0,true,scheduled,success,json_ok,observed,on_time,observed,887fbbb3c35bba6a1569300b
solana:2S4SYa3ZEMob1XXZrMSswWFNNn4rWUizuBhRooP6QH4m79Jb4CYLpnUiDXUDrgsH7SC76fpTnbLfzNGqmpdD9r9L:2:0,T+24h,true,scheduled,success,json_ok,observed,on_time,observed,2f6944a5d0ce0cc5896b0593
solana:2S4SYa3ZEMob1XXZrMSswWFNNn4rWUizuBhRooP6QH4m79Jb4CYLpnUiDXUDrgsH7SC76fpTnbLfzNGqmpdD9r9L:2:0,T+60h,true,scheduled,success,json_ok,observed,on_time,observed,83b5b72136d1bb119bf3b8c4
solana:3wRyfCyKtUpGQmy6SsuL8KUwbDpadMjxpumhGVRB85uuxjryM1wfTaRSA3JUWoH8AQVZSKVtTcYBd8SJtCAtXkKd:2:0,T0,true,scheduled,success,json_ok,observed,on_time,observed,9252700c14266f8439e00a60
solana:3wRyfCyKtUpGQmy6SsuL8KUwbDpadMjxpumhGVRB85uuxjryM1wfTaRSA3JUWoH8AQVZSKVtTcYBd8SJtCAtXkKd:2:0,T+24h,true,scheduled,success,json_ok,observed,on_time,observed,32db8939d1c97ba598f9dc02
solana:3wRyfCyKtUpGQmy6SsuL8KUwbDpadMjxpumhGVRB85uuxjryM1wfTaRSA3JUWoH8AQVZSKVtTcYBd8SJtCAtXkKd:2:0,T+60h,true,scheduled,success,json_ok,observed,on_time,observed,bb6d3c4da24feb6455ec81ee
solana:9XavDBx2MpmmhhVCNsYyP72WY6kg2WM3rbvWvMdpZgVEZ458ie1pXRrYtBT1HW6uLPwBqDF1mXwHATeanTsfxw1:2:0,T0,true,scheduled,failed,not_observed,not_observed,on_time,request_failed,138b58f5c3101c561ccd2f26
solana:9XavDBx2MpmmhhVCNsYyP72WY6kg2WM3rbvWvMdpZgVEZ458ie1pXRrYtBT1HW6uLPwBqDF1mXwHATeanTsfxw1:2:0,T+24h,true,scheduled,failed,not_observed,not_observed,on_time,request_failed,fd41400d6df91cfdf742e03b
solana:9XavDBx2MpmmhhVCNsYyP72WY6kg2WM3rbvWvMdpZgVEZ458ie1pXRrYtBT1HW6uLPwBqDF1mXwHATeanTsfxw1:2:0,T+60h,true,scheduled,failed,not_observed,not_observed,on_time,request_failed,abd797fba0274b400cb53a83
solana:3gUDsm3bGwXZWEmkJPHgXziG6uqQv7UJdRpCfdnwau7YwGarf68au1pgesQiGaXj4pwyqH2TvSnnnXGD6Wx6yqTt:2:0,T0,true,scheduled,success,json_ok,observed,on_time,observed,23c78d9208f8fc9564cd1d79
solana:3gUDsm3bGwXZWEmkJPHgXziG6uqQv7UJdRpCfdnwau7YwGarf68au1pgesQiGaXj4pwyqH2TvSnnnXGD6Wx6yqTt:2:0,T+24h,true,scheduled,success,json_ok,observed,on_time,observed,1e5b84a0e2a065f93412e6b2
solana:3gUDsm3bGwXZWEmkJPHgXziG6uqQv7UJdRpCfdnwau7YwGarf68au1pgesQiGaXj4pwyqH2TvSnnnXGD6Wx6yqTt:2:0,T+60h,true,scheduled,success,json_ok,observed,on_time,observed,1083bb6350bbd193e82f226e
solana:vjpfb5kko4BtyrNMW9U7yyYA9TW9MzkoSdvMN3ANywUgdU1CEJGPwt8B3Ck7tacj5YBx1S1qPWHP5D2jqUZNMAC:2:0,T0,true,scheduled,success,json_ok,observed,on_time,observed,48266dd6fe3d6191f89cb7cc
solana:vjpfb5kko4BtyrNMW9U7yyYA9TW9MzkoSdvMN3ANywUgdU1CEJGPwt8B3Ck7tacj5YBx1S1qPWHP5D2jqUZNMAC:2:0,T+24h,true,scheduled,success,json_ok,observed,on_time,observed,e4b651aaab3465d04d8343b4
solana:vjpfb5kko4BtyrNMW9U7yyYA9TW9MzkoSdvMN3ANywUgdU1CEJGPwt8B3Ck7tacj5YBx1S1qPWHP5D2jqUZNMAC:2:0,T+60h,true,scheduled,success,json_ok,observed,on_time,observed,cef19b25e0e20a978c3d5df6
solana:3yZ4gZzGRAZR2hwzYc38CmDMn4eCdwihEjMigF3zu2vZL1w9mZfBxyGi9wzQ5TfWgbEozufAKBYcCvFpUf6GQLb3:0:0,T0,true,scheduled,success,json_ok,observed,on_time,observed,748eb2645f88b4acfac26626
solana:3yZ4gZzGRAZR2hwzYc38CmDMn4eCdwihEjMigF3zu2vZL1w9mZfBxyGi9wzQ5TfWgbEozufAKBYcCvFpUf6GQLb3:0:0,T+24h,true,scheduled,success,json_ok,observed,on_time,observed,ca6bef7d861fd87b33b43af4
solana:3yZ4gZzGRAZR2hwzYc38CmDMn4eCdwihEjMigF3zu2vZL1w9mZfBxyGi9wzQ5TfWgbEozufAKBYcCvFpUf6GQLb3:0:0,T+60h,true,scheduled,success,json_ok,observed,on_time,observed,d6792530fe81e05e6b4eb01e
solana:2f9c6FA7bq7C5xQZ7ZWAFhSFRDRacqE5Vpqr9JcHNpuvaofaufi5Qz6Si2x91ejYUvAe1cjdG1t1FWd9ogmcqUE:2:0,T0,true,scheduled,success,json_ok,observed,on_time,observed,a0154c9f16664120eb0a9e00
solana:2f9c6FA7bq7C5xQZ7ZWAFhSFRDRacqE5Vpqr9JcHNpuvaofaufi5Qz6Si2x91ejYUvAe1cjdG1t1FWd9ogmcqUE:2:0,T+24h,true,scheduled,success,json_ok,observed,on_time,observed,f7830baa123c530da34a0c70
solana:2f9c6FA7bq7C5xQZ7ZWAFhSFRDRacqE5Vpqr9JcHNpuvaofaufi5Qz6Si2x91ejYUvAe1cjdG1t1FWd9ogmcqUE:2:0,T+60h,true,scheduled,success,json_ok,observed,on_time,observed,c23d0d1c7b39b0f29111d7d1
solana:2M6DZfeyy73inG9XcQg13YE45AtZtxzTgfzJB5YzpPX2tciX9wwWAXurHNWuygnprfJuHzJVqi7cBMPtVEMVhzUh:0:0,T0,true,scheduled,success,json_ok,observed,on_time,observed,e43d17db3833e28eb26f33a4
solana:2M6DZfeyy73inG9XcQg13YE45AtZtxzTgfzJB5YzpPX2tciX9wwWAXurHNWuygnprfJuHzJVqi7cBMPtVEMVhzUh:0:0,T+24h,true,scheduled,success,json_ok,observed,on_time,observed,bee3bad7386f0b528f903cea
solana:2M6DZfeyy73inG9XcQg13YE45AtZtxzTgfzJB5YzpPX2tciX9wwWAXurHNWuygnprfJuHzJVqi7cBMPtVEMVhzUh:0:0,T+60h,true,scheduled,success,json_ok,observed,on_time,observed,b0c1076d01f600ae7e83bb86
solana:5BVREekPBdSi4ZGAh9QfwuoKtpD9HfLbWY9uPgz2aSJ4ypd8cCZ3YXwFz9oykosXz4Y8KzCKYd6gHMAAAgKPPhqy:2:0,T0,true,scheduled,not_collected_policy,not_collected_policy,not_observed,not_applicable,not_collected_policy,68e9f3ad845e41d968742e5a
solana:5BVREekPBdSi4ZGAh9QfwuoKtpD9HfLbWY9uPgz2aSJ4ypd8cCZ3YXwFz9oykosXz4Y8KzCKYd6gHMAAAgKPPhqy:2:0,T+24h,true,scheduled,not_collected_policy,not_collected_policy,not_observed,not_applicable,not_collected_policy,f161f68bcd2c9108f0bd21dc
solana:5BVREekPBdSi4ZGAh9QfwuoKtpD9HfLbWY9uPgz2aSJ4ypd8cCZ3YXwFz9oykosXz4Y8KzCKYd6gHMAAAgKPPhqy:2:0,T+60h,true,scheduled,not_collected_policy,not_collected_policy,not_observed,not_applicable,not_collected_policy,1c1726233cf350f1b5f45b31
solana:2HMVLuQJW8gDvdvQhRirXSwFHnLaQnikeJnzm6A2FWm3bKF45UHKpMJPQG2TGqcJLoXmUHJVBovQmxPUJ1rCym2J:2:0,T0,true,scheduled,success,json_ok,observed,on_time,observed,8900391f364a0f942fcc70d7
solana:2HMVLuQJW8gDvdvQhRirXSwFHnLaQnikeJnzm6A2FWm3bKF45UHKpMJPQG2TGqcJLoXmUHJVBovQmxPUJ1rCym2J:2:0,T+24h,true,scheduled,success,json_ok,observed,on_time,observed,d8554412cb3be62b5698d843
solana:2HMVLuQJW8gDvdvQhRirXSwFHnLaQnikeJnzm6A2FWm3bKF45UHKpMJPQG2TGqcJLoXmUHJVBovQmxPUJ1rCym2J:2:0,T+60h,true,scheduled,success,json_ok,observed,on_time,observed,d6efa8091407cb18a28f19eb
solana:3s4uKAGuQCXDDxURHfXWVzFJh5NQe3TNLnECdyHhTJErn4YPjhWoQ4kuCKrQhWA5xidcgVF9H9Afh8zpxKsBj4rM:0:0,T0,true,scheduled,success,json_ok,observed,on_time,observed,4e49b5573bfe1a6389c2fc91
solana:3s4uKAGuQCXDDxURHfXWVzFJh5NQe3TNLnECdyHhTJErn4YPjhWoQ4kuCKrQhWA5xidcgVF9H9Afh8zpxKsBj4rM:0:0,T+24h,true,scheduled,success,json_ok,observed,on_time,observed,50481b427e9265ebfca10989
solana:3s4uKAGuQCXDDxURHfXWVzFJh5NQe3TNLnECdyHhTJErn4YPjhWoQ4kuCKrQhWA5xidcgVF9H9Afh8zpxKsBj4rM:0:0,T+60h,true,scheduled,success,json_ok,observed,on_time,observed,c162c1d3cd00bbe1491f94b6
solana:2qDeG59EA5Wa6UpFmMCh1d3mnNQKDy669nB93ATkKx6tKosHFhu5WHt2dR78YtSa8bHZKoN3jrcipjQc88ySYYqf:2:0,T0,true,scheduled,success,json_ok,observed,on_time,observed,5dc17332d6a71d7f2fb96fe7
solana:2qDeG59EA5Wa6UpFmMCh1d3mnNQKDy669nB93ATkKx6tKosHFhu5WHt2dR78YtSa8bHZKoN3jrcipjQc88ySYYqf:2:0,T+24h,true,scheduled,success,json_ok,observed,on_time,observed,0aec94c80e7770e4984fc3c9
solana:2qDeG59EA5Wa6UpFmMCh1d3mnNQKDy669nB93ATkKx6tKosHFhu5WHt2dR78YtSa8bHZKoN3jrcipjQc88ySYYqf:2:0,T+60h,true,scheduled,success,json_ok,observed,on_time,observed,59b6c2006d6ec690880eabee
solana:3cNMmdPskTczD5tgmBHorQQweXAaBU1vdjR1hbrF326x2Q75zDoCXBiJ6geRFshEh9yH6BAVLng5QCfVsFwzLSfV:2:0,T0,true,scheduled,success,json_ok,observed,on_time,observed,874fe6d2bbd406d9acf6321e
solana:3cNMmdPskTczD5tgmBHorQQweXAaBU1vdjR1hbrF326x2Q75zDoCXBiJ6geRFshEh9yH6BAVLng5QCfVsFwzLSfV:2:0,T+24h,true,scheduled,success,json_ok,observed,on_time,observed,f7fddea09b439e2f181073cf
solana:3cNMmdPskTczD5tgmBHorQQweXAaBU1vdjR1hbrF326x2Q75zDoCXBiJ6geRFshEh9yH6BAVLng5QCfVsFwzLSfV:2:0,T+60h,true,scheduled,success,json_ok,observed,on_time,observed,d0c9e731307c5ba7fbe52ab5
solana:4YjebwBHKHujR5veXrUzwZTDLDCD39AXGjzs16NJ7kJuX3NySiCsRegQ6Ni4n5gfALaNQUQtNK2FgGEtP4emxPHY:2:0,T0,true,scheduled,success,json_ok,observed,on_time,observed,1854d1e0f06a490956357e5e
solana:4YjebwBHKHujR5veXrUzwZTDLDCD39AXGjzs16NJ7kJuX3NySiCsRegQ6Ni4n5gfALaNQUQtNK2FgGEtP4emxPHY:2:0,T+24h,true,scheduled,success,json_ok,observed,on_time,observed,14dc0af75685d5b79ca5ac3d
solana:4YjebwBHKHujR5veXrUzwZTDLDCD39AXGjzs16NJ7kJuX3NySiCsRegQ6Ni4n5gfALaNQUQtNK2FgGEtP4emxPHY:2:0,T+60h,true,scheduled,success,json_ok,observed,on_time,observed,b4cb92cd963c7a4fa34bcfd0
solana:4cK79L6RH2hbs2c5AGqXERYEewYFM8ok1oJxct5Dzy6xDwfXvBZiUxzyWu1cCYgsrk23o27jYSAYXai1WfAXrCUu:2:0,T0,true,scheduled,success,json_ok,observed,on_time,observed,f1b3cd03e9924dbba816fec2
solana:4cK79L6RH2hbs2c5AGqXERYEewYFM8ok1oJxct5Dzy6xDwfXvBZiUxzyWu1cCYgsrk23o27jYSAYXai1WfAXrCUu:2:0,T+24h,true,scheduled,success,json_ok,observed,on_time,observed,6858bf1213c6622f7b686861
solana:4cK79L6RH2hbs2c5AGqXERYEewYFM8ok1oJxct5Dzy6xDwfXvBZiUxzyWu1cCYgsrk23o27jYSAYXai1WfAXrCUu:2:0,T+60h,true,scheduled,success,json_ok,observed,on_time,observed,1f91ce9d8eef33eebe0dfef5
solana:VjSxZdQ6QM5kPeNmRFjaCHorrjLFYScQZR8UWvEoKkrPL8kjhK6Vh8jsUVRAHpUjVLrcFnLA7e5yZNwmqGMrPxk:2:0,T0,true,scheduled,success,json_ok,observed,on_time,observed,1ad77e975041ab275983dc33
solana:VjSxZdQ6QM5kPeNmRFjaCHorrjLFYScQZR8UWvEoKkrPL8kjhK6Vh8jsUVRAHpUjVLrcFnLA7e5yZNwmqGMrPxk:2:0,T+24h,true,scheduled,success,json_ok,observed,on_time,observed,56a43959dd8a7d46d66d80df
solana:VjSxZdQ6QM5kPeNmRFjaCHorrjLFYScQZR8UWvEoKkrPL8kjhK6Vh8jsUVRAHpUjVLrcFnLA7e5yZNwmqGMrPxk:2:0,T+60h,true,scheduled,success,json_ok,observed,on_time,observed,83616b154636fbd12bf207b0
solana:57Yg37kogcWSfRgv8sve1tZxrCaeeoqeNXgt211yuM9dfRgoWbzEbh9GPV3M3JKVWmV8pgycxdQc2YK1Cdzuyc9i:2:0,T0,true,scheduled,success,json_ok,observed,on_time,observed,d0e272c007934c6a76afd81b
solana:57Yg37kogcWSfRgv8sve1tZxrCaeeoqeNXgt211yuM9dfRgoWbzEbh9GPV3M3JKVWmV8pgycxdQc2YK1Cdzuyc9i:2:0,T+24h,true,scheduled,success,json_ok,observed,on_time,observed,43953b65df0cb64c0b5cc298
solana:57Yg37kogcWSfRgv8sve1tZxrCaeeoqeNXgt211yuM9dfRgoWbzEbh9GPV3M3JKVWmV8pgycxdQc2YK1Cdzuyc9i:2:0,T+60h,true,scheduled,success,json_ok,observed,on_time,observed,505df9b2c52a51359bdfdd46
solana:5YznKCCYLhzSRcHUS3VGzmq6o2bfSViXJQrM4YR8dDiDfJMCHnAYH1V6VuRBoJNirCJqd1tkdTbZxDdW1Fubsis1:2:0,T0,true,scheduled,success,json_ok,observed,on_time,observed,91083b37a8eb7d078e3a350d
solana:5YznKCCYLhzSRcHUS3VGzmq6o2bfSViXJQrM4YR8dDiDfJMCHnAYH1V6VuRBoJNirCJqd1tkdTbZxDdW1Fubsis1:2:0,T+24h,true,scheduled,success,json_ok,observed,on_time,observed,1630a94438e37c999ba8d34d
solana:5YznKCCYLhzSRcHUS3VGzmq6o2bfSViXJQrM4YR8dDiDfJMCHnAYH1V6VuRBoJNirCJqd1tkdTbZxDdW1Fubsis1:2:0,T+60h,true,scheduled,success,json_ok,observed,on_time,observed,d31350f5b561c26f17d986bc
solana:26mPsfA1pDPK89bQbMGrmKn5J6ckv12Tf6VFYCrmTKt31nVBQF2DxHhpzqpdmfw1gc6dX5zCGDEwqj2e4mFj4xNq:0:0,T0,true,scheduled,success,json_ok,observed,on_time,observed,d99506c3c07cdbfaeca1d1f3
solana:26mPsfA1pDPK89bQbMGrmKn5J6ckv12Tf6VFYCrmTKt31nVBQF2DxHhpzqpdmfw1gc6dX5zCGDEwqj2e4mFj4xNq:0:0,T+24h,true,scheduled,success,json_ok,observed,on_time,observed,b0845e25c1657a329a5c6fe5
solana:26mPsfA1pDPK89bQbMGrmKn5J6ckv12Tf6VFYCrmTKt31nVBQF2DxHhpzqpdmfw1gc6dX5zCGDEwqj2e4mFj4xNq:0:0,T+60h,true,scheduled,success,json_ok,observed,on_time,observed,4fecb8800c023973b5e710c1
solana:4ErMAvpFfC9CabuJx13Vep5J7DbeLFXJ7ax1dQfGQHhCdD6eknGPJ18EZ6c67Qw4cU1Wxt2Bkqupckt1eU5zfw6A:2:0,T0,true,scheduled,success,json_ok,observed,on_time,observed,5d8e8d7bf6a05cbd5630a073
solana:4ErMAvpFfC9CabuJx13Vep5J7DbeLFXJ7ax1dQfGQHhCdD6eknGPJ18EZ6c67Qw4cU1Wxt2Bkqupckt1eU5zfw6A:2:0,T+24h,true,scheduled,success,json_ok,observed,on_time,observed,d70bba01046d2d7906430757
solana:4ErMAvpFfC9CabuJx13Vep5J7DbeLFXJ7ax1dQfGQHhCdD6eknGPJ18EZ6c67Qw4cU1Wxt2Bkqupckt1eU5zfw6A:2:0,T+60h,true,scheduled,success,json_ok,observed,on_time,observed,4ae2fa25c9dee37f4a90ba36
solana:B5HLythi6fyAGg3FjaJ4uSVp4RJpMmqZrYuuYvCg47tbENam7M5DAccZtVn2GHDxPQJRLA6yrV91o1rkCWnSWDf:1:0,T0,true,scheduled,success,json_ok,observed,on_time,observed,8a39491929677bb749fd6783
solana:B5HLythi6fyAGg3FjaJ4uSVp4RJpMmqZrYuuYvCg47tbENam7M5DAccZtVn2GHDxPQJRLA6yrV91o1rkCWnSWDf:1:0,T+24h,true,scheduled,success,json_ok,observed,on_time,observed,42086f350e2831814b6127ac
solana:B5HLythi6fyAGg3FjaJ4uSVp4RJpMmqZrYuuYvCg47tbENam7M5DAccZtVn2GHDxPQJRLA6yrV91o1rkCWnSWDf:1:0,T+60h,true,scheduled,success,json_ok,observed,on_time,observed,67e57a871ab7807f1d658d76
solana:3jesXwGmFNCxECVMqjoQJXTpz56LYB1aaqL3VBaeHyvuUpNPeS68MZs6WGG8YCMfzR3esQK4AUms5jhQaMsSPLf6:2:0,T0,true,scheduled,success,json_ok,observed,on_time,observed,664dc165fdd0927fbef9a2c9
solana:3jesXwGmFNCxECVMqjoQJXTpz56LYB1aaqL3VBaeHyvuUpNPeS68MZs6WGG8YCMfzR3esQK4AUms5jhQaMsSPLf6:2:0,T+24h,true,scheduled,success,json_ok,observed,on_time,observed,be4a1150c2d440a5199dec9f
solana:3jesXwGmFNCxECVMqjoQJXTpz56LYB1aaqL3VBaeHyvuUpNPeS68MZs6WGG8YCMfzR3esQK4AUms5jhQaMsSPLf6:2:0,T+60h,true,scheduled,success,json_ok,observed,on_time,observed,c73ce2a14499215d21d54172
solana:59qQanZNk8YXN5Cg1Ju6eLpQ2HcaqUsyi9F3ZHFyudD77iBcsr12NV4gk6pGAcmRShyR9tUjdasT4s22Z8de8Ar3:0:0,T0,true,scheduled,success,json_ok,observed,on_time,observed,f14d32c2f0f1fad32c5fa3ce
solana:59qQanZNk8YXN5Cg1Ju6eLpQ2HcaqUsyi9F3ZHFyudD77iBcsr12NV4gk6pGAcmRShyR9tUjdasT4s22Z8de8Ar3:0:0,T+24h,true,scheduled,success,json_ok,observed,on_time,observed,2b72dab3500311e2e987e921
solana:59qQanZNk8YXN5Cg1Ju6eLpQ2HcaqUsyi9F3ZHFyudD77iBcsr12NV4gk6pGAcmRShyR9tUjdasT4s22Z8de8Ar3:0:0,T+60h,true,scheduled,success,json_ok,observed,on_time,observed,ce868b9a267f45d85c86c726
solana:588NWDu8AE9Kgzxw1qfnFzEQZgcWm3rjmuk3o4L9ScWyjstbDCKUnhioFJXmSdfvkBMjQU1Juo3X42ih7F658kEB:2:0,T0,true,scheduled,success,json_ok,observed,on_time,observed,6a5e586097059120b9d0d01b
solana:588NWDu8AE9Kgzxw1qfnFzEQZgcWm3rjmuk3o4L9ScWyjstbDCKUnhioFJXmSdfvkBMjQU1Juo3X42ih7F658kEB:2:0,T+24h,true,scheduled,success,json_ok,observed,on_time,observed,221946a48e60579e35a621b8
solana:588NWDu8AE9Kgzxw1qfnFzEQZgcWm3rjmuk3o4L9ScWyjstbDCKUnhioFJXmSdfvkBMjQU1Juo3X42ih7F658kEB:2:0,T+60h,true,scheduled,success,json_ok,observed,on_time,observed,ddcad17828822e4ff24fc1b7
solana:4qmMSwMeyGJLuCRVsc76mmrAwqZEZhgV8PJGvJk14BLw26XobJAoBMhooVdpDeJRtvKm8vvMK3xdQCEnGXYobKTB:2:0,T0,true,scheduled,success,json_ok,observed,on_time,observed,55587360850bf749db825400
solana:4qmMSwMeyGJLuCRVsc76mmrAwqZEZhgV8PJGvJk14BLw26XobJAoBMhooVdpDeJRtvKm8vvMK3xdQCEnGXYobKTB:2:0,T+24h,true,scheduled,success,json_ok,observed,on_time,observed,c378525acef3a8016e0d1097
solana:4qmMSwMeyGJLuCRVsc76mmrAwqZEZhgV8PJGvJk14BLw26XobJAoBMhooVdpDeJRtvKm8vvMK3xdQCEnGXYobKTB:2:0,T+60h,true,scheduled,success,json_ok,observed,on_time,observed,cc89235f7a11792abac2cc0c
solana:Uy8bXFDfrpBUkbxw1jibek8ajcX8AmX5uqxgq7N4LmzWKNrgUmktiFZC5gJ6HW7NKrFPAbN8hafb8CH6VVhrqKD:2:0,T0,true,scheduled,failed,not_observed,not_observed,on_time,request_failed,7b0c60a7c0cdb1c418e3b084
solana:Uy8bXFDfrpBUkbxw1jibek8ajcX8AmX5uqxgq7N4LmzWKNrgUmktiFZC5gJ6HW7NKrFPAbN8hafb8CH6VVhrqKD:2:0,T+24h,true,scheduled,failed,not_observed,not_observed,on_time,request_failed,e96ffacfcf7ab21a97e58b0a
solana:Uy8bXFDfrpBUkbxw1jibek8ajcX8AmX5uqxgq7N4LmzWKNrgUmktiFZC5gJ6HW7NKrFPAbN8hafb8CH6VVhrqKD:2:0,T+60h,true,scheduled,failed,not_observed,not_observed,on_time,request_failed,a30d77d936f081e83198cdde
solana:4TVdkNeW1fDyFNQsF5P347THLrDa4X4JavHpzydupowGGLq2VHvhuYVJKPFCqxZmud9rBSEkW1zoowVggK3fAdNp:0:0,T0,true,scheduled,success,json_ok,observed,on_time,observed,dbc863b29369b9d134504eed
solana:4TVdkNeW1fDyFNQsF5P347THLrDa4X4JavHpzydupowGGLq2VHvhuYVJKPFCqxZmud9rBSEkW1zoowVggK3fAdNp:0:0,T+24h,true,scheduled,success,json_ok,observed,on_time,observed,97f5eca4b555cdd90af13c54
solana:4TVdkNeW1fDyFNQsF5P347THLrDa4X4JavHpzydupowGGLq2VHvhuYVJKPFCqxZmud9rBSEkW1zoowVggK3fAdNp:0:0,T+60h,true,scheduled,success,json_ok,observed,on_time,observed,9214fc6ce964c028580a3297
solana:VvNGNnP18tVsbKykExJxvuwz1YuVVAR2bAU9dzVXRJeH2LTv2ZJwTt5opRriFjb2TS24H45fdmXFfjDugSo2EDK:2:0,T0,true,scheduled,success,json_ok,observed,on_time,observed,62f7eecc357ddb3dea634f71
solana:VvNGNnP18tVsbKykExJxvuwz1YuVVAR2bAU9dzVXRJeH2LTv2ZJwTt5opRriFjb2TS24H45fdmXFfjDugSo2EDK:2:0,T+24h,true,scheduled,success,json_ok,observed,on_time,observed,1ae38bfa11b125533dada9f5
solana:VvNGNnP18tVsbKykExJxvuwz1YuVVAR2bAU9dzVXRJeH2LTv2ZJwTt5opRriFjb2TS24H45fdmXFfjDugSo2EDK:2:0,T+60h,true,scheduled,success,json_ok,observed,on_time,observed,5260bed289bb62dce208fba2
solana:GKYtpw6NgCuDQcAHYdHygfsQJ4MmRTshqB2TLjj4epSDHixGeuyGJeRf1ZgqHvVHxRFJY57yJRxVyJmAZfzeb8F:2:0,T0,true,scheduled,success,json_ok,observed,on_time,observed,44035064358c233613ba9853
solana:GKYtpw6NgCuDQcAHYdHygfsQJ4MmRTshqB2TLjj4epSDHixGeuyGJeRf1ZgqHvVHxRFJY57yJRxVyJmAZfzeb8F:2:0,T+24h,true,scheduled,success,json_ok,observed,on_time,observed,8d9e1abaddda4de537d21699
solana:GKYtpw6NgCuDQcAHYdHygfsQJ4MmRTshqB2TLjj4epSDHixGeuyGJeRf1ZgqHvVHxRFJY57yJRxVyJmAZfzeb8F:2:0,T+60h,true,scheduled,success,json_ok,observed,on_time,observed,f6e2e1d8aee03b348d898a8d
solana:441JuUqx1EoMEMjten9NigZWthHMKBUj8eCcr3HrZjSTk99qZ26fza3k5ULJVPb1ZaWXiYs5eTBH9j6fxYdtHpXs:2:0,T0,true,scheduled,success,json_ok,observed,on_time,observed,1e8e3f87f56430eadc178e20
solana:441JuUqx1EoMEMjten9NigZWthHMKBUj8eCcr3HrZjSTk99qZ26fza3k5ULJVPb1ZaWXiYs5eTBH9j6fxYdtHpXs:2:0,T+24h,true,scheduled,success,json_ok,observed,on_time,observed,4b4ff3b308e6e02512c5e9bf
solana:441JuUqx1EoMEMjten9NigZWthHMKBUj8eCcr3HrZjSTk99qZ26fza3k5ULJVPb1ZaWXiYs5eTBH9j6fxYdtHpXs:2:0,T+60h,true,scheduled,success,json_ok,observed,on_time,observed,075759c279c37cdbb4a53e3b
solana:5cPBE3w2baqHVXMJ3q582pXgCYFj4agoQnyTUhMCryLEZzrNhA4MXpLNopACGQEoFf49UyWcTA5ttpvrFTVUM6eg:2:0,T0,true,scheduled,success,json_ok,observed,on_time,observed,c0ce347a20f89f92bfa3390c
solana:5cPBE3w2baqHVXMJ3q582pXgCYFj4agoQnyTUhMCryLEZzrNhA4MXpLNopACGQEoFf49UyWcTA5ttpvrFTVUM6eg:2:0,T+24h,true,scheduled,success,json_ok,observed,on_time,observed,d238e45347157cdb3f9a0f52
solana:5cPBE3w2baqHVXMJ3q582pXgCYFj4agoQnyTUhMCryLEZzrNhA4MXpLNopACGQEoFf49UyWcTA5ttpvrFTVUM6eg:2:0,T+60h,true,scheduled,success,json_ok,observed,on_time,observed,449d4c18a4ad1c2b80ed99b0
solana:2UZ2cQR4TsD7LcwRCrP57yMieiCsVqGSXp4uZ7pKwE9AuVpJKV4ZqfVLz8UKvzddnkhghyAPoCWdhqf9SfRQL7Hp:2:0,T0,true,scheduled,success,json_ok,observed,on_time,observed,a7bab9d457dc1acc21be5068
solana:2UZ2cQR4TsD7LcwRCrP57yMieiCsVqGSXp4uZ7pKwE9AuVpJKV4ZqfVLz8UKvzddnkhghyAPoCWdhqf9SfRQL7Hp:2:0,T+24h,true,scheduled,success,json_ok,observed,on_time,observed,bccdee04b39889bdca367940
solana:2UZ2cQR4TsD7LcwRCrP57yMieiCsVqGSXp4uZ7pKwE9AuVpJKV4ZqfVLz8UKvzddnkhghyAPoCWdhqf9SfRQL7Hp:2:0,T+60h,true,scheduled,success,json_ok,observed,on_time,observed,310453bc76306818a4711b40
solana:5JfVEtPbhzteMTrys1uUJd8PofNh13jPvSZstnEhsxg2ksm1SCmAQMym2UFjAubZCmWtYzgB45me15y43nHbZrHX:1:0,T0,true,scheduled,success,json_ok,observed,on_time,observed,4f5b209c618f2c20329c3c5a
solana:5JfVEtPbhzteMTrys1uUJd8PofNh13jPvSZstnEhsxg2ksm1SCmAQMym2UFjAubZCmWtYzgB45me15y43nHbZrHX:1:0,T+24h,true,scheduled,success,json_ok,observed,on_time,observed,2b97e63bfcf020ddce7cde02
solana:5JfVEtPbhzteMTrys1uUJd8PofNh13jPvSZstnEhsxg2ksm1SCmAQMym2UFjAubZCmWtYzgB45me15y43nHbZrHX:1:0,T+60h,true,scheduled,success,json_ok,observed,on_time,observed,49cea53719a2700810463706
solana:2pWVJVPoHxQnF11f8LLZn6XCabkjuCAWToJdc1HVpRjoJZVqKRNMoJUbpB9xicPs4B6aN2ixMaY37bw3dHbeQGD5:0:0,T0,true,scheduled,success,json_ok,observed,on_time,observed,1ae16c4b85b300c92b10c7a7
solana:2pWVJVPoHxQnF11f8LLZn6XCabkjuCAWToJdc1HVpRjoJZVqKRNMoJUbpB9xicPs4B6aN2ixMaY37bw3dHbeQGD5:0:0,T+24h,true,scheduled,success,json_ok,observed,on_time,observed,7f2cca526408cf9cfd13d905
solana:2pWVJVPoHxQnF11f8LLZn6XCabkjuCAWToJdc1HVpRjoJZVqKRNMoJUbpB9xicPs4B6aN2ixMaY37bw3dHbeQGD5:0:0,T+60h,true,scheduled,success,json_ok,observed,on_time,observed,4630fad50bb5410e93b44ebb
solana:Xuf1GWHc1UbX3awjxhaRqCdz5Vo6twh3gvmhEAwfhexMgy3bRGABSwLQmzYvGVSRzFcKegMgi4vDK579HvvQ3td:0:0,T0,true,scheduled,success,json_ok,observed,on_time,observed,bc72ea7e844e0c411fa033c7
solana:Xuf1GWHc1UbX3awjxhaRqCdz5Vo6twh3gvmhEAwfhexMgy3bRGABSwLQmzYvGVSRzFcKegMgi4vDK579HvvQ3td:0:0,T+24h,true,scheduled,success,json_ok,observed,on_time,observed,8a198278a0f77c56f7e20e03
solana:Xuf1GWHc1UbX3awjxhaRqCdz5Vo6twh3gvmhEAwfhexMgy3bRGABSwLQmzYvGVSRzFcKegMgi4vDK579HvvQ3td:0:0,T+60h,true,scheduled,success,json_ok,observed,on_time,observed,bda0b251e1b7b6751077e4bc
solana:4mrPBySq5PbmKZsz85jvD2r4joSWwQTcDWv75DH9whwDhsWtjCcBH74o3rAtDnJ37NqFkyXyUf2GuwLVxRvyKXbk:2:0,T0,true,scheduled,failed,not_observed,not_observed,on_time,request_failed,757f6ecb18b12b1abeddb5d3
solana:4mrPBySq5PbmKZsz85jvD2r4joSWwQTcDWv75DH9whwDhsWtjCcBH74o3rAtDnJ37NqFkyXyUf2GuwLVxRvyKXbk:2:0,T+24h,true,scheduled,failed,not_observed,not_observed,on_time,request_failed,5fbfcc31bda461158c96eb7a
solana:4mrPBySq5PbmKZsz85jvD2r4joSWwQTcDWv75DH9whwDhsWtjCcBH74o3rAtDnJ37NqFkyXyUf2GuwLVxRvyKXbk:2:0,T+60h,true,scheduled,failed,not_observed,not_observed,on_time,request_failed,32afc26b150749992fd6e37c
solana:4gcvmEfi7My3qE2exrqrDq5rse8vrRCypS4d6s4KSCgQbKrdRs4XBd8aEBnoA6mzXkT8eA23wDKASDwehJDBjjq:2:0,T0,true,scheduled,success,json_ok,observed,on_time,observed,adce9fcf89addba452a51a5f
solana:4gcvmEfi7My3qE2exrqrDq5rse8vrRCypS4d6s4KSCgQbKrdRs4XBd8aEBnoA6mzXkT8eA23wDKASDwehJDBjjq:2:0,T+24h,true,scheduled,success,json_ok,observed,on_time,observed,6dd675fa77c2778b9d487f20
solana:4gcvmEfi7My3qE2exrqrDq5rse8vrRCypS4d6s4KSCgQbKrdRs4XBd8aEBnoA6mzXkT8eA23wDKASDwehJDBjjq:2:0,T+60h,true,scheduled,success,json_ok,observed,on_time,observed,074851825947813ab59913e7
solana:GhDpyBnxRMV5Mgab8vux2nLyamxTYdXkZnFPkdDH2VgQ12eng9bJaemaxofQ2s1jkBdpsuyViDsE4uPpkSSY6qg:2:0,T0,true,scheduled,success,json_ok,observed,on_time,observed,1f54f9ade3e54b210f6828fd
solana:GhDpyBnxRMV5Mgab8vux2nLyamxTYdXkZnFPkdDH2VgQ12eng9bJaemaxofQ2s1jkBdpsuyViDsE4uPpkSSY6qg:2:0,T+24h,true,scheduled,success,json_ok,observed,on_time,observed,7570721b4324207eb2e69256
solana:GhDpyBnxRMV5Mgab8vux2nLyamxTYdXkZnFPkdDH2VgQ12eng9bJaemaxofQ2s1jkBdpsuyViDsE4uPpkSSY6qg:2:0,T+60h,true,scheduled,success,json_ok,observed,on_time,observed,9bb98a93de3396dc462bd3bf
solana:4YgDVaMDoX4nauWnCxjMuhPvhgepvsccYXtUijG4hQKdTs81DYtbxP47FR8rm2SCxwfBtTcq6o7SWz7YKbKVNXER:2:0,T0,true,scheduled,success,json_ok,observed,on_time,observed,a46b96b5291017e3577b5edd
solana:4YgDVaMDoX4nauWnCxjMuhPvhgepvsccYXtUijG4hQKdTs81DYtbxP47FR8rm2SCxwfBtTcq6o7SWz7YKbKVNXER:2:0,T+24h,true,scheduled,success,json_ok,observed,on_time,observed,4fa0c00c8cbcda027d327d4b
solana:4YgDVaMDoX4nauWnCxjMuhPvhgepvsccYXtUijG4hQKdTs81DYtbxP47FR8rm2SCxwfBtTcq6o7SWz7YKbKVNXER:2:0,T+60h,true,scheduled,success,json_ok,observed,on_time,observed,ecdf134496f69e040cc992be
solana:2d2Vq4wCsCufJGY3TemKqT5kJpadt11mtPrG9reSg1gi7TgWXe4vxbqj1B3cAe9iWGfVVbDBVXzv6SdQoTqiJu11:2:0,T0,true,scheduled,success,json_ok,observed,on_time,observed,776f81c37658f0cc830e8198
solana:2d2Vq4wCsCufJGY3TemKqT5kJpadt11mtPrG9reSg1gi7TgWXe4vxbqj1B3cAe9iWGfVVbDBVXzv6SdQoTqiJu11:2:0,T+24h,true,scheduled,success,json_ok,observed,on_time,observed,70ebc6288b9f10006c1b791a
solana:2d2Vq4wCsCufJGY3TemKqT5kJpadt11mtPrG9reSg1gi7TgWXe4vxbqj1B3cAe9iWGfVVbDBVXzv6SdQoTqiJu11:2:0,T+60h,true,scheduled,success,json_ok,observed,on_time,observed,a16dd9ae4f943178a8c87287
solana:5yLyLCr9kp8fDZKEWYcmp4mTGHsurFhj1ze1zVBfAM4sVHMe3TN9mtngyHvG39gVa9ffgxtQxV9v9RW2d3ju9Zht:2:0,T0,true,scheduled,success,json_ok,observed,on_time,observed,8a588e1472661672e8d56fd2
solana:5yLyLCr9kp8fDZKEWYcmp4mTGHsurFhj1ze1zVBfAM4sVHMe3TN9mtngyHvG39gVa9ffgxtQxV9v9RW2d3ju9Zht:2:0,T+24h,true,scheduled,success,json_ok,observed,on_time,observed,811eaaac5499c562c408437d
solana:5yLyLCr9kp8fDZKEWYcmp4mTGHsurFhj1ze1zVBfAM4sVHMe3TN9mtngyHvG39gVa9ffgxtQxV9v9RW2d3ju9Zht:2:0,T+60h,true,scheduled,success,json_ok,observed,on_time,observed,19d43140c35c72bc65206115
solana:4yFyu54BcuwdP1VKt8VodVZKjaLGXt9AW1ecRuzZjKCb5SSZ5Zx3rSNt1zy7kh7e8AJT1nuZQcd9uxHdpEsVS8dz:2:0,T0,true,scheduled,success,json_ok,observed,on_time,observed,602f7b6665e81b562f81580c
solana:4yFyu54BcuwdP1VKt8VodVZKjaLGXt9AW1ecRuzZjKCb5SSZ5Zx3rSNt1zy7kh7e8AJT1nuZQcd9uxHdpEsVS8dz:2:0,T+24h,true,scheduled,success,json_ok,observed,on_time,observed,240579c7eff4e707e57c9931
solana:4yFyu54BcuwdP1VKt8VodVZKjaLGXt9AW1ecRuzZjKCb5SSZ5Zx3rSNt1zy7kh7e8AJT1nuZQcd9uxHdpEsVS8dz:2:0,T+60h,true,scheduled,success,json_ok,observed,on_time,observed,d02889f99d1edb42af8e7e45
solana:2fztPHR3aJdyL7bB71oteSGaHpLY86s12NEhuv3V5rCyQGMYbciuq8wFPryWQg349hLcR8kqgn4s996DirwHArn6:2:0,T0,true,scheduled,success,json_ok,observed,on_time,observed,5b34f599eadfa080e101293f
solana:2fztPHR3aJdyL7bB71oteSGaHpLY86s12NEhuv3V5rCyQGMYbciuq8wFPryWQg349hLcR8kqgn4s996DirwHArn6:2:0,T+24h,true,scheduled,success,json_ok,observed,on_time,observed,4900e01cc3db4d83a2dacb44
solana:2fztPHR3aJdyL7bB71oteSGaHpLY86s12NEhuv3V5rCyQGMYbciuq8wFPryWQg349hLcR8kqgn4s996DirwHArn6:2:0,T+60h,true,scheduled,success,json_ok,observed,on_time,observed,b694f20264b7ca3ff6457ca2
solana:4T5QYgddLDBYtfX2P1VeKubR8BUUoq8G2WjTrMhRJKX6pguuzvS4X5UZ8ma2DWsowRWeKnNdEQWb8Fti3gnXFRb9:2:0,T0,true,scheduled,success,json_ok,observed,on_time,observed,36211b857bac50ee06bf5037
solana:4T5QYgddLDBYtfX2P1VeKubR8BUUoq8G2WjTrMhRJKX6pguuzvS4X5UZ8ma2DWsowRWeKnNdEQWb8Fti3gnXFRb9:2:0,T+24h,true,scheduled,success,json_ok,observed,on_time,observed,40e7e9452ca519baf9ab37c3
solana:4T5QYgddLDBYtfX2P1VeKubR8BUUoq8G2WjTrMhRJKX6pguuzvS4X5UZ8ma2DWsowRWeKnNdEQWb8Fti3gnXFRb9:2:0,T+60h,true,scheduled,success,json_ok,observed,on_time,observed,6bac345dad5b0c80f42aeff3
solana:62F2DVfwc1qBPx4JLM8v39h7jSdPcW1YbYuSfhVM4BJe3qUYTMUaAnntRi96sopRjdxMYewhFZ6nfRT9TVgxcLYJ:2:0,T0,true,scheduled,success,json_ok,observed,on_time,observed,6099b54478c6fda7de3a2d69
solana:62F2DVfwc1qBPx4JLM8v39h7jSdPcW1YbYuSfhVM4BJe3qUYTMUaAnntRi96sopRjdxMYewhFZ6nfRT9TVgxcLYJ:2:0,T+24h,true,scheduled,success,json_ok,observed,on_time,observed,7a65c6a3b190f7c30fcccf15
solana:62F2DVfwc1qBPx4JLM8v39h7jSdPcW1YbYuSfhVM4BJe3qUYTMUaAnntRi96sopRjdxMYewhFZ6nfRT9TVgxcLYJ:2:0,T+60h,true,scheduled,success,json_ok,observed,on_time,observed,35ec310a2a80fbf6d46b6103
solana:2mrnqkLGSCCmkvFmnoVArHUK6UYo1bNpQisw4Y6sQGJQAXxtURjCvS74DamU17zYe77nKZEYQhz6tnKk2LD8ubTB:2:0,T0,true,scheduled,success,json_ok,observed,on_time,observed,0940a7191486b4e0c9bafada
solana:2mrnqkLGSCCmkvFmnoVArHUK6UYo1bNpQisw4Y6sQGJQAXxtURjCvS74DamU17zYe77nKZEYQhz6tnKk2LD8ubTB:2:0,T+24h,true,scheduled,success,json_ok,observed,on_time,observed,c96182d014ac93e80118eafa
solana:2mrnqkLGSCCmkvFmnoVArHUK6UYo1bNpQisw4Y6sQGJQAXxtURjCvS74DamU17zYe77nKZEYQhz6tnKk2LD8ubTB:2:0,T+60h,true,scheduled,success,json_ok,observed,on_time,observed,986a4f619a47e9f69ed9baa2
solana:4uQa7rsmgUgFeawaKkJ31HQJzRstdFcvrYJimQJ3az7kqzZrb2FspN1QJEXbtj2wLugiXSuNn6bNKGmqLEUPpWRh:2:0,T0,true,scheduled,success,json_ok,observed,on_time,observed,fd97f64016fb8eba16af9ee3
solana:4uQa7rsmgUgFeawaKkJ31HQJzRstdFcvrYJimQJ3az7kqzZrb2FspN1QJEXbtj2wLugiXSuNn6bNKGmqLEUPpWRh:2:0,T+24h,true,scheduled,success,json_ok,observed,on_time,observed,c8385d0acf98a47d5aaa5180
solana:4uQa7rsmgUgFeawaKkJ31HQJzRstdFcvrYJimQJ3az7kqzZrb2FspN1QJEXbtj2wLugiXSuNn6bNKGmqLEUPpWRh:2:0,T+60h,true,scheduled,success,json_ok,observed,on_time,observed,4e1345c869097cf408e75f02
solana:4DTY6VSffYo7ADWEHbwS5YGJgCDKqZjpWoSoYa4EeMMRKuZAXMqaQmvbS23XoCFmhuUtFmYsjTEQccDafYYFT34A:2:0,T0,true,scheduled,success,json_ok,observed,on_time,observed,0cedb9fb03204c07ddbb9f2d
solana:4DTY6VSffYo7ADWEHbwS5YGJgCDKqZjpWoSoYa4EeMMRKuZAXMqaQmvbS23XoCFmhuUtFmYsjTEQccDafYYFT34A:2:0,T+24h,true,scheduled,success,json_ok,observed,on_time,observed,b232080404ee860329ab0338
solana:4DTY6VSffYo7ADWEHbwS5YGJgCDKqZjpWoSoYa4EeMMRKuZAXMqaQmvbS23XoCFmhuUtFmYsjTEQccDafYYFT34A:2:0,T+60h,true,scheduled,success,json_ok,observed,on_time,observed,ea1cb1155d2b75cfe8a1bae9
solana:5DZ5L7J2KWCj4MqF4ECWJcr4aAGP1sw7kmqbhV7SLZaXY39qD3imc3VLGxYmfuaz4Rk15b75qA7fchkxEDWBx6si:2:1,T0,true,scheduled,success,json_ok,observed,on_time,observed,07f2d721d1dbf392f0e9a2ca
solana:5DZ5L7J2KWCj4MqF4ECWJcr4aAGP1sw7kmqbhV7SLZaXY39qD3imc3VLGxYmfuaz4Rk15b75qA7fchkxEDWBx6si:2:1,T+24h,true,scheduled,success,json_ok,observed,on_time,observed,b8932a59928392042a5c0965
solana:5DZ5L7J2KWCj4MqF4ECWJcr4aAGP1sw7kmqbhV7SLZaXY39qD3imc3VLGxYmfuaz4Rk15b75qA7fchkxEDWBx6si:2:1,T+60h,true,scheduled,success,json_ok,observed,on_time,observed,59c38e37e82cbd242c987d13
solana:3AbzSWzukbyd71w3MA8e8vUb6XVr4QpXiSxd8dtid8Jjf1nJCYLgU8fF6BH2UP2zRj8k6G4PjCVgM145uWJHpB7D:2:0,T0,true,scheduled,failed,not_observed,not_observed,on_time,request_failed,225d30284197e882988ce352
solana:3AbzSWzukbyd71w3MA8e8vUb6XVr4QpXiSxd8dtid8Jjf1nJCYLgU8fF6BH2UP2zRj8k6G4PjCVgM145uWJHpB7D:2:0,T+24h,true,scheduled,failed,not_observed,not_observed,on_time,request_failed,b8629a0386af9438e5f0bda8
solana:3AbzSWzukbyd71w3MA8e8vUb6XVr4QpXiSxd8dtid8Jjf1nJCYLgU8fF6BH2UP2zRj8k6G4PjCVgM145uWJHpB7D:2:0,T+60h,true,scheduled,failed,not_observed,not_observed,on_time,request_failed,51bc98095e8775a1ebb801fc
solana:5QjwwXoYiXH7YJzCBDKRJSvxzgEEnznBpxbQhMvQqKJmAF7HDeyMTJx9hAXJTFGtRqaJsYayKK785kTc2nDQXDcF:2:0,T0,true,scheduled,failed,not_observed,not_observed,on_time,request_failed,27eeffbcd457816c89e4349a
solana:5QjwwXoYiXH7YJzCBDKRJSvxzgEEnznBpxbQhMvQqKJmAF7HDeyMTJx9hAXJTFGtRqaJsYayKK785kTc2nDQXDcF:2:0,T+24h,true,scheduled,failed,not_observed,not_observed,on_time,request_failed,d0dc948a92642a9e5feb4494
solana:5QjwwXoYiXH7YJzCBDKRJSvxzgEEnznBpxbQhMvQqKJmAF7HDeyMTJx9hAXJTFGtRqaJsYayKK785kTc2nDQXDcF:2:0,T+60h,true,scheduled,failed,not_observed,not_observed,on_time,request_failed,187691c2b00fc62f8407e9e4
solana:53iCeiS3u1FY8ukY31GhTUpkPkuT4GJCwLSe8Jb6CGAUghqT4PL2pukRw5YC8JYvPymcyLo9vWtm4XrLM5Rwy9fk:2:0,T0,true,scheduled,success,json_ok,observed,on_time,observed,d825c6280aaa2a379f6d6c12
solana:53iCeiS3u1FY8ukY31GhTUpkPkuT4GJCwLSe8Jb6CGAUghqT4PL2pukRw5YC8JYvPymcyLo9vWtm4XrLM5Rwy9fk:2:0,T+24h,true,scheduled,success,json_ok,observed,on_time,observed,c9ef16be87c18544af3310b3
solana:53iCeiS3u1FY8ukY31GhTUpkPkuT4GJCwLSe8Jb6CGAUghqT4PL2pukRw5YC8JYvPymcyLo9vWtm4XrLM5Rwy9fk:2:0,T+60h,true,scheduled,success,json_ok,observed,on_time,observed,07501b69b94cdc7b72671a37
solana:3KhHFpVCZDo5j1hc1Mwc1rmxE4Yg67aZEvCpu1HriiMquziExgEjCh7kKT1FPxbWH7KM2N7aSiCLbD5iLXcH35nU:2:0,T0,true,scheduled,success,json_ok,observed,on_time,observed,b80ca3a7d974d507dd6324ea
solana:3KhHFpVCZDo5j1hc1Mwc1rmxE4Yg67aZEvCpu1HriiMquziExgEjCh7kKT1FPxbWH7KM2N7aSiCLbD5iLXcH35nU:2:0,T+24h,true,scheduled,success,json_ok,observed,on_time,observed,61bdd667b1ce817e3abe00b1
solana:3KhHFpVCZDo5j1hc1Mwc1rmxE4Yg67aZEvCpu1HriiMquziExgEjCh7kKT1FPxbWH7KM2N7aSiCLbD5iLXcH35nU:2:0,T+60h,true,scheduled,success,json_ok,observed,on_time,observed,f676b6ec765b7ae5e5bc69ac
solana:Bwsccr3XRAZcmhLeZ6RrwYXRCHNTasZxhR19BHptoMaPUmZ2TDeb8GAY34EunUhD5vUfXpkzECfZw324ZQuceUZ:2:0,T0,true,scheduled,success,json_ok,observed,on_time,observed,cf3f1ea7855bfa95e322372f
solana:Bwsccr3XRAZcmhLeZ6RrwYXRCHNTasZxhR19BHptoMaPUmZ2TDeb8GAY34EunUhD5vUfXpkzECfZw324ZQuceUZ:2:0,T+24h,true,scheduled,success,json_ok,observed,on_time,observed,a0c4bdfd3f89b55b737750e8
solana:Bwsccr3XRAZcmhLeZ6RrwYXRCHNTasZxhR19BHptoMaPUmZ2TDeb8GAY34EunUhD5vUfXpkzECfZw324ZQuceUZ:2:0,T+60h,true,scheduled,success,json_ok,observed,on_time,observed,87ebb31564cb8a6bfbeb7a02
solana:5was8ZM9zY6VPotJnVo4RNvRCLUJX6wScPy8q4bqFqgvNCYZK13Y8wzUZS4qU8yVB4ryq6Noq3Bfw7UPQhmkTofz:2:0,T0,true,scheduled,success,json_ok,observed,on_time,observed,27fe75039c25ff8af58bb232
solana:5was8ZM9zY6VPotJnVo4RNvRCLUJX6wScPy8q4bqFqgvNCYZK13Y8wzUZS4qU8yVB4ryq6Noq3Bfw7UPQhmkTofz:2:0,T+24h,true,scheduled,success,json_ok,observed,on_time,observed,fd7f61e0708977667e042a2c
solana:5was8ZM9zY6VPotJnVo4RNvRCLUJX6wScPy8q4bqFqgvNCYZK13Y8wzUZS4qU8yVB4ryq6Noq3Bfw7UPQhmkTofz:2:0,T+60h,true,scheduled,success,json_ok,observed,on_time,observed,75d407cf14096b8f0918be38
solana:2LgPNi5jBLfq2NfrENRv6jjaVEb92v8Q7oZ85N1XmCfE3SQG5Jvs5df3KiZcBDPjZiCahGd8is96XfRrrDKK6dLA:0:0,T0,true,scheduled,success,json_ok,observed,on_time,observed,b8e27e3b3a548d2866736568
solana:2LgPNi5jBLfq2NfrENRv6jjaVEb92v8Q7oZ85N1XmCfE3SQG5Jvs5df3KiZcBDPjZiCahGd8is96XfRrrDKK6dLA:0:0,T+24h,true,scheduled,success,json_ok,observed,on_time,observed,b932b47ba9324fb39586b18e
solana:2LgPNi5jBLfq2NfrENRv6jjaVEb92v8Q7oZ85N1XmCfE3SQG5Jvs5df3KiZcBDPjZiCahGd8is96XfRrrDKK6dLA:0:0,T+60h,true,scheduled,success,json_ok,observed,on_time,observed,64789b4df0d6c6bb0c82705c
solana:67bWtukwFS436yoQseNea9DZP6X4Tw7UqQhzNZGKkqd9kJP5GRMfLrpPAA1mcy4DR7wvjwRmGPbWtLcGHCWTGwGq:2:0,T0,true,scheduled,success,json_ok,observed,on_time,observed,e2960f2dccee0ab0bcb9080c
solana:67bWtukwFS436yoQseNea9DZP6X4Tw7UqQhzNZGKkqd9kJP5GRMfLrpPAA1mcy4DR7wvjwRmGPbWtLcGHCWTGwGq:2:0,T+24h,true,scheduled,success,json_ok,observed,on_time,observed,f47c3f89105715de4a158318
solana:67bWtukwFS436yoQseNea9DZP6X4Tw7UqQhzNZGKkqd9kJP5GRMfLrpPAA1mcy4DR7wvjwRmGPbWtLcGHCWTGwGq:2:0,T+60h,true,scheduled,success,json_ok,observed,on_time,observed,01e05f072116d77401d8b3ff
solana:2VXdBZQXFNwmXEMEdiYTxhLxa5VV4r8VeLZvAvJJ8QBbTRC2FeBUfZA6hskCCuiHQh93DvQBGKQ5U9aHcgtMhr7p:2:0,T0,true,scheduled,failed,not_observed,not_observed,on_time,request_failed,72453f55bd4170ce8a876ff9
solana:2VXdBZQXFNwmXEMEdiYTxhLxa5VV4r8VeLZvAvJJ8QBbTRC2FeBUfZA6hskCCuiHQh93DvQBGKQ5U9aHcgtMhr7p:2:0,T+24h,true,scheduled,failed,not_observed,not_observed,on_time,request_failed,d10fcc98db45edb1bde04cd3
solana:2VXdBZQXFNwmXEMEdiYTxhLxa5VV4r8VeLZvAvJJ8QBbTRC2FeBUfZA6hskCCuiHQh93DvQBGKQ5U9aHcgtMhr7p:2:0,T+60h,true,scheduled,failed,not_observed,not_observed,on_time,request_failed,960f89b768c37539f7e241e1
solana:4u3DBk9DXHmhAGtzjiv1kanAXx5SpfpzrjTREkTUzaduze1nqbAZyZFt9vrE2qWnfXNsc84Sd6bwXTHS1UT3wFoH:2:0,T0,true,scheduled,success,json_ok,observed,on_time,observed,4f8ee142d31396fec3eaac87
solana:4u3DBk9DXHmhAGtzjiv1kanAXx5SpfpzrjTREkTUzaduze1nqbAZyZFt9vrE2qWnfXNsc84Sd6bwXTHS1UT3wFoH:2:0,T+24h,true,scheduled,success,json_ok,observed,on_time,observed,e7561b1146897261650668d3
solana:4u3DBk9DXHmhAGtzjiv1kanAXx5SpfpzrjTREkTUzaduze1nqbAZyZFt9vrE2qWnfXNsc84Sd6bwXTHS1UT3wFoH:2:0,T+60h,true,scheduled,success,json_ok,observed,on_time,observed,73f46739aa1fb86d79954099
solana:3GL4aaXbRoSeZdcSYttmMXtnMbX9RkVE6qvPNVW6jRZo3N5z6rE2sm3Mj7mXJNLcqeko8d5NZR8UN3UWY5kWDJoc:2:0,T0,true,scheduled,success,json_ok,observed,on_time,observed,c4c662151bc7dcf7f3f94162
solana:3GL4aaXbRoSeZdcSYttmMXtnMbX9RkVE6qvPNVW6jRZo3N5z6rE2sm3Mj7mXJNLcqeko8d5NZR8UN3UWY5kWDJoc:2:0,T+24h,true,scheduled,success,json_ok,observed,on_time,observed,db9c6bc5b5eeed0a4846bb9d
solana:3GL4aaXbRoSeZdcSYttmMXtnMbX9RkVE6qvPNVW6jRZo3N5z6rE2sm3Mj7mXJNLcqeko8d5NZR8UN3UWY5kWDJoc:2:0,T+60h,true,scheduled,success,json_ok,observed,on_time,observed,1e4400ffe61cb68d0210f90f
solana:4fRTUAgmC6vQc51R58hSbF7j5PjNZ63uLEoCNjuXqiYegPNJh2uGR9mdoufwf7Twg4biU1Kx6Br31KD1dHcikv2z:2:0,T0,true,scheduled,success,json_ok,observed,on_time,observed,100d154eff6ff2670e8d98d9
solana:4fRTUAgmC6vQc51R58hSbF7j5PjNZ63uLEoCNjuXqiYegPNJh2uGR9mdoufwf7Twg4biU1Kx6Br31KD1dHcikv2z:2:0,T+24h,true,scheduled,success,json_ok,observed,on_time,observed,94d38535e755d3e43a172b45
solana:4fRTUAgmC6vQc51R58hSbF7j5PjNZ63uLEoCNjuXqiYegPNJh2uGR9mdoufwf7Twg4biU1Kx6Br31KD1dHcikv2z:2:0,T+60h,true,scheduled,success,json_ok,observed,on_time,observed,3b94d4e99acd74d6ec10c8aa
solana:5oYtBojUiv16k45jWbmMkzmBz1XWzCgt4E4aXbB5qeRYz7g4k75ws4YYa6mm4KGzokUGki1dvmzyBaaAKrv8kmi5:2:0,T0,true,scheduled,failed,not_observed,not_observed,on_time,request_failed,5d13f8f349cdd503048459b0
solana:5oYtBojUiv16k45jWbmMkzmBz1XWzCgt4E4aXbB5qeRYz7g4k75ws4YYa6mm4KGzokUGki1dvmzyBaaAKrv8kmi5:2:0,T+24h,true,scheduled,failed,not_observed,not_observed,on_time,request_failed,c2d2837b137a8cc595157767
solana:5oYtBojUiv16k45jWbmMkzmBz1XWzCgt4E4aXbB5qeRYz7g4k75ws4YYa6mm4KGzokUGki1dvmzyBaaAKrv8kmi5:2:0,T+60h,true,scheduled,failed,not_observed,not_observed,on_time,request_failed,d937ad6d2f09e1da51113230
solana:3vZXLkCZt7r4My9jxGBLMPFrvXKxPyW19raNcMionGYWtJfybQ2fn59qPc9r4BMXBG4qsZZYzQzm5PSv1LvFFWm5:2:0,T0,true,scheduled,success,json_ok,observed,on_time,observed,deb9732815aa81d655ad859d
solana:3vZXLkCZt7r4My9jxGBLMPFrvXKxPyW19raNcMionGYWtJfybQ2fn59qPc9r4BMXBG4qsZZYzQzm5PSv1LvFFWm5:2:0,T+24h,true,scheduled,success,json_ok,observed,on_time,observed,01f6326b912321c5230ab0a0
solana:3vZXLkCZt7r4My9jxGBLMPFrvXKxPyW19raNcMionGYWtJfybQ2fn59qPc9r4BMXBG4qsZZYzQzm5PSv1LvFFWm5:2:0,T+60h,true,scheduled,success,json_ok,observed,on_time,observed,005421e9ebaceccb4ad8fdd8
solana:4xqWXZSdf6LkMJA7gDr5iNTJzhzyBW1GvcxZJBgm27nDQjFRHYXme7nQZWmnz3ommPUwKWX9XNbwqS9i8k5CAFKY:2:0,T0,true,scheduled,success,json_ok,observed,on_time,observed,2950c5801800cd40b4ce67e2
solana:4xqWXZSdf6LkMJA7gDr5iNTJzhzyBW1GvcxZJBgm27nDQjFRHYXme7nQZWmnz3ommPUwKWX9XNbwqS9i8k5CAFKY:2:0,T+24h,true,scheduled,success,json_ok,observed,on_time,observed,5cf6362ba8f2b843eba3400f
solana:4xqWXZSdf6LkMJA7gDr5iNTJzhzyBW1GvcxZJBgm27nDQjFRHYXme7nQZWmnz3ommPUwKWX9XNbwqS9i8k5CAFKY:2:0,T+60h,true,scheduled,success,json_ok,observed,on_time,observed,88a124f4a993d7adaf6b6089
solana:qcVioiss5Bwio3KwPGDv74MKk4xm7G9eP2oMG2mFWG9CdP9t7fLqZEXh6xuutD9sBW9vCcmjeVgXWEktYkB8uSx:2:0,T0,true,scheduled,success,json_ok,observed,on_time,observed,142ec45c4f68b4b2264c7df6
solana:qcVioiss5Bwio3KwPGDv74MKk4xm7G9eP2oMG2mFWG9CdP9t7fLqZEXh6xuutD9sBW9vCcmjeVgXWEktYkB8uSx:2:0,T+24h,true,scheduled,success,json_ok,observed,on_time,observed,3f03b6c20fd0a9843ad6a59b
solana:qcVioiss5Bwio3KwPGDv74MKk4xm7G9eP2oMG2mFWG9CdP9t7fLqZEXh6xuutD9sBW9vCcmjeVgXWEktYkB8uSx:2:0,T+60h,true,scheduled,success,json_ok,observed,on_time,observed,83cd54d24a0ab3b4dd7ecb5b
solana:3WiGaG4oxXHj472XprM6smsityATVgAWF8XaP5m3jgzUhdQYLGgAZtz9WgvVD29gxE44vMeinEb3XaqLnug34unD:2:0,T0,true,scheduled,success,json_ok,observed,on_time,observed,c185dbdf979ea70f7fe72ee2
solana:3WiGaG4oxXHj472XprM6smsityATVgAWF8XaP5m3jgzUhdQYLGgAZtz9WgvVD29gxE44vMeinEb3XaqLnug34unD:2:0,T+24h,true,scheduled,success,json_ok,observed,on_time,observed,0692f732e5562781e41db30a
solana:3WiGaG4oxXHj472XprM6smsityATVgAWF8XaP5m3jgzUhdQYLGgAZtz9WgvVD29gxE44vMeinEb3XaqLnug34unD:2:0,T+60h,true,scheduled,success,json_ok,observed,on_time,observed,c29c8dccff0a37fa57b38209
solana:5YQX3dYS62UpVvfFYPp1z1GfyNwHd2C1gVndDiqGBFN5aWDeF8jGSFdZLYFbyS5CE1zTUXRh7bdPCyTX5ik3BF6X:0:0,T0,true,scheduled,success,json_ok,observed,on_time,observed,f0e9daa4de536db77787d47f
solana:5YQX3dYS62UpVvfFYPp1z1GfyNwHd2C1gVndDiqGBFN5aWDeF8jGSFdZLYFbyS5CE1zTUXRh7bdPCyTX5ik3BF6X:0:0,T+24h,true,scheduled,success,json_ok,observed,on_time,observed,ac8eb065f4d3d89e899b755d
solana:5YQX3dYS62UpVvfFYPp1z1GfyNwHd2C1gVndDiqGBFN5aWDeF8jGSFdZLYFbyS5CE1zTUXRh7bdPCyTX5ik3BF6X:0:0,T+60h,true,scheduled,success,json_ok,observed,on_time,observed,1462b811349af084029555c4
solana:2soNg96sLBdFGaeQoS4aUbGUhm4MxV3vWr5oFft2wARxXo466yc5Hv1r7aFwHcRffPyS5fCG5mTGkypkYs8FVfYE:2:0,T0,true,scheduled,success,json_ok,observed,on_time,observed,d5d092898ec39416619a9be2
solana:2soNg96sLBdFGaeQoS4aUbGUhm4MxV3vWr5oFft2wARxXo466yc5Hv1r7aFwHcRffPyS5fCG5mTGkypkYs8FVfYE:2:0,T+24h,true,scheduled,success,json_ok,observed,on_time,observed,bb40691e76ee865c7f4ca7da
solana:2soNg96sLBdFGaeQoS4aUbGUhm4MxV3vWr5oFft2wARxXo466yc5Hv1r7aFwHcRffPyS5fCG5mTGkypkYs8FVfYE:2:0,T+60h,true,scheduled,success,json_ok,observed,on_time,observed,8535c0f518040ab55055a207
solana:2S4CxbQQUi4UvZyMPc8p4MK4zBqW22sB9gy1MANLBZ5GK1T5AqvnTftv8DUah2HTr5tfF5kXrbd1X7HyBU9Vx1Nq:2:0,T0,true,scheduled,success,json_ok,observed,on_time,observed,237ed474899151c6d35c86b4
solana:2S4CxbQQUi4UvZyMPc8p4MK4zBqW22sB9gy1MANLBZ5GK1T5AqvnTftv8DUah2HTr5tfF5kXrbd1X7HyBU9Vx1Nq:2:0,T+24h,true,scheduled,success,json_ok,observed,on_time,observed,0d68ca0fac7e4a61b9095041
solana:2S4CxbQQUi4UvZyMPc8p4MK4zBqW22sB9gy1MANLBZ5GK1T5AqvnTftv8DUah2HTr5tfF5kXrbd1X7HyBU9Vx1Nq:2:0,T+60h,true,scheduled,success,json_ok,observed,on_time,observed,b2020d9abd0445044e76c51f
solana:4PZzbHRLkgfNM5uPRW3B6iucHLBL9ekMa8JrHmv9eJ7SyUYHxBKynjgDSz6F5ynuB1eRMGB565vGecgHEZNLkq4L:2:0,T0,true,scheduled,success,json_ok,observed,on_time,observed,e8434e601a84ea1b985c3a27
solana:4PZzbHRLkgfNM5uPRW3B6iucHLBL9ekMa8JrHmv9eJ7SyUYHxBKynjgDSz6F5ynuB1eRMGB565vGecgHEZNLkq4L:2:0,T+24h,true,scheduled,success,json_ok,observed,on_time,observed,adeab713d266abf147474b66
solana:4PZzbHRLkgfNM5uPRW3B6iucHLBL9ekMa8JrHmv9eJ7SyUYHxBKynjgDSz6F5ynuB1eRMGB565vGecgHEZNLkq4L:2:0,T+60h,true,scheduled,success,json_ok,observed,on_time,observed,3f2a204859fce9dfe0b11ef7
solana:RGhvQksfJpqkWt8eqY539KvhgbnwxVZKr1roDVtS5RhEQVNTbhFLnE9YNZo9pNpRpHMKnPUNRR7hkAre31tFGGg:2:0,T0,true,scheduled,failed,not_observed,not_observed,on_time,request_failed,4f9b88add71a3d59b43ac593
solana:RGhvQksfJpqkWt8eqY539KvhgbnwxVZKr1roDVtS5RhEQVNTbhFLnE9YNZo9pNpRpHMKnPUNRR7hkAre31tFGGg:2:0,T+24h,true,scheduled,failed,not_observed,not_observed,on_time,request_failed,bc265ed89369b279f1635c61
solana:RGhvQksfJpqkWt8eqY539KvhgbnwxVZKr1roDVtS5RhEQVNTbhFLnE9YNZo9pNpRpHMKnPUNRR7hkAre31tFGGg:2:0,T+60h,true,scheduled,failed,not_observed,not_observed,on_time,request_failed,677eca41becf77b7fe5d4ddf
solana:58kvJLsxaWdDCP1buskZuNeaBhsXWWu5sGELoSQFpsisUwhF5VXaZUEMicC2psQZo4jTpdhkRtoAywNmfk7gXm1z:0:0,T0,true,scheduled,success,json_ok,observed,on_time,observed,1be0b96c3b8f6949cb15d387
solana:58kvJLsxaWdDCP1buskZuNeaBhsXWWu5sGELoSQFpsisUwhF5VXaZUEMicC2psQZo4jTpdhkRtoAywNmfk7gXm1z:0:0,T+24h,true,scheduled,success,json_ok,observed,on_time,observed,ef4f2ca503ff77b306ba2fe4
solana:58kvJLsxaWdDCP1buskZuNeaBhsXWWu5sGELoSQFpsisUwhF5VXaZUEMicC2psQZo4jTpdhkRtoAywNmfk7gXm1z:0:0,T+60h,true,scheduled,success,json_ok,observed,on_time,observed,53c513562ebbfe7053462cce
solana:4YoNi7ek2Awn4F2XrC1Hu29x2qrVBtas9uSqjNnAZ32DQN8i8hxzZFJXbVZ5YqfnvBoKR3UiRjGzgvHbZARCQDX3:2:0,T0,true,scheduled,success,json_ok,observed,on_time,observed,6dc030cb239cd5bc928093b6
solana:4YoNi7ek2Awn4F2XrC1Hu29x2qrVBtas9uSqjNnAZ32DQN8i8hxzZFJXbVZ5YqfnvBoKR3UiRjGzgvHbZARCQDX3:2:0,T+24h,true,scheduled,success,json_ok,observed,on_time,observed,aba9f7cacb1231fe542e2c1b
solana:4YoNi7ek2Awn4F2XrC1Hu29x2qrVBtas9uSqjNnAZ32DQN8i8hxzZFJXbVZ5YqfnvBoKR3UiRjGzgvHbZARCQDX3:2:0,T+60h,true,scheduled,success,json_ok,observed,on_time,observed,7ac80f0f35f9c801ff4013ed
solana:4Vf8b6uQAqA1GbcRbSTjw3vpbTCxxADm7JocAQkBEzThhusrWbsx28SE5w8xpiWdQojNozaddsJtkcG1ibJ5tkKK:0:0,T0,true,scheduled,success,json_ok,observed,on_time,observed,eb82db20ceab9bbb8448d3fb
solana:4Vf8b6uQAqA1GbcRbSTjw3vpbTCxxADm7JocAQkBEzThhusrWbsx28SE5w8xpiWdQojNozaddsJtkcG1ibJ5tkKK:0:0,T+24h,true,scheduled,success,json_ok,observed,on_time,observed,676ed61f18b5061d516c6d61
solana:4Vf8b6uQAqA1GbcRbSTjw3vpbTCxxADm7JocAQkBEzThhusrWbsx28SE5w8xpiWdQojNozaddsJtkcG1ibJ5tkKK:0:0,T+60h,true,scheduled,success,json_ok,observed,on_time,observed,fac76fd34371c024c8e8c316
solana:imFytBpZ5SicDq5tmc8EveBK3TVjur9QJMcnc7mYE7H3wJ2gJ4kp8KnkZmtXDfTamNiLHSss6CqB6iVtufQ95Ls:2:0,T0,true,scheduled,success,json_ok,observed,on_time,observed,1f5da2fa2f39e3e6837ba55e
solana:imFytBpZ5SicDq5tmc8EveBK3TVjur9QJMcnc7mYE7H3wJ2gJ4kp8KnkZmtXDfTamNiLHSss6CqB6iVtufQ95Ls:2:0,T+24h,true,scheduled,success,json_ok,observed,on_time,observed,9312590d8731e92fcad3e64c
solana:imFytBpZ5SicDq5tmc8EveBK3TVjur9QJMcnc7mYE7H3wJ2gJ4kp8KnkZmtXDfTamNiLHSss6CqB6iVtufQ95Ls:2:0,T+60h,true,scheduled,success,json_ok,observed,on_time,observed,b9204325e0bad1f2edb9edd1
solana:zWMScZAKSED1M1mgMkgLa8ihUMudDSUW97E7rPgBzigVG2WNSnMaWPeTCpYtvqdpJNFD7kP77EcLik2B3j5PndT:0:0,T0,true,scheduled,success,json_ok,observed,on_time,observed,55a28ad9116f128835f05a49
solana:zWMScZAKSED1M1mgMkgLa8ihUMudDSUW97E7rPgBzigVG2WNSnMaWPeTCpYtvqdpJNFD7kP77EcLik2B3j5PndT:0:0,T+24h,true,scheduled,success,json_ok,observed,on_time,observed,fc0b282def5b8a91493a9638
solana:zWMScZAKSED1M1mgMkgLa8ihUMudDSUW97E7rPgBzigVG2WNSnMaWPeTCpYtvqdpJNFD7kP77EcLik2B3j5PndT:0:0,T+60h,true,scheduled,success,json_ok,observed,on_time,observed,4ae51eb153e03d6b4ff891ed
solana:3WrqxbjYsZZ5KZDp2W7ci1FfkpCF2znxt3SpHCFFadJxNUUxM7TYL3WhSTVy2dk2q6NHjTdfcV8EC3c15qWYsQT4:2:0,T0,true,scheduled,success,json_ok,observed,on_time,observed,fa594dfdefbe12909c0e9f1d
solana:3WrqxbjYsZZ5KZDp2W7ci1FfkpCF2znxt3SpHCFFadJxNUUxM7TYL3WhSTVy2dk2q6NHjTdfcV8EC3c15qWYsQT4:2:0,T+24h,true,scheduled,success,json_ok,observed,on_time,observed,a5e5adff0fe010a2b2cdd41d
solana:3WrqxbjYsZZ5KZDp2W7ci1FfkpCF2znxt3SpHCFFadJxNUUxM7TYL3WhSTVy2dk2q6NHjTdfcV8EC3c15qWYsQT4:2:0,T+60h,true,scheduled,success,json_ok,observed,on_time,observed,2d1b816cccff5ea9620a2fba
solana:4JZBnHqos51KcAviFfmUNC33cn6ZiMMio6vbvDipRTTiRD8iEaWvNhej4ZYQDY5a7AobFzwwBoqb64J6YWijpamD:2:0,T0,true,scheduled,not_collected_policy,not_collected_policy,not_observed,not_applicable,not_collected_policy,d44c2c5beb3aa20e484a0241
solana:4JZBnHqos51KcAviFfmUNC33cn6ZiMMio6vbvDipRTTiRD8iEaWvNhej4ZYQDY5a7AobFzwwBoqb64J6YWijpamD:2:0,T+24h,true,scheduled,not_collected_policy,not_collected_policy,not_observed,not_applicable,not_collected_policy,56d7f155a50abc98ec89e48b
solana:4JZBnHqos51KcAviFfmUNC33cn6ZiMMio6vbvDipRTTiRD8iEaWvNhej4ZYQDY5a7AobFzwwBoqb64J6YWijpamD:2:0,T+60h,true,scheduled,not_collected_policy,not_collected_policy,not_observed,not_applicable,not_collected_policy,aa4187cd5b875e93dfac552a
solana:2vBazHqtVCXf5pFVBjSWgCTACHQjX3LoRCs7f1PFV2gjubhTJsQPMmTBMCV7tu9tTwVczBNNucPBuKvaKj7ZWC8U:2:0,T0,true,scheduled,success,json_ok,observed,on_time,observed,e41681179acdb344eb6531ef
solana:2vBazHqtVCXf5pFVBjSWgCTACHQjX3LoRCs7f1PFV2gjubhTJsQPMmTBMCV7tu9tTwVczBNNucPBuKvaKj7ZWC8U:2:0,T+24h,true,scheduled,success,json_ok,observed,on_time,observed,8a42b71579cb244cc23c1048
solana:2vBazHqtVCXf5pFVBjSWgCTACHQjX3LoRCs7f1PFV2gjubhTJsQPMmTBMCV7tu9tTwVczBNNucPBuKvaKj7ZWC8U:2:0,T+60h,true,scheduled,success,json_ok,observed,on_time,observed,a68f033a221edd3dc8fc00ab
solana:63y1eKkMQUnsQ5Wda7pvFTpZwqsipvqrGs5bexTr9iWFskq1X2a4g7gomPTJyFs6KLrQzuG9GKtKrG1rSu5XDaan:2:0,T0,true,scheduled,success,json_ok,observed,on_time,observed,5d1d1adde3480ca7cf60319c
solana:63y1eKkMQUnsQ5Wda7pvFTpZwqsipvqrGs5bexTr9iWFskq1X2a4g7gomPTJyFs6KLrQzuG9GKtKrG1rSu5XDaan:2:0,T+24h,true,scheduled,success,json_ok,observed,on_time,observed,a2bc0ca74d1f1138826cfa05
solana:63y1eKkMQUnsQ5Wda7pvFTpZwqsipvqrGs5bexTr9iWFskq1X2a4g7gomPTJyFs6KLrQzuG9GKtKrG1rSu5XDaan:2:0,T+60h,true,scheduled,success,json_ok,observed,on_time,observed,3bc0575b78c9c15672de1ed1
solana:RxY6BWrJTtisZ1JACbvvy2b5vWeRr5R232HkPvNSq6MQbqKtob4oAQZGypB8JnCCpWh6HciZHmXpwcpnhpdapKH:2:0,T0,true,scheduled,failed,not_observed,not_observed,on_time,request_failed,36c7bbaa65a0c61a33959755
solana:RxY6BWrJTtisZ1JACbvvy2b5vWeRr5R232HkPvNSq6MQbqKtob4oAQZGypB8JnCCpWh6HciZHmXpwcpnhpdapKH:2:0,T+24h,true,scheduled,failed,not_observed,not_observed,on_time,request_failed,d3ce2a0eb8a55738499e2849
solana:RxY6BWrJTtisZ1JACbvvy2b5vWeRr5R232HkPvNSq6MQbqKtob4oAQZGypB8JnCCpWh6HciZHmXpwcpnhpdapKH:2:0,T+60h,true,scheduled,failed,not_observed,not_observed,on_time,request_failed,473a7c31b0c30444d3d5172c
solana:5MY3VCdNNWKh6Weaeu8mUQecAL6uyarH2t9wMJe1EgZ94qzUrdQErpBzXhHDtLEvZGhkzqGbf1rFEZkWQ9PSKd2X:0:0,T0,true,scheduled,success,json_ok,observed,on_time,observed,92584e44f039cd88d4a9a169
solana:5MY3VCdNNWKh6Weaeu8mUQecAL6uyarH2t9wMJe1EgZ94qzUrdQErpBzXhHDtLEvZGhkzqGbf1rFEZkWQ9PSKd2X:0:0,T+24h,true,scheduled,success,json_ok,observed,on_time,observed,9317700d91b6cdf2f522409b
solana:5MY3VCdNNWKh6Weaeu8mUQecAL6uyarH2t9wMJe1EgZ94qzUrdQErpBzXhHDtLEvZGhkzqGbf1rFEZkWQ9PSKd2X:0:0,T+60h,true,scheduled,success,json_ok,observed,on_time,observed,6ecdbaf6fb7b9ecfb0e96a17
solana:5NL585eDYRvXjbFt2Qfr9qhvu2zP9mcC2rzUAtvx8AEikUvidZuxkuNQbjqisuvZDUTQkoF5YrWGPuqw4Ne1EWh3:2:0,T0,true,scheduled,success,json_ok,observed,on_time,observed,a287d032cd62bccbbb1b5199
solana:5NL585eDYRvXjbFt2Qfr9qhvu2zP9mcC2rzUAtvx8AEikUvidZuxkuNQbjqisuvZDUTQkoF5YrWGPuqw4Ne1EWh3:2:0,T+24h,true,scheduled,success,json_ok,observed,on_time,observed,c7cd5c8f44368ae5b09c9aea
solana:5NL585eDYRvXjbFt2Qfr9qhvu2zP9mcC2rzUAtvx8AEikUvidZuxkuNQbjqisuvZDUTQkoF5YrWGPuqw4Ne1EWh3:2:0,T+60h,true,scheduled,success,json_ok,observed,on_time,observed,5d9f8721d07c9c97940b2bfc
solana:3UzQhiDGHjy1Acde8ht2hJj6bXbRbe1PtKQG5VtJqCkDhAFHivHeMC4DEZyoFj9txhoDzgpEPZQPkT6RL88LUa2W:2:0,T0,true,scheduled,failed,not_observed,not_observed,on_time,request_failed,9f031248fbbc9df8888b0b6b
solana:3UzQhiDGHjy1Acde8ht2hJj6bXbRbe1PtKQG5VtJqCkDhAFHivHeMC4DEZyoFj9txhoDzgpEPZQPkT6RL88LUa2W:2:0,T+24h,true,scheduled,failed,not_observed,not_observed,on_time,request_failed,d112d2f062f2343d4dc7b861
solana:3UzQhiDGHjy1Acde8ht2hJj6bXbRbe1PtKQG5VtJqCkDhAFHivHeMC4DEZyoFj9txhoDzgpEPZQPkT6RL88LUa2W:2:0,T+60h,true,scheduled,failed,not_observed,not_observed,on_time,request_failed,434b04d57f41418209f654f7
solana:4bn3rG1hxsCB9N4cVwVV9Cv6kbHZxVJXTYkQPH6qKGHH44jAogLUChvkawuzAW5wCoPuvB9BrB1mpyUwunBw6rC:2:0,T0,true,scheduled,success,json_ok,observed,on_time,observed,7dd92f32d6250981f693d8f6
solana:4bn3rG1hxsCB9N4cVwVV9Cv6kbHZxVJXTYkQPH6qKGHH44jAogLUChvkawuzAW5wCoPuvB9BrB1mpyUwunBw6rC:2:0,T+24h,true,scheduled,success,json_ok,observed,on_time,observed,62e594bd9dcbdd553fe07de1
solana:4bn3rG1hxsCB9N4cVwVV9Cv6kbHZxVJXTYkQPH6qKGHH44jAogLUChvkawuzAW5wCoPuvB9BrB1mpyUwunBw6rC:2:0,T+60h,true,scheduled,success,json_ok,observed,on_time,observed,a168f7a0b3e1d37226196bbd
solana:2QfwyjfBgQ9aZskRzXAJ634XKw23JXLnXnmVtUkFG7Xh8FSqkyVh5zCnuYUc2WNnXxXm2pUBfsYaxQmrfyjQQpvg:0:0,T0,true,scheduled,success,json_ok,observed,on_time,observed,a4b81f65780a17a848662edb
solana:2QfwyjfBgQ9aZskRzXAJ634XKw23JXLnXnmVtUkFG7Xh8FSqkyVh5zCnuYUc2WNnXxXm2pUBfsYaxQmrfyjQQpvg:0:0,T+24h,true,scheduled,success,json_ok,observed,on_time,observed,9c5f2f7a837a5a524cd9a262
solana:2QfwyjfBgQ9aZskRzXAJ634XKw23JXLnXnmVtUkFG7Xh8FSqkyVh5zCnuYUc2WNnXxXm2pUBfsYaxQmrfyjQQpvg:0:0,T+60h,true,scheduled,success,json_ok,observed,on_time,observed,420567836449d831dc51973e
solana:5nuCoybKwHFSYuQAfFJFMboW3VTvjFoGpmNyCxmpznhuR3sYXxUDyccQb3wkqFxbFEzHCU5eea37miFtRXbwunBt:2:0,T0,true,scheduled,success,json_ok,observed,on_time,observed,939abbb46ad2514a3672df7b
solana:5nuCoybKwHFSYuQAfFJFMboW3VTvjFoGpmNyCxmpznhuR3sYXxUDyccQb3wkqFxbFEzHCU5eea37miFtRXbwunBt:2:0,T+24h,true,scheduled,success,json_ok,observed,on_time,observed,770838c50b8e3b4f98bf4d24
solana:5nuCoybKwHFSYuQAfFJFMboW3VTvjFoGpmNyCxmpznhuR3sYXxUDyccQb3wkqFxbFEzHCU5eea37miFtRXbwunBt:2:0,T+60h,true,scheduled,success,json_ok,observed,on_time,observed,648119e908da071e04e263c4
solana:mxM2NsHEoK3nkT59ruzwcbhf47Axhcysj1AdF1NZFb48SJhgqudPAbe91aeWjT3mVCvdTYM9PRtRRo4DDwkmX7a:2:0,T0,true,scheduled,success,json_ok,observed,on_time,observed,e7504a1ec65b4018de66507d
solana:mxM2NsHEoK3nkT59ruzwcbhf47Axhcysj1AdF1NZFb48SJhgqudPAbe91aeWjT3mVCvdTYM9PRtRRo4DDwkmX7a:2:0,T+24h,true,scheduled,success,json_ok,observed,on_time,observed,727e697e452197a1bd5fc78b
solana:mxM2NsHEoK3nkT59ruzwcbhf47Axhcysj1AdF1NZFb48SJhgqudPAbe91aeWjT3mVCvdTYM9PRtRRo4DDwkmX7a:2:0,T+60h,true,scheduled,success,json_ok,observed,on_time,observed,6ea3971b3752bc8afbf44492
solana:5m3jq1hRjXSfSd978yd8n2vUnbQhNtXmNdKvZYnBpB8488wj9JSjgF2VoKC28MmkN8owfDBYT4wARhaRSuHXLdWF:2:0,T0,true,scheduled,failed,not_observed,not_observed,on_time,request_failed,81636840bcb6d35f6fb0db63
solana:5m3jq1hRjXSfSd978yd8n2vUnbQhNtXmNdKvZYnBpB8488wj9JSjgF2VoKC28MmkN8owfDBYT4wARhaRSuHXLdWF:2:0,T+24h,true,scheduled,failed,not_observed,not_observed,on_time,request_failed,08ad53c5b37116fc237eade9
solana:5m3jq1hRjXSfSd978yd8n2vUnbQhNtXmNdKvZYnBpB8488wj9JSjgF2VoKC28MmkN8owfDBYT4wARhaRSuHXLdWF:2:0,T+60h,true,scheduled,failed,not_observed,not_observed,on_time,request_failed,a2bf41649d6f761ec02bc497
solana:3sVr1SwJVQ4XRutShx6AeN1krN6mcThGuupGwU5iGgnoKE4NkQHZSmX2dDh39s7duQVadrVxvLCTwQKgziR25k3Q:2:0,T0,true,scheduled,success,json_ok,observed,on_time,observed,9e81c1bd98bb7d0f82f14358
solana:3sVr1SwJVQ4XRutShx6AeN1krN6mcThGuupGwU5iGgnoKE4NkQHZSmX2dDh39s7duQVadrVxvLCTwQKgziR25k3Q:2:0,T+24h,true,scheduled,success,json_ok,observed,on_time,observed,8e778347645c77cc1fe503dc
solana:3sVr1SwJVQ4XRutShx6AeN1krN6mcThGuupGwU5iGgnoKE4NkQHZSmX2dDh39s7duQVadrVxvLCTwQKgziR25k3Q:2:0,T+60h,true,scheduled,success,json_ok,observed,on_time,observed,9d1bbe236e82afff706ee9d4
solana:2dWCemJX3K59uaD7LbhpqLga9RmBn3q45nFc2h4cpUrv1kL5ALxJBWdrtcfqBWRs275y4EvhsGUkEJDDjC2kPWv:2:0,T0,true,scheduled,success,json_ok,observed,on_time,observed,c064fc99c44167f4f70d05de
solana:2dWCemJX3K59uaD7LbhpqLga9RmBn3q45nFc2h4cpUrv1kL5ALxJBWdrtcfqBWRs275y4EvhsGUkEJDDjC2kPWv:2:0,T+24h,true,scheduled,success,json_ok,observed,on_time,observed,9127a854e332f6a93eb07ae4
solana:2dWCemJX3K59uaD7LbhpqLga9RmBn3q45nFc2h4cpUrv1kL5ALxJBWdrtcfqBWRs275y4EvhsGUkEJDDjC2kPWv:2:0,T+60h,true,scheduled,success,json_ok,observed,on_time,observed,ae51d219ef70cc702886face
solana:2vGGir3RBYDXQ2zxWZJmodDYHoBGRHSnzmPRHNi47hQ6J8MtaECRLoH8U6vHnpoXWsFqwAissQDPLXXbAZREBqsN:0:0,T0,true,scheduled,success,json_ok,observed,on_time,observed,411ec3446f769782c4f4d4cd
solana:2vGGir3RBYDXQ2zxWZJmodDYHoBGRHSnzmPRHNi47hQ6J8MtaECRLoH8U6vHnpoXWsFqwAissQDPLXXbAZREBqsN:0:0,T+24h,true,scheduled,success,json_ok,observed,on_time,observed,037f116a76b7eec3e987046d
solana:2vGGir3RBYDXQ2zxWZJmodDYHoBGRHSnzmPRHNi47hQ6J8MtaECRLoH8U6vHnpoXWsFqwAissQDPLXXbAZREBqsN:0:0,T+60h,true,scheduled,success,json_ok,observed,on_time,observed,cc10e74604c94b2c496d5434
solana:2AvD677fDRfMj7hyCunH9mUYdX5BBxJ1W2jSjZ7uKaaCdB5sKohoFAkdwPGE71HwtMMZDjpiGMeET6n4CU3GQpiN:1:0,T0,true,scheduled,success,json_ok,observed,on_time,observed,4a7badeb5f91810903043fd0
solana:2AvD677fDRfMj7hyCunH9mUYdX5BBxJ1W2jSjZ7uKaaCdB5sKohoFAkdwPGE71HwtMMZDjpiGMeET6n4CU3GQpiN:1:0,T+24h,true,scheduled,success,json_ok,observed,on_time,observed,c5176f3c77f45aa2b778a412
solana:2AvD677fDRfMj7hyCunH9mUYdX5BBxJ1W2jSjZ7uKaaCdB5sKohoFAkdwPGE71HwtMMZDjpiGMeET6n4CU3GQpiN:1:0,T+60h,true,scheduled,success,json_ok,observed,on_time,observed,fa61d22659a376953ce73adb
solana:Kug439WQG4qs1Ku2kXFW3oxpMuc2ZRSGs1krKqdPNxS72nNSdiAUyqnTQUb96czvAz5sHZWDVXz9qeoanQDJZcC:2:0,T0,true,scheduled,failed,not_observed,not_observed,on_time,request_failed,2d0058a12897b3cd5f100ee2
solana:Kug439WQG4qs1Ku2kXFW3oxpMuc2ZRSGs1krKqdPNxS72nNSdiAUyqnTQUb96czvAz5sHZWDVXz9qeoanQDJZcC:2:0,T+24h,true,scheduled,failed,not_observed,not_observed,on_time,request_failed,c91b872b8955807a3508adb6
solana:Kug439WQG4qs1Ku2kXFW3oxpMuc2ZRSGs1krKqdPNxS72nNSdiAUyqnTQUb96czvAz5sHZWDVXz9qeoanQDJZcC:2:0,T+60h,true,scheduled,failed,not_observed,not_observed,on_time,request_failed,7b405f501b91e5896aff548b
solana:3AhesiSSrmzyfNVoGw8XED3ikBZhP41z51fsfxpigknpjYCkgg195qMcgHs2c74ZHTkXgYpDw336y1aap6XCMpAH:2:0,T0,true,scheduled,success,json_ok,observed,on_time,observed,fd55e46a2d9275422cd23cdb
solana:3AhesiSSrmzyfNVoGw8XED3ikBZhP41z51fsfxpigknpjYCkgg195qMcgHs2c74ZHTkXgYpDw336y1aap6XCMpAH:2:0,T+24h,true,scheduled,success,json_ok,observed,on_time,observed,7328f115760b050cc7f1b6a2
solana:3AhesiSSrmzyfNVoGw8XED3ikBZhP41z51fsfxpigknpjYCkgg195qMcgHs2c74ZHTkXgYpDw336y1aap6XCMpAH:2:0,T+60h,true,scheduled,success,json_ok,observed,on_time,observed,96880c6dba9d1d0a93164daf
solana:VRtXzdBkhbKL4LLA6oBoNoKcZ5LEVGbhydmwQS1zWsTNXk6VJGBS8zFfjvJvU776VtJtpAiLt8uTztwEmSvDmeg:2:0,T0,true,scheduled,success,json_ok,observed,on_time,observed,3c926e08b393d26dcf161666
solana:VRtXzdBkhbKL4LLA6oBoNoKcZ5LEVGbhydmwQS1zWsTNXk6VJGBS8zFfjvJvU776VtJtpAiLt8uTztwEmSvDmeg:2:0,T+24h,true,scheduled,success,json_ok,observed,on_time,observed,486f93cc4aa6b43f1881a937
solana:VRtXzdBkhbKL4LLA6oBoNoKcZ5LEVGbhydmwQS1zWsTNXk6VJGBS8zFfjvJvU776VtJtpAiLt8uTztwEmSvDmeg:2:0,T+60h,true,scheduled,success,json_ok,observed,on_time,observed,0eed0d1e58d41ee22746aba4
solana:5Wm28AzjSBBJQ7wAJBsKJEqsgvdy8pDvs1QMYtYNS3TDyYqcZGdtbDDUGBPcDWE9LnbwJg4FuFj5KSf4MQc95tAJ:2:0,T0,true,scheduled,success,json_ok,observed,on_time,observed,56db7a2ce1f980f328d92d14
solana:5Wm28AzjSBBJQ7wAJBsKJEqsgvdy8pDvs1QMYtYNS3TDyYqcZGdtbDDUGBPcDWE9LnbwJg4FuFj5KSf4MQc95tAJ:2:0,T+24h,true,scheduled,success,json_ok,observed,on_time,observed,33f7d0eefb980d890266ee3a
solana:5Wm28AzjSBBJQ7wAJBsKJEqsgvdy8pDvs1QMYtYNS3TDyYqcZGdtbDDUGBPcDWE9LnbwJg4FuFj5KSf4MQc95tAJ:2:0,T+60h,true,scheduled,success,json_ok,observed,on_time,observed,24d3b47a8eb51f16369017cd
solana:5iJaXq6W5PHc7Cz4ZQkUmAN7e7mAkPdKGvNrAXf5VJmmjBB5RD8fNGz8e4fLxZ9HZWZu7m7b1L1ib7jrJcE7V7mR:2:0,T0,true,scheduled,success,json_ok,observed,on_time,observed,3129c8ba94fc613b9cd52f70
solana:5iJaXq6W5PHc7Cz4ZQkUmAN7e7mAkPdKGvNrAXf5VJmmjBB5RD8fNGz8e4fLxZ9HZWZu7m7b1L1ib7jrJcE7V7mR:2:0,T+24h,true,scheduled,success,json_ok,observed,on_time,observed,1c4283fe4e4f8ca0c395091c
solana:5iJaXq6W5PHc7Cz4ZQkUmAN7e7mAkPdKGvNrAXf5VJmmjBB5RD8fNGz8e4fLxZ9HZWZu7m7b1L1ib7jrJcE7V7mR:2:0,T+60h,true,scheduled,success,json_ok,observed,on_time,observed,d4332e152919733f8cad8f4a
solana:2abn1LB3mPe8oCvZa8RtXU1of7PRW69bf3jM5ALWYox6zTAbFULDySiuBiSxyrDwisGiKx6Gem4DYwHFSJSPwzX4:2:0,T0,true,scheduled,success,json_ok,observed,on_time,observed,70353619c28210a348c09e11
solana:2abn1LB3mPe8oCvZa8RtXU1of7PRW69bf3jM5ALWYox6zTAbFULDySiuBiSxyrDwisGiKx6Gem4DYwHFSJSPwzX4:2:0,T+24h,true,scheduled,success,json_ok,observed,on_time,observed,9329fd0217df3116009dd360
solana:2abn1LB3mPe8oCvZa8RtXU1of7PRW69bf3jM5ALWYox6zTAbFULDySiuBiSxyrDwisGiKx6Gem4DYwHFSJSPwzX4:2:0,T+60h,true,scheduled,success,json_ok,observed,on_time,observed,30df238f8c8344abfbfb36c2
solana:437p97SwYCK4bkP2F5XtyCWYzijf1QyyR6McwC417eZawrmo8D54kxriKhth1CEf37ojUrnvRCpzedDDk4V5EXpc:0:0,T0,true,scheduled,success,json_ok,observed,on_time,observed,d93128c013b4527d02e135e8
solana:437p97SwYCK4bkP2F5XtyCWYzijf1QyyR6McwC417eZawrmo8D54kxriKhth1CEf37ojUrnvRCpzedDDk4V5EXpc:0:0,T+24h,true,scheduled,success,json_ok,observed,on_time,observed,6fb5d8dfec6d340ebbfc3f0b
solana:437p97SwYCK4bkP2F5XtyCWYzijf1QyyR6McwC417eZawrmo8D54kxriKhth1CEf37ojUrnvRCpzedDDk4V5EXpc:0:0,T+60h,true,scheduled,success,json_ok,observed,on_time,observed,3fa12b74894c9215417beff4
solana:3aj5W2BDrTAoLCbp7Xi7GYwGtXZM3QCvpohPkCfZfajXmvxYAvF71w6fRW5bDqgjmFTt8g9JphfN31ozjVWAhR44:0:0,T0,true,scheduled,success,json_ok,observed,on_time,observed,e7b1dbf2318b8ee28e3f55ea
solana:3aj5W2BDrTAoLCbp7Xi7GYwGtXZM3QCvpohPkCfZfajXmvxYAvF71w6fRW5bDqgjmFTt8g9JphfN31ozjVWAhR44:0:0,T+24h,true,scheduled,success,json_ok,observed,on_time,observed,ed9f81539ebde2417947ccdf
solana:3aj5W2BDrTAoLCbp7Xi7GYwGtXZM3QCvpohPkCfZfajXmvxYAvF71w6fRW5bDqgjmFTt8g9JphfN31ozjVWAhR44:0:0,T+60h,true,scheduled,success,json_ok,observed,on_time,observed,f33fdf0dbcd63937939b89ca
solana:5CVkiwhHtVrH6Ln1GiC88ma45JjwAZ9vzPaucAYA4trC9StttppFwWj2Jn22QPgR1ZUxTFaoAxfFjFFNXnSm9Vvw:2:0,T0,true,scheduled,success,json_ok,observed,on_time,observed,73c4471170ec36093916dac3
solana:5CVkiwhHtVrH6Ln1GiC88ma45JjwAZ9vzPaucAYA4trC9StttppFwWj2Jn22QPgR1ZUxTFaoAxfFjFFNXnSm9Vvw:2:0,T+24h,true,scheduled,success,json_ok,observed,on_time,observed,70fa022893b9df70952ae1ce
solana:5CVkiwhHtVrH6Ln1GiC88ma45JjwAZ9vzPaucAYA4trC9StttppFwWj2Jn22QPgR1ZUxTFaoAxfFjFFNXnSm9Vvw:2:0,T+60h,true,scheduled,success,json_ok,observed,on_time,observed,f61579ce80679b875cd16304
solana:3US4NdkAqPooodfDFi1EEn92i8ES3wtLDdwpKg1zpZrCCfQk4FumMmsPwDEoCAW4LxEe4KtbNP5vAKX49WK74UDf:2:0,T0,true,scheduled,success,json_ok,observed,on_time,observed,8598917421fc86d4532d826b
solana:3US4NdkAqPooodfDFi1EEn92i8ES3wtLDdwpKg1zpZrCCfQk4FumMmsPwDEoCAW4LxEe4KtbNP5vAKX49WK74UDf:2:0,T+24h,true,scheduled,success,json_ok,observed,on_time,observed,b1a68c0b076ca06f6b650a26
solana:3US4NdkAqPooodfDFi1EEn92i8ES3wtLDdwpKg1zpZrCCfQk4FumMmsPwDEoCAW4LxEe4KtbNP5vAKX49WK74UDf:2:0,T+60h,true,scheduled,success,json_ok,observed,on_time,observed,50bfd6208df1d664c60f2ba7
solana:5sCBSdKR5YdhywBTU7QgGQ717bgaTQ3Ksyh71JDuicN4ENAddzQFM3GuEJCk5HZTBb24Ya6D3BE5P7EUMvLcKNJW:2:0,T0,true,scheduled,success,json_ok,observed,on_time,observed,e6a2969744c7303a6697c264
solana:5sCBSdKR5YdhywBTU7QgGQ717bgaTQ3Ksyh71JDuicN4ENAddzQFM3GuEJCk5HZTBb24Ya6D3BE5P7EUMvLcKNJW:2:0,T+24h,true,scheduled,success,json_ok,observed,on_time,observed,01e56b0cf1ae37a831eb1da2
solana:5sCBSdKR5YdhywBTU7QgGQ717bgaTQ3Ksyh71JDuicN4ENAddzQFM3GuEJCk5HZTBb24Ya6D3BE5P7EUMvLcKNJW:2:0,T+60h,true,scheduled,success,json_ok,observed,on_time,observed,c3ac01da2da1354a02a7dfa2
solana:352Eg9QzER7TivM6SRsKFNkJnjacq1GtYWu9SkPMLZW5BYU9MeW8qpznVdWQcU48fq3EfdKRb62FKs89BnzJrb8P:2:0,T0,true,scheduled,success,json_ok,observed,on_time,observed,f5317de5eb7671c248bb4294
solana:352Eg9QzER7TivM6SRsKFNkJnjacq1GtYWu9SkPMLZW5BYU9MeW8qpznVdWQcU48fq3EfdKRb62FKs89BnzJrb8P:2:0,T+24h,true,scheduled,success,json_ok,observed,on_time,observed,fe122764f589d564089d89d1
solana:352Eg9QzER7TivM6SRsKFNkJnjacq1GtYWu9SkPMLZW5BYU9MeW8qpznVdWQcU48fq3EfdKRb62FKs89BnzJrb8P:2:0,T+60h,true,scheduled,success,json_ok,observed,on_time,observed,84d35b7912585681923672d4
solana:3n6wRL9MgAbbpJidsW7cspepwzyCVE7zieecB3LrairaMzhXnPVvfmSspkDAnt4JahcuvaXMjiiopFECdCKsjwyL:2:0,T0,true,scheduled,success,json_ok,observed,on_time,observed,58d570c4dc08e44c7a95b3f9
solana:3n6wRL9MgAbbpJidsW7cspepwzyCVE7zieecB3LrairaMzhXnPVvfmSspkDAnt4JahcuvaXMjiiopFECdCKsjwyL:2:0,T+24h,true,scheduled,success,json_ok,observed,on_time,observed,e619ee1c6df1a7b3ab6d9230
solana:3n6wRL9MgAbbpJidsW7cspepwzyCVE7zieecB3LrairaMzhXnPVvfmSspkDAnt4JahcuvaXMjiiopFECdCKsjwyL:2:0,T+60h,true,scheduled,success,json_ok,observed,on_time,observed,0bd7ca5f15857c67c2509b62
solana:5odKFxhHq5JSahkXFNnHJV9tYUDFxLigrykX6g42EcfzFE8QTW9xhqeGL3pksNJt3eEwFJxfezFLnLeprBCBH9uc:2:0,T0,true,scheduled,success,json_ok,observed,on_time,observed,1baa38f1c24f2c6cc3d204c8
solana:5odKFxhHq5JSahkXFNnHJV9tYUDFxLigrykX6g42EcfzFE8QTW9xhqeGL3pksNJt3eEwFJxfezFLnLeprBCBH9uc:2:0,T+24h,true,scheduled,success,json_ok,observed,on_time,observed,0f5328ea273183249a9af019
solana:5odKFxhHq5JSahkXFNnHJV9tYUDFxLigrykX6g42EcfzFE8QTW9xhqeGL3pksNJt3eEwFJxfezFLnLeprBCBH9uc:2:0,T+60h,true,scheduled,success,json_ok,observed,on_time,observed,a464917de99152d0abc2eee9
solana:4i4ogmu8366BwjMqP2wfZSCHxiWMjdJdekqdLsLAGJNkqMdhPe1YiCUQQV9kLKrmTrd3K8u4JWDH2cUp4iyGa3XP:2:0,T0,true,scheduled,success,json_ok,observed,on_time,observed,ca34edfc984958bb4856c173
solana:4i4ogmu8366BwjMqP2wfZSCHxiWMjdJdekqdLsLAGJNkqMdhPe1YiCUQQV9kLKrmTrd3K8u4JWDH2cUp4iyGa3XP:2:0,T+24h,true,scheduled,success,json_ok,observed,on_time,observed,a70c443419a79ffd3a43e6f5
solana:4i4ogmu8366BwjMqP2wfZSCHxiWMjdJdekqdLsLAGJNkqMdhPe1YiCUQQV9kLKrmTrd3K8u4JWDH2cUp4iyGa3XP:2:0,T+60h,true,scheduled,success,json_ok,observed,on_time,observed,f7268c38795346654763ea6e
solana:2puFnz9uN1zm6WRLAPapXARRMm4neaY3zM2g3ErNW7vGb41PZihh3b8WmEMs3j7kNWS5gFnALo1mfK97epcBuCWB:2:0,T0,true,scheduled,not_collected_policy,not_collected_policy,not_observed,not_applicable,not_collected_policy,d12ff574c36c9525201792f4
solana:2puFnz9uN1zm6WRLAPapXARRMm4neaY3zM2g3ErNW7vGb41PZihh3b8WmEMs3j7kNWS5gFnALo1mfK97epcBuCWB:2:0,T+24h,true,scheduled,not_collected_policy,not_collected_policy,not_observed,not_applicable,not_collected_policy,6e2d3da8f7a4d7d7ca4df0a0
solana:2puFnz9uN1zm6WRLAPapXARRMm4neaY3zM2g3ErNW7vGb41PZihh3b8WmEMs3j7kNWS5gFnALo1mfK97epcBuCWB:2:0,T+60h,true,scheduled,not_collected_policy,not_collected_policy,not_observed,not_applicable,not_collected_policy,478ba6d7b9059454dc064463
solana:57RKBZ8e3XF7kUbmxfU4xMsZH16tDhbqxsFY3PMPgYtTegMLvriBx3TZkKwnLgoyECa4d7HuBbJvtTrzqsq5e6Sf:2:0,T0,true,scheduled,not_collected_policy,not_collected_policy,not_observed,not_applicable,not_collected_policy,67070a6f0089dfddd56a095c
solana:57RKBZ8e3XF7kUbmxfU4xMsZH16tDhbqxsFY3PMPgYtTegMLvriBx3TZkKwnLgoyECa4d7HuBbJvtTrzqsq5e6Sf:2:0,T+24h,true,scheduled,not_collected_policy,not_collected_policy,not_observed,not_applicable,not_collected_policy,e5015af6af706dc01ab61205
solana:57RKBZ8e3XF7kUbmxfU4xMsZH16tDhbqxsFY3PMPgYtTegMLvriBx3TZkKwnLgoyECa4d7HuBbJvtTrzqsq5e6Sf:2:0,T+60h,true,scheduled,not_collected_policy,not_collected_policy,not_observed,not_applicable,not_collected_policy,e85a57e82fef2309c3c9826a
solana:2TDQYMR3Qntfa6pLACUztrpf9SN6KDswgosZW51Pn3EPgPfu6cJ54361cPbruD21YHjD4v5q1VzxPp9dXn6qKJLh:2:0,T0,true,scheduled,success,json_ok,observed,on_time,observed,f2f5f2cee6b8a43aa7c9d6ce
solana:2TDQYMR3Qntfa6pLACUztrpf9SN6KDswgosZW51Pn3EPgPfu6cJ54361cPbruD21YHjD4v5q1VzxPp9dXn6qKJLh:2:0,T+24h,true,scheduled,success,json_ok,observed,on_time,observed,762afbca8f6261c6403f86cc
solana:2TDQYMR3Qntfa6pLACUztrpf9SN6KDswgosZW51Pn3EPgPfu6cJ54361cPbruD21YHjD4v5q1VzxPp9dXn6qKJLh:2:0,T+60h,true,scheduled,success,json_ok,observed,on_time,observed,2f6c57768f0958028ecc75cd
solana:6DvgtqgY1hHUhXuE6TeDrgGKmxbErW1SbmYiSwvUhpWJu5Ze1XuFdLGS8jv13oJdoShktec9UgsAVuxNMd6fmxe:2:0,T0,true,scheduled,success,json_ok,observed,on_time,observed,8fec6271e2813c9d01ca438f
solana:6DvgtqgY1hHUhXuE6TeDrgGKmxbErW1SbmYiSwvUhpWJu5Ze1XuFdLGS8jv13oJdoShktec9UgsAVuxNMd6fmxe:2:0,T+24h,true,scheduled,success,json_ok,observed,on_time,observed,637f7a48b0b8cb274eefb0fe
solana:6DvgtqgY1hHUhXuE6TeDrgGKmxbErW1SbmYiSwvUhpWJu5Ze1XuFdLGS8jv13oJdoShktec9UgsAVuxNMd6fmxe:2:0,T+60h,true,scheduled,success,json_ok,observed,on_time,observed,b3774c711089f573cad74616
solana:Lqwde3npGC6g8ZizuvQ9sFuyUhoMej6WPgym5ssqsWTjrW4Hq8vqoPy5XWys4TGLRDe3gKahGRrYGt5hytesxQU:3:0,T0,true,scheduled,failed,not_observed,not_observed,late,request_failed,d015d99b418d862f722d829f
solana:Lqwde3npGC6g8ZizuvQ9sFuyUhoMej6WPgym5ssqsWTjrW4Hq8vqoPy5XWys4TGLRDe3gKahGRrYGt5hytesxQU:3:0,T+24h,true,scheduled,failed,not_observed,not_observed,late,request_failed,7392c5c90484b914c8529483
solana:Lqwde3npGC6g8ZizuvQ9sFuyUhoMej6WPgym5ssqsWTjrW4Hq8vqoPy5XWys4TGLRDe3gKahGRrYGt5hytesxQU:3:0,T+60h,true,scheduled,failed,not_observed,not_observed,on_time,request_failed,738e9136ea7dd008dec9b16f
solana:395TSTpJFw6eVvChWyu6MCnREiuDrMNnJJRAce9wr1MuYJ3eUVsCCoaWVGm7DBThem49YMnhdn5c4JXeTyJ1dPav:2:0,T0,true,scheduled,success,json_ok,observed,on_time,observed,049a0690f21c3904da850ed9
solana:395TSTpJFw6eVvChWyu6MCnREiuDrMNnJJRAce9wr1MuYJ3eUVsCCoaWVGm7DBThem49YMnhdn5c4JXeTyJ1dPav:2:0,T+24h,true,scheduled,success,json_ok,observed,on_time,observed,070d01d88fb38c9574222294
solana:395TSTpJFw6eVvChWyu6MCnREiuDrMNnJJRAce9wr1MuYJ3eUVsCCoaWVGm7DBThem49YMnhdn5c4JXeTyJ1dPav:2:0,T+60h,true,scheduled,success,json_ok,observed,on_time,observed,f96af0b2f18d65ced0cebb2e
solana:3ZB8XTcqMyRxSroFMC47MHZ9vh6nkD3Asas8pwe6q82HqL26VXDqR5MUHPiA1TfQW8Ka3MMBvq3NKTV5Cq28BHou:2:0,T0,true,scheduled,failed,not_observed,not_observed,on_time,request_failed,d58396efc2d75b6396616901
solana:3ZB8XTcqMyRxSroFMC47MHZ9vh6nkD3Asas8pwe6q82HqL26VXDqR5MUHPiA1TfQW8Ka3MMBvq3NKTV5Cq28BHou:2:0,T+24h,true,scheduled,failed,not_observed,not_observed,on_time,request_failed,9b545866350bae8cbcd06ed6
solana:3ZB8XTcqMyRxSroFMC47MHZ9vh6nkD3Asas8pwe6q82HqL26VXDqR5MUHPiA1TfQW8Ka3MMBvq3NKTV5Cq28BHou:2:0,T+60h,true,scheduled,failed,not_observed,not_observed,on_time,request_failed,3bf595046f126d11fe2d78be
solana:efzC6rUqVQJgD3mjVwbtBgwKDcywgNB59HWea6ZA7zWvT1FjS49AT282e5KpEMrDBkVGuav7EvaNPuD7F3s7aek:2:0,T0,true,scheduled,failed,not_observed,not_observed,on_time,request_failed,3bcaafe8139c03bf6d126131
solana:efzC6rUqVQJgD3mjVwbtBgwKDcywgNB59HWea6ZA7zWvT1FjS49AT282e5KpEMrDBkVGuav7EvaNPuD7F3s7aek:2:0,T+24h,true,scheduled,failed,not_observed,not_observed,on_time,request_failed,a877039dd8c9348a399ebcf4
solana:efzC6rUqVQJgD3mjVwbtBgwKDcywgNB59HWea6ZA7zWvT1FjS49AT282e5KpEMrDBkVGuav7EvaNPuD7F3s7aek:2:0,T+60h,true,scheduled,failed,not_observed,not_observed,on_time,request_failed,58e6f6847c7b763792b680db
solana:2dR415vLuavWfv3BtJ2aCQwqBba5fCsoHt92z8HvMhx2JwXD6osnQaDz85XwDTG2NnxWe4DDDcTmscjtpxbgaW98:2:0,T0,true,scheduled,success,json_ok,observed,on_time,observed,f1baf0f3ac1c7bfea9bb5d1f
solana:2dR415vLuavWfv3BtJ2aCQwqBba5fCsoHt92z8HvMhx2JwXD6osnQaDz85XwDTG2NnxWe4DDDcTmscjtpxbgaW98:2:0,T+24h,true,scheduled,success,json_ok,observed,on_time,observed,6bfd261686399a48586f1eb2
solana:2dR415vLuavWfv3BtJ2aCQwqBba5fCsoHt92z8HvMhx2JwXD6osnQaDz85XwDTG2NnxWe4DDDcTmscjtpxbgaW98:2:0,T+60h,true,scheduled,success,json_ok,observed,on_time,observed,563339172a45ed13bcc0c40f
solana:4pGFU4bzdq7DfqYh9khAMNtVSkLfgwrjuPUwThaLD1HjiBNZvCijMQKZ6LGvvPnStfYyuDXdf7eZpbFo6MgQmkpg:2:0,T0,true,scheduled,success,json_ok,observed,on_time,observed,8c2540bdcac17ead9de4230a
solana:4pGFU4bzdq7DfqYh9khAMNtVSkLfgwrjuPUwThaLD1HjiBNZvCijMQKZ6LGvvPnStfYyuDXdf7eZpbFo6MgQmkpg:2:0,T+24h,true,scheduled,success,json_ok,observed,on_time,observed,b9097bf02f5f789614bd3f30
solana:4pGFU4bzdq7DfqYh9khAMNtVSkLfgwrjuPUwThaLD1HjiBNZvCijMQKZ6LGvvPnStfYyuDXdf7eZpbFo6MgQmkpg:2:0,T+60h,true,scheduled,success,json_ok,observed,on_time,observed,aadf2eed38a1090db4a3178d
solana:52ypcFCJwYREcGzBgX6Wkm7kDYKKb4Vgqi6fa3wmWwqGyrDZLo3pdPtBUNeCkBChSoohEbRLj6gJUTm7aqAeY6PP:2:0,T0,true,scheduled,success,json_ok,observed,on_time,observed,80aed779547f790e0e0a72de
solana:52ypcFCJwYREcGzBgX6Wkm7kDYKKb4Vgqi6fa3wmWwqGyrDZLo3pdPtBUNeCkBChSoohEbRLj6gJUTm7aqAeY6PP:2:0,T+24h,true,scheduled,success,json_ok,observed,on_time,observed,6021e956cee17d2fe4d92b53
solana:52ypcFCJwYREcGzBgX6Wkm7kDYKKb4Vgqi6fa3wmWwqGyrDZLo3pdPtBUNeCkBChSoohEbRLj6gJUTm7aqAeY6PP:2:0,T+60h,true,scheduled,success,json_ok,observed,on_time,observed,6ca0203b5a7afc74461a0de4
solana:3tUpfEwc41fX6JQW5xtMEKFSM7LQmzzx62ckWkWEKuZyeWSQvm1Pgd1DDreLkEpXDybYEvb87jPsXyPVy3MS41m1:2:0,T0,true,scheduled,success,json_ok,observed,on_time,observed,bcfb529f7b852c0f4b906d3f
solana:3tUpfEwc41fX6JQW5xtMEKFSM7LQmzzx62ckWkWEKuZyeWSQvm1Pgd1DDreLkEpXDybYEvb87jPsXyPVy3MS41m1:2:0,T+24h,true,scheduled,success,json_ok,observed,on_time,observed,d0f35e1be8a8c362ed5d3b8d
solana:3tUpfEwc41fX6JQW5xtMEKFSM7LQmzzx62ckWkWEKuZyeWSQvm1Pgd1DDreLkEpXDybYEvb87jPsXyPVy3MS41m1:2:0,T+60h,true,scheduled,success,json_ok,observed,on_time,observed,a7267ff796f48e18e11b5644
solana:34usRM6ZAhsEQ9JaSsJxBhjUw2ycdDocayX4QujPceN7wCf25eNw9GBxVeZZWZtsnfaKLMNHZZTzfLbdYSpyiqKp:2:0,T0,true,scheduled,success,json_ok,observed,on_time,observed,4c1de2a1defc662cb0abcbd5
solana:34usRM6ZAhsEQ9JaSsJxBhjUw2ycdDocayX4QujPceN7wCf25eNw9GBxVeZZWZtsnfaKLMNHZZTzfLbdYSpyiqKp:2:0,T+24h,true,scheduled,success,json_ok,observed,on_time,observed,cfb5de3324e717656390cb2f
solana:34usRM6ZAhsEQ9JaSsJxBhjUw2ycdDocayX4QujPceN7wCf25eNw9GBxVeZZWZtsnfaKLMNHZZTzfLbdYSpyiqKp:2:0,T+60h,true,scheduled,success,json_ok,observed,on_time,observed,8b194450bd811744a0b7e8d2
solana:2DPNozQjGkXnx55y8GYhyPYFWyb1zfNPx7rt5x18E7Uio1v17XTsomBuqdv8AjTGKATY9UdsXBk8N9FTmbWohij2:2:0,T0,true,scheduled,success,json_ok,observed,on_time,observed,85dbc5fc5a0d44f51379c2a5
solana:2DPNozQjGkXnx55y8GYhyPYFWyb1zfNPx7rt5x18E7Uio1v17XTsomBuqdv8AjTGKATY9UdsXBk8N9FTmbWohij2:2:0,T+24h,true,scheduled,success,json_ok,observed,on_time,observed,760cb532f39c08d4448f1497
solana:2DPNozQjGkXnx55y8GYhyPYFWyb1zfNPx7rt5x18E7Uio1v17XTsomBuqdv8AjTGKATY9UdsXBk8N9FTmbWohij2:2:0,T+60h,true,scheduled,success,json_ok,observed,on_time,observed,90a33fceb19acb453eba4bc5
solana:4cthng4Z6tdKggz8YD6jBexdwTyE2MjDR5cCvq9NZnXTNQwCpBd4cbcgbGTukgiWciSbcuCebjPzd7fyQqiLZWtF:2:0,T0,true,scheduled,success,json_ok,observed,on_time,observed,38f7fb8fc583fdc756072984
solana:4cthng4Z6tdKggz8YD6jBexdwTyE2MjDR5cCvq9NZnXTNQwCpBd4cbcgbGTukgiWciSbcuCebjPzd7fyQqiLZWtF:2:0,T+24h,true,scheduled,success,json_ok,observed,on_time,observed,a65dcb41bdd80d3ab52f903c
solana:4cthng4Z6tdKggz8YD6jBexdwTyE2MjDR5cCvq9NZnXTNQwCpBd4cbcgbGTukgiWciSbcuCebjPzd7fyQqiLZWtF:2:0,T+60h,true,scheduled,success,json_ok,observed,on_time,observed,28b7399de6153ee1990c9a3c
solana:5zGutdH2PrSzyvhX66Cm5bZLSawCqSk8jCobYniPqUioZXUK7H9qQMAKLv7fiHVRBFpuADV3WrmDwFpP1rhnZE64:2:0,T0,true,scheduled,success,json_ok,observed,on_time,observed,e8c85a98c32ebfbee49d853e
solana:5zGutdH2PrSzyvhX66Cm5bZLSawCqSk8jCobYniPqUioZXUK7H9qQMAKLv7fiHVRBFpuADV3WrmDwFpP1rhnZE64:2:0,T+24h,true,scheduled,success,json_ok,observed,on_time,observed,fe95a394e83551ff7b21c0ef
solana:5zGutdH2PrSzyvhX66Cm5bZLSawCqSk8jCobYniPqUioZXUK7H9qQMAKLv7fiHVRBFpuADV3WrmDwFpP1rhnZE64:2:0,T+60h,true,scheduled,success,json_ok,observed,on_time,observed,48194c830c7ceacdfb9de266
solana:2CA1rBdcC1EiC9u6qLCg6F4Aqh8iqTT3A9SbLnKsUKmZyJZ3QPKhxT98am6aiKo2S8BV7fnCnFErfHurojYTubjS:2:0,T0,true,scheduled,failed,not_observed,not_observed,on_time,request_failed,3a08c01870268045f1b4148e
solana:2CA1rBdcC1EiC9u6qLCg6F4Aqh8iqTT3A9SbLnKsUKmZyJZ3QPKhxT98am6aiKo2S8BV7fnCnFErfHurojYTubjS:2:0,T+24h,true,scheduled,failed,not_observed,not_observed,on_time,request_failed,625e4354d96ee2a06b13463c
solana:2CA1rBdcC1EiC9u6qLCg6F4Aqh8iqTT3A9SbLnKsUKmZyJZ3QPKhxT98am6aiKo2S8BV7fnCnFErfHurojYTubjS:2:0,T+60h,true,scheduled,failed,not_observed,not_observed,on_time,request_failed,d1f123c70a643a4b17ae9300
solana:2xfK3tq1qreViUyYExrSeMoceWVWeg7h9rRf3c1AE1LBkbrfqNXRAtpmbnC5pNWtXEhBb6tTzVEkYgkxfi3m6nWS:2:0,T0,true,scheduled,success,json_ok,observed,on_time,observed,7c33ba07b880bfe481743122
solana:2xfK3tq1qreViUyYExrSeMoceWVWeg7h9rRf3c1AE1LBkbrfqNXRAtpmbnC5pNWtXEhBb6tTzVEkYgkxfi3m6nWS:2:0,T+24h,true,scheduled,success,json_ok,observed,on_time,observed,97d6c77bc7920c1dee5d3cf3
solana:2xfK3tq1qreViUyYExrSeMoceWVWeg7h9rRf3c1AE1LBkbrfqNXRAtpmbnC5pNWtXEhBb6tTzVEkYgkxfi3m6nWS:2:0,T+60h,true,scheduled,success,json_ok,observed,on_time,observed,6188bf17ebaf69f99ff4f1ac
solana:XNrc9D4Prtd1fVwsfKD14bXFLkReaNbRLn349tkiZyKsamhyjiFYepGqs3C2eUvjRC9LicDDGBdzmgbpNCjk76W:2:0,T0,true,scheduled,success,json_ok,observed,on_time,observed,d6f222d8748ee5c487c1b5c1
solana:XNrc9D4Prtd1fVwsfKD14bXFLkReaNbRLn349tkiZyKsamhyjiFYepGqs3C2eUvjRC9LicDDGBdzmgbpNCjk76W:2:0,T+24h,true,scheduled,success,json_ok,observed,on_time,observed,2750f229f7ff80045c321c06
solana:XNrc9D4Prtd1fVwsfKD14bXFLkReaNbRLn349tkiZyKsamhyjiFYepGqs3C2eUvjRC9LicDDGBdzmgbpNCjk76W:2:0,T+60h,true,scheduled,success,json_ok,observed,on_time,observed,4de1d98d279dc9ec718bedd1
solana:dj8U3koNJsEBvFF43bWVDbzRz9sWnoNBAczSAGTVTXZXvgr6STKtcGdyMRa5z4CnUFHfJdRmcY72UGh9ooiUNzT:2:0,T0,true,scheduled,success,json_ok,observed,on_time,observed,884f5e5252acbe1a79b9c8ff
solana:dj8U3koNJsEBvFF43bWVDbzRz9sWnoNBAczSAGTVTXZXvgr6STKtcGdyMRa5z4CnUFHfJdRmcY72UGh9ooiUNzT:2:0,T+24h,true,scheduled,success,json_ok,observed,on_time,observed,7f1949401b89e414e890f596
solana:dj8U3koNJsEBvFF43bWVDbzRz9sWnoNBAczSAGTVTXZXvgr6STKtcGdyMRa5z4CnUFHfJdRmcY72UGh9ooiUNzT:2:0,T+60h,true,scheduled,success,json_ok,observed,on_time,observed,67dad41892f807778b15392c
solana:dqPJFuiXTtxMBWc2c42PEZAEC7addLi9iEeFJ783fzumteF5SQ5Tya4FrDUh77qsAGK7ujU4fP1JKg27FmtbGGC:2:0,T0,true,scheduled,success,json_ok,observed,on_time,observed,a17e04ef94fee3f0e2b0c805
solana:dqPJFuiXTtxMBWc2c42PEZAEC7addLi9iEeFJ783fzumteF5SQ5Tya4FrDUh77qsAGK7ujU4fP1JKg27FmtbGGC:2:0,T+24h,true,scheduled,success,json_ok,observed,on_time,observed,09f30368683c9c74b4ce822d
solana:dqPJFuiXTtxMBWc2c42PEZAEC7addLi9iEeFJ783fzumteF5SQ5Tya4FrDUh77qsAGK7ujU4fP1JKg27FmtbGGC:2:0,T+60h,true,scheduled,success,json_ok,observed,on_time,observed,de4609d8719966fbe9e10bfa
solana:4tzpjLcbc9btb42snfms9c71ZMR2tEDxDggFp8EodStXfZtAEKpuZK5LXUVTYBdX9JC2rfWR2ez3UHuDLy3d2LPz:2:0,T0,true,scheduled,failed,not_observed,not_observed,on_time,request_failed,ad53fa9358a2534d97ce4055
solana:4tzpjLcbc9btb42snfms9c71ZMR2tEDxDggFp8EodStXfZtAEKpuZK5LXUVTYBdX9JC2rfWR2ez3UHuDLy3d2LPz:2:0,T+24h,true,scheduled,failed,not_observed,not_observed,on_time,request_failed,cde2ed2a5ea5ddd3ff936144
solana:4tzpjLcbc9btb42snfms9c71ZMR2tEDxDggFp8EodStXfZtAEKpuZK5LXUVTYBdX9JC2rfWR2ez3UHuDLy3d2LPz:2:0,T+60h,true,scheduled,failed,not_observed,not_observed,on_time,request_failed,0969b2b753db9336f32afb9b
solana:5KV5eVgVAPKezPz9DJdcMRP8GyJAfbWhmJ4kiXz9cbLKXSqssUGqRvWePJmQrB1EFQBSbDQbn8Ghstiew33RJwoV:2:0,T0,true,scheduled,success,json_ok,observed,on_time,observed,20ebf7ebf3d7952227c30d1d
solana:5KV5eVgVAPKezPz9DJdcMRP8GyJAfbWhmJ4kiXz9cbLKXSqssUGqRvWePJmQrB1EFQBSbDQbn8Ghstiew33RJwoV:2:0,T+24h,true,scheduled,success,json_ok,observed,on_time,observed,c8e342fa5785bf7355f3b4c5
solana:5KV5eVgVAPKezPz9DJdcMRP8GyJAfbWhmJ4kiXz9cbLKXSqssUGqRvWePJmQrB1EFQBSbDQbn8Ghstiew33RJwoV:2:0,T+60h,true,scheduled,success,json_ok,observed,on_time,observed,3b7b7eb226a43ee0573d0f43
solana:3bmaXkVFrHpdsdmXqqJo3meeXUU3xGwpSP4JP7enHYgJXR39PFR9v2jSdqr8iDK7noJWfh9ECHUSD7jDsrauZ439:0:0,T0,true,scheduled,success,json_ok,observed,on_time,observed,4e17d5a95d6dd74fca4a47a3
solana:3bmaXkVFrHpdsdmXqqJo3meeXUU3xGwpSP4JP7enHYgJXR39PFR9v2jSdqr8iDK7noJWfh9ECHUSD7jDsrauZ439:0:0,T+24h,true,scheduled,success,json_ok,observed,on_time,observed,80a83c6bf450489374a3f56a
solana:3bmaXkVFrHpdsdmXqqJo3meeXUU3xGwpSP4JP7enHYgJXR39PFR9v2jSdqr8iDK7noJWfh9ECHUSD7jDsrauZ439:0:0,T+60h,true,scheduled,success,json_ok,observed,on_time,observed,321596a1143ff04fb9a19ba6
solana:63beEcM8Co3EjS8uiL51UkUaCLY4rP1qeoSf5egqLgavRNqMhU2g8jnuN4pfaYpV1RBSFTpfDS1SiEcc6ozq9GYE:2:0,T0,true,scheduled,success,json_ok,observed,on_time,observed,647f925f7e1f526beb77a1aa
solana:63beEcM8Co3EjS8uiL51UkUaCLY4rP1qeoSf5egqLgavRNqMhU2g8jnuN4pfaYpV1RBSFTpfDS1SiEcc6ozq9GYE:2:0,T+24h,true,scheduled,success,json_ok,observed,on_time,observed,14c259dcd5f1e86da03bbcb9
solana:63beEcM8Co3EjS8uiL51UkUaCLY4rP1qeoSf5egqLgavRNqMhU2g8jnuN4pfaYpV1RBSFTpfDS1SiEcc6ozq9GYE:2:0,T+60h,true,scheduled,success,json_ok,observed,on_time,observed,755f7f9ce19a45451f83f95f
solana:51hrHHXu56AXqaSLuwVedd1ekbWDrCKqZMQK4vjgS4CDSvgVXSRHZFhM724NECKjs9pcNyk1G3y2ok3MtoHkJ1S7:2:0,T0,true,scheduled,failed,not_observed,not_observed,on_time,request_failed,c574730de5b304907cc24afc
solana:51hrHHXu56AXqaSLuwVedd1ekbWDrCKqZMQK4vjgS4CDSvgVXSRHZFhM724NECKjs9pcNyk1G3y2ok3MtoHkJ1S7:2:0,T+24h,true,scheduled,failed,not_observed,not_observed,on_time,request_failed,0af17e0f5ed2e958bca278ad
solana:51hrHHXu56AXqaSLuwVedd1ekbWDrCKqZMQK4vjgS4CDSvgVXSRHZFhM724NECKjs9pcNyk1G3y2ok3MtoHkJ1S7:2:0,T+60h,true,scheduled,failed,not_observed,not_observed,on_time,request_failed,b7010943a34ff023cc9ee3ff
solana:oC23fLry3twBCQs1G8BiT5h9DDSDHg9BoyUTmxvCqAwYLnsuxVKXEJb8q98AKFuLNVg9xLafYo8n1GDUz2qa9BU:2:0,T0,true,scheduled,success,json_ok,observed,on_time,observed,db7d44f5187ddcf9fbf0496a
solana:oC23fLry3twBCQs1G8BiT5h9DDSDHg9BoyUTmxvCqAwYLnsuxVKXEJb8q98AKFuLNVg9xLafYo8n1GDUz2qa9BU:2:0,T+24h,true,scheduled,success,json_ok,observed,on_time,observed,68c8aa89472c4b40379b3412
solana:oC23fLry3twBCQs1G8BiT5h9DDSDHg9BoyUTmxvCqAwYLnsuxVKXEJb8q98AKFuLNVg9xLafYo8n1GDUz2qa9BU:2:0,T+60h,true,scheduled,success,json_ok,observed,on_time,observed,226aaac1c5561093cdaeefbc
solana:2FFqidjX5DVrTap7QePGZxC9R8L7pJrk19YogVtGStXPwMCrserwUdsqG2jh4AkEQQQtgx74XHxE8v8vsttUCXbF:2:0,T0,true,scheduled,success,json_ok,observed,on_time,observed,672ffe8b8f1616b38e4b4b99
solana:2FFqidjX5DVrTap7QePGZxC9R8L7pJrk19YogVtGStXPwMCrserwUdsqG2jh4AkEQQQtgx74XHxE8v8vsttUCXbF:2:0,T+24h,true,scheduled,success,json_ok,observed,on_time,observed,236c8ed9fc4fc5209097b007
solana:2FFqidjX5DVrTap7QePGZxC9R8L7pJrk19YogVtGStXPwMCrserwUdsqG2jh4AkEQQQtgx74XHxE8v8vsttUCXbF:2:0,T+60h,true,scheduled,success,json_ok,observed,on_time,observed,e0db592f657e5f0dd25be306
solana:b3PfiwiyNg4pM1j3zouCUHs4xBPmhLScdyXDc5J1qL3RYq4pPWe5yetFDgCJHs2XaMaNt91TzNqTQqw38WBgz7K:2:0,T0,true,scheduled,success,json_ok,observed,on_time,observed,c8fe5a47b5d6bd3e21810c2d
solana:b3PfiwiyNg4pM1j3zouCUHs4xBPmhLScdyXDc5J1qL3RYq4pPWe5yetFDgCJHs2XaMaNt91TzNqTQqw38WBgz7K:2:0,T+24h,true,scheduled,success,json_ok,observed,on_time,observed,0bc501c5b52a8d934d975486
solana:b3PfiwiyNg4pM1j3zouCUHs4xBPmhLScdyXDc5J1qL3RYq4pPWe5yetFDgCJHs2XaMaNt91TzNqTQqw38WBgz7K:2:0,T+60h,true,scheduled,success,json_ok,observed,on_time,observed,847b37bcc2847c9a911caeef
solana:mJyRHvYscQrbx8KuMwCewpUWbApbnjfypRDg29M1o7HMDJzTjvvqjV8BoTgMPc3FNm1P99fsp4J9tzAbFjC7Yrp:2:0,T0,true,scheduled,success,json_ok,observed,on_time,observed,063b5681b0f8fccf58bb3466
solana:mJyRHvYscQrbx8KuMwCewpUWbApbnjfypRDg29M1o7HMDJzTjvvqjV8BoTgMPc3FNm1P99fsp4J9tzAbFjC7Yrp:2:0,T+24h,true,scheduled,success,json_ok,observed,on_time,observed,f0b3f5fbb2135b1fb0a3ec11
solana:mJyRHvYscQrbx8KuMwCewpUWbApbnjfypRDg29M1o7HMDJzTjvvqjV8BoTgMPc3FNm1P99fsp4J9tzAbFjC7Yrp:2:0,T+60h,true,scheduled,success,json_ok,observed,on_time,observed,a88c12d91e5ff92ddf744c8a
solana:Bp5bEkyLnbwFg2Q1i9oiUzTW8w88Dpjb9mdVdpfetKsHMvahCz5pBxfwVZao1iLhMR777hqR1DG8Lc2AQ64Epft:2:0,T0,true,scheduled,success,json_ok,observed,on_time,observed,8237aebe39bdd30114fcc6d4
solana:Bp5bEkyLnbwFg2Q1i9oiUzTW8w88Dpjb9mdVdpfetKsHMvahCz5pBxfwVZao1iLhMR777hqR1DG8Lc2AQ64Epft:2:0,T+24h,true,scheduled,success,json_ok,observed,on_time,observed,96d4b04943ee97b183116ed9
solana:Bp5bEkyLnbwFg2Q1i9oiUzTW8w88Dpjb9mdVdpfetKsHMvahCz5pBxfwVZao1iLhMR777hqR1DG8Lc2AQ64Epft:2:0,T+60h,true,scheduled,success,json_ok,observed,on_time,observed,65e4e31edff9279373319f79
solana:3f6Ui2o4uVe4kft7Lv69mH5MTV3EYRXyAbQnpjZ9MWFqEGGwivKyEFLeTxo5GwRdbWjrLcdaaeFqEvTGF36VF1S:2:0,T0,true,scheduled,success,json_ok,observed,on_time,observed,6bdf2581717863740bca123d
solana:3f6Ui2o4uVe4kft7Lv69mH5MTV3EYRXyAbQnpjZ9MWFqEGGwivKyEFLeTxo5GwRdbWjrLcdaaeFqEvTGF36VF1S:2:0,T+24h,true,scheduled,success,json_ok,observed,on_time,observed,aa88e2f549cc37f627394139
solana:3f6Ui2o4uVe4kft7Lv69mH5MTV3EYRXyAbQnpjZ9MWFqEGGwivKyEFLeTxo5GwRdbWjrLcdaaeFqEvTGF36VF1S:2:0,T+60h,true,scheduled,success,json_ok,observed,on_time,observed,e7c5f905208da9df9cc63f4f
solana:jvLvBFz4WktMhFeZPhMEzRvYUnPtoqdZVNkS1bjyysFXftsqbFH2pm9XDXM8tLH7vikhYqhEvvnWxPYbe1S6rVs:2:0,T0,true,scheduled,success,json_ok,observed,on_time,observed,dacf8e2f021438482cdb11f7
solana:jvLvBFz4WktMhFeZPhMEzRvYUnPtoqdZVNkS1bjyysFXftsqbFH2pm9XDXM8tLH7vikhYqhEvvnWxPYbe1S6rVs:2:0,T+24h,true,scheduled,success,json_ok,observed,on_time,observed,4cd5c03832c9428af3fe9b84
solana:jvLvBFz4WktMhFeZPhMEzRvYUnPtoqdZVNkS1bjyysFXftsqbFH2pm9XDXM8tLH7vikhYqhEvvnWxPYbe1S6rVs:2:0,T+60h,true,scheduled,success,json_ok,observed,on_time,observed,ad4e56b998852a148406e41f
solana:2WsLVZffka8z7WoH2XBrkNWF8zXxxcUNFLUbmfyyEiV8izEuwuHtbw1jx1aHgtWuRWS1uGWkXEhH9TDe9LyNf5Zy:2:0,T0,true,scheduled,failed,not_observed,not_observed,on_time,request_failed,1df4e54b70968f86f1423708
solana:2WsLVZffka8z7WoH2XBrkNWF8zXxxcUNFLUbmfyyEiV8izEuwuHtbw1jx1aHgtWuRWS1uGWkXEhH9TDe9LyNf5Zy:2:0,T+24h,true,scheduled,failed,not_observed,not_observed,on_time,request_failed,1d7174eb85d931ed9ef3d870
solana:2WsLVZffka8z7WoH2XBrkNWF8zXxxcUNFLUbmfyyEiV8izEuwuHtbw1jx1aHgtWuRWS1uGWkXEhH9TDe9LyNf5Zy:2:0,T+60h,true,scheduled,failed,not_observed,not_observed,on_time,request_failed,7af1bf4a6e5f23af4df2098f
solana:3bLDmwFZSFeZ5pFK5jej5yB7izVQnivhpxdGLifcJWARTQb1BbDJoiULKrdt4Yw2XzzmXWEkKaEEZZmiqJ57v8ak:2:0,T0,true,scheduled,success,json_ok,observed,on_time,observed,94a046b3e2164ff9763651a3
solana:3bLDmwFZSFeZ5pFK5jej5yB7izVQnivhpxdGLifcJWARTQb1BbDJoiULKrdt4Yw2XzzmXWEkKaEEZZmiqJ57v8ak:2:0,T+24h,true,scheduled,success,json_ok,observed,on_time,observed,8b63745250234a2663cf34ca
solana:3bLDmwFZSFeZ5pFK5jej5yB7izVQnivhpxdGLifcJWARTQb1BbDJoiULKrdt4Yw2XzzmXWEkKaEEZZmiqJ57v8ak:2:0,T+60h,true,scheduled,success,json_ok,observed,on_time,observed,00de53aa6c1417885ac2951a
solana:ECFhZNSEv4NY1HmZ1N1cX1ejpZVZd5rEV68zHdpLeXNgVaRwANpL6JZmekv3emUw7a9C4GYtqH49VZC5L78cpqd:2:0,T0,true,scheduled,failed,not_observed,not_observed,on_time,request_failed,c8927353263a24a879d9452a
solana:ECFhZNSEv4NY1HmZ1N1cX1ejpZVZd5rEV68zHdpLeXNgVaRwANpL6JZmekv3emUw7a9C4GYtqH49VZC5L78cpqd:2:0,T+24h,true,scheduled,failed,not_observed,not_observed,on_time,request_failed,1cef92597b0356f663c954e7
solana:ECFhZNSEv4NY1HmZ1N1cX1ejpZVZd5rEV68zHdpLeXNgVaRwANpL6JZmekv3emUw7a9C4GYtqH49VZC5L78cpqd:2:0,T+60h,true,scheduled,failed,not_observed,not_observed,on_time,request_failed,2efdb92f1d9549a571264803
solana:2MhZ4JFeXLrKf6eBn6uJjx9A1mTLYFGB8p2RN7dtJreUWqyGX8VJkga3Q57vBrRGpyKLSApXJkgtnjjXnH9GCcgU:2:0,T0,true,scheduled,success,json_ok,observed,on_time,observed,81cccc7d1b9b81603fa77968
solana:2MhZ4JFeXLrKf6eBn6uJjx9A1mTLYFGB8p2RN7dtJreUWqyGX8VJkga3Q57vBrRGpyKLSApXJkgtnjjXnH9GCcgU:2:0,T+24h,true,scheduled,success,json_ok,observed,on_time,observed,5cfb6a185d4ed7704628faf8
solana:2MhZ4JFeXLrKf6eBn6uJjx9A1mTLYFGB8p2RN7dtJreUWqyGX8VJkga3Q57vBrRGpyKLSApXJkgtnjjXnH9GCcgU:2:0,T+60h,true,scheduled,success,json_ok,observed,on_time,observed,c1ba8a5bb75341e6ac2d7d47
solana:67GkXFd7ABUXyDGSZnjHrm3bvCDTcXRyGpqZcAkS7GM7R4vwMSKkeE1PdaeUSimJTQTCVZWYfiBYFRnWyLbbA2e1:2:0,T0,true,scheduled,success,json_ok,observed,on_time,observed,6e66f3216dda325966624ae9
solana:67GkXFd7ABUXyDGSZnjHrm3bvCDTcXRyGpqZcAkS7GM7R4vwMSKkeE1PdaeUSimJTQTCVZWYfiBYFRnWyLbbA2e1:2:0,T+24h,true,scheduled,success,json_ok,observed,on_time,observed,7251335aa24e56d8d49b137b
solana:67GkXFd7ABUXyDGSZnjHrm3bvCDTcXRyGpqZcAkS7GM7R4vwMSKkeE1PdaeUSimJTQTCVZWYfiBYFRnWyLbbA2e1:2:0,T+60h,true,scheduled,success,json_ok,observed,on_time,observed,bc1b828fe9fcafb9371d5a1e
solana:CZ43LrQYB72qaGsVm9ttH4jqp85RqVYkRfgktLngQnj8uPrYf9gb4NcrGHWwf2WUm8nCE7smrZvtnyRtX2RSN5e:2:0,T0,true,scheduled,success,json_ok,observed,on_time,observed,bb36c0670aaa6223980b72b2
solana:CZ43LrQYB72qaGsVm9ttH4jqp85RqVYkRfgktLngQnj8uPrYf9gb4NcrGHWwf2WUm8nCE7smrZvtnyRtX2RSN5e:2:0,T+24h,true,scheduled,success,json_ok,observed,on_time,observed,1c27100e7f8d1ee8a9509625
solana:CZ43LrQYB72qaGsVm9ttH4jqp85RqVYkRfgktLngQnj8uPrYf9gb4NcrGHWwf2WUm8nCE7smrZvtnyRtX2RSN5e:2:0,T+60h,true,scheduled,success,json_ok,observed,on_time,observed,91a444890cde69b7cccbdb15
solana:4wBzhQTG5DEWXdU3rj53Tmi8F7fwBfR5tcWcCr3ErP7G5KFhVYdQohLCqdgh1kQgRbtvyggRfgjMxGiAqzGogHrR:2:0,T0,true,scheduled,failed,not_observed,not_observed,on_time,request_failed,ba5b0a09f05c32734c581c8b
solana:4wBzhQTG5DEWXdU3rj53Tmi8F7fwBfR5tcWcCr3ErP7G5KFhVYdQohLCqdgh1kQgRbtvyggRfgjMxGiAqzGogHrR:2:0,T+24h,true,scheduled,failed,not_observed,not_observed,on_time,request_failed,a889cf9413123385fe94ccc9
solana:4wBzhQTG5DEWXdU3rj53Tmi8F7fwBfR5tcWcCr3ErP7G5KFhVYdQohLCqdgh1kQgRbtvyggRfgjMxGiAqzGogHrR:2:0,T+60h,true,scheduled,failed,not_observed,not_observed,on_time,request_failed,b0f70f8e5d819bad96fbc715
solana:5RmxEsoBFfQtBgfARgQKU7w8MNixJcz7WMJ6o9B36QLJWkJjapcL6hNQZszjaa3YMU5VVyN1wyMZfZ6CJV7MmPVs:2:0,T0,true,scheduled,success,json_ok,observed,on_time,observed,21dd0e063530c65c20a59221
solana:5RmxEsoBFfQtBgfARgQKU7w8MNixJcz7WMJ6o9B36QLJWkJjapcL6hNQZszjaa3YMU5VVyN1wyMZfZ6CJV7MmPVs:2:0,T+24h,true,scheduled,success,json_ok,observed,on_time,observed,cd6b7c1ab79e97ab44cc24b9
solana:5RmxEsoBFfQtBgfARgQKU7w8MNixJcz7WMJ6o9B36QLJWkJjapcL6hNQZszjaa3YMU5VVyN1wyMZfZ6CJV7MmPVs:2:0,T+60h,true,scheduled,success,json_ok,observed,on_time,observed,45052b52f28a697b84a9ff8d
solana:37JAydU8irsK8yxRNjpNoi22JoXUAuh3ppp2vCxMBfmRUsthCucC8v1UoTPjRyDKhdCzcZprfXAD1gdcP5X8uTY5:2:0,T0,true,scheduled,success,json_ok,observed,on_time,observed,8742acf180c0dbcfb4cde35a
solana:37JAydU8irsK8yxRNjpNoi22JoXUAuh3ppp2vCxMBfmRUsthCucC8v1UoTPjRyDKhdCzcZprfXAD1gdcP5X8uTY5:2:0,T+24h,true,scheduled,success,json_ok,observed,on_time,observed,cbf2486725afd202e67dbe73
solana:37JAydU8irsK8yxRNjpNoi22JoXUAuh3ppp2vCxMBfmRUsthCucC8v1UoTPjRyDKhdCzcZprfXAD1gdcP5X8uTY5:2:0,T+60h,true,scheduled,success,json_ok,observed,on_time,observed,ee27a0add9b1fe2afd706cac
solana:Pe9enfVdLTW4RHwWTg7scKxwgvB3MkAcMmzZ1T1btb5c7TzUfmcnCfCY71diUvzLcoSbExLsABAc2DMF2JcUNDH:2:0,T0,true,scheduled,success,json_ok,observed,on_time,observed,7742a778d8e7199ba7f6870b
solana:Pe9enfVdLTW4RHwWTg7scKxwgvB3MkAcMmzZ1T1btb5c7TzUfmcnCfCY71diUvzLcoSbExLsABAc2DMF2JcUNDH:2:0,T+24h,true,scheduled,success,json_ok,observed,on_time,observed,bce8c565ffc8da3689e5e817
solana:Pe9enfVdLTW4RHwWTg7scKxwgvB3MkAcMmzZ1T1btb5c7TzUfmcnCfCY71diUvzLcoSbExLsABAc2DMF2JcUNDH:2:0,T+60h,true,scheduled,success,json_ok,observed,on_time,observed,275b7e780998c40baf7196e7
solana:5fGtWszg9AASs1EJdgey5sW7vLiedz9gvVMkU4JqX9KPHQXkzgidMtjEDrQaiieZaHLTWXyBauSBpoXnD9HfzMJJ:2:0,T0,true,scheduled,success,json_ok,observed,on_time,observed,8ca9b1860d98d3d33e60b831
solana:5fGtWszg9AASs1EJdgey5sW7vLiedz9gvVMkU4JqX9KPHQXkzgidMtjEDrQaiieZaHLTWXyBauSBpoXnD9HfzMJJ:2:0,T+24h,true,scheduled,success,json_ok,observed,on_time,observed,df1eea446ff7448e24224601
solana:5fGtWszg9AASs1EJdgey5sW7vLiedz9gvVMkU4JqX9KPHQXkzgidMtjEDrQaiieZaHLTWXyBauSBpoXnD9HfzMJJ:2:0,T+60h,true,scheduled,success,json_ok,observed,on_time,observed,f943ec5f3e5929ff65a9478c
solana:nYkv9jGds4zwqAoCUTGTfdt9yqM2KHvMLuyDUZqvaQmp7nnSj2q1eSgmPue4CeuL7wWpEB6vsTkqZuxPyUvFcHZ:2:0,T0,true,scheduled,success,json_ok,observed,on_time,observed,83caad82ca3e72f46f86d894
solana:nYkv9jGds4zwqAoCUTGTfdt9yqM2KHvMLuyDUZqvaQmp7nnSj2q1eSgmPue4CeuL7wWpEB6vsTkqZuxPyUvFcHZ:2:0,T+24h,true,scheduled,success,json_ok,observed,on_time,observed,f607aa54acbb3f1421730bf8
solana:nYkv9jGds4zwqAoCUTGTfdt9yqM2KHvMLuyDUZqvaQmp7nnSj2q1eSgmPue4CeuL7wWpEB6vsTkqZuxPyUvFcHZ:2:0,T+60h,true,scheduled,success,json_ok,observed,on_time,observed,f1895d1d9ec6b0251adebc45
solana:5ESTdXBPhLzmDHeh5qWFDS3UiHxmpvJZWvmcVQtYmNDG1q3qTqRzGoTyjgx8QCmn45KkKwXfb91MGtXKsKVo4n2b:0:0,T0,true,scheduled,success,json_ok,observed,on_time,observed,d66506ef43380e09aa21d4e6
solana:5ESTdXBPhLzmDHeh5qWFDS3UiHxmpvJZWvmcVQtYmNDG1q3qTqRzGoTyjgx8QCmn45KkKwXfb91MGtXKsKVo4n2b:0:0,T+24h,true,scheduled,success,json_ok,observed,on_time,observed,02caaf614fd339f68a2362ff
solana:5ESTdXBPhLzmDHeh5qWFDS3UiHxmpvJZWvmcVQtYmNDG1q3qTqRzGoTyjgx8QCmn45KkKwXfb91MGtXKsKVo4n2b:0:0,T+60h,true,scheduled,success,json_ok,observed,on_time,observed,7ee982350d0b13b956637769
solana:4bP7HQcKRLoiNUvDS7bHs7oaJ4de1gg8TdEiV7WH4r1GCw7wgfpuDfNjHqucmMeZCMK9BsE1r4LkQrbK1tKvhbfQ:2:0,T0,true,scheduled,success,json_ok,observed,on_time,observed,4934990f729a145f723d27c5
solana:4bP7HQcKRLoiNUvDS7bHs7oaJ4de1gg8TdEiV7WH4r1GCw7wgfpuDfNjHqucmMeZCMK9BsE1r4LkQrbK1tKvhbfQ:2:0,T+24h,true,scheduled,success,json_ok,observed,on_time,observed,9dfadda0d9359932056fe3c7
solana:4bP7HQcKRLoiNUvDS7bHs7oaJ4de1gg8TdEiV7WH4r1GCw7wgfpuDfNjHqucmMeZCMK9BsE1r4LkQrbK1tKvhbfQ:2:0,T+60h,true,scheduled,success,json_ok,observed,on_time,observed,1a0267db848d329935a09ac6
solana:22Xm8idwmePjt75JL3LUQCo8F5UZGzcbhaifz5Ed5mRvV57FKa83v7V1ppmqhdF8NUDkyrTkaEyTbmZ5zeQ15EsX:2:0,T0,true,scheduled,success,json_ok,observed,on_time,observed,24fde4d2de42298032543674
solana:22Xm8idwmePjt75JL3LUQCo8F5UZGzcbhaifz5Ed5mRvV57FKa83v7V1ppmqhdF8NUDkyrTkaEyTbmZ5zeQ15EsX:2:0,T+24h,true,scheduled,success,json_ok,observed,on_time,observed,a4f2dc279bd8949f4cc3fa64
solana:22Xm8idwmePjt75JL3LUQCo8F5UZGzcbhaifz5Ed5mRvV57FKa83v7V1ppmqhdF8NUDkyrTkaEyTbmZ5zeQ15EsX:2:0,T+60h,true,scheduled,success,json_ok,observed,on_time,observed,fe3001793868dd1d18bdd8de
solana:4cwS7RDLDX99K6HzDnqZaAvXUXxbUiB3q2BJc4SmHuq5nTzMgUCYEdARw7URzRF97jxcj6spiSR7HKTV8XnRsoct:2:0,T0,true,scheduled,success,json_ok,observed,on_time,observed,576724b8cb3f26fb9e864fac
solana:4cwS7RDLDX99K6HzDnqZaAvXUXxbUiB3q2BJc4SmHuq5nTzMgUCYEdARw7URzRF97jxcj6spiSR7HKTV8XnRsoct:2:0,T+24h,true,scheduled,success,json_ok,observed,on_time,observed,73d1c7e0bee3188ab330376d
solana:4cwS7RDLDX99K6HzDnqZaAvXUXxbUiB3q2BJc4SmHuq5nTzMgUCYEdARw7URzRF97jxcj6spiSR7HKTV8XnRsoct:2:0,T+60h,true,scheduled,success,json_ok,observed,on_time,observed,6d106d389701d344a3c2b509
solana:BaJ7mQUF3LrypucdoHE2GW8Bk7rkSCCurkgkHuVcomFaUG91jv88kQFWTkBoBsd2eoezFJpYXyXkqmWGsoEU6aG:2:0,T0,true,scheduled,success,json_ok,observed,on_time,observed,675ca76abe9c276599af63c2
solana:BaJ7mQUF3LrypucdoHE2GW8Bk7rkSCCurkgkHuVcomFaUG91jv88kQFWTkBoBsd2eoezFJpYXyXkqmWGsoEU6aG:2:0,T+24h,true,scheduled,success,json_ok,observed,on_time,observed,669ede31d78988c42e459e83
solana:BaJ7mQUF3LrypucdoHE2GW8Bk7rkSCCurkgkHuVcomFaUG91jv88kQFWTkBoBsd2eoezFJpYXyXkqmWGsoEU6aG:2:0,T+60h,true,scheduled,success,json_ok,observed,on_time,observed,35b0ad3780dbb8d6e7f07627
solana:3fXuv8Yis5bEAqZDX7757iqabxxEGAe1DTQTmXdDcYd84QXq7jScUjyVd2Rmz9at5bxEV5acQZmj3yR1sq6b2q4q:2:0,T0,true,scheduled,success,json_ok,observed,on_time,observed,e9b249bab69cbfdc1e268d96
solana:3fXuv8Yis5bEAqZDX7757iqabxxEGAe1DTQTmXdDcYd84QXq7jScUjyVd2Rmz9at5bxEV5acQZmj3yR1sq6b2q4q:2:0,T+24h,true,scheduled,success,json_ok,observed,on_time,observed,7b0be3f214616d66910505a6
solana:3fXuv8Yis5bEAqZDX7757iqabxxEGAe1DTQTmXdDcYd84QXq7jScUjyVd2Rmz9at5bxEV5acQZmj3yR1sq6b2q4q:2:0,T+60h,true,scheduled,success,json_ok,observed,on_time,observed,e918b6d93ca4080ebecf9f8a
solana:3Uxe54mYXjo6mEju6khgmbSmXwZL4Ps7WMG45EbQ1yy1wgbqanAbGpex4u6veT6ospnMrC6b9Pr34ghkAgxmqzYY:2:1,T0,true,scheduled,success,json_ok,observed,on_time,observed,72dc38c21d5a104b9f6fa176
solana:3Uxe54mYXjo6mEju6khgmbSmXwZL4Ps7WMG45EbQ1yy1wgbqanAbGpex4u6veT6ospnMrC6b9Pr34ghkAgxmqzYY:2:1,T+24h,true,scheduled,success,json_ok,observed,on_time,observed,9000e1bd46e75f09d3eb2743
solana:3Uxe54mYXjo6mEju6khgmbSmXwZL4Ps7WMG45EbQ1yy1wgbqanAbGpex4u6veT6ospnMrC6b9Pr34ghkAgxmqzYY:2:1,T+60h,true,scheduled,success,json_ok,observed,on_time,observed,c6adffc9febae3651f56f020
solana:2nsAhbR5GJtB9ARU8YAkz5EE8uuHe12QhkajvHryZQabE2MVmfj4mctit9NNdj1s2hRykSztgunXJ4cALMiXz3uK:0:0,T0,true,scheduled,success,json_ok,observed,on_time,observed,b5579daa6096d60080657e62
solana:2nsAhbR5GJtB9ARU8YAkz5EE8uuHe12QhkajvHryZQabE2MVmfj4mctit9NNdj1s2hRykSztgunXJ4cALMiXz3uK:0:0,T+24h,true,scheduled,success,json_ok,observed,on_time,observed,84b6e2fa79f0517cc23ec61c
solana:2nsAhbR5GJtB9ARU8YAkz5EE8uuHe12QhkajvHryZQabE2MVmfj4mctit9NNdj1s2hRykSztgunXJ4cALMiXz3uK:0:0,T+60h,true,scheduled,success,json_ok,observed,on_time,observed,5de9b15eec968c60769dbda8
solana:4g5YnW9eywhpAd85XybbUDREaaBzWFGitz8RiHB9nqLqaTscyPAeeY2AG7jDEcbfusBCftBrCzNasVT25gEbQXhc:2:0,T0,true,scheduled,success,json_ok,observed,on_time,observed,66b13eda7a9fa15aa9b3a607
solana:4g5YnW9eywhpAd85XybbUDREaaBzWFGitz8RiHB9nqLqaTscyPAeeY2AG7jDEcbfusBCftBrCzNasVT25gEbQXhc:2:0,T+24h,true,scheduled,success,json_ok,observed,on_time,observed,3da7b46bfa1a3315ac8a34ff
solana:4g5YnW9eywhpAd85XybbUDREaaBzWFGitz8RiHB9nqLqaTscyPAeeY2AG7jDEcbfusBCftBrCzNasVT25gEbQXhc:2:0,T+60h,true,scheduled,success,json_ok,observed,on_time,observed,1b3f206c114943f0786bd4ce
solana:3iFuyLX2ryrWP2cdgvNqAbVNf5rH3btH9c3dJ34qpC7nXRe3u4hKsVdZ24qBQKfGVFYu8nwdyr1T3HDKcxyixAiR:2:0,T0,true,scheduled,failed,not_observed,not_observed,on_time,request_failed,abd031a8a65bc90c15ed6f2e
solana:3iFuyLX2ryrWP2cdgvNqAbVNf5rH3btH9c3dJ34qpC7nXRe3u4hKsVdZ24qBQKfGVFYu8nwdyr1T3HDKcxyixAiR:2:0,T+24h,true,scheduled,failed,not_observed,not_observed,on_time,request_failed,fa5d069255af77b13c96a62d
solana:3iFuyLX2ryrWP2cdgvNqAbVNf5rH3btH9c3dJ34qpC7nXRe3u4hKsVdZ24qBQKfGVFYu8nwdyr1T3HDKcxyixAiR:2:0,T+60h,true,scheduled,failed,not_observed,not_observed,on_time,request_failed,31db0dac2c19c466bffe4d04
solana:5J1F6z3o1sNaYWArfGxrUoQBFhTwp3KM2Dov48oMpgkpE1jT6okjnh24mhgmwsfJKmY5ufvqhb2Ebcveebx9b9Wm:2:0,T0,true,scheduled,success,json_ok,observed,on_time,observed,5fca335a70802197f91e501f
solana:5J1F6z3o1sNaYWArfGxrUoQBFhTwp3KM2Dov48oMpgkpE1jT6okjnh24mhgmwsfJKmY5ufvqhb2Ebcveebx9b9Wm:2:0,T+24h,true,scheduled,success,json_ok,observed,on_time,observed,c3ad74f298a050876d7bf25f
solana:5J1F6z3o1sNaYWArfGxrUoQBFhTwp3KM2Dov48oMpgkpE1jT6okjnh24mhgmwsfJKmY5ufvqhb2Ebcveebx9b9Wm:2:0,T+60h,true,scheduled,success,json_ok,observed,on_time,observed,77a294ecc4a72f28ada66e5a
solana:34BfgicDHE7AVoKXwNpuqnsPRC6o1bYA7VUtr3rAaCMVtMS5HgszTmS8f99X4sF8LuxhbnCrpwgEWAEeysfZ7KBK:2:0,T0,true,scheduled,failed,not_observed,not_observed,on_time,request_failed,96405f737599046f4fc0ee80
solana:34BfgicDHE7AVoKXwNpuqnsPRC6o1bYA7VUtr3rAaCMVtMS5HgszTmS8f99X4sF8LuxhbnCrpwgEWAEeysfZ7KBK:2:0,T+24h,true,scheduled,failed,not_observed,not_observed,on_time,request_failed,e2df9eafde6cd159444a2bba
solana:34BfgicDHE7AVoKXwNpuqnsPRC6o1bYA7VUtr3rAaCMVtMS5HgszTmS8f99X4sF8LuxhbnCrpwgEWAEeysfZ7KBK:2:0,T+60h,true,scheduled,failed,not_observed,not_observed,on_time,request_failed,bb9aa7298d9783253124f741
solana:5fS3kFFaFqgUfHewhcpi24HGdnwFw1rGXnb2YWtLKJR1UWsdm3bziyMAyWB6PkTASogkdt4a6JZbDoSDoy16ReSZ:2:0,T0,true,scheduled,success,json_ok,observed,on_time,observed,6cc2bff49272ff9398c9a9dc
solana:5fS3kFFaFqgUfHewhcpi24HGdnwFw1rGXnb2YWtLKJR1UWsdm3bziyMAyWB6PkTASogkdt4a6JZbDoSDoy16ReSZ:2:0,T+24h,true,scheduled,success,json_ok,observed,on_time,observed,f6a4e10c644d6bcb72cbdcd7
solana:5fS3kFFaFqgUfHewhcpi24HGdnwFw1rGXnb2YWtLKJR1UWsdm3bziyMAyWB6PkTASogkdt4a6JZbDoSDoy16ReSZ:2:0,T+60h,true,scheduled,success,json_ok,observed,on_time,observed,d39e21d20db67700bc6aec38
solana:26iM6coGnjFR9Ffnc8naUXdDkKen5RUcDVJWRxWvLn14YtGeyHj5Z74TJjeuqVhDM7XMhmQJiy42zMsYWiy8NGZv:2:0,T0,true,scheduled,failed,not_observed,not_observed,on_time,request_failed,51af934464bc811fd81a1f7e
solana:26iM6coGnjFR9Ffnc8naUXdDkKen5RUcDVJWRxWvLn14YtGeyHj5Z74TJjeuqVhDM7XMhmQJiy42zMsYWiy8NGZv:2:0,T+24h,true,scheduled,failed,not_observed,not_observed,on_time,request_failed,12e4a4d822b8d415f920ae05
solana:26iM6coGnjFR9Ffnc8naUXdDkKen5RUcDVJWRxWvLn14YtGeyHj5Z74TJjeuqVhDM7XMhmQJiy42zMsYWiy8NGZv:2:0,T+60h,true,scheduled,failed,not_observed,not_observed,on_time,request_failed,c7da1b88d74f232f61e70bb0
solana:456RumxuqLoPa11kwb5TBwnj759TnipMUJGbLmmcqUB8qsW4rB6eRuU4MwirvwRJqAscMm5zk9rHTW45Ch7BeQ5z:2:0,T0,true,scheduled,success,json_ok,observed,on_time,observed,caaaa06ccc0327f8dcfe089d
solana:456RumxuqLoPa11kwb5TBwnj759TnipMUJGbLmmcqUB8qsW4rB6eRuU4MwirvwRJqAscMm5zk9rHTW45Ch7BeQ5z:2:0,T+24h,true,scheduled,success,json_ok,observed,on_time,observed,e0cf73b8bb2e076876cf8457
solana:456RumxuqLoPa11kwb5TBwnj759TnipMUJGbLmmcqUB8qsW4rB6eRuU4MwirvwRJqAscMm5zk9rHTW45Ch7BeQ5z:2:0,T+60h,true,scheduled,success,json_ok,observed,on_time,observed,541c1636c371ff254adfcfac
solana:5vuefhp5McQX3dz88CEyh61zoJnka2nBCrkXajcDJhLZ9heUp6WLi1Wf5xFV5kDULcZu8hdBu53LBadT7vDNSb2C:1:0,T0,true,scheduled,success,json_ok,observed,on_time,observed,ece7508507eb23c7f1626115
solana:5vuefhp5McQX3dz88CEyh61zoJnka2nBCrkXajcDJhLZ9heUp6WLi1Wf5xFV5kDULcZu8hdBu53LBadT7vDNSb2C:1:0,T+24h,true,scheduled,success,json_ok,observed,on_time,observed,e3387e2bca2de6fcd47e39c3
solana:5vuefhp5McQX3dz88CEyh61zoJnka2nBCrkXajcDJhLZ9heUp6WLi1Wf5xFV5kDULcZu8hdBu53LBadT7vDNSb2C:1:0,T+60h,true,scheduled,success,json_ok,observed,on_time,observed,a045ac0a6e3d84f6f88d1131
solana:4x8ZoPSjQFWJ3t4bTFGwH9k5efzpSgYSPBtqLGqix79Ydvzszq49Mjh1yXDcupwK7MXvwh1usQwB1GXK1LmffXQ5:0:0,T0,true,scheduled,success,json_ok,observed,on_time,observed,0ae0ce823482cc70bcfaf8de
solana:4x8ZoPSjQFWJ3t4bTFGwH9k5efzpSgYSPBtqLGqix79Ydvzszq49Mjh1yXDcupwK7MXvwh1usQwB1GXK1LmffXQ5:0:0,T+24h,true,scheduled,success,json_ok,observed,on_time,observed,8f8f953a204b2b582dd7d7ec
solana:4x8ZoPSjQFWJ3t4bTFGwH9k5efzpSgYSPBtqLGqix79Ydvzszq49Mjh1yXDcupwK7MXvwh1usQwB1GXK1LmffXQ5:0:0,T+60h,true,scheduled,success,json_ok,observed,on_time,observed,94129557133b8a309d036711
solana:2MZSRnv9K7e4RWaTcdmF3zh3tCuVWjSZUF1N1k2pgzjCgrUtkuwoF3snveM4UnnJoE242f7mQV7tv1etiG6jvuLW:2:0,T0,true,scheduled,failed,not_observed,not_observed,on_time,request_failed,54fdccdac1f415246dd28629
solana:2MZSRnv9K7e4RWaTcdmF3zh3tCuVWjSZUF1N1k2pgzjCgrUtkuwoF3snveM4UnnJoE242f7mQV7tv1etiG6jvuLW:2:0,T+24h,true,scheduled,failed,not_observed,not_observed,on_time,request_failed,74ab4d91e902e384f6f356ec
solana:2MZSRnv9K7e4RWaTcdmF3zh3tCuVWjSZUF1N1k2pgzjCgrUtkuwoF3snveM4UnnJoE242f7mQV7tv1etiG6jvuLW:2:0,T+60h,true,scheduled,failed,not_observed,not_observed,on_time,request_failed,5b19e93d5aaf2e4f95a6cc98
solana:2sQbMV5pBpCPCGxFphLVFK9KRezHJwTEEXgBAeJcqSTsPDDhMLewcndu6zbWBmYrDpAiLdJGFMvEXy1Kbe8xAjtW:2:0,T0,true,scheduled,success,json_ok,observed,on_time,observed,e32379cf4a31533fa8112dfd
solana:2sQbMV5pBpCPCGxFphLVFK9KRezHJwTEEXgBAeJcqSTsPDDhMLewcndu6zbWBmYrDpAiLdJGFMvEXy1Kbe8xAjtW:2:0,T+24h,true,scheduled,success,json_ok,observed,on_time,observed,1da5b4ea86f1cdaa9c99a1ea
solana:2sQbMV5pBpCPCGxFphLVFK9KRezHJwTEEXgBAeJcqSTsPDDhMLewcndu6zbWBmYrDpAiLdJGFMvEXy1Kbe8xAjtW:2:0,T+60h,true,scheduled,success,json_ok,observed,on_time,observed,9721f590713d31dca0a39cec
solana:Jqw9mgBf6p16jgTWXqH1jbpqpRPRLLa8khGxSQF9Z3jjgViyFa8H1n4tW18fbA4GsSeTiKUPkWd2aPm7XGDuDxc:2:0,T0,true,scheduled,success,json_ok,observed,on_time,observed,5cddee8bb240edcadbeac08d
solana:Jqw9mgBf6p16jgTWXqH1jbpqpRPRLLa8khGxSQF9Z3jjgViyFa8H1n4tW18fbA4GsSeTiKUPkWd2aPm7XGDuDxc:2:0,T+24h,true,scheduled,success,json_ok,observed,on_time,observed,4d68776a570af86c89dc88c1
solana:Jqw9mgBf6p16jgTWXqH1jbpqpRPRLLa8khGxSQF9Z3jjgViyFa8H1n4tW18fbA4GsSeTiKUPkWd2aPm7XGDuDxc:2:0,T+60h,true,scheduled,success,json_ok,observed,on_time,observed,1d7ba8c5ce8d9958252923c8
solana:2gwzWbBLzmcmaXv9p2kdf33zwLfAaPTk8UkLYithJZF7MNScRx8yu71QvaTAqToyZmo5iSe8UHMkbfipWoqTTcBk:2:0,T0,true,scheduled,success,json_ok,observed,on_time,observed,8bc8b5fa167abd0a498d26d9
solana:2gwzWbBLzmcmaXv9p2kdf33zwLfAaPTk8UkLYithJZF7MNScRx8yu71QvaTAqToyZmo5iSe8UHMkbfipWoqTTcBk:2:0,T+24h,true,scheduled,success,json_ok,observed,on_time,observed,4b74e22cde57cf2e72f1f7ec
solana:2gwzWbBLzmcmaXv9p2kdf33zwLfAaPTk8UkLYithJZF7MNScRx8yu71QvaTAqToyZmo5iSe8UHMkbfipWoqTTcBk:2:0,T+60h,true,scheduled,success,json_ok,observed,on_time,observed,7abfd51fae60e237e8688bf3
solana:4zKV5yF7eckgySoAgtjdJgu2yX6uGUSE19vmr59xXKA77QwLCapVcWybjVyhLn3oQDg5oxAz4VgNm8kZUbi5yo51:2:0,T0,true,scheduled,success,json_ok,observed,on_time,observed,506b8d99f19f500508cee416
solana:4zKV5yF7eckgySoAgtjdJgu2yX6uGUSE19vmr59xXKA77QwLCapVcWybjVyhLn3oQDg5oxAz4VgNm8kZUbi5yo51:2:0,T+24h,true,scheduled,success,json_ok,observed,on_time,observed,f1a824f00d995ded495c6346
solana:4zKV5yF7eckgySoAgtjdJgu2yX6uGUSE19vmr59xXKA77QwLCapVcWybjVyhLn3oQDg5oxAz4VgNm8kZUbi5yo51:2:0,T+60h,true,scheduled,success,json_ok,observed,on_time,observed,b7a3216d2d53e2d3edb0a84f
solana:2UWXzrCAJXeER7zaLNqRUeag9ePWVRhvhhhtxC9K3gvFS1nLCbdsHvReASB86bfMEXzuBK8iqkJ8zJJyTtEABHpZ:2:0,T0,true,scheduled,success,json_ok,observed,on_time,observed,c2f7b0d4040f72532c5939b4
solana:2UWXzrCAJXeER7zaLNqRUeag9ePWVRhvhhhtxC9K3gvFS1nLCbdsHvReASB86bfMEXzuBK8iqkJ8zJJyTtEABHpZ:2:0,T+24h,true,scheduled,success,json_ok,observed,on_time,observed,b8a814d2604aeddc8c195e31
solana:2UWXzrCAJXeER7zaLNqRUeag9ePWVRhvhhhtxC9K3gvFS1nLCbdsHvReASB86bfMEXzuBK8iqkJ8zJJyTtEABHpZ:2:0,T+60h,true,scheduled,success,json_ok,observed,on_time,observed,5833aaa00ffdef659dde2334
solana:2TRVVvGkgRk8o2aKu8xLqCehb4pKPdnPg5g61o1C1wYVWnZUk4mFDNotKPAf6HdQEqft91Q8GvRqTTVJiYT23EiD:2:0,T0,true,scheduled,success,json_ok,observed,on_time,observed,62419636b5186b1bbe8a30ca
solana:2TRVVvGkgRk8o2aKu8xLqCehb4pKPdnPg5g61o1C1wYVWnZUk4mFDNotKPAf6HdQEqft91Q8GvRqTTVJiYT23EiD:2:0,T+24h,true,scheduled,success,json_ok,observed,on_time,observed,90f584e1ad2a4842dad0a04f
solana:2TRVVvGkgRk8o2aKu8xLqCehb4pKPdnPg5g61o1C1wYVWnZUk4mFDNotKPAf6HdQEqft91Q8GvRqTTVJiYT23EiD:2:0,T+60h,true,scheduled,success,json_ok,observed,on_time,observed,7e8ad262f189ba8f0c555011
solana:3yCpcQn6CqB1r4C1fvjtxDVw7ATbozjQAguNLtyhSJgQB2tCv6aCf23SoP2PZzrVDMBqCFFF3A1iBZtuaijY6Run:2:0,T0,true,scheduled,success,json_ok,observed,on_time,observed,a0c44d99945a8ba01341d4cd
solana:3yCpcQn6CqB1r4C1fvjtxDVw7ATbozjQAguNLtyhSJgQB2tCv6aCf23SoP2PZzrVDMBqCFFF3A1iBZtuaijY6Run:2:0,T+24h,true,scheduled,success,json_ok,observed,on_time,observed,f470167f8dc0bb6ff6ee7f9f
solana:3yCpcQn6CqB1r4C1fvjtxDVw7ATbozjQAguNLtyhSJgQB2tCv6aCf23SoP2PZzrVDMBqCFFF3A1iBZtuaijY6Run:2:0,T+60h,true,scheduled,success,json_ok,observed,on_time,observed,fb545c5ded567626207aa39b
solana:4GQ9g96Rf4f1XTbNhhEuSRWEAhm3JgGHAgW5HJUnG5ZZGy8Z9cM7FKShwyLFz1zPd5hDeTyi28uCRi89CHUQ3dSn:2:0,T0,true,scheduled,not_collected_policy,not_collected_policy,not_observed,not_applicable,not_collected_policy,f54aed188ab7e38d7397d24e
solana:4GQ9g96Rf4f1XTbNhhEuSRWEAhm3JgGHAgW5HJUnG5ZZGy8Z9cM7FKShwyLFz1zPd5hDeTyi28uCRi89CHUQ3dSn:2:0,T+24h,true,scheduled,not_collected_policy,not_collected_policy,not_observed,not_applicable,not_collected_policy,9f62ec82195308a57a2058a0
solana:4GQ9g96Rf4f1XTbNhhEuSRWEAhm3JgGHAgW5HJUnG5ZZGy8Z9cM7FKShwyLFz1zPd5hDeTyi28uCRi89CHUQ3dSn:2:0,T+60h,true,scheduled,not_collected_policy,not_collected_policy,not_observed,not_applicable,not_collected_policy,cf622139dd8ee33bc927d54c
solana:ujXLJ4NSGKKmaFuMpFYPuBHXDJrZJjv9tAjE5NKYdiwP562th98x6sBgtHK879HtTNDtPmd3CG2ppaYrJekE3rE:2:0,T0,true,scheduled,not_collected_policy,not_collected_policy,not_observed,not_applicable,not_collected_policy,f56c537f5189e507039bea8d
solana:ujXLJ4NSGKKmaFuMpFYPuBHXDJrZJjv9tAjE5NKYdiwP562th98x6sBgtHK879HtTNDtPmd3CG2ppaYrJekE3rE:2:0,T+24h,true,scheduled,not_collected_policy,not_collected_policy,not_observed,not_applicable,not_collected_policy,4e9540d10aab65c91f2ccfd5
solana:ujXLJ4NSGKKmaFuMpFYPuBHXDJrZJjv9tAjE5NKYdiwP562th98x6sBgtHK879HtTNDtPmd3CG2ppaYrJekE3rE:2:0,T+60h,true,scheduled,not_collected_policy,not_collected_policy,not_observed,not_applicable,not_collected_policy,f5382e53e3f4adc48e7eb0ac
solana:4UvZUPHGdBy2sbxZHf72bnQGvKxp1xqMJDnQfB73Ajh7oh5yNMKBmu1vP5VRp9JRmySxH4ZMrS2bCPGMTJZ4fFHJ:2:0,T0,true,scheduled,success,json_ok,observed,on_time,observed,79b7ee15378b0a56bd39f378
solana:4UvZUPHGdBy2sbxZHf72bnQGvKxp1xqMJDnQfB73Ajh7oh5yNMKBmu1vP5VRp9JRmySxH4ZMrS2bCPGMTJZ4fFHJ:2:0,T+24h,true,scheduled,success,json_ok,observed,on_time,observed,d48795b670c6b6a2d7a740a1
solana:4UvZUPHGdBy2sbxZHf72bnQGvKxp1xqMJDnQfB73Ajh7oh5yNMKBmu1vP5VRp9JRmySxH4ZMrS2bCPGMTJZ4fFHJ:2:0,T+60h,true,scheduled,success,json_ok,observed,on_time,observed,b06293d563ee010574ac93f4
solana:4vPwifbad56UoHEDSQWCQuVwP1TcLi4a7aMiFo8Euj1DxFzfgbZMkYBF2AavgzUrDmnqNovobgkQVehbbSzWizgU:2:0,T0,true,scheduled,not_collected_policy,not_collected_policy,not_observed,not_applicable,not_collected_policy,14e973eed1a2964a45245e67
solana:4vPwifbad56UoHEDSQWCQuVwP1TcLi4a7aMiFo8Euj1DxFzfgbZMkYBF2AavgzUrDmnqNovobgkQVehbbSzWizgU:2:0,T+24h,true,scheduled,not_collected_policy,not_collected_policy,not_observed,not_applicable,not_collected_policy,fd9668c2dfd681ce8315b4ab
solana:4vPwifbad56UoHEDSQWCQuVwP1TcLi4a7aMiFo8Euj1DxFzfgbZMkYBF2AavgzUrDmnqNovobgkQVehbbSzWizgU:2:0,T+60h,true,scheduled,not_collected_policy,not_collected_policy,not_observed,not_applicable,not_collected_policy,e352cb5dcbc5d8ac52109485
solana:4VLa226yn13SubHeNawAFo6JfYwohk8SxkShA7ba3sxKJD1Da92sz7zVnuw3hrhxbDcxpWB4dBnLYmqHT4rmz9XH:2:0,T0,true,scheduled,not_collected_policy,not_collected_policy,not_observed,not_applicable,not_collected_policy,cf17a97e01df295b04ac433a
solana:4VLa226yn13SubHeNawAFo6JfYwohk8SxkShA7ba3sxKJD1Da92sz7zVnuw3hrhxbDcxpWB4dBnLYmqHT4rmz9XH:2:0,T+24h,true,scheduled,not_collected_policy,not_collected_policy,not_observed,not_applicable,not_collected_policy,0fce9e096f4aa7ee24722673
solana:4VLa226yn13SubHeNawAFo6JfYwohk8SxkShA7ba3sxKJD1Da92sz7zVnuw3hrhxbDcxpWB4dBnLYmqHT4rmz9XH:2:0,T+60h,true,scheduled,not_collected_policy,not_collected_policy,not_observed,not_applicable,not_collected_policy,73e15562c0480e2e6604e50d
solana:4pa6Y39Co8Y4f9kpE86ZpRwBin76PNAiLa9SwvzUWoL7cX787C4QACrsmKqySHJuSpMsjdzQATzcSNprL4ja1YK6:2:0,T0,true,scheduled,not_collected_policy,not_collected_policy,not_observed,not_applicable,not_collected_policy,1dff636bf93f851d0a05bf56
solana:4pa6Y39Co8Y4f9kpE86ZpRwBin76PNAiLa9SwvzUWoL7cX787C4QACrsmKqySHJuSpMsjdzQATzcSNprL4ja1YK6:2:0,T+24h,true,scheduled,not_collected_policy,not_collected_policy,not_observed,not_applicable,not_collected_policy,3459a333f3fc872d4e79c1f8
solana:4pa6Y39Co8Y4f9kpE86ZpRwBin76PNAiLa9SwvzUWoL7cX787C4QACrsmKqySHJuSpMsjdzQATzcSNprL4ja1YK6:2:0,T+60h,true,scheduled,not_collected_policy,not_collected_policy,not_observed,not_applicable,not_collected_policy,531435b7e7caa2dfcac530ed
solana:NsDBFBdQRKdTujrcre7WZLnVhoJH9BwEDGA66BqEUjDVVH5qABrNB2ak3oZFqEn5GPVzcNSTJcV5VguAopJLFH7:2:0,T0,true,scheduled,not_collected_policy,not_collected_policy,not_observed,not_applicable,not_collected_policy,7a1c7a67338e8c750670e4e9
solana:NsDBFBdQRKdTujrcre7WZLnVhoJH9BwEDGA66BqEUjDVVH5qABrNB2ak3oZFqEn5GPVzcNSTJcV5VguAopJLFH7:2:0,T+24h,true,scheduled,not_collected_policy,not_collected_policy,not_observed,not_applicable,not_collected_policy,2427d2d4e3960031af901494
solana:NsDBFBdQRKdTujrcre7WZLnVhoJH9BwEDGA66BqEUjDVVH5qABrNB2ak3oZFqEn5GPVzcNSTJcV5VguAopJLFH7:2:0,T+60h,true,scheduled,not_collected_policy,not_collected_policy,not_observed,not_applicable,not_collected_policy,416389025355f8d005ee7512
solana:5CAF4Xw8oF6HpJvUkazBnvsBpue1HaNWcZU5ZGYqfTbDad3bPkS5GwbC3wStPwYe9RQgsyM6kVSKE5XWY5jkrJ7i:2:0,T0,true,scheduled,success,json_ok,observed,on_time,observed,855bb2bb830a0e906e9f6c42
solana:5CAF4Xw8oF6HpJvUkazBnvsBpue1HaNWcZU5ZGYqfTbDad3bPkS5GwbC3wStPwYe9RQgsyM6kVSKE5XWY5jkrJ7i:2:0,T+24h,true,scheduled,success,json_ok,observed,on_time,observed,e0b896dd77bb55d7f388eea4
solana:5CAF4Xw8oF6HpJvUkazBnvsBpue1HaNWcZU5ZGYqfTbDad3bPkS5GwbC3wStPwYe9RQgsyM6kVSKE5XWY5jkrJ7i:2:0,T+60h,true,scheduled,success,json_ok,observed,on_time,observed,c712e34f4d517f0e005d9e36
solana:2ukgMnmmb2DgXmhmh263f6RiizswqaQYAmg4e18Ymw5pnPxWbkL6nzKAS5xzQ5fbrBg1rhw4fZ4vaQVkbuNp1CVJ:2:0,T0,true,scheduled,success,json_ok,observed,on_time,observed,082ab66824bd74d13e467dda
solana:2ukgMnmmb2DgXmhmh263f6RiizswqaQYAmg4e18Ymw5pnPxWbkL6nzKAS5xzQ5fbrBg1rhw4fZ4vaQVkbuNp1CVJ:2:0,T+24h,true,scheduled,success,json_ok,observed,on_time,observed,a41b24d28bc34ca5f628d9e1
solana:2ukgMnmmb2DgXmhmh263f6RiizswqaQYAmg4e18Ymw5pnPxWbkL6nzKAS5xzQ5fbrBg1rhw4fZ4vaQVkbuNp1CVJ:2:0,T+60h,true,scheduled,success,json_ok,observed,on_time,observed,f071d6918c0dbcbac62fac75
solana:228auMHGMpA39LL3qvEhSP5KdJAvyHYXGtn61FG5xDvzp8aQ5a4vW7iSsv9pNLqXgqE8GKMUHoCvgZzNsJj7xCEN:2:0,T0,true,scheduled,success,json_ok,observed,on_time,observed,5a07ab505437ce0fc772cd77
solana:228auMHGMpA39LL3qvEhSP5KdJAvyHYXGtn61FG5xDvzp8aQ5a4vW7iSsv9pNLqXgqE8GKMUHoCvgZzNsJj7xCEN:2:0,T+24h,true,scheduled,success,json_ok,observed,on_time,observed,32dd4f1b4386f4f3eaffff79
solana:228auMHGMpA39LL3qvEhSP5KdJAvyHYXGtn61FG5xDvzp8aQ5a4vW7iSsv9pNLqXgqE8GKMUHoCvgZzNsJj7xCEN:2:0,T+60h,true,scheduled,success,json_ok,observed,on_time,observed,73cac22caaa1932ceda548a1
solana:mBVjDbgtUS8fay8xhKtAzBn6k3fVzgyJekmrRkWSr1XZwDztjRQXB6PsqjLqa91abQESTqWTJcQSeBoPrQ3TdrD:2:0,T0,true,scheduled,failed,not_observed,not_observed,on_time,request_failed,751bc6bb80effb1f3d5fad86
solana:mBVjDbgtUS8fay8xhKtAzBn6k3fVzgyJekmrRkWSr1XZwDztjRQXB6PsqjLqa91abQESTqWTJcQSeBoPrQ3TdrD:2:0,T+24h,true,scheduled,failed,not_observed,not_observed,on_time,request_failed,f48193e0a7de9737042410ec
solana:mBVjDbgtUS8fay8xhKtAzBn6k3fVzgyJekmrRkWSr1XZwDztjRQXB6PsqjLqa91abQESTqWTJcQSeBoPrQ3TdrD:2:0,T+60h,true,scheduled,failed,not_observed,not_observed,on_time,request_failed,e5292d061757c7aff3d9b9f1
solana:5YuY7E4KzZB7FBAuQYDDaFoVES4gUJzfxiskyhzzSgAoZWxHBMHx61ukgP3heJke1d5k4EarVWWuU8riRFp8euf6:2:0,T0,true,scheduled,success,json_ok,observed,on_time,observed,d5cd0a9cc9d2c88f768d684d
solana:5YuY7E4KzZB7FBAuQYDDaFoVES4gUJzfxiskyhzzSgAoZWxHBMHx61ukgP3heJke1d5k4EarVWWuU8riRFp8euf6:2:0,T+24h,true,scheduled,success,json_ok,observed,on_time,observed,aeed24cf61a91525ef6a2387
solana:5YuY7E4KzZB7FBAuQYDDaFoVES4gUJzfxiskyhzzSgAoZWxHBMHx61ukgP3heJke1d5k4EarVWWuU8riRFp8euf6:2:0,T+60h,true,scheduled,success,json_ok,observed,on_time,observed,5ba5ea333d77d25638064f29
solana:5eG8HzEekWgsXdHSBqfyWYZwe1cyCviENPSmd3nRkRDwZBqpTnvfZQoocpJE4qqN5YbeoLw7CWfTD77tC4uEYxbr:2:0,T0,true,scheduled,success,json_ok,observed,on_time,observed,b8d0bade4c756ca673920fe4
solana:5eG8HzEekWgsXdHSBqfyWYZwe1cyCviENPSmd3nRkRDwZBqpTnvfZQoocpJE4qqN5YbeoLw7CWfTD77tC4uEYxbr:2:0,T+24h,true,scheduled,success,json_ok,observed,on_time,observed,f9faa7950718faedc0fb3a66
solana:5eG8HzEekWgsXdHSBqfyWYZwe1cyCviENPSmd3nRkRDwZBqpTnvfZQoocpJE4qqN5YbeoLw7CWfTD77tC4uEYxbr:2:0,T+60h,true,scheduled,success,json_ok,observed,on_time,observed,1dbe14b090774d9a659a4ae1
solana:3HELJNFeAvLQ1Vb8fKqor4YRXvAU3LhidgMt3R982o3B1uQyx2Gsa91LcC6Ef2TtkqymrrrfkGvVTWzPE1rqgXMF:2:0,T0,true,scheduled,failed,not_observed,not_observed,on_time,request_failed,89591c4aabdbc829f9c31e4b
solana:3HELJNFeAvLQ1Vb8fKqor4YRXvAU3LhidgMt3R982o3B1uQyx2Gsa91LcC6Ef2TtkqymrrrfkGvVTWzPE1rqgXMF:2:0,T+24h,true,scheduled,failed,not_observed,not_observed,on_time,request_failed,d13e5fd3d67c8e93dcd8d6ff
solana:3HELJNFeAvLQ1Vb8fKqor4YRXvAU3LhidgMt3R982o3B1uQyx2Gsa91LcC6Ef2TtkqymrrrfkGvVTWzPE1rqgXMF:2:0,T+60h,true,scheduled,failed,not_observed,not_observed,on_time,request_failed,f51fb15dbcb7fd9c2ef1b9e2
solana:556PUVV3epgxKYjFPo5f6hb7vE9xRmFvrYg7CNStujRj2B3oS6fX1UTeEkJxZkSjQDZmqCD5RxD6a2zSTcp6XcXh:2:0,T0,true,scheduled,not_collected_policy,not_collected_policy,not_observed,not_applicable,not_collected_policy,29486a142a986c0ccbeb0ca5
solana:556PUVV3epgxKYjFPo5f6hb7vE9xRmFvrYg7CNStujRj2B3oS6fX1UTeEkJxZkSjQDZmqCD5RxD6a2zSTcp6XcXh:2:0,T+24h,true,scheduled,not_collected_policy,not_collected_policy,not_observed,not_applicable,not_collected_policy,3a2061fab27d91b34edba59c
solana:556PUVV3epgxKYjFPo5f6hb7vE9xRmFvrYg7CNStujRj2B3oS6fX1UTeEkJxZkSjQDZmqCD5RxD6a2zSTcp6XcXh:2:0,T+60h,true,scheduled,not_collected_policy,not_collected_policy,not_observed,not_applicable,not_collected_policy,c84f38f112e4d72c7c6b8320
solana:4nHnDH4yC7jf2NHzXQGWE47KSMFizzbh6KGd38pofvXhu18nm9kruqVMzwbLJ7D1DCsDxAiqEM3XoMZHHmyy4RSA:2:0,T0,true,scheduled,success,json_ok,observed,on_time,observed,d181ff3bbd100a9a210999c3
solana:4nHnDH4yC7jf2NHzXQGWE47KSMFizzbh6KGd38pofvXhu18nm9kruqVMzwbLJ7D1DCsDxAiqEM3XoMZHHmyy4RSA:2:0,T+24h,true,scheduled,success,json_ok,observed,on_time,observed,facb8b30e5b595c2c4bc7533
solana:4nHnDH4yC7jf2NHzXQGWE47KSMFizzbh6KGd38pofvXhu18nm9kruqVMzwbLJ7D1DCsDxAiqEM3XoMZHHmyy4RSA:2:0,T+60h,true,scheduled,success,json_ok,observed,on_time,observed,ab174f0bf250c769f302299b
solana:5B4kUANNztaVLNvtfxP4vEaMZwX35VNqL3tFepS9BsVnqovr56mrCWaMwoJsb8mWBZ1wQbDURYcPHrmPAe3pJXdM:2:0,T0,true,scheduled,not_collected_policy,not_collected_policy,not_observed,not_applicable,not_collected_policy,894ef2a8f55520a3d4720ca4
solana:5B4kUANNztaVLNvtfxP4vEaMZwX35VNqL3tFepS9BsVnqovr56mrCWaMwoJsb8mWBZ1wQbDURYcPHrmPAe3pJXdM:2:0,T+24h,true,scheduled,not_collected_policy,not_collected_policy,not_observed,not_applicable,not_collected_policy,dc6df096c4e8b22e753c19fe
solana:5B4kUANNztaVLNvtfxP4vEaMZwX35VNqL3tFepS9BsVnqovr56mrCWaMwoJsb8mWBZ1wQbDURYcPHrmPAe3pJXdM:2:0,T+60h,true,scheduled,not_collected_policy,not_collected_policy,not_observed,not_applicable,not_collected_policy,e277fd8083eac3de1bc9e93d
solana:cQz2GyA43JBd7y1KpZg9a7LdRvKqMCevfz8e3TsXn3hqGjbzK1e1rYBs1JQSXNMgy9Hp4GwrKAwjNMEGWbqoBR4:2:0,T0,true,scheduled,not_collected_policy,not_collected_policy,not_observed,not_applicable,not_collected_policy,203d1232f50d1e9b42d31e30
solana:cQz2GyA43JBd7y1KpZg9a7LdRvKqMCevfz8e3TsXn3hqGjbzK1e1rYBs1JQSXNMgy9Hp4GwrKAwjNMEGWbqoBR4:2:0,T+24h,true,scheduled,not_collected_policy,not_collected_policy,not_observed,not_applicable,not_collected_policy,01d0afb73a9a090d85dad711
solana:cQz2GyA43JBd7y1KpZg9a7LdRvKqMCevfz8e3TsXn3hqGjbzK1e1rYBs1JQSXNMgy9Hp4GwrKAwjNMEGWbqoBR4:2:0,T+60h,true,scheduled,not_collected_policy,not_collected_policy,not_observed,not_applicable,not_collected_policy,a589b4d4575ad4093b334733
solana:9SHSL6KkFmuNNtokuC95gzk9PsShnhBVKtJM5RJkjpVCcANbA7GYG1fmLS2KEBbQin8heJS6hF7tUUdbygggxQg:2:0,T0,true,scheduled,success,json_ok,observed,on_time,observed,2f66052079ef187c7ffe5d25
solana:9SHSL6KkFmuNNtokuC95gzk9PsShnhBVKtJM5RJkjpVCcANbA7GYG1fmLS2KEBbQin8heJS6hF7tUUdbygggxQg:2:0,T+24h,true,scheduled,success,json_ok,observed,on_time,observed,e81a83c827199e5387381bc9
solana:9SHSL6KkFmuNNtokuC95gzk9PsShnhBVKtJM5RJkjpVCcANbA7GYG1fmLS2KEBbQin8heJS6hF7tUUdbygggxQg:2:0,T+60h,true,scheduled,success,json_ok,observed,on_time,observed,5c393777e0c9e14948658dce
solana:2S2UbkPByCJjMriMiQyq7NpPeMJFLiTbcCrEaDxv81PNYHS29Jz4F4sZH3jDeHmoaZLNfxTrbDduw8vwyjnzDFqW:2:0,T0,true,scheduled,success,json_ok,observed,on_time,observed,d9d07790be447531bf51912b
solana:2S2UbkPByCJjMriMiQyq7NpPeMJFLiTbcCrEaDxv81PNYHS29Jz4F4sZH3jDeHmoaZLNfxTrbDduw8vwyjnzDFqW:2:0,T+24h,true,scheduled,success,json_ok,observed,on_time,observed,66129e54a46acd66b605cea4
solana:2S2UbkPByCJjMriMiQyq7NpPeMJFLiTbcCrEaDxv81PNYHS29Jz4F4sZH3jDeHmoaZLNfxTrbDduw8vwyjnzDFqW:2:0,T+60h,true,scheduled,success,json_ok,observed,on_time,observed,ebe2866867a1e683d8761923
solana:2NqujpBSKYQB53ZJeUaRpCqheKrnoR7N6JqdnZhhAB4SxwAEL24WVmpvrbqgRuCJqe8u7bPce8WHt5DPsU5oVrad:2:0,T0,true,scheduled,success,json_ok,observed,on_time,observed,72804294d1cd90fa0de54eb4
solana:2NqujpBSKYQB53ZJeUaRpCqheKrnoR7N6JqdnZhhAB4SxwAEL24WVmpvrbqgRuCJqe8u7bPce8WHt5DPsU5oVrad:2:0,T+24h,true,scheduled,success,json_ok,observed,on_time,observed,53948b820df3eaf064dbb8ee
solana:2NqujpBSKYQB53ZJeUaRpCqheKrnoR7N6JqdnZhhAB4SxwAEL24WVmpvrbqgRuCJqe8u7bPce8WHt5DPsU5oVrad:2:0,T+60h,true,scheduled,success,json_ok,observed,on_time,observed,bf014b1cddcf70d38d548dae
solana:4Yi9HGenJpTw7qaCoVEjLtJTbinyzgQe1MrKNyufBn3XnvGfdZAhHYt4Y6H83ZcbgKYKFf8AevtAy7F3eDkaN3zb:2:0,T0,true,scheduled,success,json_ok,observed,on_time,observed,cd98a1166b79f9c0ccf3498c
solana:4Yi9HGenJpTw7qaCoVEjLtJTbinyzgQe1MrKNyufBn3XnvGfdZAhHYt4Y6H83ZcbgKYKFf8AevtAy7F3eDkaN3zb:2:0,T+24h,true,scheduled,success,json_ok,observed,on_time,observed,8a9113503c4969eb5ac2bfaf
solana:4Yi9HGenJpTw7qaCoVEjLtJTbinyzgQe1MrKNyufBn3XnvGfdZAhHYt4Y6H83ZcbgKYKFf8AevtAy7F3eDkaN3zb:2:0,T+60h,true,scheduled,success,json_ok,observed,on_time,observed,50c103106fd0d9c22b07a538
solana:54GDGhTgMkgRLTZVwzmBv2ijyC2B2iqTJ7nBYwF5UusfejQ8E2ZEubxp9aBZYqXGgBVddTuvdQdgAZwMUTHb2om:2:0,T0,true,scheduled,success,json_ok,observed,on_time,observed,4ff949135c76e16b9db7352e
solana:54GDGhTgMkgRLTZVwzmBv2ijyC2B2iqTJ7nBYwF5UusfejQ8E2ZEubxp9aBZYqXGgBVddTuvdQdgAZwMUTHb2om:2:0,T+24h,true,scheduled,success,json_ok,observed,on_time,observed,8242bbb241972c9989284548
solana:54GDGhTgMkgRLTZVwzmBv2ijyC2B2iqTJ7nBYwF5UusfejQ8E2ZEubxp9aBZYqXGgBVddTuvdQdgAZwMUTHb2om:2:0,T+60h,true,scheduled,success,json_ok,observed,on_time,observed,3685b60d06e289879cd7ce55
solana:2parSqzohZSD32o9rz5mUG2gQ8pgc2CMfiJ1u6rGopYjy91PWoVZYWroDAeyi1sfkqQAqKnHW5rmM43GgZgXUAN6:0:0,T0,true,scheduled,success,json_ok,observed,on_time,observed,6f70641b1bc95a2779dbe6f5
solana:2parSqzohZSD32o9rz5mUG2gQ8pgc2CMfiJ1u6rGopYjy91PWoVZYWroDAeyi1sfkqQAqKnHW5rmM43GgZgXUAN6:0:0,T+24h,true,scheduled,success,json_ok,observed,on_time,observed,785e1c6c89c2fef9e374aca8
solana:2parSqzohZSD32o9rz5mUG2gQ8pgc2CMfiJ1u6rGopYjy91PWoVZYWroDAeyi1sfkqQAqKnHW5rmM43GgZgXUAN6:0:0,T+60h,true,scheduled,success,json_ok,observed,on_time,observed,38722425778436772c25de03
solana:2swgh2PHiZy3Y6ZTX8eU4Xk3LvphxrB3NAGQqvNwpZWpieMLU5Wiw2tBatmSa9T1N9r4nhsffv8pdcbMcvaAy16s:0:0,T0,true,scheduled,success,json_ok,observed,on_time,observed,53edbb214a2eb39be052f0af
solana:2swgh2PHiZy3Y6ZTX8eU4Xk3LvphxrB3NAGQqvNwpZWpieMLU5Wiw2tBatmSa9T1N9r4nhsffv8pdcbMcvaAy16s:0:0,T+24h,true,scheduled,success,json_ok,observed,on_time,observed,5463f805cc907c01534a7639
solana:2swgh2PHiZy3Y6ZTX8eU4Xk3LvphxrB3NAGQqvNwpZWpieMLU5Wiw2tBatmSa9T1N9r4nhsffv8pdcbMcvaAy16s:0:0,T+60h,true,scheduled,success,json_ok,observed,on_time,observed,5b7dd9a8ce4905a0e9958c7f
solana:2BtFm4na5YoMmsRGbbhgAXnLttDFURuY2s3YwurFrV592wj9vRFppYYt53ERNYAnuAdVACEyWTFSvCKSuXrhfA6Q:0:0,T0,true,scheduled,success,json_ok,observed,on_time,observed,d1ac3b723fc90c5b7040ed07
solana:2BtFm4na5YoMmsRGbbhgAXnLttDFURuY2s3YwurFrV592wj9vRFppYYt53ERNYAnuAdVACEyWTFSvCKSuXrhfA6Q:0:0,T+24h,true,scheduled,success,json_ok,observed,on_time,observed,0d806f95e1b09d2e2c32519a
solana:2BtFm4na5YoMmsRGbbhgAXnLttDFURuY2s3YwurFrV592wj9vRFppYYt53ERNYAnuAdVACEyWTFSvCKSuXrhfA6Q:0:0,T+60h,true,scheduled,success,json_ok,observed,on_time,observed,b206d9c23db32def4d4397fd
solana:2wckzA6CZhkdQDVhgaALAcUF4UY2ioTRjxsiCJsixiDdoQFevJSZvfpKMkhehc1MCijwRARxnJHyEstAjxtRgJii:0:0,T0,true,scheduled,success,json_ok,observed,on_time,observed,9a075b595560a1d125e5774a
solana:2wckzA6CZhkdQDVhgaALAcUF4UY2ioTRjxsiCJsixiDdoQFevJSZvfpKMkhehc1MCijwRARxnJHyEstAjxtRgJii:0:0,T+24h,true,scheduled,success,json_ok,observed,on_time,observed,48b70fb63aa19e8f894765f3
solana:2wckzA6CZhkdQDVhgaALAcUF4UY2ioTRjxsiCJsixiDdoQFevJSZvfpKMkhehc1MCijwRARxnJHyEstAjxtRgJii:0:0,T+60h,true,scheduled,success,json_ok,observed,on_time,observed,2a3ba3507d958712e86218a8
solana:rmrQEVm3jAGNYre84HpnMRawNZJoDZw1ynPHqVvv7TFFWwzoExVCyHppXEzgDAudVTbS6y3VbmSwDcSjV5mcVe1:0:0,T0,true,scheduled,success,json_ok,observed,on_time,observed,be3b796dbe1de66cfa4c0020
solana:rmrQEVm3jAGNYre84HpnMRawNZJoDZw1ynPHqVvv7TFFWwzoExVCyHppXEzgDAudVTbS6y3VbmSwDcSjV5mcVe1:0:0,T+24h,true,scheduled,success,json_ok,observed,on_time,observed,f33b8e8371079b8b3e61c9ed
solana:rmrQEVm3jAGNYre84HpnMRawNZJoDZw1ynPHqVvv7TFFWwzoExVCyHppXEzgDAudVTbS6y3VbmSwDcSjV5mcVe1:0:0,T+60h,true,scheduled,success,json_ok,observed,on_time,observed,15c453cff332387c51faa255
solana:4grsuGUkQnfXmCSRQRD7FAQzejh2ZdHt8gmKyh5usXCKRdYbhv2ymgpcgYcVSUAAfYE6pEyPhn5ENkuFKHZmsr3S:2:1,T0,true,scheduled,success,json_ok,observed,on_time,observed,bacbf5f8ed5fc760c39f8c2e
solana:4grsuGUkQnfXmCSRQRD7FAQzejh2ZdHt8gmKyh5usXCKRdYbhv2ymgpcgYcVSUAAfYE6pEyPhn5ENkuFKHZmsr3S:2:1,T+24h,true,scheduled,success,json_ok,observed,on_time,observed,48e562dbd8ca70ddbeee68cd
solana:4grsuGUkQnfXmCSRQRD7FAQzejh2ZdHt8gmKyh5usXCKRdYbhv2ymgpcgYcVSUAAfYE6pEyPhn5ENkuFKHZmsr3S:2:1,T+60h,true,scheduled,success,json_ok,observed,on_time,observed,54401d8bacf70acea9825047
solana:5SXQCZf6rf3AJUkTHAuLTiAya4887PfU7ZovdH86FwS8oRjg2QbY41ak6i4mreNfBn9RpPiPvheh6qchnGwkDPsB:0:0,T0,true,scheduled,success,json_ok,observed,on_time,observed,9b6da800698a022535dedf34
solana:5SXQCZf6rf3AJUkTHAuLTiAya4887PfU7ZovdH86FwS8oRjg2QbY41ak6i4mreNfBn9RpPiPvheh6qchnGwkDPsB:0:0,T+24h,true,scheduled,success,json_ok,observed,on_time,observed,21441009636ccc068656ff57
solana:5SXQCZf6rf3AJUkTHAuLTiAya4887PfU7ZovdH86FwS8oRjg2QbY41ak6i4mreNfBn9RpPiPvheh6qchnGwkDPsB:0:0,T+60h,true,scheduled,success,json_ok,observed,on_time,observed,5bc8e5b11e08763780eedbc9
solana:4NLqwwc7FEP5Y253KRFWM7Dq67K2mNd7f9ezXsgZdiUgxtZCxiEkwzWW7MtGc6iSotvYWbc6UQhNta2hbe1aXWTN:2:0,T0,true,scheduled,success,json_ok,observed,on_time,observed,f5fbe7c1d6c67c8d8a68c581
solana:4NLqwwc7FEP5Y253KRFWM7Dq67K2mNd7f9ezXsgZdiUgxtZCxiEkwzWW7MtGc6iSotvYWbc6UQhNta2hbe1aXWTN:2:0,T+24h,true,scheduled,success,json_ok,observed,on_time,observed,662320b5f0ac60efcdbfd09f
solana:4NLqwwc7FEP5Y253KRFWM7Dq67K2mNd7f9ezXsgZdiUgxtZCxiEkwzWW7MtGc6iSotvYWbc6UQhNta2hbe1aXWTN:2:0,T+60h,true,scheduled,success,json_ok,observed,on_time,observed,809b0b9872cc0856f3cc1f4b
solana:5KC7QaXpYZQ64rzEtysfLHkWPpd5pE1VYHcjVNkQNAjCTKUY8PPCyr12gZt1JtVxhUB8zNF3uqMhTrYu4F9Ki7Y:2:0,T0,true,scheduled,success,json_ok,observed,on_time,observed,4dba5cb626360b7ea5960de1
solana:5KC7QaXpYZQ64rzEtysfLHkWPpd5pE1VYHcjVNkQNAjCTKUY8PPCyr12gZt1JtVxhUB8zNF3uqMhTrYu4F9Ki7Y:2:0,T+24h,true,scheduled,success,json_ok,observed,on_time,observed,6bfb5b6dbbc20c54ec5b5838
solana:5KC7QaXpYZQ64rzEtysfLHkWPpd5pE1VYHcjVNkQNAjCTKUY8PPCyr12gZt1JtVxhUB8zNF3uqMhTrYu4F9Ki7Y:2:0,T+60h,true,scheduled,success,json_ok,observed,on_time,observed,c4c67c91ad33e7ef6bab77ae
solana:2gJT8ZFsogtdezPAavMnP6XXzq4fS9RqHUQrA9chHkS6SYq37pi5GSXQ4y3r153WGtoEGDJZ6b5zY2Nop1f8VEPm:2:0,T0,true,scheduled,success,json_ok,observed,on_time,observed,7aa534e252634e39835e0168
solana:2gJT8ZFsogtdezPAavMnP6XXzq4fS9RqHUQrA9chHkS6SYq37pi5GSXQ4y3r153WGtoEGDJZ6b5zY2Nop1f8VEPm:2:0,T+24h,true,scheduled,success,json_ok,observed,on_time,observed,38b44cc970791c85b33d8a84
solana:2gJT8ZFsogtdezPAavMnP6XXzq4fS9RqHUQrA9chHkS6SYq37pi5GSXQ4y3r153WGtoEGDJZ6b5zY2Nop1f8VEPm:2:0,T+60h,true,scheduled,success,json_ok,observed,on_time,observed,c15d4ba49396f29b3111804e
solana:3bJmqYkgbt1s5svnUhbWY66rMveNF8omqVU7Z36hRueWwPZP7gieBsXqniTV6Jx5nHUkoh9bdydEEY8me461XKif:1:0,T0,true,scheduled,success,json_ok,observed,on_time,observed,fd8d6cb6517a1baed3e739d6
solana:3bJmqYkgbt1s5svnUhbWY66rMveNF8omqVU7Z36hRueWwPZP7gieBsXqniTV6Jx5nHUkoh9bdydEEY8me461XKif:1:0,T+24h,true,scheduled,success,json_ok,observed,on_time,observed,50846d804e9d38ecfabecd15
solana:3bJmqYkgbt1s5svnUhbWY66rMveNF8omqVU7Z36hRueWwPZP7gieBsXqniTV6Jx5nHUkoh9bdydEEY8me461XKif:1:0,T+60h,true,scheduled,success,json_ok,observed,on_time,observed,8dab5fbf48de8a61200a1915
solana:5GwV2uJPBNP693sbdAs8BvjudeVL7VByQKtsWwnwgAUxT8DJvBXKEN3g66n7EsrivpuUmm6RHDqpFNCTuVXM2ZQf:2:1,T0,true,scheduled,success,json_ok,observed,on_time,observed,fc20abb7eb0deaad508baa54
solana:5GwV2uJPBNP693sbdAs8BvjudeVL7VByQKtsWwnwgAUxT8DJvBXKEN3g66n7EsrivpuUmm6RHDqpFNCTuVXM2ZQf:2:1,T+24h,true,scheduled,success,json_ok,observed,on_time,observed,cce9ac403b621b1eb1317d8a
solana:5GwV2uJPBNP693sbdAs8BvjudeVL7VByQKtsWwnwgAUxT8DJvBXKEN3g66n7EsrivpuUmm6RHDqpFNCTuVXM2ZQf:2:1,T+60h,true,scheduled,success,json_ok,observed,on_time,observed,d05815f351f5b1a17e00199b
solana:7XMF9mxrbsepMSF5KSjpB3ropAPZWwtCf4GgkpFjuYiYvnQp4LfPNRfcEyQACMsX3FfiAJWLpRjG7vum9e1J6Vq:0:0,T0,true,scheduled,success,json_ok,observed,on_time,observed,b89b6597542239f9557c77fe
solana:7XMF9mxrbsepMSF5KSjpB3ropAPZWwtCf4GgkpFjuYiYvnQp4LfPNRfcEyQACMsX3FfiAJWLpRjG7vum9e1J6Vq:0:0,T+24h,true,scheduled,success,json_ok,observed,on_time,observed,c638c3ad7ed0002f5d0c5d3e
solana:7XMF9mxrbsepMSF5KSjpB3ropAPZWwtCf4GgkpFjuYiYvnQp4LfPNRfcEyQACMsX3FfiAJWLpRjG7vum9e1J6Vq:0:0,T+60h,true,scheduled,success,json_ok,observed,on_time,observed,7dcd0a2df7de305fb75629df
solana:2odsLaFqm9t3ff7dAP1krom14g81qMb5M5RNUqkgwPoxy7ZQAuPiBjuH3ueXdjWznhJ2RmS3xaYspRF47WShQ2uc:2:0,T0,true,scheduled,success,json_ok,observed,on_time,observed,b7cc8d686f43c244dc6555b3
solana:2odsLaFqm9t3ff7dAP1krom14g81qMb5M5RNUqkgwPoxy7ZQAuPiBjuH3ueXdjWznhJ2RmS3xaYspRF47WShQ2uc:2:0,T+24h,true,scheduled,success,json_ok,observed,on_time,observed,cce3c45c2a3ace11fc1c6e81
solana:2odsLaFqm9t3ff7dAP1krom14g81qMb5M5RNUqkgwPoxy7ZQAuPiBjuH3ueXdjWznhJ2RmS3xaYspRF47WShQ2uc:2:0,T+60h,true,scheduled,success,json_ok,observed,on_time,observed,d38afbf5071e0dd732afb08d
solana:3tcQ6cZbyQjuGD2tQEoGeqush3dGRBXtHikW4AebzH9bLCMYe5W16Hkw1GeZBjaLfgtS2Y5La9itf3HZDfSoQMMH:2:0,T0,true,scheduled,success,json_ok,observed,on_time,observed,94ab8e129f37dd7c17bfb354
solana:3tcQ6cZbyQjuGD2tQEoGeqush3dGRBXtHikW4AebzH9bLCMYe5W16Hkw1GeZBjaLfgtS2Y5La9itf3HZDfSoQMMH:2:0,T+24h,true,scheduled,success,json_ok,observed,on_time,observed,ea45f5f65723a408609dd6c4
solana:3tcQ6cZbyQjuGD2tQEoGeqush3dGRBXtHikW4AebzH9bLCMYe5W16Hkw1GeZBjaLfgtS2Y5La9itf3HZDfSoQMMH:2:0,T+60h,true,scheduled,success,json_ok,observed,on_time,observed,8c80dd6163ffbd037f29d1db
solana:5sXPTNEr3SJmSSBKVXaWkE5AYMKHqhhNnDT1GB6aPCRum4VLZN65wYnXNQPrPcJVxFCPdJz2hYezBhKooY5p4tvo:2:0,T0,true,scheduled,failed,not_observed,not_observed,on_time,request_failed,aff71f0209fc256136e33598
solana:5sXPTNEr3SJmSSBKVXaWkE5AYMKHqhhNnDT1GB6aPCRum4VLZN65wYnXNQPrPcJVxFCPdJz2hYezBhKooY5p4tvo:2:0,T+24h,true,scheduled,failed,not_observed,not_observed,on_time,request_failed,86d0795f98b691301b5b626c
solana:5sXPTNEr3SJmSSBKVXaWkE5AYMKHqhhNnDT1GB6aPCRum4VLZN65wYnXNQPrPcJVxFCPdJz2hYezBhKooY5p4tvo:2:0,T+60h,true,scheduled,failed,not_observed,not_observed,on_time,request_failed,83c5668594defc43ac9e0409
solana:4XfuoPiXYvvLNmo8YcGVGN5xmzWeWJXJ3REouTPjPnv98LjRnkrSW8RQjGmJwgBvGBBrckUwdxAvb4qFzLGZ3MB8:2:0,T0,true,scheduled,success,json_ok,observed,on_time,observed,d80a72f4d159d4bad513e493
solana:4XfuoPiXYvvLNmo8YcGVGN5xmzWeWJXJ3REouTPjPnv98LjRnkrSW8RQjGmJwgBvGBBrckUwdxAvb4qFzLGZ3MB8:2:0,T+24h,true,scheduled,success,json_ok,observed,on_time,observed,e7bac93ad10b6588fb88cca6
solana:4XfuoPiXYvvLNmo8YcGVGN5xmzWeWJXJ3REouTPjPnv98LjRnkrSW8RQjGmJwgBvGBBrckUwdxAvb4qFzLGZ3MB8:2:0,T+60h,true,scheduled,success,json_ok,observed,on_time,observed,44bab1d672bc44820d118fc9
solana:41ox1BkzMSgLC6YEaHfPJWRfwMuBy9ip4NdWXhjQ4CLmBZPryRXQBsw33Yz3wuTRxMBmW6XnSeD5kBJZHoz7DvYi:2:0,T0,true,scheduled,success,json_ok,observed,on_time,observed,7e75fa46569fe5d7303b2b14
solana:41ox1BkzMSgLC6YEaHfPJWRfwMuBy9ip4NdWXhjQ4CLmBZPryRXQBsw33Yz3wuTRxMBmW6XnSeD5kBJZHoz7DvYi:2:0,T+24h,true,scheduled,success,json_ok,observed,on_time,observed,77a7945e924e396cd34b3aa6
solana:41ox1BkzMSgLC6YEaHfPJWRfwMuBy9ip4NdWXhjQ4CLmBZPryRXQBsw33Yz3wuTRxMBmW6XnSeD5kBJZHoz7DvYi:2:0,T+60h,true,scheduled,success,json_ok,observed,on_time,observed,a82a4705d4f06dc8b4ae2b44
solana:3NDKuhzXBqKmcs7AMeoyAsMGp7WcNs5Hbykyk3UHgso88goSk9p6JsMdMhrPgzX7ZDxUMcvQKh84zRABXzixu17u:2:0,T0,true,scheduled,success,json_ok,observed,on_time,observed,b61a139596a2299654ca333b
solana:3NDKuhzXBqKmcs7AMeoyAsMGp7WcNs5Hbykyk3UHgso88goSk9p6JsMdMhrPgzX7ZDxUMcvQKh84zRABXzixu17u:2:0,T+24h,true,scheduled,success,json_ok,observed,on_time,observed,8ed3e03c638ca445838a1435
solana:3NDKuhzXBqKmcs7AMeoyAsMGp7WcNs5Hbykyk3UHgso88goSk9p6JsMdMhrPgzX7ZDxUMcvQKh84zRABXzixu17u:2:0,T+60h,true,scheduled,success,json_ok,observed,on_time,observed,d593b542543681fa2f4a7ca8
solana:EwgCpRfJ9nfszgQc8NZj4KGf3YG8JeHhyWK67Vmh9rzXTdnWGnrfm9U6fSDQtvj7U9KVrPvfXTmcBPecJ21vokf:2:0,T0,true,scheduled,success,json_ok,observed,on_time,observed,7008439ed1119a17283a9581
solana:EwgCpRfJ9nfszgQc8NZj4KGf3YG8JeHhyWK67Vmh9rzXTdnWGnrfm9U6fSDQtvj7U9KVrPvfXTmcBPecJ21vokf:2:0,T+24h,true,scheduled,success,json_ok,observed,on_time,observed,f39eebc819c0d8218181c391
solana:EwgCpRfJ9nfszgQc8NZj4KGf3YG8JeHhyWK67Vmh9rzXTdnWGnrfm9U6fSDQtvj7U9KVrPvfXTmcBPecJ21vokf:2:0,T+60h,true,scheduled,success,json_ok,observed,on_time,observed,a21c4b3dd47d0b381e768fd9
solana:1L5rvDUtjw3ayJMwMLAGq3xktkFxuQwmKkSUsBSNanyU2ok1zrK67ACU7J4aUHsa5oP4sRiAwTsBmV9caznbKEH:2:0,T0,true,scheduled,success,json_ok,observed,on_time,observed,0ec20b71023ed7192f6a5666
solana:1L5rvDUtjw3ayJMwMLAGq3xktkFxuQwmKkSUsBSNanyU2ok1zrK67ACU7J4aUHsa5oP4sRiAwTsBmV9caznbKEH:2:0,T+24h,true,scheduled,success,json_ok,observed,on_time,observed,c72c1a1e714e6c1a366ca718
solana:1L5rvDUtjw3ayJMwMLAGq3xktkFxuQwmKkSUsBSNanyU2ok1zrK67ACU7J4aUHsa5oP4sRiAwTsBmV9caznbKEH:2:0,T+60h,true,scheduled,success,json_ok,observed,on_time,observed,26545a94696ad316a89d76fb
solana:2UdEkg4EB4Fg3YEhxcFHpK9udxyMnQThiaJug3w96NqdDF3UvaXhdFYChMuPAPdzPSiXhHHtzRZNFhnXjffZUpE5:2:0,T0,true,scheduled,success,json_ok,observed,on_time,observed,aa7b4624c3aabe3cf50e6c31
solana:2UdEkg4EB4Fg3YEhxcFHpK9udxyMnQThiaJug3w96NqdDF3UvaXhdFYChMuPAPdzPSiXhHHtzRZNFhnXjffZUpE5:2:0,T+24h,true,scheduled,success,json_ok,observed,on_time,observed,012ba2474c705892aaf4258e
solana:2UdEkg4EB4Fg3YEhxcFHpK9udxyMnQThiaJug3w96NqdDF3UvaXhdFYChMuPAPdzPSiXhHHtzRZNFhnXjffZUpE5:2:0,T+60h,true,scheduled,success,json_ok,observed,on_time,observed,916d0035f24da72ce7aff48f
solana:4RMjDpvp5abT9EimQYQRs6Gi9bGd1suPvhyMBKgRZcs5geHqLxB6hi5bwkbKDNbbNXhHB66av55GZkEvkTd8qW3A:2:0,T0,true,scheduled,success,json_ok,observed,on_time,observed,439c6b10d3d16ed6a926160a
solana:4RMjDpvp5abT9EimQYQRs6Gi9bGd1suPvhyMBKgRZcs5geHqLxB6hi5bwkbKDNbbNXhHB66av55GZkEvkTd8qW3A:2:0,T+24h,true,scheduled,success,json_ok,observed,on_time,observed,a434df07bed19dcc9849f0d9
solana:4RMjDpvp5abT9EimQYQRs6Gi9bGd1suPvhyMBKgRZcs5geHqLxB6hi5bwkbKDNbbNXhHB66av55GZkEvkTd8qW3A:2:0,T+60h,true,scheduled,success,json_ok,observed,on_time,observed,f01e2189e4cf13fe443a1342
solana:d4p9e2vJsnR6PjFCfwPtpQirruRuFCU28QzEwwK1wUNzusSgTJr8tqLSY2W75FcWoctx7WSTGborcrYbSUGAwE2:2:0,T0,true,scheduled,failed,not_observed,not_observed,on_time,request_failed,d05ed51b9e5ea3519b6b1faa
solana:d4p9e2vJsnR6PjFCfwPtpQirruRuFCU28QzEwwK1wUNzusSgTJr8tqLSY2W75FcWoctx7WSTGborcrYbSUGAwE2:2:0,T+24h,true,scheduled,failed,not_observed,not_observed,on_time,request_failed,7410e9e7ecada3a250056f58
solana:d4p9e2vJsnR6PjFCfwPtpQirruRuFCU28QzEwwK1wUNzusSgTJr8tqLSY2W75FcWoctx7WSTGborcrYbSUGAwE2:2:0,T+60h,true,scheduled,failed,not_observed,not_observed,on_time,request_failed,847463829a2fe22f6dd3fa0d
solana:5z2EnBQTu6WUt9tFKrhph3JbkjqAdGhDoW12ESnTigkU6MkmP5NsFiSwDHwBHiqWcNdJvGGVEB8vxasBNebsLbUB:2:0,T0,true,scheduled,failed,not_observed,not_observed,on_time,request_failed,5288df95a2fb0995062fd142
solana:5z2EnBQTu6WUt9tFKrhph3JbkjqAdGhDoW12ESnTigkU6MkmP5NsFiSwDHwBHiqWcNdJvGGVEB8vxasBNebsLbUB:2:0,T+24h,true,scheduled,failed,not_observed,not_observed,on_time,request_failed,54501894b981b20f54d6f57b
solana:5z2EnBQTu6WUt9tFKrhph3JbkjqAdGhDoW12ESnTigkU6MkmP5NsFiSwDHwBHiqWcNdJvGGVEB8vxasBNebsLbUB:2:0,T+60h,true,scheduled,failed,not_observed,not_observed,on_time,request_failed,19915eb9388e9c177abe0db9
solana:VoHZ6zkn5m27NCZA2ZYZhoAAUQjpZz7CqArnTcmioyeN9ZQFweNCjaKnXzsLgVwApnNYNizpq5wuQzqmh5AjpWu:2:0,T0,true,scheduled,success,json_ok,observed,on_time,observed,e02663996ad64b2a491b92dd
solana:VoHZ6zkn5m27NCZA2ZYZhoAAUQjpZz7CqArnTcmioyeN9ZQFweNCjaKnXzsLgVwApnNYNizpq5wuQzqmh5AjpWu:2:0,T+24h,true,scheduled,success,json_ok,observed,on_time,observed,7e1c56140a4135d0743b945f
solana:VoHZ6zkn5m27NCZA2ZYZhoAAUQjpZz7CqArnTcmioyeN9ZQFweNCjaKnXzsLgVwApnNYNizpq5wuQzqmh5AjpWu:2:0,T+60h,true,scheduled,success,json_ok,observed,on_time,observed,d6138a32530a8133edfd6e56
solana:56V6m9Hx5MSscpsVyhtzToPvncbxZrjfDGWDAXoaZS4CLht4GhvXcC6CW67rraLkfqN6po8BEi4prYiHyAigLAij:2:0,T0,true,scheduled,success,json_ok,observed,on_time,observed,19a90ad49e7801b52aa8a57e
solana:56V6m9Hx5MSscpsVyhtzToPvncbxZrjfDGWDAXoaZS4CLht4GhvXcC6CW67rraLkfqN6po8BEi4prYiHyAigLAij:2:0,T+24h,true,scheduled,success,json_ok,observed,on_time,observed,03334ad1b1da2ec64bf28d07
solana:56V6m9Hx5MSscpsVyhtzToPvncbxZrjfDGWDAXoaZS4CLht4GhvXcC6CW67rraLkfqN6po8BEi4prYiHyAigLAij:2:0,T+60h,true,scheduled,success,json_ok,observed,on_time,observed,fa078dade86fd5b33b1425c6
solana:5Fd1VzjZdLJYHpJ1t9HPQQwbRyPtN2vChYk3N2jGRpUwFdA2NaymgiFQPL9Wvfe94QH3WGJeuttT36bCSkSTF3PJ:2:0,T0,true,scheduled,success,json_ok,observed,on_time,observed,db9f1d9c79e8a914f4389772
solana:5Fd1VzjZdLJYHpJ1t9HPQQwbRyPtN2vChYk3N2jGRpUwFdA2NaymgiFQPL9Wvfe94QH3WGJeuttT36bCSkSTF3PJ:2:0,T+24h,true,scheduled,success,json_ok,observed,on_time,observed,a37894b6470dad96278aa620
solana:5Fd1VzjZdLJYHpJ1t9HPQQwbRyPtN2vChYk3N2jGRpUwFdA2NaymgiFQPL9Wvfe94QH3WGJeuttT36bCSkSTF3PJ:2:0,T+60h,true,scheduled,success,json_ok,observed,on_time,observed,8ae3e210695443d0349c9097
solana:2gow1qaPU1aBgDNMnp7AWU1LRxRHVkRdvwjzvWs6DEEftCLWivCXeuDATVtGnH7mc4kTqW9jJV5RgCLNTjKDRsU:2:0,T0,true,scheduled,success,json_ok,observed,on_time,observed,8e1360adb651ef3862040ce6
solana:2gow1qaPU1aBgDNMnp7AWU1LRxRHVkRdvwjzvWs6DEEftCLWivCXeuDATVtGnH7mc4kTqW9jJV5RgCLNTjKDRsU:2:0,T+24h,true,scheduled,success,json_ok,observed,on_time,observed,32bf7808268a4e0e29e38256
solana:2gow1qaPU1aBgDNMnp7AWU1LRxRHVkRdvwjzvWs6DEEftCLWivCXeuDATVtGnH7mc4kTqW9jJV5RgCLNTjKDRsU:2:0,T+60h,true,scheduled,success,json_ok,observed,on_time,observed,f496f33e7027499c4efec850
solana:4fhGheS3TcMHaDfos1A4g9dSKL1eEy9bGjVrvdp5A5Doef4Wkaa9gaX5BSXDjtZyTRJvXpVonSKZ4MjKQfzjLNkR:2:0,T0,true,scheduled,success,json_ok,observed,on_time,observed,4864bc15c97f77aa76c116e9
solana:4fhGheS3TcMHaDfos1A4g9dSKL1eEy9bGjVrvdp5A5Doef4Wkaa9gaX5BSXDjtZyTRJvXpVonSKZ4MjKQfzjLNkR:2:0,T+24h,true,scheduled,success,json_ok,observed,on_time,observed,7ae1870066c55c0e5f1ba671
solana:4fhGheS3TcMHaDfos1A4g9dSKL1eEy9bGjVrvdp5A5Doef4Wkaa9gaX5BSXDjtZyTRJvXpVonSKZ4MjKQfzjLNkR:2:0,T+60h,true,scheduled,success,json_ok,observed,on_time,observed,f3eb34aaf86c6ad4229df9db
solana:sZyKBNq4LKBDniMM5rVhWE7T4rQ9iz54ULBszoisWWHAm2VtdVgjq9nqNTRK2wrppytjt9Zjk81CA2qUFMUavQ6:2:0,T0,true,scheduled,failed,not_observed,not_observed,on_time,request_failed,d6df7247668c515dfd3c089e
solana:sZyKBNq4LKBDniMM5rVhWE7T4rQ9iz54ULBszoisWWHAm2VtdVgjq9nqNTRK2wrppytjt9Zjk81CA2qUFMUavQ6:2:0,T+24h,true,scheduled,failed,not_observed,not_observed,on_time,request_failed,6ea9c25cb182c2810d0be2d4
solana:sZyKBNq4LKBDniMM5rVhWE7T4rQ9iz54ULBszoisWWHAm2VtdVgjq9nqNTRK2wrppytjt9Zjk81CA2qUFMUavQ6:2:0,T+60h,true,scheduled,failed,not_observed,not_observed,on_time,request_failed,0f9f2e0b0b4a4708de28cb38
solana:3mAVuzx7MR52cWEkusmd4bTB8GaVG4eGjMKphuM69EL2nsTLpMRJQ5GFQB7Shn5zc47zwLGuEN1mudSDx85sKqGp:2:0,T0,true,scheduled,success,json_ok,observed,on_time,observed,85a3c4945bcdbb2248114157
solana:3mAVuzx7MR52cWEkusmd4bTB8GaVG4eGjMKphuM69EL2nsTLpMRJQ5GFQB7Shn5zc47zwLGuEN1mudSDx85sKqGp:2:0,T+24h,true,scheduled,success,json_ok,observed,on_time,observed,2a4027075e054c5482a78b3d
solana:3mAVuzx7MR52cWEkusmd4bTB8GaVG4eGjMKphuM69EL2nsTLpMRJQ5GFQB7Shn5zc47zwLGuEN1mudSDx85sKqGp:2:0,T+60h,true,scheduled,success,json_ok,observed,on_time,observed,134ed4aa74e1a216e60bfabf
solana:3VxHrRzjZk6ghSpRqH5qpbTmxF6KL8w1MUtmeturP75CASfnTNBtHeaWyPouyz4bgF3wpug6fWfKjuQ9a6agaEUd:0:0,T0,true,scheduled,success,json_ok,observed,on_time,observed,b08baeb7941f5a33f09c3184
solana:3VxHrRzjZk6ghSpRqH5qpbTmxF6KL8w1MUtmeturP75CASfnTNBtHeaWyPouyz4bgF3wpug6fWfKjuQ9a6agaEUd:0:0,T+24h,true,scheduled,success,json_ok,observed,on_time,observed,eb4f6019d23f559f484626ae
solana:3VxHrRzjZk6ghSpRqH5qpbTmxF6KL8w1MUtmeturP75CASfnTNBtHeaWyPouyz4bgF3wpug6fWfKjuQ9a6agaEUd:0:0,T+60h,true,scheduled,success,json_ok,observed,on_time,observed,d9bf0861793710146f82bdf2
solana:4hCaZXL7M6idhvzysA5ndeo2kQ868BFEUMkFuhiNJt8Nrg2qdbDBXyBU38t5eh9eztZ8PzVzZtB4phUPABQcg35u:2:0,T0,true,scheduled,success,json_ok,observed,on_time,observed,c6e04994e23012a24923aca8
solana:4hCaZXL7M6idhvzysA5ndeo2kQ868BFEUMkFuhiNJt8Nrg2qdbDBXyBU38t5eh9eztZ8PzVzZtB4phUPABQcg35u:2:0,T+24h,true,scheduled,success,json_ok,observed,on_time,observed,25e5e6231deb45a51210bee0
solana:4hCaZXL7M6idhvzysA5ndeo2kQ868BFEUMkFuhiNJt8Nrg2qdbDBXyBU38t5eh9eztZ8PzVzZtB4phUPABQcg35u:2:0,T+60h,true,scheduled,success,json_ok,observed,on_time,observed,4bc42b023ebc0b8ad92365a7
solana:2jKu31zJBtYDD7cgcEiBarXxuTg9b94shUcr7c8jRBknbLrqBuaxVyPVgQVYLXqZwMxiVnwKiq8PEPiknTRzV9qN:2:0,T0,true,scheduled,success,json_ok,observed,on_time,observed,32a1678ad03dea3455dbbf2e
solana:2jKu31zJBtYDD7cgcEiBarXxuTg9b94shUcr7c8jRBknbLrqBuaxVyPVgQVYLXqZwMxiVnwKiq8PEPiknTRzV9qN:2:0,T+24h,true,scheduled,success,json_ok,observed,on_time,observed,1db00a38eabc239960f2bc4e
solana:2jKu31zJBtYDD7cgcEiBarXxuTg9b94shUcr7c8jRBknbLrqBuaxVyPVgQVYLXqZwMxiVnwKiq8PEPiknTRzV9qN:2:0,T+60h,true,scheduled,success,json_ok,observed,on_time,observed,b552748483eff11040354f1a
solana:GMDpLRqRuTx9JpsYoaxCbkpEhDirParzJFXPLSUXgNb1wubkpfEoZ6msCWLT8TBJgMMAZA2dgTuRPj5GjpBuprx:2:0,T0,true,scheduled,success,json_ok,observed,on_time,observed,be7d14480dd804172b8eb03b
solana:GMDpLRqRuTx9JpsYoaxCbkpEhDirParzJFXPLSUXgNb1wubkpfEoZ6msCWLT8TBJgMMAZA2dgTuRPj5GjpBuprx:2:0,T+24h,true,scheduled,success,json_ok,observed,on_time,observed,5e6c9cc21da0d6e980645217
solana:GMDpLRqRuTx9JpsYoaxCbkpEhDirParzJFXPLSUXgNb1wubkpfEoZ6msCWLT8TBJgMMAZA2dgTuRPj5GjpBuprx:2:0,T+60h,true,scheduled,success,json_ok,observed,on_time,observed,ca7729d3cf1914cc543bfe8d
solana:45E2k7pz6Sra9EasgWcb7MUfB3UWtXi983XEfT1SFbSgdw6VBZ7gg1U7qgdZpf8swEh6w3FexvfJyxxiyrFkwVzF:2:0,T0,true,scheduled,success,json_ok,observed,on_time,observed,a2087f5de1ca882db30a8d50
solana:45E2k7pz6Sra9EasgWcb7MUfB3UWtXi983XEfT1SFbSgdw6VBZ7gg1U7qgdZpf8swEh6w3FexvfJyxxiyrFkwVzF:2:0,T+24h,true,scheduled,success,json_ok,observed,on_time,observed,14fee695ff09c8a8c8deb3e0
solana:45E2k7pz6Sra9EasgWcb7MUfB3UWtXi983XEfT1SFbSgdw6VBZ7gg1U7qgdZpf8swEh6w3FexvfJyxxiyrFkwVzF:2:0,T+60h,true,scheduled,success,json_ok,observed,on_time,observed,ac4efa51c881831366700cb2
solana:4kwRXVw9hZM3vzpQnwCzCthZztsV5psUCL1kND9BCmG1QZryo9YV3pdmBJQ6HUpogthCEpnc2UUiwJiPZoM2zL2o:2:0,T0,true,scheduled,success,json_ok,observed,on_time,observed,23f4a4f27c1d42bb961c7179
solana:4kwRXVw9hZM3vzpQnwCzCthZztsV5psUCL1kND9BCmG1QZryo9YV3pdmBJQ6HUpogthCEpnc2UUiwJiPZoM2zL2o:2:0,T+24h,true,scheduled,success,json_ok,observed,on_time,observed,aaac65531048f312d76f7085
solana:4kwRXVw9hZM3vzpQnwCzCthZztsV5psUCL1kND9BCmG1QZryo9YV3pdmBJQ6HUpogthCEpnc2UUiwJiPZoM2zL2o:2:0,T+60h,true,scheduled,success,json_ok,observed,on_time,observed,d0dff758b1c221b6aa05d792
solana:5uFM2QhydqLDncQDPdbwBk9Er55NTNSA6nfZXeD2s5xfEE2ecAGcD9CKAkjTXKKNQcGcDtyov7gzZPNiYKfrsWBC:2:0,T0,true,scheduled,success,json_ok,observed,on_time,observed,f0b3189e72b52c157bb0ce16
solana:5uFM2QhydqLDncQDPdbwBk9Er55NTNSA6nfZXeD2s5xfEE2ecAGcD9CKAkjTXKKNQcGcDtyov7gzZPNiYKfrsWBC:2:0,T+24h,true,scheduled,success,json_ok,observed,on_time,observed,d57f7a02e52bd606f3678e17
solana:5uFM2QhydqLDncQDPdbwBk9Er55NTNSA6nfZXeD2s5xfEE2ecAGcD9CKAkjTXKKNQcGcDtyov7gzZPNiYKfrsWBC:2:0,T+60h,true,scheduled,success,json_ok,observed,on_time,observed,33d4523ac1a62cad318a1554
solana:2nEeL2rLarXWR1XrSFpR3kcH4ZBBcYhtoSiMD24u2DQU2JddkgRyQH4YLJKDfYEi3h1gGa71BrZhJ7z6h352BrVf:2:0,T0,true,scheduled,success,json_ok,observed,on_time,observed,0cd516fb4567e2a2c47d9533
solana:2nEeL2rLarXWR1XrSFpR3kcH4ZBBcYhtoSiMD24u2DQU2JddkgRyQH4YLJKDfYEi3h1gGa71BrZhJ7z6h352BrVf:2:0,T+24h,true,scheduled,success,json_ok,observed,on_time,observed,550a6154522d5cf6c0415cc1
solana:2nEeL2rLarXWR1XrSFpR3kcH4ZBBcYhtoSiMD24u2DQU2JddkgRyQH4YLJKDfYEi3h1gGa71BrZhJ7z6h352BrVf:2:0,T+60h,true,scheduled,success,json_ok,observed,on_time,observed,82806b5c1ed7069c4d04177b
solana:36UEVmN9qDvD8itm2wxaMGxHPabLgcnDhj3HDHAFKobCxMeXMrQctWZHwTKb83bi9x43Tk13jso57WWwUmTHFax5:2:0,T0,true,scheduled,success,json_ok,observed,on_time,observed,5a844f9c34079f2f85afaf5f
solana:36UEVmN9qDvD8itm2wxaMGxHPabLgcnDhj3HDHAFKobCxMeXMrQctWZHwTKb83bi9x43Tk13jso57WWwUmTHFax5:2:0,T+24h,true,scheduled,success,json_ok,observed,on_time,observed,037583233330ca30e7d6ff3e
solana:36UEVmN9qDvD8itm2wxaMGxHPabLgcnDhj3HDHAFKobCxMeXMrQctWZHwTKb83bi9x43Tk13jso57WWwUmTHFax5:2:0,T+60h,true,scheduled,success,json_ok,observed,on_time,observed,f2f63c9d84b4ad1355342f71
solana:4ueEM1iT4heKwxvbrhpkV7ogPQgPrVVtAjcec5TzEnPQrJYPVAraheo5rfHB4uVTcG9rHB5gNirFE2DviRYNwLpN:2:0,T0,true,scheduled,success,json_ok,observed,on_time,observed,014828a79872e606c6ede688
solana:4ueEM1iT4heKwxvbrhpkV7ogPQgPrVVtAjcec5TzEnPQrJYPVAraheo5rfHB4uVTcG9rHB5gNirFE2DviRYNwLpN:2:0,T+24h,true,scheduled,success,json_ok,observed,on_time,observed,c7a1010fdc5b3df442a70349
solana:4ueEM1iT4heKwxvbrhpkV7ogPQgPrVVtAjcec5TzEnPQrJYPVAraheo5rfHB4uVTcG9rHB5gNirFE2DviRYNwLpN:2:0,T+60h,true,scheduled,success,json_ok,observed,on_time,observed,ac598ace0002854ce2522052
solana:2A8AJHLC7AweTayaZQ53gnYPZZJg8rUW9jwhy4dt4YG9TgQjF8CaQxpnQBh5V7ZPNPTbwzAJ1rc5UassRKfQEiVz:2:0,T0,true,scheduled,failed,not_observed,not_observed,on_time,request_failed,909cc638bb39fd20eb074e67
solana:2A8AJHLC7AweTayaZQ53gnYPZZJg8rUW9jwhy4dt4YG9TgQjF8CaQxpnQBh5V7ZPNPTbwzAJ1rc5UassRKfQEiVz:2:0,T+24h,true,scheduled,failed,not_observed,not_observed,on_time,request_failed,e7815b3263114a858da464ca
solana:2A8AJHLC7AweTayaZQ53gnYPZZJg8rUW9jwhy4dt4YG9TgQjF8CaQxpnQBh5V7ZPNPTbwzAJ1rc5UassRKfQEiVz:2:0,T+60h,true,scheduled,failed,not_observed,not_observed,on_time,request_failed,5496fcdae6759f17e35c3b5f
solana:2heXLiSe5XNSBN8GUX37Sqy7xtL8w6L6uiXqbLu9p52mA2jHzGBFqkuKbJeVyGC9sqpjVBEbpwKwmgQcMfqPLYyW:2:0,T0,true,scheduled,success,json_ok,observed,on_time,observed,f2df50464a17f714cda0482c
solana:2heXLiSe5XNSBN8GUX37Sqy7xtL8w6L6uiXqbLu9p52mA2jHzGBFqkuKbJeVyGC9sqpjVBEbpwKwmgQcMfqPLYyW:2:0,T+24h,true,scheduled,success,json_ok,observed,on_time,observed,2e22b7c2992777fecd5a8e34
solana:2heXLiSe5XNSBN8GUX37Sqy7xtL8w6L6uiXqbLu9p52mA2jHzGBFqkuKbJeVyGC9sqpjVBEbpwKwmgQcMfqPLYyW:2:0,T+60h,true,scheduled,success,json_ok,observed,on_time,observed,da1da789f87a0ee40be2fde2
solana:5DUMDdPpTkayXsZnoYDDGvNnxcExt1Vu7S8FQ5axsvhNPbehbxoQXr484E8S9Gw8DTLq3AQyZinbsKrCP1BQUmXk:2:0,T0,true,scheduled,success,json_ok,observed,on_time,observed,e396412cfb36bdb764fea20a
solana:5DUMDdPpTkayXsZnoYDDGvNnxcExt1Vu7S8FQ5axsvhNPbehbxoQXr484E8S9Gw8DTLq3AQyZinbsKrCP1BQUmXk:2:0,T+24h,true,scheduled,success,json_ok,observed,on_time,observed,a5873c329f0590a0da842162
solana:5DUMDdPpTkayXsZnoYDDGvNnxcExt1Vu7S8FQ5axsvhNPbehbxoQXr484E8S9Gw8DTLq3AQyZinbsKrCP1BQUmXk:2:0,T+60h,true,scheduled,success,json_ok,observed,on_time,observed,a9590a8cd11997aa1afa9e26
solana:WhFgaAcfsHPdfZsjc7ZKJ2vSYcuV4NQEpFgvXdhKojeyXxAuDxP2v746CMvyVmxndDHShv2U5VHKC6MhjhLzXKf:2:0,T0,true,scheduled,success,json_ok,observed,on_time,observed,10d47a40ab3f937e8a312b9e
solana:WhFgaAcfsHPdfZsjc7ZKJ2vSYcuV4NQEpFgvXdhKojeyXxAuDxP2v746CMvyVmxndDHShv2U5VHKC6MhjhLzXKf:2:0,T+24h,true,scheduled,success,json_ok,observed,on_time,observed,c3faa3178cf88c4383eb357e
solana:WhFgaAcfsHPdfZsjc7ZKJ2vSYcuV4NQEpFgvXdhKojeyXxAuDxP2v746CMvyVmxndDHShv2U5VHKC6MhjhLzXKf:2:0,T+60h,true,scheduled,success,json_ok,observed,on_time,observed,a73242c13590c488a14e24e8
solana:5hEdWqV2jp5ckZaHMAxk7UWc5Ug5Ri1G54VaAzbq75ZYicemaYR8mKBxCuyU6PM3xhKUU3a9JUJ1RfWRdNnGJbB9:2:0,T0,true,scheduled,success,json_ok,observed,on_time,observed,0aa9476b1dc1be7ebb8ba1a8
solana:5hEdWqV2jp5ckZaHMAxk7UWc5Ug5Ri1G54VaAzbq75ZYicemaYR8mKBxCuyU6PM3xhKUU3a9JUJ1RfWRdNnGJbB9:2:0,T+24h,true,scheduled,success,json_ok,observed,on_time,observed,b71d2128db79392d0291997e
solana:5hEdWqV2jp5ckZaHMAxk7UWc5Ug5Ri1G54VaAzbq75ZYicemaYR8mKBxCuyU6PM3xhKUU3a9JUJ1RfWRdNnGJbB9:2:0,T+60h,true,scheduled,success,json_ok,observed,on_time,observed,f67383c5be970cba581eb0c6
solana:ThTJja8tPuD6BwUdYa8shPx9NoGvbjPiJW1DbP8vD4Km1Tfsa5v6NGqQB9CYHLUN7aKenkXY3uyGRAt25b2Wjk6:2:0,T0,true,scheduled,success,json_ok,observed,on_time,observed,e1521fd03f68bf1e87cc8264
solana:ThTJja8tPuD6BwUdYa8shPx9NoGvbjPiJW1DbP8vD4Km1Tfsa5v6NGqQB9CYHLUN7aKenkXY3uyGRAt25b2Wjk6:2:0,T+24h,true,scheduled,success,json_ok,observed,on_time,observed,9efb517c68616da275a8472d
solana:ThTJja8tPuD6BwUdYa8shPx9NoGvbjPiJW1DbP8vD4Km1Tfsa5v6NGqQB9CYHLUN7aKenkXY3uyGRAt25b2Wjk6:2:0,T+60h,true,scheduled,success,json_ok,observed,on_time,observed,b83426129c1d6e4975b1246c
solana:2GdC2xVDqHdBUGBkDLmySNegawjSznveAb83NxbT17qACvWTNt9cFVmVYs5DXRagvw2crRctNZuWi2DqjphtMVP8:2:0,T0,true,scheduled,success,json_ok,observed,on_time,observed,d1828056d59cf96116e951dd
solana:2GdC2xVDqHdBUGBkDLmySNegawjSznveAb83NxbT17qACvWTNt9cFVmVYs5DXRagvw2crRctNZuWi2DqjphtMVP8:2:0,T+24h,true,scheduled,success,json_ok,observed,on_time,observed,77e3df323948433a45e78bf1
solana:2GdC2xVDqHdBUGBkDLmySNegawjSznveAb83NxbT17qACvWTNt9cFVmVYs5DXRagvw2crRctNZuWi2DqjphtMVP8:2:0,T+60h,true,scheduled,success,json_ok,observed,on_time,observed,3b53adaa4bffc577844665a5
solana:661mrfeRUSkRW5vL1xP1wSN5xDoS59KZL4oGTanVXWpGz73p7X51qLHEPupcDy7CiqCYhwrM5oHPevDJvrrPvTQT:2:0,T0,true,scheduled,success,json_ok,observed,on_time,observed,f1f37af9941720cc03b5c60d
solana:661mrfeRUSkRW5vL1xP1wSN5xDoS59KZL4oGTanVXWpGz73p7X51qLHEPupcDy7CiqCYhwrM5oHPevDJvrrPvTQT:2:0,T+24h,true,scheduled,success,json_ok,observed,on_time,observed,6d5d6871edf17215872765fc
solana:661mrfeRUSkRW5vL1xP1wSN5xDoS59KZL4oGTanVXWpGz73p7X51qLHEPupcDy7CiqCYhwrM5oHPevDJvrrPvTQT:2:0,T+60h,true,scheduled,success,json_ok,observed,on_time,observed,e0391081b323a726cfd6a0d5
solana:53UqYDGwrfxtH6PsJ5HC4ip4eLKcAkkMbsjJafq3B94WqvmyVCcCC5ekznQ4tqg4iRoERT6mhWVMk1EcgmCeGrhA:2:0,T0,true,scheduled,success,json_ok,observed,on_time,observed,29e5d191a8c15fe26591c29b
solana:53UqYDGwrfxtH6PsJ5HC4ip4eLKcAkkMbsjJafq3B94WqvmyVCcCC5ekznQ4tqg4iRoERT6mhWVMk1EcgmCeGrhA:2:0,T+24h,true,scheduled,success,json_ok,observed,on_time,observed,750fb59560c9b2e707d7254e
solana:53UqYDGwrfxtH6PsJ5HC4ip4eLKcAkkMbsjJafq3B94WqvmyVCcCC5ekznQ4tqg4iRoERT6mhWVMk1EcgmCeGrhA:2:0,T+60h,true,scheduled,success,json_ok,observed,on_time,observed,3721e69616fb429eef085c39
solana:3CaqYDj1hcStJQ3B19wf8KcpALdjSt36nsLHTTmd3bhANH5HobEEpia1Yi55yMZhj4jAk6kVDKL6oMscSMCScVfF:2:0,T0,true,scheduled,success,json_ok,observed,on_time,observed,7ac8302ef011678e8df8e1d9
solana:3CaqYDj1hcStJQ3B19wf8KcpALdjSt36nsLHTTmd3bhANH5HobEEpia1Yi55yMZhj4jAk6kVDKL6oMscSMCScVfF:2:0,T+24h,true,scheduled,success,json_ok,observed,on_time,observed,dbd1843d5c10a11c83f7ad8b
solana:3CaqYDj1hcStJQ3B19wf8KcpALdjSt36nsLHTTmd3bhANH5HobEEpia1Yi55yMZhj4jAk6kVDKL6oMscSMCScVfF:2:0,T+60h,true,scheduled,success,json_ok,observed,on_time,observed,5885c149cbf0a0e9d5a49339
solana:2RoAc73J7Ph3b29t2HCKqtqA4nc1s81oHTGgBdUM97qrpPYhVeiNxzVZeyQuQBrqdo3CFEMERY9tr1LwRfcQRUf9:2:0,T0,true,scheduled,success,json_ok,observed,on_time,observed,55d23c1d8e5fd4355bfea091
solana:2RoAc73J7Ph3b29t2HCKqtqA4nc1s81oHTGgBdUM97qrpPYhVeiNxzVZeyQuQBrqdo3CFEMERY9tr1LwRfcQRUf9:2:0,T+24h,true,scheduled,success,json_ok,observed,on_time,observed,bad9f002b6778acfa03a67e8
solana:2RoAc73J7Ph3b29t2HCKqtqA4nc1s81oHTGgBdUM97qrpPYhVeiNxzVZeyQuQBrqdo3CFEMERY9tr1LwRfcQRUf9:2:0,T+60h,true,scheduled,success,json_ok,observed,on_time,observed,b200828253878193fe3a2a48
solana:4vQ5JJuYEdgXzHqPo2ZYLYqhw4H7Aq3poLckduVj6bE6sKVeZ38zGptP37pJfGyUwHkaw6QFwzwiuxd8TBvXpshQ:2:0,T0,true,scheduled,success,json_ok,observed,on_time,observed,8eb17a97a01b9e41936d6f63
solana:4vQ5JJuYEdgXzHqPo2ZYLYqhw4H7Aq3poLckduVj6bE6sKVeZ38zGptP37pJfGyUwHkaw6QFwzwiuxd8TBvXpshQ:2:0,T+24h,true,scheduled,success,json_ok,observed,on_time,observed,b6666afcee2e714c20f0fa1d
solana:4vQ5JJuYEdgXzHqPo2ZYLYqhw4H7Aq3poLckduVj6bE6sKVeZ38zGptP37pJfGyUwHkaw6QFwzwiuxd8TBvXpshQ:2:0,T+60h,true,scheduled,success,json_ok,observed,on_time,observed,f8134fed6b05c05f52e368ef
solana:63mU6HSNW3237pVFdnVUAwXqPquvAEJQthr2zuW7wCLvXCMiR9xGtJtbzUcS76W19krQHtvxwpdUd4bB3LdgEuP5:2:0,T0,true,scheduled,failed,not_observed,not_observed,on_time,request_failed,fdd77fd5e1fad625b6f98798
solana:63mU6HSNW3237pVFdnVUAwXqPquvAEJQthr2zuW7wCLvXCMiR9xGtJtbzUcS76W19krQHtvxwpdUd4bB3LdgEuP5:2:0,T+24h,true,scheduled,failed,not_observed,not_observed,on_time,request_failed,89e609d2a7b947d4d1911565
solana:63mU6HSNW3237pVFdnVUAwXqPquvAEJQthr2zuW7wCLvXCMiR9xGtJtbzUcS76W19krQHtvxwpdUd4bB3LdgEuP5:2:0,T+60h,true,scheduled,failed,not_observed,not_observed,on_time,request_failed,e8d12745affef0c5766713c7
solana:3EDBUwdJty93YYHd5AB5ZDmjoKCqQbtiRLC2i8rY9ZmgQDGsmEV82kwCSEajdSuuDysiXGuy52nghmQSgKHieaA7:0:0,T0,true,scheduled,success,json_ok,observed,on_time,observed,318c216ffcfcd175dfab1cb8
solana:3EDBUwdJty93YYHd5AB5ZDmjoKCqQbtiRLC2i8rY9ZmgQDGsmEV82kwCSEajdSuuDysiXGuy52nghmQSgKHieaA7:0:0,T+24h,true,scheduled,success,json_ok,observed,on_time,observed,65b7e68fd55f97fc19bd9683
solana:3EDBUwdJty93YYHd5AB5ZDmjoKCqQbtiRLC2i8rY9ZmgQDGsmEV82kwCSEajdSuuDysiXGuy52nghmQSgKHieaA7:0:0,T+60h,true,scheduled,success,json_ok,observed,on_time,observed,f01f4dc96ab1b04984e37d4b
solana:4eTVmTNymdX2ChgZNZu71aHJoety1wHeTc3nAeND3XoivHuAvUfmZNGCbuzJeXnJHxA1Y4QpnCNXb1c9ufqEdgGt:2:0,T0,true,scheduled,success,json_ok,observed,on_time,observed,c1792ee87fcb87d80127c1f2
solana:4eTVmTNymdX2ChgZNZu71aHJoety1wHeTc3nAeND3XoivHuAvUfmZNGCbuzJeXnJHxA1Y4QpnCNXb1c9ufqEdgGt:2:0,T+24h,true,scheduled,success,json_ok,observed,on_time,observed,8bd0f86bdef38806eda40f0d
solana:4eTVmTNymdX2ChgZNZu71aHJoety1wHeTc3nAeND3XoivHuAvUfmZNGCbuzJeXnJHxA1Y4QpnCNXb1c9ufqEdgGt:2:0,T+60h,true,scheduled,success,json_ok,observed,on_time,observed,24c0b30f707a263e3970cfc7
solana:2b5JbbTkTsJvoj5E66dzDw52N2CtYDVD4xuG41EjRoEEwbMFRzTBjRhbQUUVz9AYdytEKcCE2wkdApQyCkfmA851:2:0,T0,true,scheduled,success,json_ok,observed,on_time,observed,61524d54eeac9d2fa2e00c4e
solana:2b5JbbTkTsJvoj5E66dzDw52N2CtYDVD4xuG41EjRoEEwbMFRzTBjRhbQUUVz9AYdytEKcCE2wkdApQyCkfmA851:2:0,T+24h,true,scheduled,success,json_ok,observed,on_time,observed,49616ecdd1ce4a4b3b3a8811
solana:2b5JbbTkTsJvoj5E66dzDw52N2CtYDVD4xuG41EjRoEEwbMFRzTBjRhbQUUVz9AYdytEKcCE2wkdApQyCkfmA851:2:0,T+60h,true,scheduled,success,json_ok,observed,on_time,observed,a4a409a37bc6ed6422035ff5
solana:4nJV9KtJbnV5ESQTew4HS4rwcBzLAmtWLBX7vEjp1Wfrym2Y4yhZ562dJbWwz3GMxk15gnmeruDF2eYTxXa4SiaE:2:0,T0,true,scheduled,success,json_ok,observed,on_time,observed,95040814e659a78bbbd0bddb
solana:4nJV9KtJbnV5ESQTew4HS4rwcBzLAmtWLBX7vEjp1Wfrym2Y4yhZ562dJbWwz3GMxk15gnmeruDF2eYTxXa4SiaE:2:0,T+24h,true,scheduled,success,json_ok,observed,on_time,observed,20a27293e6a22fedac1a6003
solana:4nJV9KtJbnV5ESQTew4HS4rwcBzLAmtWLBX7vEjp1Wfrym2Y4yhZ562dJbWwz3GMxk15gnmeruDF2eYTxXa4SiaE:2:0,T+60h,true,scheduled,success,json_ok,observed,on_time,observed,b79f6c0a349bf710a3e7aa87
solana:aQw3Rcj9KzL1wbp1ggKfAfuuVQ13wAppxRxbmu1jqGFaGsWFk443Gd4mTfYUicnUZZt5T7AD1JVPP4Ymi8vtTsi:2:0,T0,true,scheduled,success,json_ok,observed,on_time,observed,2785b30f19cb76c0529395d5
solana:aQw3Rcj9KzL1wbp1ggKfAfuuVQ13wAppxRxbmu1jqGFaGsWFk443Gd4mTfYUicnUZZt5T7AD1JVPP4Ymi8vtTsi:2:0,T+24h,true,scheduled,success,json_ok,observed,on_time,observed,47d9bb99322063b0bd4a040d
solana:aQw3Rcj9KzL1wbp1ggKfAfuuVQ13wAppxRxbmu1jqGFaGsWFk443Gd4mTfYUicnUZZt5T7AD1JVPP4Ymi8vtTsi:2:0,T+60h,true,scheduled,success,json_ok,observed,on_time,observed,b2f9a2432427077105324386
solana:4Ud7HtSWW86AY1WfDBg7j4inFdXMFhoSjZg3YnafBbBBsE11HbwJmU5edgF9pHbuhwvZKwdEp2JpMmPakG5AxFUF:2:0,T0,true,scheduled,success,json_ok,observed,on_time,observed,ee91e30d82baa3b158c09c8a
solana:4Ud7HtSWW86AY1WfDBg7j4inFdXMFhoSjZg3YnafBbBBsE11HbwJmU5edgF9pHbuhwvZKwdEp2JpMmPakG5AxFUF:2:0,T+24h,true,scheduled,success,json_ok,observed,on_time,observed,6768efbd0e6dc5acb3f8e1bb
solana:4Ud7HtSWW86AY1WfDBg7j4inFdXMFhoSjZg3YnafBbBBsE11HbwJmU5edgF9pHbuhwvZKwdEp2JpMmPakG5AxFUF:2:0,T+60h,true,scheduled,success,json_ok,observed,on_time,observed,63901bb2687481566ecdd9be
solana:61SxsaFGH8SC8trV7ZRRwrbhdo7oPgTACvmFY2pjhvHQkQUWusAXFFWVYKHJ8xLrGJp71cxcy88AdftmokBtdB4h:2:0,T0,true,scheduled,success,json_ok,observed,on_time,observed,4dd21659f26684068721d63b
solana:61SxsaFGH8SC8trV7ZRRwrbhdo7oPgTACvmFY2pjhvHQkQUWusAXFFWVYKHJ8xLrGJp71cxcy88AdftmokBtdB4h:2:0,T+24h,true,scheduled,success,json_ok,observed,on_time,observed,439fe7e7a583ea058cb1a4c8
solana:61SxsaFGH8SC8trV7ZRRwrbhdo7oPgTACvmFY2pjhvHQkQUWusAXFFWVYKHJ8xLrGJp71cxcy88AdftmokBtdB4h:2:0,T+60h,true,scheduled,success,json_ok,observed,on_time,observed,69f13c1cddfeecb1dd765a2c
solana:5yXByoqJoGB9ZfjAf6dQX9CReyPxzJd2pAAtq7fKvnb6a6i5R4bDThiJwtfWDRttfBnyG7oHWuczHXUcCcR5RhAd:0:0,T0,true,scheduled,success,json_ok,observed,late,observed,a4130a15bc99b30ae5e11873
solana:5yXByoqJoGB9ZfjAf6dQX9CReyPxzJd2pAAtq7fKvnb6a6i5R4bDThiJwtfWDRttfBnyG7oHWuczHXUcCcR5RhAd:0:0,T+24h,true,scheduled,success,json_ok,observed,on_time,observed,5bd037ae56d4607431b5f257
solana:5yXByoqJoGB9ZfjAf6dQX9CReyPxzJd2pAAtq7fKvnb6a6i5R4bDThiJwtfWDRttfBnyG7oHWuczHXUcCcR5RhAd:0:0,T+60h,true,scheduled,success,json_ok,observed,on_time,observed,5278b96d07af8580ebab90f1
solana:pvKuUZLoCZjkJuWz2XgK2vUTziRLcbxjhJfQa3ZCqyZdKHHk9VDeAnYBxkzcxoyCg1HV7kPDFp9ZUwq9tZHFtNf:2:0,T0,true,scheduled,success,json_ok,observed,late,observed,b27add2aea1a6a91e3ac3ba2
solana:pvKuUZLoCZjkJuWz2XgK2vUTziRLcbxjhJfQa3ZCqyZdKHHk9VDeAnYBxkzcxoyCg1HV7kPDFp9ZUwq9tZHFtNf:2:0,T+24h,true,scheduled,success,json_ok,observed,on_time,observed,15d4c804f1b35d61832fbcd4
solana:pvKuUZLoCZjkJuWz2XgK2vUTziRLcbxjhJfQa3ZCqyZdKHHk9VDeAnYBxkzcxoyCg1HV7kPDFp9ZUwq9tZHFtNf:2:0,T+60h,true,scheduled,success,json_ok,observed,on_time,observed,ca0d07949a29f7d1252b8d34
solana:2onMtXwWzR9VQA1JYFaegP8bmx4UYwDV2P5kJcs6dvfmeYNQgUZfqpteFxrYD5zzBcXreZQczy3shriwXpkjdrhy:1:0,T0,true,scheduled,success,json_ok,observed,late,observed,c0f02c3b7ceb312487de1765
solana:2onMtXwWzR9VQA1JYFaegP8bmx4UYwDV2P5kJcs6dvfmeYNQgUZfqpteFxrYD5zzBcXreZQczy3shriwXpkjdrhy:1:0,T+24h,true,scheduled,success,json_ok,observed,on_time,observed,53d86dcb5de286fb9194c482
solana:2onMtXwWzR9VQA1JYFaegP8bmx4UYwDV2P5kJcs6dvfmeYNQgUZfqpteFxrYD5zzBcXreZQczy3shriwXpkjdrhy:1:0,T+60h,true,scheduled,success,json_ok,observed,on_time,observed,fe9b3ef7c0dc2041587def8c
solana:3he6cgQWAaGB5fUC75Qs3UjMkbmjLBcLSNcYXPHz34eBQVN5n7ajNsU9oJSLz3hX4M3AZQb4LV4SBR51FnTdJ3iL:2:0,T0,true,scheduled,success,json_ok,observed,late,observed,417ded40dae4674023e31309
solana:3he6cgQWAaGB5fUC75Qs3UjMkbmjLBcLSNcYXPHz34eBQVN5n7ajNsU9oJSLz3hX4M3AZQb4LV4SBR51FnTdJ3iL:2:0,T+24h,true,scheduled,success,json_ok,observed,on_time,observed,3d8ca812731c80bc2d7c924b
solana:3he6cgQWAaGB5fUC75Qs3UjMkbmjLBcLSNcYXPHz34eBQVN5n7ajNsU9oJSLz3hX4M3AZQb4LV4SBR51FnTdJ3iL:2:0,T+60h,true,scheduled,success,json_ok,observed,on_time,observed,a2a4cde31202c373555d80d8
solana:5WW8fgLJGQwqoRumhw9shFugx7n72j7ZQsjd8XzLsAdYSF1DW8LFB3gxwSF24nR9oK9rdLbBfzsjnCAawm9tD8m1:2:0,T0,true,scheduled,success,json_ok,observed,late,observed,0a9460265eca6789410f45f0
solana:5WW8fgLJGQwqoRumhw9shFugx7n72j7ZQsjd8XzLsAdYSF1DW8LFB3gxwSF24nR9oK9rdLbBfzsjnCAawm9tD8m1:2:0,T+24h,true,scheduled,success,json_ok,observed,on_time,observed,03236c3c6a025de0e61d0fbb
solana:5WW8fgLJGQwqoRumhw9shFugx7n72j7ZQsjd8XzLsAdYSF1DW8LFB3gxwSF24nR9oK9rdLbBfzsjnCAawm9tD8m1:2:0,T+60h,true,scheduled,success,json_ok,observed,on_time,observed,31d14ef9035d5d3d9bae9fff
solana:3MCs1G7u2awJJkTj4RGCAEFs61TYYjtNyVk8w9QJTYrEPf4UK7fPqietsMTv2nSpGDuU6ENtQYnRcd5vxt3f1d1P:2:0,T0,true,scheduled,success,json_ok,observed,late,observed,34aa52998c563b51d4ab689a
solana:3MCs1G7u2awJJkTj4RGCAEFs61TYYjtNyVk8w9QJTYrEPf4UK7fPqietsMTv2nSpGDuU6ENtQYnRcd5vxt3f1d1P:2:0,T+24h,true,scheduled,success,json_ok,observed,on_time,observed,28fa0392a90444a409ffbec0
solana:3MCs1G7u2awJJkTj4RGCAEFs61TYYjtNyVk8w9QJTYrEPf4UK7fPqietsMTv2nSpGDuU6ENtQYnRcd5vxt3f1d1P:2:0,T+60h,true,scheduled,success,json_ok,observed,on_time,observed,5537bc8beda5c9bafd94a30e
solana:3a3FWX8nfNPtbr6vh9KVqyJHxtfCdhd9NSAqiLiUUozvZLUPGbUWMbRWCWcAvAtdiqivXWYZKxkVCZVzRZDJ5aUJ:2:0,T0,true,scheduled,success,json_ok,observed,late,observed,62d369f6de0d892e5967c5e8
solana:3a3FWX8nfNPtbr6vh9KVqyJHxtfCdhd9NSAqiLiUUozvZLUPGbUWMbRWCWcAvAtdiqivXWYZKxkVCZVzRZDJ5aUJ:2:0,T+24h,true,scheduled,success,json_ok,observed,on_time,observed,fa273e7a9b0113fd06014466
solana:3a3FWX8nfNPtbr6vh9KVqyJHxtfCdhd9NSAqiLiUUozvZLUPGbUWMbRWCWcAvAtdiqivXWYZKxkVCZVzRZDJ5aUJ:2:0,T+60h,true,scheduled,success,json_ok,observed,on_time,observed,f8bdf6e098ba061ebf7788ac
solana:2gEFkiCDCTYeczS7usWyxjHLY4qsYcZ8WH66X52yWsACwKyrhpLvsFmxB2pSLHYG7eEzbEpF42t6UfBiApJD6yWo:2:0,T0,true,scheduled,success,json_ok,observed,late,observed,3637baed6fb8178822e9eb15
solana:2gEFkiCDCTYeczS7usWyxjHLY4qsYcZ8WH66X52yWsACwKyrhpLvsFmxB2pSLHYG7eEzbEpF42t6UfBiApJD6yWo:2:0,T+24h,true,scheduled,success,json_ok,observed,on_time,observed,9cba1997b640c79ed70f25b6
solana:2gEFkiCDCTYeczS7usWyxjHLY4qsYcZ8WH66X52yWsACwKyrhpLvsFmxB2pSLHYG7eEzbEpF42t6UfBiApJD6yWo:2:0,T+60h,true,scheduled,success,json_ok,observed,on_time,observed,09203ebfb6ba9da8d7bc658a
solana:573ocRuTCroQa4VWmSMSoGrQWAMcYvEGEoddqzaxBWTTp9FPQog1ACy6WKXhMstscgGHvifF4kgCzYzXbHQPuC3m:2:0,T0,true,scheduled,failed,not_observed,not_observed,late,request_failed,0e49e30b4f876d2a27146d48
solana:573ocRuTCroQa4VWmSMSoGrQWAMcYvEGEoddqzaxBWTTp9FPQog1ACy6WKXhMstscgGHvifF4kgCzYzXbHQPuC3m:2:0,T+24h,true,scheduled,failed,not_observed,not_observed,on_time,request_failed,637a9c27e077d49517b00496
solana:573ocRuTCroQa4VWmSMSoGrQWAMcYvEGEoddqzaxBWTTp9FPQog1ACy6WKXhMstscgGHvifF4kgCzYzXbHQPuC3m:2:0,T+60h,true,scheduled,failed,not_observed,not_observed,on_time,request_failed,672b67cdce7c80323cc646c3
solana:4AtYYCAXRJrDWcVSGesPGDBrdszmgJsDiauet5R9R4LqWaqq7aV2vTd6rPscvd9QzFuuodHgpxCXUvfCZfFCJXdE:2:0,T0,true,scheduled,success,json_ok,observed,late,observed,4cbe4ee69ed341da289f5105
solana:4AtYYCAXRJrDWcVSGesPGDBrdszmgJsDiauet5R9R4LqWaqq7aV2vTd6rPscvd9QzFuuodHgpxCXUvfCZfFCJXdE:2:0,T+24h,true,scheduled,success,json_ok,observed,on_time,observed,f7c44e6a08928a83ea370708
solana:4AtYYCAXRJrDWcVSGesPGDBrdszmgJsDiauet5R9R4LqWaqq7aV2vTd6rPscvd9QzFuuodHgpxCXUvfCZfFCJXdE:2:0,T+60h,true,scheduled,success,json_ok,observed,on_time,observed,8cf5ebd514fa8dd7c951403e
solana:3usHh31BxE6pHGdSC2ugekfjZ1c1VHiYjJd6XiRrQY8iaj8nMoyhENCM1aGq26riGsDtymwQP7S72XzezDrQ7CNs:0:0,T0,true,scheduled,success,json_ok,observed,late,observed,4654699d178406394475ba30
solana:3usHh31BxE6pHGdSC2ugekfjZ1c1VHiYjJd6XiRrQY8iaj8nMoyhENCM1aGq26riGsDtymwQP7S72XzezDrQ7CNs:0:0,T+24h,true,scheduled,success,json_ok,observed,on_time,observed,50a401e9f380792d94519191
solana:3usHh31BxE6pHGdSC2ugekfjZ1c1VHiYjJd6XiRrQY8iaj8nMoyhENCM1aGq26riGsDtymwQP7S72XzezDrQ7CNs:0:0,T+60h,true,scheduled,success,json_ok,observed,on_time,observed,ebc8d448439355f83b6efcca
solana:4Jqnx14mrZwZzH1dAjoz5GUaVizpDDiFwo9kuvdQGagKkZ1xqXTW2952JKWc4bFVrVS6VsRZ1gB5XuhAaWWPiBcF:0:0,T0,true,scheduled,success,json_ok,observed,late,observed,0df9aa747f3efbd1815cff60
solana:4Jqnx14mrZwZzH1dAjoz5GUaVizpDDiFwo9kuvdQGagKkZ1xqXTW2952JKWc4bFVrVS6VsRZ1gB5XuhAaWWPiBcF:0:0,T+24h,true,scheduled,success,json_ok,observed,on_time,observed,de3f1e4cfd5f4d8ae627cdb4
solana:4Jqnx14mrZwZzH1dAjoz5GUaVizpDDiFwo9kuvdQGagKkZ1xqXTW2952JKWc4bFVrVS6VsRZ1gB5XuhAaWWPiBcF:0:0,T+60h,true,scheduled,success,json_ok,observed,on_time,observed,27489df2c007a35d582b7edd
solana:ewTDUoztDjacEK3b5SF8dcXesXJ4t8xmVqxc7kBMJ9A1NuP1UA7hqJx6Wwwtq7juRQ6aYbMM6Lk6dZKjcqb8aeA:0:0,T0,true,scheduled,success,json_ok,observed,late,observed,f01fce722d0870a7958f47d0
solana:ewTDUoztDjacEK3b5SF8dcXesXJ4t8xmVqxc7kBMJ9A1NuP1UA7hqJx6Wwwtq7juRQ6aYbMM6Lk6dZKjcqb8aeA:0:0,T+24h,true,scheduled,success,json_ok,observed,on_time,observed,659551c39c4e6d106bc5e68a
solana:ewTDUoztDjacEK3b5SF8dcXesXJ4t8xmVqxc7kBMJ9A1NuP1UA7hqJx6Wwwtq7juRQ6aYbMM6Lk6dZKjcqb8aeA:0:0,T+60h,true,scheduled,success,json_ok,observed,on_time,observed,f396cd37a7ff0365f92869d2
solana:5Sj3LJs2qnQ9pWXsKw5sVD49m82AgZwhdG12mobnzSdWPk1fjw7fpv9fziFdstDC6FLD2tGkixUnC1p6iUGtWiNe:0:0,T0,true,scheduled,success,json_ok,observed,late,observed,b3b7c045bb75e396633836a1
solana:5Sj3LJs2qnQ9pWXsKw5sVD49m82AgZwhdG12mobnzSdWPk1fjw7fpv9fziFdstDC6FLD2tGkixUnC1p6iUGtWiNe:0:0,T+24h,true,scheduled,success,json_ok,observed,on_time,observed,0b871c290d39152030dc5fae
solana:5Sj3LJs2qnQ9pWXsKw5sVD49m82AgZwhdG12mobnzSdWPk1fjw7fpv9fziFdstDC6FLD2tGkixUnC1p6iUGtWiNe:0:0,T+60h,true,scheduled,success,json_ok,observed,on_time,observed,df9bd6a3490467e57480e189
solana:4MLVm45nh5ioF6tPZ6paz2BvPakhiyULKhuvLxb5AxaND4GwSZzP8y22DYcBPsYBNaabh1hiaEGuvQ7gu4sWX97J:0:0,T0,true,scheduled,success,json_ok,observed,late,observed,888c649547ba7b40a6685c50
solana:4MLVm45nh5ioF6tPZ6paz2BvPakhiyULKhuvLxb5AxaND4GwSZzP8y22DYcBPsYBNaabh1hiaEGuvQ7gu4sWX97J:0:0,T+24h,true,scheduled,success,json_ok,observed,on_time,observed,df06903e951b5fbcd56aac7e
solana:4MLVm45nh5ioF6tPZ6paz2BvPakhiyULKhuvLxb5AxaND4GwSZzP8y22DYcBPsYBNaabh1hiaEGuvQ7gu4sWX97J:0:0,T+60h,true,scheduled,success,json_ok,observed,on_time,observed,354b3516dc551991186f9309
solana:yEdJ9iG5vPWsicmp8qPdjRoqsMaGLaUm52KRUPttwCEHPp3VU1N7b7aDkEtA9FSjVaxVRwp9RA3cepLf4PGXCnq:2:0,T0,true,scheduled,success,json_ok,observed,late,observed,baec9fad9372c3c99eb890db
solana:yEdJ9iG5vPWsicmp8qPdjRoqsMaGLaUm52KRUPttwCEHPp3VU1N7b7aDkEtA9FSjVaxVRwp9RA3cepLf4PGXCnq:2:0,T+24h,true,scheduled,success,json_ok,observed,on_time,observed,305344643e282b13986f755b
solana:yEdJ9iG5vPWsicmp8qPdjRoqsMaGLaUm52KRUPttwCEHPp3VU1N7b7aDkEtA9FSjVaxVRwp9RA3cepLf4PGXCnq:2:0,T+60h,true,scheduled,success,json_ok,observed,on_time,observed,a0eb3df53527e941940faedb
solana:tHREKU8zcu3D3UqGDe2ra8EAu2U3RhcGEiPb4TZJVjZyHz4DDgd7sRCG8VeP6He5nWLnWcwKibg1qTvWBCEajhx:2:0,T0,true,scheduled,success,json_ok,observed,late,observed,86d3b70fe128644683db91e5
solana:tHREKU8zcu3D3UqGDe2ra8EAu2U3RhcGEiPb4TZJVjZyHz4DDgd7sRCG8VeP6He5nWLnWcwKibg1qTvWBCEajhx:2:0,T+24h,true,scheduled,success,json_ok,observed,on_time,observed,9e8331dcde1ab1540497fd54
solana:tHREKU8zcu3D3UqGDe2ra8EAu2U3RhcGEiPb4TZJVjZyHz4DDgd7sRCG8VeP6He5nWLnWcwKibg1qTvWBCEajhx:2:0,T+60h,true,scheduled,success,json_ok,observed,on_time,observed,f708ac027cd5a58b3d88c16c
solana:2fB5e9uAKaHsL7rTcgvfWFxWrd4ABGfgCbHyxzhR3X9eGPTaiDEPjniVwJJp6fZsYsHD1PZd3WXjpZwzATQFXXJ1:2:0,T0,true,scheduled,success,json_ok,observed,late,observed,497e83a2d039932fa3242fbe
solana:2fB5e9uAKaHsL7rTcgvfWFxWrd4ABGfgCbHyxzhR3X9eGPTaiDEPjniVwJJp6fZsYsHD1PZd3WXjpZwzATQFXXJ1:2:0,T+24h,true,scheduled,success,json_ok,observed,on_time,observed,8304397ff8b5acac1e22f17c
solana:2fB5e9uAKaHsL7rTcgvfWFxWrd4ABGfgCbHyxzhR3X9eGPTaiDEPjniVwJJp6fZsYsHD1PZd3WXjpZwzATQFXXJ1:2:0,T+60h,true,scheduled,success,json_ok,observed,on_time,observed,fa2b40673506e1c93a60d099
solana:5fFSVAQpfcoW5rWswNuxCj7kSZHqN56GiQbomBgfQYKcsain4aGszGryQwLx2qohcW2pboZUbjsz9ar6Sh8eiVoM:2:1,T0,true,scheduled,success,json_ok,observed,late,observed,ff6c34dde23a7c8f1de9dae1
solana:5fFSVAQpfcoW5rWswNuxCj7kSZHqN56GiQbomBgfQYKcsain4aGszGryQwLx2qohcW2pboZUbjsz9ar6Sh8eiVoM:2:1,T+24h,true,scheduled,success,json_ok,observed,on_time,observed,89b0cc4812f47a3da7e1227e
solana:5fFSVAQpfcoW5rWswNuxCj7kSZHqN56GiQbomBgfQYKcsain4aGszGryQwLx2qohcW2pboZUbjsz9ar6Sh8eiVoM:2:1,T+60h,true,scheduled,success,json_ok,observed,on_time,observed,51427fd40c751ea724b36077
solana:kD8Wcxgb8xSGemQYWBVgLxKMPqfqKwVKeMjtewgf6dhrGZReiS1i3DXY4hMd9fD15ybZ5PLxzutWLTtUFC7dXyz:2:0,T0,true,scheduled,success,json_ok,observed,late,observed,385eb373fd0f639505edd92c
solana:kD8Wcxgb8xSGemQYWBVgLxKMPqfqKwVKeMjtewgf6dhrGZReiS1i3DXY4hMd9fD15ybZ5PLxzutWLTtUFC7dXyz:2:0,T+24h,true,scheduled,success,json_ok,observed,on_time,observed,c794d37f04a0c52bb87e70f3
solana:kD8Wcxgb8xSGemQYWBVgLxKMPqfqKwVKeMjtewgf6dhrGZReiS1i3DXY4hMd9fD15ybZ5PLxzutWLTtUFC7dXyz:2:0,T+60h,true,scheduled,success,json_ok,observed,on_time,observed,25f9c57518272c4ddc774386
solana:24tPxLG91gtYPsnqTNVGvsy7ANe32Np6nyDZTME2Emqi2bW2koHpPDE9W5S7yT6qKDDAyZn52Fj5872aETNM3Sg4:0:0,T0,true,scheduled,success,json_ok,observed,late,observed,75aa132b82d73cc6143f68f4
solana:24tPxLG91gtYPsnqTNVGvsy7ANe32Np6nyDZTME2Emqi2bW2koHpPDE9W5S7yT6qKDDAyZn52Fj5872aETNM3Sg4:0:0,T+24h,true,scheduled,success,json_ok,observed,on_time,observed,110948504243f8303752238d
solana:24tPxLG91gtYPsnqTNVGvsy7ANe32Np6nyDZTME2Emqi2bW2koHpPDE9W5S7yT6qKDDAyZn52Fj5872aETNM3Sg4:0:0,T+60h,true,scheduled,success,json_ok,observed,on_time,observed,0f7ec996d924c28cdaefb073
solana:3qoDvg6uhy96zbJ6PfQ7u74BakCi4J6YCqyMGctme9HduWAnQ8wS562hjqo5kvCqf6861V3VQPbnADqZVzRonadS:0:0,T0,true,scheduled,success,json_ok,observed,late,observed,42008370d8831e40bef19df5
solana:3qoDvg6uhy96zbJ6PfQ7u74BakCi4J6YCqyMGctme9HduWAnQ8wS562hjqo5kvCqf6861V3VQPbnADqZVzRonadS:0:0,T+24h,true,scheduled,success,json_ok,observed,on_time,observed,5f9248ab148e8d3a9b9b0d65
solana:3qoDvg6uhy96zbJ6PfQ7u74BakCi4J6YCqyMGctme9HduWAnQ8wS562hjqo5kvCqf6861V3VQPbnADqZVzRonadS:0:0,T+60h,true,scheduled,success,json_ok,observed,on_time,observed,089fc80c1b1456c719f71ce3
solana:4qZbVzs9WvipmpjunQSdr1k88X5Mr7iaEnsDuPXJwMAZLTv3HVPAoe2ouHktnEtGisjz28mr2FWbbh2BPkVfPm8p:0:0,T0,true,scheduled,success,json_ok,observed,late,observed,04f0cfdac4b16314b9cfd8f7
solana:4qZbVzs9WvipmpjunQSdr1k88X5Mr7iaEnsDuPXJwMAZLTv3HVPAoe2ouHktnEtGisjz28mr2FWbbh2BPkVfPm8p:0:0,T+24h,true,scheduled,success,json_ok,observed,on_time,observed,6f7e9f0a11aca6894b1991b0
solana:4qZbVzs9WvipmpjunQSdr1k88X5Mr7iaEnsDuPXJwMAZLTv3HVPAoe2ouHktnEtGisjz28mr2FWbbh2BPkVfPm8p:0:0,T+60h,true,scheduled,success,json_ok,observed,on_time,observed,db188e99fb583e72b1f21557
solana:44rbAC7Ux4nGmEKVBXf1NVdi2xiom7XabdncMUtMTvjuzDCy2eR23iVfr74jaWaEsnLBox8PSuuT3EcDkC8QjmFB:0:0,T0,true,scheduled,success,json_ok,observed,late,observed,4a2bbddea4fa0c06e3cfb3ae
solana:44rbAC7Ux4nGmEKVBXf1NVdi2xiom7XabdncMUtMTvjuzDCy2eR23iVfr74jaWaEsnLBox8PSuuT3EcDkC8QjmFB:0:0,T+24h,true,scheduled,success,json_ok,observed,on_time,observed,8cbd2d91fba744eec5c6555f
solana:44rbAC7Ux4nGmEKVBXf1NVdi2xiom7XabdncMUtMTvjuzDCy2eR23iVfr74jaWaEsnLBox8PSuuT3EcDkC8QjmFB:0:0,T+60h,true,scheduled,success,json_ok,observed,on_time,observed,a2e871257718d063d54fa2d7
solana:ZaGY9qtoBWypTY74bDu6urM6d4c6xWwD3dz5w9mK37zdYJaqBQyMa6dwvJFHc6VXmF6irbNQTn5STL8KNwG2MAT:0:0,T0,true,scheduled,success,json_ok,observed,late,observed,e2d09ed5c0c217d84eac31f6
solana:ZaGY9qtoBWypTY74bDu6urM6d4c6xWwD3dz5w9mK37zdYJaqBQyMa6dwvJFHc6VXmF6irbNQTn5STL8KNwG2MAT:0:0,T+24h,true,scheduled,success,json_ok,observed,on_time,observed,1b79a0abe3890aca942085bf
solana:ZaGY9qtoBWypTY74bDu6urM6d4c6xWwD3dz5w9mK37zdYJaqBQyMa6dwvJFHc6VXmF6irbNQTn5STL8KNwG2MAT:0:0,T+60h,true,scheduled,success,json_ok,observed,on_time,observed,01a1a9edc413f424d382b275
solana:5KCQQ4i2sLmuw3GjXF9wt8TJfBsrPNCDpTnkwPXzPVMnn5HK6WcYWoeWmc8iLv1FkaTLbLcqskFcaNjUEHWc9mWt:2:0,T0,true,scheduled,success,json_ok,observed,late,observed,055f16f0949962fd14cc25c8
solana:5KCQQ4i2sLmuw3GjXF9wt8TJfBsrPNCDpTnkwPXzPVMnn5HK6WcYWoeWmc8iLv1FkaTLbLcqskFcaNjUEHWc9mWt:2:0,T+24h,true,scheduled,success,json_ok,observed,on_time,observed,2e41ebd6fc94a502626bb445
solana:5KCQQ4i2sLmuw3GjXF9wt8TJfBsrPNCDpTnkwPXzPVMnn5HK6WcYWoeWmc8iLv1FkaTLbLcqskFcaNjUEHWc9mWt:2:0,T+60h,true,scheduled,success,json_ok,observed,on_time,observed,2e5ea1bb0bae928397b03640
solana:2oGK2Di8BNdfvNeaW1dMUyUbsjyNLSAz2NwqQrTo1du4kyn1g8wUWALL5Y37936Te3aCEi5pDhHa7Zke9AdBuvh8:2:1,T0,true,scheduled,success,json_ok,observed,late,observed,e7174db60cac7bf776d73767
solana:2oGK2Di8BNdfvNeaW1dMUyUbsjyNLSAz2NwqQrTo1du4kyn1g8wUWALL5Y37936Te3aCEi5pDhHa7Zke9AdBuvh8:2:1,T+24h,true,scheduled,success,json_ok,observed,on_time,observed,fcf127198d6316c14261f634
solana:2oGK2Di8BNdfvNeaW1dMUyUbsjyNLSAz2NwqQrTo1du4kyn1g8wUWALL5Y37936Te3aCEi5pDhHa7Zke9AdBuvh8:2:1,T+60h,true,scheduled,success,json_ok,observed,on_time,observed,3adcf1f0decbb57892a870cf
solana:4o47QSkB9HcD39DysjkCpPiWveCz4rgTq89E8xuWaN4nifPXQSsBrNvmavHa3SAeEBQHiKe3a7Ae6zfz86bhfq94:2:0,T0,true,scheduled,success,json_ok,observed,late,observed,3ed89981fd730c2a26fd5e39
solana:4o47QSkB9HcD39DysjkCpPiWveCz4rgTq89E8xuWaN4nifPXQSsBrNvmavHa3SAeEBQHiKe3a7Ae6zfz86bhfq94:2:0,T+24h,true,scheduled,success,json_ok,observed,on_time,observed,06c7385951bdbb023e3ee8b5
solana:4o47QSkB9HcD39DysjkCpPiWveCz4rgTq89E8xuWaN4nifPXQSsBrNvmavHa3SAeEBQHiKe3a7Ae6zfz86bhfq94:2:0,T+60h,true,scheduled,success,json_ok,observed,on_time,observed,c064bcbf41e0b0df805a70d0
solana:4bJVHu7FFkmJZXTqNzc8yTFZjEPrQvNDsYx3aXrMxjwUetsE4UEXo2qp7qEnpBnYpJ8cbCuRa7AdkU91Gi8CiPjv:2:0,T0,true,scheduled,success,json_ok,observed,late,observed,d1c775e12c2a386e2b6b46ed
solana:4bJVHu7FFkmJZXTqNzc8yTFZjEPrQvNDsYx3aXrMxjwUetsE4UEXo2qp7qEnpBnYpJ8cbCuRa7AdkU91Gi8CiPjv:2:0,T+24h,true,scheduled,success,json_ok,observed,on_time,observed,c4c3c5f7e64830af5abad05b
solana:4bJVHu7FFkmJZXTqNzc8yTFZjEPrQvNDsYx3aXrMxjwUetsE4UEXo2qp7qEnpBnYpJ8cbCuRa7AdkU91Gi8CiPjv:2:0,T+60h,true,scheduled,success,json_ok,observed,on_time,observed,e051ab4fa4ec6e871bcde3f3
solana:2cU2moU1v8pgxyXwi5gLuXPuqGTf1ZAU9AxFfPHXWSv1DCfmfvtrCyRvFEHJ7wTfYT3fGPKco7Us6xBzebLSvSk7:2:0,T0,true,scheduled,failed,not_observed,not_observed,late,request_failed,12ba3b284042fe9ce0d80741
solana:2cU2moU1v8pgxyXwi5gLuXPuqGTf1ZAU9AxFfPHXWSv1DCfmfvtrCyRvFEHJ7wTfYT3fGPKco7Us6xBzebLSvSk7:2:0,T+24h,true,scheduled,failed,not_observed,not_observed,on_time,request_failed,8ce635684e5d070ef06ea8e8
solana:2cU2moU1v8pgxyXwi5gLuXPuqGTf1ZAU9AxFfPHXWSv1DCfmfvtrCyRvFEHJ7wTfYT3fGPKco7Us6xBzebLSvSk7:2:0,T+60h,true,scheduled,failed,not_observed,not_observed,on_time,request_failed,b1062e3edc97a8af9488d80b
solana:HB399HoEqL3qmgtweKoX3KLo3xjBf94RfSz66GArfMeJgXxuCUh1oMU9wQyVAF9PCadJStTwgvCeoASPsYBNhCa:1:0,T0,true,scheduled,success,json_ok,observed,late,observed,328c34627d6777b702cfe6b1
solana:HB399HoEqL3qmgtweKoX3KLo3xjBf94RfSz66GArfMeJgXxuCUh1oMU9wQyVAF9PCadJStTwgvCeoASPsYBNhCa:1:0,T+24h,true,scheduled,success,json_ok,observed,on_time,observed,a816b25d90a58e83cb28e624
solana:HB399HoEqL3qmgtweKoX3KLo3xjBf94RfSz66GArfMeJgXxuCUh1oMU9wQyVAF9PCadJStTwgvCeoASPsYBNhCa:1:0,T+60h,true,scheduled,success,json_ok,observed,on_time,observed,398fdb84f8c3a35c0e40639c
solana:5xRhRujztNZgDvKCz192W3hQyn3H1DuL4ckrsAZrXBSsB5kiRhhM5ZyFMKCsmHjNBcVtJvC8qiG4P7vGmYCq8JTF:2:0,T0,true,scheduled,success,json_ok,observed,late,observed,4177f9b757c338fba62a32a7
solana:5xRhRujztNZgDvKCz192W3hQyn3H1DuL4ckrsAZrXBSsB5kiRhhM5ZyFMKCsmHjNBcVtJvC8qiG4P7vGmYCq8JTF:2:0,T+24h,true,scheduled,success,json_ok,observed,on_time,observed,9af37c05ee8468a4317a669f
solana:5xRhRujztNZgDvKCz192W3hQyn3H1DuL4ckrsAZrXBSsB5kiRhhM5ZyFMKCsmHjNBcVtJvC8qiG4P7vGmYCq8JTF:2:0,T+60h,true,scheduled,success,json_ok,observed,on_time,observed,f4c0734e3fce3defdbbf6d1c
solana:3ELcdm8Mc46TkSeMkgwPisBJof2DDSqMtDufQkWFQBProRiULUxwPLZGpiADjoqJKzJVB2uy7S4P7ocQth6bTtzh:2:0,T0,true,scheduled,success,json_ok,observed,late,observed,90e952db783d8e20c2840fe4
solana:3ELcdm8Mc46TkSeMkgwPisBJof2DDSqMtDufQkWFQBProRiULUxwPLZGpiADjoqJKzJVB2uy7S4P7ocQth6bTtzh:2:0,T+24h,true,scheduled,success,json_ok,observed,on_time,observed,64f6570d0c0ec12b20dec453
solana:3ELcdm8Mc46TkSeMkgwPisBJof2DDSqMtDufQkWFQBProRiULUxwPLZGpiADjoqJKzJVB2uy7S4P7ocQth6bTtzh:2:0,T+60h,true,scheduled,success,json_ok,observed,on_time,observed,fb8539457c4963fd1c770bce
solana:2udAwWo19hPppnuGF5QNKz4jT53EhgETEg1wJBfPPw459i7Ta6vp1i7uuRJYqzMoZKz6LDA3G5JQNTa7khngqDDK:2:0,T0,true,scheduled,success,json_ok,observed,late,observed,30ccfef7aadb98693baecb8d
solana:2udAwWo19hPppnuGF5QNKz4jT53EhgETEg1wJBfPPw459i7Ta6vp1i7uuRJYqzMoZKz6LDA3G5JQNTa7khngqDDK:2:0,T+24h,true,scheduled,success,json_ok,observed,on_time,observed,6e1c8eed0e57c5c7753fa2c4
solana:2udAwWo19hPppnuGF5QNKz4jT53EhgETEg1wJBfPPw459i7Ta6vp1i7uuRJYqzMoZKz6LDA3G5JQNTa7khngqDDK:2:0,T+60h,true,scheduled,success,json_ok,observed,on_time,observed,75726d44380f51579dd13fa2
solana:pciEhZ7deAi4s2MYWquSZdSVvPYhV6ScMssZLJin5hsmMcf1fAEAmzHpiEpoTLdj1Y3JExhNY4fevNU9jBnGRyJ:2:0,T0,true,scheduled,success,json_ok,observed,late,observed,07b4c3855fa4e921b1cb34eb
solana:pciEhZ7deAi4s2MYWquSZdSVvPYhV6ScMssZLJin5hsmMcf1fAEAmzHpiEpoTLdj1Y3JExhNY4fevNU9jBnGRyJ:2:0,T+24h,true,scheduled,success,json_ok,observed,on_time,observed,7675579e0cb5f8f0c31172e5
solana:pciEhZ7deAi4s2MYWquSZdSVvPYhV6ScMssZLJin5hsmMcf1fAEAmzHpiEpoTLdj1Y3JExhNY4fevNU9jBnGRyJ:2:0,T+60h,true,scheduled,success,json_ok,observed,on_time,observed,ce365544aa583dcebc44a6f1
solana:v79UyWUU1pJZsmeiKC9NWmJ8xwxv4tWS5gHrgNjSHtPneLkEdtLNncvtfdVXxGdDxvGzSKSSZrD46U8Xq7Z32ND:2:0,T0,true,scheduled,failed,not_observed,not_observed,late,request_failed,adfa0148302e9e0362bba37d
solana:v79UyWUU1pJZsmeiKC9NWmJ8xwxv4tWS5gHrgNjSHtPneLkEdtLNncvtfdVXxGdDxvGzSKSSZrD46U8Xq7Z32ND:2:0,T+24h,true,scheduled,failed,not_observed,not_observed,on_time,request_failed,496d9bc58ea7e1a67b12f0c5
solana:v79UyWUU1pJZsmeiKC9NWmJ8xwxv4tWS5gHrgNjSHtPneLkEdtLNncvtfdVXxGdDxvGzSKSSZrD46U8Xq7Z32ND:2:0,T+60h,true,scheduled,failed,not_observed,not_observed,on_time,request_failed,f06973f707966d984f90b5d9
solana:3Xi7Kfxuv9EzHtvHgyEshENxbU7PBAiwHh76BrTHsVb3EJe6yhTpYotqPdccbNU4hYB3NGX2dunwMEFuWvwivHo1:0:0,T0,true,scheduled,success,json_ok,observed,late,observed,5be184f696510b3b5d6ccc52
solana:3Xi7Kfxuv9EzHtvHgyEshENxbU7PBAiwHh76BrTHsVb3EJe6yhTpYotqPdccbNU4hYB3NGX2dunwMEFuWvwivHo1:0:0,T+24h,true,scheduled,success,json_ok,observed,on_time,observed,50cb5150b8a4a118373263e1
solana:3Xi7Kfxuv9EzHtvHgyEshENxbU7PBAiwHh76BrTHsVb3EJe6yhTpYotqPdccbNU4hYB3NGX2dunwMEFuWvwivHo1:0:0,T+60h,true,scheduled,success,json_ok,observed,on_time,observed,a5e2e9bd9de0129ff4bb3a94
solana:5taLoiCcNa87i6onsBmEayvmQNzDCm32d3hB2qqJwE7XamypLkvNYqN4NdNZSc9YGwJpTAr3ZVWAxAGSD5TKeGpc:0:0,T0,true,scheduled,success,json_ok,observed,late,observed,891eaae2f21407373b3f4cac
solana:5taLoiCcNa87i6onsBmEayvmQNzDCm32d3hB2qqJwE7XamypLkvNYqN4NdNZSc9YGwJpTAr3ZVWAxAGSD5TKeGpc:0:0,T+24h,true,scheduled,success,json_ok,observed,on_time,observed,9ff8104e4560abf1a42f4ea3
solana:5taLoiCcNa87i6onsBmEayvmQNzDCm32d3hB2qqJwE7XamypLkvNYqN4NdNZSc9YGwJpTAr3ZVWAxAGSD5TKeGpc:0:0,T+60h,true,scheduled,success,json_ok,observed,on_time,observed,c6e69e1d9e4b44db0e97a154
solana:3McBbz8JKfibPbGYERu9wCHtUELgJf3EkFhzwJYPTzmDgPC1WADPz9f57k2jTquk9HE66uPHziqr7p1TDHa8xNVK:0:0,T0,true,scheduled,success,json_ok,observed,late,observed,da1cee62b4475d830d01f693
solana:3McBbz8JKfibPbGYERu9wCHtUELgJf3EkFhzwJYPTzmDgPC1WADPz9f57k2jTquk9HE66uPHziqr7p1TDHa8xNVK:0:0,T+24h,true,scheduled,success,json_ok,observed,on_time,observed,2971baffc19ae6ff5466ebe2
solana:3McBbz8JKfibPbGYERu9wCHtUELgJf3EkFhzwJYPTzmDgPC1WADPz9f57k2jTquk9HE66uPHziqr7p1TDHa8xNVK:0:0,T+60h,true,scheduled,success,json_ok,observed,on_time,observed,0a74254b992b152c04a16f5b
solana:zfecoBn7xDT6x3xgKcE9jafNRYxrVKFqnx7FtrxsJwhSCd5iUKyi6KAnvSSB6t7ZRiJUBq41M8U3L23VZNoBBmK:0:0,T0,true,scheduled,success,json_ok,observed,late,observed,312e5c28da3ea4c87cb5b8f1
solana:zfecoBn7xDT6x3xgKcE9jafNRYxrVKFqnx7FtrxsJwhSCd5iUKyi6KAnvSSB6t7ZRiJUBq41M8U3L23VZNoBBmK:0:0,T+24h,true,scheduled,success,json_ok,observed,on_time,observed,72206a5c3cc6b784e2211c34
solana:zfecoBn7xDT6x3xgKcE9jafNRYxrVKFqnx7FtrxsJwhSCd5iUKyi6KAnvSSB6t7ZRiJUBq41M8U3L23VZNoBBmK:0:0,T+60h,true,scheduled,success,json_ok,observed,on_time,observed,c063954d126d8def9bab94ee
solana:25WwKy3GJNmSj4tPZnzYVFZHXxBVmZpho8GuNQ14PwnqEQBBveJFcs7Ar8RTirn5AxGnDYDS1DVRdXZCrYMAwtcp:0:0,T0,true,scheduled,success,json_ok,observed,late,observed,6608a1701486b6daa7828bd6
solana:25WwKy3GJNmSj4tPZnzYVFZHXxBVmZpho8GuNQ14PwnqEQBBveJFcs7Ar8RTirn5AxGnDYDS1DVRdXZCrYMAwtcp:0:0,T+24h,true,scheduled,success,json_ok,observed,on_time,observed,f5c8e239dd2db127e668009c
solana:25WwKy3GJNmSj4tPZnzYVFZHXxBVmZpho8GuNQ14PwnqEQBBveJFcs7Ar8RTirn5AxGnDYDS1DVRdXZCrYMAwtcp:0:0,T+60h,true,scheduled,success,json_ok,observed,on_time,observed,24a73644ec207e92829892dc
solana:4bwXsDEnKabjCcUvE5z9FrYVx7bxa1qbLME45JCwb2GWTWF9V512db57kKhAdhBs6Lq9BG2TQJP5YwRs1E6hrtdm:2:0,T0,true,scheduled,success,json_ok,observed,late,observed,09c60b17241655b1a5495990
solana:4bwXsDEnKabjCcUvE5z9FrYVx7bxa1qbLME45JCwb2GWTWF9V512db57kKhAdhBs6Lq9BG2TQJP5YwRs1E6hrtdm:2:0,T+24h,true,scheduled,success,json_ok,observed,on_time,observed,13c66aeb480c3bf02be5c89f
solana:4bwXsDEnKabjCcUvE5z9FrYVx7bxa1qbLME45JCwb2GWTWF9V512db57kKhAdhBs6Lq9BG2TQJP5YwRs1E6hrtdm:2:0,T+60h,true,scheduled,success,json_ok,observed,on_time,observed,0e591b08bb403f6de110b5b2
solana:5Avughs3hE6WYzdCWECHZ5rt2HMK1jUSCt3oF1cBy6rgTdn8ECHtFeJYthzrTSdMXHpdLGrvy4reoK4mNv2bJFq3:1:0,T0,true,scheduled,success,json_ok,observed,late,observed,22d798bf819ac0822feae20a
solana:5Avughs3hE6WYzdCWECHZ5rt2HMK1jUSCt3oF1cBy6rgTdn8ECHtFeJYthzrTSdMXHpdLGrvy4reoK4mNv2bJFq3:1:0,T+24h,true,scheduled,success,json_ok,observed,on_time,observed,88fab4640cb3e40ff9cf96b4
solana:5Avughs3hE6WYzdCWECHZ5rt2HMK1jUSCt3oF1cBy6rgTdn8ECHtFeJYthzrTSdMXHpdLGrvy4reoK4mNv2bJFq3:1:0,T+60h,true,scheduled,success,json_ok,observed,on_time,observed,dae338cf8c609419e6526fae
solana:3aob7dvFeNpTRx4Rd9BthDxHBySTQ7GnVFKFnKvuKUQrMq8xYFmYfbjNEvAotqQKibxagiaQuwMZsNFxLSsAjW8x:2:0,T0,true,scheduled,success,json_ok,observed,late,observed,5a684bf3837064fa2e58ebd0
solana:3aob7dvFeNpTRx4Rd9BthDxHBySTQ7GnVFKFnKvuKUQrMq8xYFmYfbjNEvAotqQKibxagiaQuwMZsNFxLSsAjW8x:2:0,T+24h,true,scheduled,success,json_ok,observed,on_time,observed,1468e1b3286e4d5aa1078f52
solana:3aob7dvFeNpTRx4Rd9BthDxHBySTQ7GnVFKFnKvuKUQrMq8xYFmYfbjNEvAotqQKibxagiaQuwMZsNFxLSsAjW8x:2:0,T+60h,true,scheduled,success,json_ok,observed,on_time,observed,79df557c441ffb701cc78779
solana:4SXPt5MGB4mdLEiLmj6a8LBDvSRBKHVgHMB9n7B2r9qdFm6A9mEUWoRLDkNyUEQct9dvpcFfm7G1VGMs5oUM65mS:2:0,T0,true,scheduled,success,json_ok,observed,late,observed,75b12726e1dad7a41604ee7a
solana:4SXPt5MGB4mdLEiLmj6a8LBDvSRBKHVgHMB9n7B2r9qdFm6A9mEUWoRLDkNyUEQct9dvpcFfm7G1VGMs5oUM65mS:2:0,T+24h,true,scheduled,success,json_ok,observed,on_time,observed,f137a8e3e4c5a555df420093
solana:4SXPt5MGB4mdLEiLmj6a8LBDvSRBKHVgHMB9n7B2r9qdFm6A9mEUWoRLDkNyUEQct9dvpcFfm7G1VGMs5oUM65mS:2:0,T+60h,true,scheduled,success,json_ok,observed,on_time,observed,7b59b303aea8e65d71da24ec
solana:uA7qhfKpVDS8gSeDDWgDf3taXNYmhM1debWHSRpVNA29PbvBSeUbcUeU3uKxQQCN44oWyBDggMf9Mh3K4hPEhn9:2:0,T0,true,scheduled,success,json_ok,observed,late,observed,c8845e719b546d958e1c6e71
solana:uA7qhfKpVDS8gSeDDWgDf3taXNYmhM1debWHSRpVNA29PbvBSeUbcUeU3uKxQQCN44oWyBDggMf9Mh3K4hPEhn9:2:0,T+24h,true,scheduled,success,json_ok,observed,on_time,observed,1009a828cd10dd043ef152bc
solana:uA7qhfKpVDS8gSeDDWgDf3taXNYmhM1debWHSRpVNA29PbvBSeUbcUeU3uKxQQCN44oWyBDggMf9Mh3K4hPEhn9:2:0,T+60h,true,scheduled,success,json_ok,observed,on_time,observed,ef22ad7543e6a6488ff9a62d
solana:48JSQooET2DdyaixBP9zodRy1Nd7wvejbziUERymTbZFqe272Er7hVKqJJFYBktw8RC6nu68Uc4aG6FboU5sTo63:2:0,T0,true,scheduled,success,json_ok,observed,late,observed,7bb0de8af99bf32cbb3cc350
solana:48JSQooET2DdyaixBP9zodRy1Nd7wvejbziUERymTbZFqe272Er7hVKqJJFYBktw8RC6nu68Uc4aG6FboU5sTo63:2:0,T+24h,true,scheduled,success,json_ok,observed,on_time,observed,2f300aac048a048054c48173
solana:48JSQooET2DdyaixBP9zodRy1Nd7wvejbziUERymTbZFqe272Er7hVKqJJFYBktw8RC6nu68Uc4aG6FboU5sTo63:2:0,T+60h,true,scheduled,success,json_ok,observed,on_time,observed,2fcff7f5d1a95579306850a5
solana:xFYQ8yDovpSWYFbXR7Mq1MyCV75rE5RiQKWstJcq4RywSuqoAR8jiJkwS8fBiNPzBS8fUAyf3jLhg9gMQC728gF:2:0,T0,true,scheduled,success,json_ok,observed,late,observed,e43c9277a0cc9718920cb7b7
solana:xFYQ8yDovpSWYFbXR7Mq1MyCV75rE5RiQKWstJcq4RywSuqoAR8jiJkwS8fBiNPzBS8fUAyf3jLhg9gMQC728gF:2:0,T+24h,true,scheduled,success,json_ok,observed,on_time,observed,22f77f8122f8c5a6866cde37
solana:xFYQ8yDovpSWYFbXR7Mq1MyCV75rE5RiQKWstJcq4RywSuqoAR8jiJkwS8fBiNPzBS8fUAyf3jLhg9gMQC728gF:2:0,T+60h,true,scheduled,success,json_ok,observed,on_time,observed,b876b52145935c5ebd5464e6
solana:2JNGzT851GVUXXig3u6gwWgmd3czCprs8jkecPN8pySHA9yb1b2bnKdVnYKqjB8vALWTE4yQNs9N7mFqB2zSVNwG:2:0,T0,true,scheduled,success,json_ok,observed,late,observed,6f7230ffeaa979fb9b2a6d8b
solana:2JNGzT851GVUXXig3u6gwWgmd3czCprs8jkecPN8pySHA9yb1b2bnKdVnYKqjB8vALWTE4yQNs9N7mFqB2zSVNwG:2:0,T+24h,true,scheduled,success,json_ok,observed,on_time,observed,f87811f13827c76b6641d596
solana:2JNGzT851GVUXXig3u6gwWgmd3czCprs8jkecPN8pySHA9yb1b2bnKdVnYKqjB8vALWTE4yQNs9N7mFqB2zSVNwG:2:0,T+60h,true,scheduled,success,json_ok,observed,on_time,observed,cabbc02fda688ec8ef6d6c4f
solana:3BKbu1wkFWzDYigCd1TahuteTbvuPDgQJ4cKhd64dywuz611saMbFXxhtMyeuXoJNYQgXMKCe4N966XVqTj6c2V4:0:0,T0,true,scheduled,success,json_ok,observed,late,observed,06aa8098f461a643348e7e9e
solana:3BKbu1wkFWzDYigCd1TahuteTbvuPDgQJ4cKhd64dywuz611saMbFXxhtMyeuXoJNYQgXMKCe4N966XVqTj6c2V4:0:0,T+24h,true,scheduled,success,json_ok,observed,on_time,observed,d24985cd41a84b22cdd50c6c
solana:3BKbu1wkFWzDYigCd1TahuteTbvuPDgQJ4cKhd64dywuz611saMbFXxhtMyeuXoJNYQgXMKCe4N966XVqTj6c2V4:0:0,T+60h,true,scheduled,success,json_ok,observed,on_time,observed,94d9467c2cf33e712342fe20
solana:45YaGbMXq5UiafbEcRf8PWQoKDdLZB78C82YNhkQPhdVCmDXaiwEisDAGwZ7RZ4iGQ1bBf2LWPFD1kUHzZRi65MJ:0:0,T0,true,scheduled,success,json_ok,observed,late,observed,02918938730dba5e6471354d
solana:45YaGbMXq5UiafbEcRf8PWQoKDdLZB78C82YNhkQPhdVCmDXaiwEisDAGwZ7RZ4iGQ1bBf2LWPFD1kUHzZRi65MJ:0:0,T+24h,true,scheduled,success,json_ok,observed,on_time,observed,28446c48271a7a3dca03539f
solana:45YaGbMXq5UiafbEcRf8PWQoKDdLZB78C82YNhkQPhdVCmDXaiwEisDAGwZ7RZ4iGQ1bBf2LWPFD1kUHzZRi65MJ:0:0,T+60h,true,scheduled,success,json_ok,observed,on_time,observed,468ddf18ba135eb0a01864f9
solana:5K2qjNZsYVgCRvU6jDCB4PAzS8Xk6X2yzEQ9zuuHJUP4J3v639hCuP43SXdLNjgEMWb6LzQgYDcmYHWXv5VynhuM:0:0,T0,true,scheduled,success,json_ok,observed,late,observed,849d8f9f655bed787fb4b464
solana:5K2qjNZsYVgCRvU6jDCB4PAzS8Xk6X2yzEQ9zuuHJUP4J3v639hCuP43SXdLNjgEMWb6LzQgYDcmYHWXv5VynhuM:0:0,T+24h,true,scheduled,success,json_ok,observed,on_time,observed,9415fd38373d8a293f900f2f
solana:5K2qjNZsYVgCRvU6jDCB4PAzS8Xk6X2yzEQ9zuuHJUP4J3v639hCuP43SXdLNjgEMWb6LzQgYDcmYHWXv5VynhuM:0:0,T+60h,true,scheduled,success,json_ok,observed,on_time,observed,8ea0f10175f7079a040ed031
solana:5z5fSnpuG47zxnDRP6TVHzS7QVkdurfk6b1QuxU3qYXX7C14ooETJTnUrLopfdrqe1kCRbWwSmSBAZLN8543bEiL:0:0,T0,true,scheduled,success,json_ok,observed,late,observed,af56b26ed145331540f5b450
solana:5z5fSnpuG47zxnDRP6TVHzS7QVkdurfk6b1QuxU3qYXX7C14ooETJTnUrLopfdrqe1kCRbWwSmSBAZLN8543bEiL:0:0,T+24h,true,scheduled,success,json_ok,observed,on_time,observed,a604a0ac2823bb1df937cf23
solana:5z5fSnpuG47zxnDRP6TVHzS7QVkdurfk6b1QuxU3qYXX7C14ooETJTnUrLopfdrqe1kCRbWwSmSBAZLN8543bEiL:0:0,T+60h,true,scheduled,success,json_ok,observed,on_time,observed,cb2f3ad890b0018107c285b5
solana:3YzWi849VJMGAWpabStwsV2tN3okPJuTQAGPjUq9MwH7pKdJkJJwKEdva85uw74n4qMiK3cMC9dvo9SmtzbZt57f:0:0,T0,true,scheduled,success,json_ok,observed,late,observed,84773ee6732eccff361b7c03
solana:3YzWi849VJMGAWpabStwsV2tN3okPJuTQAGPjUq9MwH7pKdJkJJwKEdva85uw74n4qMiK3cMC9dvo9SmtzbZt57f:0:0,T+24h,true,scheduled,success,json_ok,observed,on_time,observed,db0987aa85c0ccbb8c43d4c0
solana:3YzWi849VJMGAWpabStwsV2tN3okPJuTQAGPjUq9MwH7pKdJkJJwKEdva85uw74n4qMiK3cMC9dvo9SmtzbZt57f:0:0,T+60h,true,scheduled,success,json_ok,observed,on_time,observed,fa7e2239c22111e02efb2779
solana:33MD49u17V9mDSef8Ej9ReE2Wnex4M1CbJMLY49bojT6td3nSy4aKxy4168tofgaq8RG2RaAyLJ88SPP7mmbczbq:2:0,T0,true,scheduled,success,json_ok,observed,late,observed,bc4ebee50bf7e7be5ede48ce
solana:33MD49u17V9mDSef8Ej9ReE2Wnex4M1CbJMLY49bojT6td3nSy4aKxy4168tofgaq8RG2RaAyLJ88SPP7mmbczbq:2:0,T+24h,true,scheduled,success,json_ok,observed,on_time,observed,7ace2e941485a67ba2a2dadd
solana:33MD49u17V9mDSef8Ej9ReE2Wnex4M1CbJMLY49bojT6td3nSy4aKxy4168tofgaq8RG2RaAyLJ88SPP7mmbczbq:2:0,T+60h,true,scheduled,success,json_ok,observed,on_time,observed,ecf8a408f1619b32f576539e
solana:28Hjw4xpm862F7JAvs6PSgzjM2LKnEL1B3CKw9DYfwqsNr66LFqVWN55LvUTJSmeycA6NE1CL7rpzGkBW4Gf1ufW:2:0,T0,true,scheduled,success,json_ok,observed,late,observed,f13464c0e6079fe1cd1b42d4
solana:28Hjw4xpm862F7JAvs6PSgzjM2LKnEL1B3CKw9DYfwqsNr66LFqVWN55LvUTJSmeycA6NE1CL7rpzGkBW4Gf1ufW:2:0,T+24h,true,scheduled,success,json_ok,observed,on_time,observed,912ec90740beda63c702df64
solana:28Hjw4xpm862F7JAvs6PSgzjM2LKnEL1B3CKw9DYfwqsNr66LFqVWN55LvUTJSmeycA6NE1CL7rpzGkBW4Gf1ufW:2:0,T+60h,true,scheduled,success,json_ok,observed,on_time,observed,a67374e3b34ad5faff2c9dd6
solana:4SNu3RGxz15WviEp89aDYGShh6UrNKxouGmupGogE7gPY5JEREcSEKRbUbJHCSVbNkVcDhJBTdTduT1Rjyk4BroK:2:0,T0,true,scheduled,success,json_ok,observed,late,observed,72d3663b0687a65c4c6ce872
solana:4SNu3RGxz15WviEp89aDYGShh6UrNKxouGmupGogE7gPY5JEREcSEKRbUbJHCSVbNkVcDhJBTdTduT1Rjyk4BroK:2:0,T+24h,true,scheduled,success,json_ok,observed,on_time,observed,fabd71ee181618e7c2ed0ea6
solana:4SNu3RGxz15WviEp89aDYGShh6UrNKxouGmupGogE7gPY5JEREcSEKRbUbJHCSVbNkVcDhJBTdTduT1Rjyk4BroK:2:0,T+60h,true,scheduled,success,json_ok,observed,on_time,observed,48897062cf140fbc2d233112
solana:794bvCg2SyFPr8o8xYjwSVjVirzTWG1xyDkgu9F51qEh4wp9hmnLnf1Q1WLip9BVppF2K4iaybw1amXtqLYfrbh:2:0,T0,true,scheduled,success,json_ok,observed,late,observed,436d57e462c8af266a1d8527
solana:794bvCg2SyFPr8o8xYjwSVjVirzTWG1xyDkgu9F51qEh4wp9hmnLnf1Q1WLip9BVppF2K4iaybw1amXtqLYfrbh:2:0,T+24h,true,scheduled,success,json_ok,observed,on_time,observed,a42caad0aa2086298983fa2d
solana:794bvCg2SyFPr8o8xYjwSVjVirzTWG1xyDkgu9F51qEh4wp9hmnLnf1Q1WLip9BVppF2K4iaybw1amXtqLYfrbh:2:0,T+60h,true,scheduled,success,json_ok,observed,on_time,observed,e99985a527742a1c96ceb514
solana:59C2WL6ppfUvReTeEqCzFbX9EdTBb3YvSap9WQE249H12oyu9CQzpaJe2FV9FSBidRL4SGBvMRMhhdfYTF9DGhkQ:0:0,T0,true,scheduled,success,json_ok,observed,late,observed,7336cbf64ad7bd9024dd2a3e
solana:59C2WL6ppfUvReTeEqCzFbX9EdTBb3YvSap9WQE249H12oyu9CQzpaJe2FV9FSBidRL4SGBvMRMhhdfYTF9DGhkQ:0:0,T+24h,true,scheduled,success,json_ok,observed,on_time,observed,c177e57f8375a272cf3bd495
solana:59C2WL6ppfUvReTeEqCzFbX9EdTBb3YvSap9WQE249H12oyu9CQzpaJe2FV9FSBidRL4SGBvMRMhhdfYTF9DGhkQ:0:0,T+60h,true,scheduled,success,json_ok,observed,on_time,observed,fda4f110c57013592439f6f5
solana:3MFVi3xo6cbBQPf4GMyTXZnNBwgTk224mb1x3W6F3CpYMGfyHmT9bP25aqp5nus2xGQiuWMoAekHzdoFQT8gPq16:0:0,T0,true,scheduled,success,json_ok,observed,late,observed,8076e8ce9daf7d02d749cb07
solana:3MFVi3xo6cbBQPf4GMyTXZnNBwgTk224mb1x3W6F3CpYMGfyHmT9bP25aqp5nus2xGQiuWMoAekHzdoFQT8gPq16:0:0,T+24h,true,scheduled,success,json_ok,observed,on_time,observed,6c64b7a237a374ba3a24aa79
solana:3MFVi3xo6cbBQPf4GMyTXZnNBwgTk224mb1x3W6F3CpYMGfyHmT9bP25aqp5nus2xGQiuWMoAekHzdoFQT8gPq16:0:0,T+60h,true,scheduled,success,json_ok,observed,on_time,observed,65dab8dd0aade9110b2e77cd
solana:26Kza13rxbaNmKjwSWgrxcfjFGzV1BMFh7H11zhMJnhUwu83gGveUs1AnAVTjYhZLx5sRRzcdFfrSpBecuL8jFav:2:0,T0,true,scheduled,success,json_ok,observed,late,observed,2157067fd5f5b51d0c72b1fa
solana:26Kza13rxbaNmKjwSWgrxcfjFGzV1BMFh7H11zhMJnhUwu83gGveUs1AnAVTjYhZLx5sRRzcdFfrSpBecuL8jFav:2:0,T+24h,true,scheduled,success,json_ok,observed,on_time,observed,f414d09a65719354b208d08d
solana:26Kza13rxbaNmKjwSWgrxcfjFGzV1BMFh7H11zhMJnhUwu83gGveUs1AnAVTjYhZLx5sRRzcdFfrSpBecuL8jFav:2:0,T+60h,true,scheduled,success,json_ok,observed,on_time,observed,f96cb1b3e239701b2b838919
solana:63VjcdxrLgeFtRXw6WrboTxd44sB91ukuXsziPqJLy7KJnbhdymUCoHV2DWeWCDdo9pK3DdF9Kc7thCwSPxW27yf:2:0,T0,true,scheduled,success,json_ok,observed,late,observed,701c93c7105bb80a85398a42
solana:63VjcdxrLgeFtRXw6WrboTxd44sB91ukuXsziPqJLy7KJnbhdymUCoHV2DWeWCDdo9pK3DdF9Kc7thCwSPxW27yf:2:0,T+24h,true,scheduled,success,json_ok,observed,on_time,observed,3dd491a41374cf772a47faf9
solana:63VjcdxrLgeFtRXw6WrboTxd44sB91ukuXsziPqJLy7KJnbhdymUCoHV2DWeWCDdo9pK3DdF9Kc7thCwSPxW27yf:2:0,T+60h,true,scheduled,success,json_ok,observed,on_time,observed,682f2ed634aae0ca82225d65
solana:6br4a2TcHKrk9QekTxFKobaqPzLv5JizUVpuNW14qQG2LhoRDAs6RGpJGxAz77cAQ8aYjfodGrGEpsEM4mw6c46:2:1,T0,true,scheduled,success,json_ok,observed,late,observed,9d7d1faf61975b62f8ec4474
solana:6br4a2TcHKrk9QekTxFKobaqPzLv5JizUVpuNW14qQG2LhoRDAs6RGpJGxAz77cAQ8aYjfodGrGEpsEM4mw6c46:2:1,T+24h,true,scheduled,success,json_ok,observed,on_time,observed,b31cd5b0f4438550d308035c
solana:6br4a2TcHKrk9QekTxFKobaqPzLv5JizUVpuNW14qQG2LhoRDAs6RGpJGxAz77cAQ8aYjfodGrGEpsEM4mw6c46:2:1,T+60h,true,scheduled,success,json_ok,observed,on_time,observed,fef6342304a1889ba063a0de
solana:3Z6rpn7qChg3kgXS5rpUkUhtm3zoMjeP5DvsUknHpG2sTj3TGcu39JgSkmMXKjFt3xWDCGAS2davheEqmqTrJBfK:0:0,T0,true,scheduled,success,json_ok,observed,late,observed,bcb77da16b4926016fbcaf8c
solana:3Z6rpn7qChg3kgXS5rpUkUhtm3zoMjeP5DvsUknHpG2sTj3TGcu39JgSkmMXKjFt3xWDCGAS2davheEqmqTrJBfK:0:0,T+24h,true,scheduled,success,json_ok,observed,on_time,observed,3c571f281bf397e9d1d9bffb
solana:3Z6rpn7qChg3kgXS5rpUkUhtm3zoMjeP5DvsUknHpG2sTj3TGcu39JgSkmMXKjFt3xWDCGAS2davheEqmqTrJBfK:0:0,T+60h,true,scheduled,success,json_ok,observed,on_time,observed,d1d6e686e5d08ef363ef71cf
solana:4jVP2B7hSK7kiKnj5bXb9S7LCY8NpiNV9c838LgLPL6rfeue1vMvT5ZWcWW15qEkfhF8xdoP16t5wKWzDxzKDMXA:2:0,T0,true,scheduled,failed,not_observed,not_observed,late,request_failed,25df91c0914752c88f51cb5c
solana:4jVP2B7hSK7kiKnj5bXb9S7LCY8NpiNV9c838LgLPL6rfeue1vMvT5ZWcWW15qEkfhF8xdoP16t5wKWzDxzKDMXA:2:0,T+24h,true,scheduled,failed,not_observed,not_observed,on_time,request_failed,9d36694b7aac5b8da8adde75
solana:4jVP2B7hSK7kiKnj5bXb9S7LCY8NpiNV9c838LgLPL6rfeue1vMvT5ZWcWW15qEkfhF8xdoP16t5wKWzDxzKDMXA:2:0,T+60h,true,scheduled,failed,not_observed,not_observed,on_time,request_failed,b791df3cfe1ae2125804b120
solana:3nxyPLACvQzWc29xzp8UE5pMucxLQ3VG2WvRGYt7GzzSazN125fyLePuuFUsH6CbvcXxUaNEYAqVJjZdxeqqekRC:2:0,T0,true,scheduled,success,json_ok,observed,late,observed,56fa8edd0c47519e751cb6e3
solana:3nxyPLACvQzWc29xzp8UE5pMucxLQ3VG2WvRGYt7GzzSazN125fyLePuuFUsH6CbvcXxUaNEYAqVJjZdxeqqekRC:2:0,T+24h,true,scheduled,success,json_ok,observed,on_time,observed,db96815d1f7bb59f946007f3
solana:3nxyPLACvQzWc29xzp8UE5pMucxLQ3VG2WvRGYt7GzzSazN125fyLePuuFUsH6CbvcXxUaNEYAqVJjZdxeqqekRC:2:0,T+60h,true,scheduled,success,json_ok,observed,on_time,observed,2bf29e8aef4dc2167f08cee4
solana:52rCr3wLrj2idE29B1JpusPxcb8TyBLQANH6kJyVir2RAxFx7qBonu9jnmxTPkhTnn4zLQSSFJz8xEDEJEFbSoPD:2:0,T0,true,scheduled,success,json_ok,observed,late,observed,4cc3d73a6a5b794ddcd174f2
solana:52rCr3wLrj2idE29B1JpusPxcb8TyBLQANH6kJyVir2RAxFx7qBonu9jnmxTPkhTnn4zLQSSFJz8xEDEJEFbSoPD:2:0,T+24h,true,scheduled,success,json_ok,observed,on_time,observed,f46bae3dc38240e62ddd38b0
solana:52rCr3wLrj2idE29B1JpusPxcb8TyBLQANH6kJyVir2RAxFx7qBonu9jnmxTPkhTnn4zLQSSFJz8xEDEJEFbSoPD:2:0,T+60h,true,scheduled,success,json_ok,observed,on_time,observed,e73b96c0065ea4c82bb43524
solana:cwdc6oo3jymbxGx4KdTPpAxEeYMJq1E9JyxGs4Af1UH5mD2DK2PfGSCtj92EzgRFgV6sv6ogGufUPV93pgmtCRs:2:0,T0,true,scheduled,success,json_ok,observed,late,observed,2329cbf2eb23b81a3610b524
solana:cwdc6oo3jymbxGx4KdTPpAxEeYMJq1E9JyxGs4Af1UH5mD2DK2PfGSCtj92EzgRFgV6sv6ogGufUPV93pgmtCRs:2:0,T+24h,true,scheduled,success,json_ok,observed,on_time,observed,32f2d615afd891c1b162da9f
solana:cwdc6oo3jymbxGx4KdTPpAxEeYMJq1E9JyxGs4Af1UH5mD2DK2PfGSCtj92EzgRFgV6sv6ogGufUPV93pgmtCRs:2:0,T+60h,true,scheduled,success,json_ok,observed,on_time,observed,9e656812c62e82fbd47b111d
solana:34fRYPxi58Jg2XSWE8uqxdw89tPXxUi54V6XiH9tgvA5ScAGRVDUX69bwZo6cuwXPzTiK58V2WpdPiJTCA8RwQD5:0:0,T0,true,scheduled,success,json_ok,observed,late,observed,02089ae973a5322b24a0f670
solana:34fRYPxi58Jg2XSWE8uqxdw89tPXxUi54V6XiH9tgvA5ScAGRVDUX69bwZo6cuwXPzTiK58V2WpdPiJTCA8RwQD5:0:0,T+24h,true,scheduled,success,json_ok,observed,on_time,observed,014308dc1e8af9d14a3cbaa1
solana:34fRYPxi58Jg2XSWE8uqxdw89tPXxUi54V6XiH9tgvA5ScAGRVDUX69bwZo6cuwXPzTiK58V2WpdPiJTCA8RwQD5:0:0,T+60h,true,scheduled,success,json_ok,observed,on_time,observed,c945bc787350102769021043
solana:tyFG5pPSKpqHbVwbstdNXRDZiURuzSULSNy7vkVHcDCt8JL48uBmA4nQJv4trTV95cbxdKyCP5Ljnr7GjKRSdQa:0:0,T0,true,scheduled,success,json_ok,observed,late,observed,4a2e4afe9e3951f288397901
solana:tyFG5pPSKpqHbVwbstdNXRDZiURuzSULSNy7vkVHcDCt8JL48uBmA4nQJv4trTV95cbxdKyCP5Ljnr7GjKRSdQa:0:0,T+24h,true,scheduled,success,json_ok,observed,on_time,observed,7028435e86f628df4cab5789
solana:tyFG5pPSKpqHbVwbstdNXRDZiURuzSULSNy7vkVHcDCt8JL48uBmA4nQJv4trTV95cbxdKyCP5Ljnr7GjKRSdQa:0:0,T+60h,true,scheduled,success,json_ok,observed,on_time,observed,4865f5ce32569e7a34841007
solana:RVjxwt46pbHySqvVNNansjFWiFQsmj9Nb4EKJsHdUjVpVBydMgXqGJ8GHSG3Xi6d6mG7Z3L5s3EkMB6GkC9EVeN:2:0,T0,true,scheduled,success,json_ok,observed,late,observed,a1e699a52867801fec818b66
solana:RVjxwt46pbHySqvVNNansjFWiFQsmj9Nb4EKJsHdUjVpVBydMgXqGJ8GHSG3Xi6d6mG7Z3L5s3EkMB6GkC9EVeN:2:0,T+24h,true,scheduled,success,json_ok,observed,on_time,observed,ce2e32b75365cf0784c5cb40
solana:RVjxwt46pbHySqvVNNansjFWiFQsmj9Nb4EKJsHdUjVpVBydMgXqGJ8GHSG3Xi6d6mG7Z3L5s3EkMB6GkC9EVeN:2:0,T+60h,true,scheduled,success,json_ok,observed,on_time,observed,9a122dc09b4f0049a53facae
solana:K96CpGPMzkYrznNTaQyhrj93z8YWdyzRYNSu9aptrC6aVr45CCaDEEiYwviDwhghsb17HCpZWp6muRDhMX1yBhG:2:0,T0,true,scheduled,failed,not_observed,not_observed,late,request_failed,bf9641c05248af9e74d4cfd7
solana:K96CpGPMzkYrznNTaQyhrj93z8YWdyzRYNSu9aptrC6aVr45CCaDEEiYwviDwhghsb17HCpZWp6muRDhMX1yBhG:2:0,T+24h,true,scheduled,failed,not_observed,not_observed,on_time,request_failed,57dd5e97209a8891b18afa4f
solana:K96CpGPMzkYrznNTaQyhrj93z8YWdyzRYNSu9aptrC6aVr45CCaDEEiYwviDwhghsb17HCpZWp6muRDhMX1yBhG:2:0,T+60h,true,scheduled,failed,not_observed,not_observed,on_time,request_failed,9dce3997fe090b99c1381353
solana:3CGbemDRDmhmrgBTCG1bUFW38f7D9vqLaWkhz1Z1essVYaWXJJ7y1aC1Lde72FHFsCqcAx4yiyogRtzZTqm1TfvZ:0:0,T0,true,scheduled,success,json_ok,observed,late,observed,d668ec799130bdaf7a7cbca1
solana:3CGbemDRDmhmrgBTCG1bUFW38f7D9vqLaWkhz1Z1essVYaWXJJ7y1aC1Lde72FHFsCqcAx4yiyogRtzZTqm1TfvZ:0:0,T+24h,true,scheduled,success,json_ok,observed,on_time,observed,b1c97abe1066dae5a8a6467e
solana:3CGbemDRDmhmrgBTCG1bUFW38f7D9vqLaWkhz1Z1essVYaWXJJ7y1aC1Lde72FHFsCqcAx4yiyogRtzZTqm1TfvZ:0:0,T+60h,true,scheduled,success,json_ok,observed,on_time,observed,f7a7e72ea7e1ff9a095c867a
solana:9CC4PZCAoZapBnfbHw2FQJiuh5FSpK8Yk9B8rGAGo11MnNjminuvak8uQpdp2hueesU9HmALPcYiUYKjTZuSxf1:2:0,T0,true,scheduled,success,json_ok,observed,late,observed,f36bf5871b3db341018d7dfe
solana:9CC4PZCAoZapBnfbHw2FQJiuh5FSpK8Yk9B8rGAGo11MnNjminuvak8uQpdp2hueesU9HmALPcYiUYKjTZuSxf1:2:0,T+24h,true,scheduled,success,json_ok,observed,on_time,observed,04e8170e9dcb90ef4e013b04
solana:9CC4PZCAoZapBnfbHw2FQJiuh5FSpK8Yk9B8rGAGo11MnNjminuvak8uQpdp2hueesU9HmALPcYiUYKjTZuSxf1:2:0,T+60h,true,scheduled,success,json_ok,observed,on_time,observed,ae760018930c5162150a899b
solana:4u4FvaKMnF9SMAJvMuRWhX9hYcLuDBFRXmxsHPxPh4qxVUCBGEHwXjxuwjgxY14CJ8V7FchGmsPfK7CawR233mfd:0:0,T0,true,scheduled,success,json_ok,observed,late,observed,0ee2a6652bf51138be41f873
solana:4u4FvaKMnF9SMAJvMuRWhX9hYcLuDBFRXmxsHPxPh4qxVUCBGEHwXjxuwjgxY14CJ8V7FchGmsPfK7CawR233mfd:0:0,T+24h,true,scheduled,success,json_ok,observed,on_time,observed,7eb49e6b214e32268a768c3d
solana:4u4FvaKMnF9SMAJvMuRWhX9hYcLuDBFRXmxsHPxPh4qxVUCBGEHwXjxuwjgxY14CJ8V7FchGmsPfK7CawR233mfd:0:0,T+60h,true,scheduled,success,json_ok,observed,on_time,observed,cd07a4b7560889fd1dfd352b
solana:31xrq4tshoknvDW3fbmdTu4BSx2bDx84uGhmkFgMyUsrJ5y2kKmC3MpinuJyFRTYxEDNs7f8cH7RXYkPMDCRmU9f:0:0,T0,true,scheduled,success,json_ok,observed,late,observed,02bbc9497135ab05f71a4f1d
solana:31xrq4tshoknvDW3fbmdTu4BSx2bDx84uGhmkFgMyUsrJ5y2kKmC3MpinuJyFRTYxEDNs7f8cH7RXYkPMDCRmU9f:0:0,T+24h,true,scheduled,success,json_ok,observed,on_time,observed,0a364d540060a8ec9ded9dc6
solana:31xrq4tshoknvDW3fbmdTu4BSx2bDx84uGhmkFgMyUsrJ5y2kKmC3MpinuJyFRTYxEDNs7f8cH7RXYkPMDCRmU9f:0:0,T+60h,true,scheduled,success,json_ok,observed,on_time,observed,e32ad31c4a55bc3f0e2f9501
solana:399yXucbmnP6tSfn8VCu7iyJKmxF3vLtToXtjqsCvt5cPTH7mG7G7YukBBGTU67Woe4y43TqBEEGhjCYEuW7CdQE:2:0,T0,true,scheduled,success,json_ok,observed,late,observed,d212a8abba85b680707fb9f1
solana:399yXucbmnP6tSfn8VCu7iyJKmxF3vLtToXtjqsCvt5cPTH7mG7G7YukBBGTU67Woe4y43TqBEEGhjCYEuW7CdQE:2:0,T+24h,true,scheduled,success,json_ok,observed,on_time,observed,fe3b12daa84cbf6fd4840a2d
solana:399yXucbmnP6tSfn8VCu7iyJKmxF3vLtToXtjqsCvt5cPTH7mG7G7YukBBGTU67Woe4y43TqBEEGhjCYEuW7CdQE:2:0,T+60h,true,scheduled,success,json_ok,observed,on_time,observed,09cf6f2954d5a09eede17146
solana:2YBb335UbMsH2XPJwWij84Kp7WVX1vWuqMq1viBopCHg3QVCPAt2P85xMSRDJBd7B2vDv5JgqwRhpGSH99dht34V:2:0,T0,true,scheduled,not_collected_policy,not_collected_policy,not_observed,not_applicable,not_collected_policy,9b0ca6dd9178a1800fbacd8f
solana:2YBb335UbMsH2XPJwWij84Kp7WVX1vWuqMq1viBopCHg3QVCPAt2P85xMSRDJBd7B2vDv5JgqwRhpGSH99dht34V:2:0,T+24h,true,scheduled,not_collected_policy,not_collected_policy,not_observed,not_applicable,not_collected_policy,fd7f4cee140702bf970cbc23
solana:2YBb335UbMsH2XPJwWij84Kp7WVX1vWuqMq1viBopCHg3QVCPAt2P85xMSRDJBd7B2vDv5JgqwRhpGSH99dht34V:2:0,T+60h,true,scheduled,not_collected_policy,not_collected_policy,not_observed,not_applicable,not_collected_policy,6cbff173e4daffaac713589a
solana:5VGS6KfcfwrrhkqikS8FqurtJ5kwQf3LZkBchcN54FJrrTgA3EYYJKpfJJMDwJBib223E4kyrYeyypx1jHpdF2cg:2:0,T0,true,scheduled,not_collected_policy,not_collected_policy,not_observed,not_applicable,not_collected_policy,fb56e2a8fce892612b945618
solana:5VGS6KfcfwrrhkqikS8FqurtJ5kwQf3LZkBchcN54FJrrTgA3EYYJKpfJJMDwJBib223E4kyrYeyypx1jHpdF2cg:2:0,T+24h,true,scheduled,not_collected_policy,not_collected_policy,not_observed,not_applicable,not_collected_policy,fc02327b7230250c7c82401b
solana:5VGS6KfcfwrrhkqikS8FqurtJ5kwQf3LZkBchcN54FJrrTgA3EYYJKpfJJMDwJBib223E4kyrYeyypx1jHpdF2cg:2:0,T+60h,true,scheduled,not_collected_policy,not_collected_policy,not_observed,not_applicable,not_collected_policy,1bf07ceb9d91451096c4fad6
solana:2oaQTcQE4nRgGT58nh3QAoEUicJb6KbFTLtpPZbPrSeqo2JYWX6NBrNgNoGMVzmEMZk96tGHrXKmyhQ5Ayj71F58:0:0,T0,true,scheduled,success,json_ok,observed,late,observed,1dbc8461440d9ba9a257bbf3
solana:2oaQTcQE4nRgGT58nh3QAoEUicJb6KbFTLtpPZbPrSeqo2JYWX6NBrNgNoGMVzmEMZk96tGHrXKmyhQ5Ayj71F58:0:0,T+24h,true,scheduled,success,json_ok,observed,on_time,observed,b76b145bbbbaba19aeb6a1a7
solana:2oaQTcQE4nRgGT58nh3QAoEUicJb6KbFTLtpPZbPrSeqo2JYWX6NBrNgNoGMVzmEMZk96tGHrXKmyhQ5Ayj71F58:0:0,T+60h,true,scheduled,success,json_ok,observed,on_time,observed,2d7f1248f9f6cf8af0142cd3
solana:5KmnG9MZmvv4hLJMhBJC16U6rfwStd4c3Rm1zqxPnxoChEaNsC47PvjM6fCy6WB8QsLpps1seKBXCoFi8F1LNBvh:2:0,T0,true,scheduled,success,json_ok,observed,late,observed,68f1da1d32a549119338860c
solana:5KmnG9MZmvv4hLJMhBJC16U6rfwStd4c3Rm1zqxPnxoChEaNsC47PvjM6fCy6WB8QsLpps1seKBXCoFi8F1LNBvh:2:0,T+24h,true,scheduled,success,json_ok,observed,on_time,observed,eae1636ac1e16c209c73836e
solana:5KmnG9MZmvv4hLJMhBJC16U6rfwStd4c3Rm1zqxPnxoChEaNsC47PvjM6fCy6WB8QsLpps1seKBXCoFi8F1LNBvh:2:0,T+60h,true,scheduled,success,json_ok,observed,on_time,observed,f17939370eace3527491c1de
solana:2xUkrZ4yC9z9PpBn2JLNLaLsS5xLDftokRj6BrNB5UTTYEEXaRfo7nAJoR2n1zo97e7xZzJvFRk8V81wdb1Xpqj8:2:0,T0,true,scheduled,success,json_ok,observed,late,observed,57be27565b296a3e2b1f3efb
solana:2xUkrZ4yC9z9PpBn2JLNLaLsS5xLDftokRj6BrNB5UTTYEEXaRfo7nAJoR2n1zo97e7xZzJvFRk8V81wdb1Xpqj8:2:0,T+24h,true,scheduled,success,json_ok,observed,on_time,observed,371b1b87fc8392962fa16d67
solana:2xUkrZ4yC9z9PpBn2JLNLaLsS5xLDftokRj6BrNB5UTTYEEXaRfo7nAJoR2n1zo97e7xZzJvFRk8V81wdb1Xpqj8:2:0,T+60h,true,scheduled,success,json_ok,observed,on_time,observed,b186a2da7ba5cf97e3d6d37c
solana:D1kd6pdKXL6ed931tbBk7FSh6brpdTeYFmikAmKAJymxPtWX7BFpJZnjMnCoSt7858JQyqqHu2L7ZM4595MoHgA:2:0,T0,true,scheduled,success,json_ok,observed,late,observed,ff2dd5e94587198f2cd132ea
solana:D1kd6pdKXL6ed931tbBk7FSh6brpdTeYFmikAmKAJymxPtWX7BFpJZnjMnCoSt7858JQyqqHu2L7ZM4595MoHgA:2:0,T+24h,true,scheduled,success,json_ok,observed,on_time,observed,03974884fe55f712fb5330aa
solana:D1kd6pdKXL6ed931tbBk7FSh6brpdTeYFmikAmKAJymxPtWX7BFpJZnjMnCoSt7858JQyqqHu2L7ZM4595MoHgA:2:0,T+60h,true,scheduled,success,json_ok,observed,on_time,observed,578e3c740900a2355e39929a
solana:2hiGpKdpLfAUPFj7gnowoMm659y1LoRLDRpPCdQrxgNmLBrJV8vZvSjPPsNPJhhbHXEDy9czt3cYmWXFzNme5RLq:2:0,T0,true,scheduled,not_collected_policy,not_collected_policy,not_observed,not_applicable,not_collected_policy,45db60e7466ffac98cc5111c
solana:2hiGpKdpLfAUPFj7gnowoMm659y1LoRLDRpPCdQrxgNmLBrJV8vZvSjPPsNPJhhbHXEDy9czt3cYmWXFzNme5RLq:2:0,T+24h,true,scheduled,not_collected_policy,not_collected_policy,not_observed,not_applicable,not_collected_policy,08455f22092525e03c9a330c
solana:2hiGpKdpLfAUPFj7gnowoMm659y1LoRLDRpPCdQrxgNmLBrJV8vZvSjPPsNPJhhbHXEDy9czt3cYmWXFzNme5RLq:2:0,T+60h,true,scheduled,not_collected_policy,not_collected_policy,not_observed,not_applicable,not_collected_policy,2d4bd420c5edd60815c4ae5e
solana:2ujA1BxXiAdushAusWFj24xR7BZHeM5De8KwQky16Z2GFzeaMTSWeCWSya8xA7W5LgvoqQqPCp4gS8gdzvdubzvn:2:0,T0,true,scheduled,not_collected_policy,not_collected_policy,not_observed,not_applicable,not_collected_policy,7278dad3d1aff13093939cdf
solana:2ujA1BxXiAdushAusWFj24xR7BZHeM5De8KwQky16Z2GFzeaMTSWeCWSya8xA7W5LgvoqQqPCp4gS8gdzvdubzvn:2:0,T+24h,true,scheduled,not_collected_policy,not_collected_policy,not_observed,not_applicable,not_collected_policy,8dfadf3706120a0eeecfa925
solana:2ujA1BxXiAdushAusWFj24xR7BZHeM5De8KwQky16Z2GFzeaMTSWeCWSya8xA7W5LgvoqQqPCp4gS8gdzvdubzvn:2:0,T+60h,true,scheduled,not_collected_policy,not_collected_policy,not_observed,not_applicable,not_collected_policy,71c5eb8e1ecbd212e4e8007a
solana:Mh6tqKMRAoM3nVnWQBn8XGhheQUUxBmLZB1YyqST843xV5wKcciHKdEGTs1NdoPbGNiJTem8ofvV7kxdadtDEFs:2:0,T0,true,scheduled,success,json_ok,observed,late,observed,826196dfd4279e8cc6eddc4f
solana:Mh6tqKMRAoM3nVnWQBn8XGhheQUUxBmLZB1YyqST843xV5wKcciHKdEGTs1NdoPbGNiJTem8ofvV7kxdadtDEFs:2:0,T+24h,true,scheduled,success,json_ok,observed,on_time,observed,dddcf979349c899c3eaa9e34
solana:Mh6tqKMRAoM3nVnWQBn8XGhheQUUxBmLZB1YyqST843xV5wKcciHKdEGTs1NdoPbGNiJTem8ofvV7kxdadtDEFs:2:0,T+60h,true,scheduled,success,json_ok,observed,on_time,observed,f0f1b4e7eb795c69999f95b2
solana:SNSwBhAsTHJr14CkCPNqBgwWWyeA5zhmi6BavFQsqqn9LWwhzGYCDmdMDz1qQ4nQuf4LATvKfW5SHM2aJ5yzyR9:2:0,T0,true,scheduled,success,json_ok,observed,late,observed,9d35da3a16bad9cfb952dfcc
solana:SNSwBhAsTHJr14CkCPNqBgwWWyeA5zhmi6BavFQsqqn9LWwhzGYCDmdMDz1qQ4nQuf4LATvKfW5SHM2aJ5yzyR9:2:0,T+24h,true,scheduled,success,json_ok,observed,on_time,observed,b2441acdfd1664e8b0d3abf0
solana:SNSwBhAsTHJr14CkCPNqBgwWWyeA5zhmi6BavFQsqqn9LWwhzGYCDmdMDz1qQ4nQuf4LATvKfW5SHM2aJ5yzyR9:2:0,T+60h,true,scheduled,success,json_ok,observed,on_time,observed,474bd0116c720be0f4c41fa7
solana:HV9QhQwMT3cGAgXm7bih5yGBYEiVhW9eA991wCB2qntWPuoLhFhmbYAXXkhnmCXSDwT4zWpacowTFEmtuR2zayw:2:0,T0,true,scheduled,success,json_ok,observed,late,observed,53d579eba75309e2fdb5857f
solana:HV9QhQwMT3cGAgXm7bih5yGBYEiVhW9eA991wCB2qntWPuoLhFhmbYAXXkhnmCXSDwT4zWpacowTFEmtuR2zayw:2:0,T+24h,true,scheduled,success,json_ok,observed,on_time,observed,a95707b639e16cdddfd38ff4
solana:HV9QhQwMT3cGAgXm7bih5yGBYEiVhW9eA991wCB2qntWPuoLhFhmbYAXXkhnmCXSDwT4zWpacowTFEmtuR2zayw:2:0,T+60h,true,scheduled,success,json_ok,observed,on_time,observed,b2b1450c85901cf5db82ee4a
solana:4ejYpRUCEXr3GdzdDbbkT5i2bQME1V4vKoydNYFtX7gaiLPtAeuwjj6wdbQQD7indDiaMGt13mb5pavbQKbxBqXu:2:0,T0,true,scheduled,success,json_ok,observed,late,observed,ac9e3aa25435052ebb35efb5
solana:4ejYpRUCEXr3GdzdDbbkT5i2bQME1V4vKoydNYFtX7gaiLPtAeuwjj6wdbQQD7indDiaMGt13mb5pavbQKbxBqXu:2:0,T+24h,true,scheduled,success,json_ok,observed,on_time,observed,ab74f57f691948f00ce6e64c
solana:4ejYpRUCEXr3GdzdDbbkT5i2bQME1V4vKoydNYFtX7gaiLPtAeuwjj6wdbQQD7indDiaMGt13mb5pavbQKbxBqXu:2:0,T+60h,true,scheduled,success,json_ok,observed,on_time,observed,0c039d7630a761ea491b071b
solana:46k38gvqxfkjVcyDVYUJgVK8pfpSqaL1enz6q1jYd8FdiA3FxbSGWKVDyg9trDgyMA8e4nB1A2tHEhZoAr2St18:2:0,T0,true,scheduled,success,json_ok,observed,late,observed,f031c0e62fc12bb8a5c51bce
solana:46k38gvqxfkjVcyDVYUJgVK8pfpSqaL1enz6q1jYd8FdiA3FxbSGWKVDyg9trDgyMA8e4nB1A2tHEhZoAr2St18:2:0,T+24h,true,scheduled,success,json_ok,observed,on_time,observed,9423d5c4fd76e660bc0ef49f
solana:46k38gvqxfkjVcyDVYUJgVK8pfpSqaL1enz6q1jYd8FdiA3FxbSGWKVDyg9trDgyMA8e4nB1A2tHEhZoAr2St18:2:0,T+60h,true,scheduled,success,json_ok,observed,on_time,observed,bc6fdb6a2fac8f3b4244babc
solana:587cyGttZ9whScXqKigmW9rMkmA7zQjQUKYGb9Kz4yijuCxHfHRE6BRERt7cTjJJ8LBUtkPUJYou9PSLpLzJm1dM:2:0,T0,true,scheduled,failed,not_observed,not_observed,late,request_failed,70154d93b6021fda1f09e1d7
solana:587cyGttZ9whScXqKigmW9rMkmA7zQjQUKYGb9Kz4yijuCxHfHRE6BRERt7cTjJJ8LBUtkPUJYou9PSLpLzJm1dM:2:0,T+24h,true,scheduled,failed,not_observed,not_observed,on_time,request_failed,22e0043b9996a0dbde08f635
solana:587cyGttZ9whScXqKigmW9rMkmA7zQjQUKYGb9Kz4yijuCxHfHRE6BRERt7cTjJJ8LBUtkPUJYou9PSLpLzJm1dM:2:0,T+60h,true,scheduled,failed,not_observed,not_observed,on_time,request_failed,6e404206d59524346b10457b
solana:5QobUyjWTQvvkFWWHcehiyzKviyuCrsfD1kEnD9p4Ha2PgYcg3afzuTT23yUf3bLPA8zgphABcGNfLZ1bXDR1qWp:2:0,T0,true,scheduled,not_collected_policy,not_collected_policy,not_observed,not_applicable,not_collected_policy,9ec7ccdc6cd6ef40b9fa2e8e
solana:5QobUyjWTQvvkFWWHcehiyzKviyuCrsfD1kEnD9p4Ha2PgYcg3afzuTT23yUf3bLPA8zgphABcGNfLZ1bXDR1qWp:2:0,T+24h,true,scheduled,not_collected_policy,not_collected_policy,not_observed,not_applicable,not_collected_policy,aab17abf365e3eaf87e13a25
solana:5QobUyjWTQvvkFWWHcehiyzKviyuCrsfD1kEnD9p4Ha2PgYcg3afzuTT23yUf3bLPA8zgphABcGNfLZ1bXDR1qWp:2:0,T+60h,true,scheduled,not_collected_policy,not_collected_policy,not_observed,not_applicable,not_collected_policy,108a7349832357d847449d23
solana:2kiiTRD1L5VV8U53sDzm1KBw4jqkxvLn1xYBdsFFdComsBeRD2hrd9cvCyySMp3Vcj2yXSMw57Twf1UbDUHUQufH:2:0,T0,true,scheduled,success,json_ok,observed,late,observed,677f3b33a531a0092921bb51
solana:2kiiTRD1L5VV8U53sDzm1KBw4jqkxvLn1xYBdsFFdComsBeRD2hrd9cvCyySMp3Vcj2yXSMw57Twf1UbDUHUQufH:2:0,T+24h,true,scheduled,success,json_ok,observed,on_time,observed,2fd5a380da30f5a573e29713
solana:2kiiTRD1L5VV8U53sDzm1KBw4jqkxvLn1xYBdsFFdComsBeRD2hrd9cvCyySMp3Vcj2yXSMw57Twf1UbDUHUQufH:2:0,T+60h,true,scheduled,success,json_ok,observed,on_time,observed,e395196ac630580ee3575d29
solana:5c9NmEUBe85EQ8JbjDiNXSdo7MUgm5q1UAvKkrUZMvrhqbtM2o1drUxJXReCBzYUSqXeozuJY162eakmmUFjvUg1:2:0,T0,true,scheduled,not_collected_policy,not_collected_policy,not_observed,not_applicable,not_collected_policy,ee97afe966dfea92d4ab4be8
solana:5c9NmEUBe85EQ8JbjDiNXSdo7MUgm5q1UAvKkrUZMvrhqbtM2o1drUxJXReCBzYUSqXeozuJY162eakmmUFjvUg1:2:0,T+24h,true,scheduled,not_collected_policy,not_collected_policy,not_observed,not_applicable,not_collected_policy,a57437fd9a9a0684b28ac195
solana:5c9NmEUBe85EQ8JbjDiNXSdo7MUgm5q1UAvKkrUZMvrhqbtM2o1drUxJXReCBzYUSqXeozuJY162eakmmUFjvUg1:2:0,T+60h,true,scheduled,not_collected_policy,not_collected_policy,not_observed,not_applicable,not_collected_policy,cccc918fff7a860b502e9685
solana:2qeBPZyE9aACYWSQcVxThAa8zHzNTt1eBV24JufYXm6aV6kYvPbx8qTbszxmhSZNUaEAAWqbNmHbx7zktFKv9DoV:2:0,T0,true,scheduled,success,json_ok,observed,late,observed,acfb5308bafc673540ba655b
solana:2qeBPZyE9aACYWSQcVxThAa8zHzNTt1eBV24JufYXm6aV6kYvPbx8qTbszxmhSZNUaEAAWqbNmHbx7zktFKv9DoV:2:0,T+24h,true,scheduled,success,json_ok,observed,on_time,observed,c67c3d12bd9408b2f7869133
solana:2qeBPZyE9aACYWSQcVxThAa8zHzNTt1eBV24JufYXm6aV6kYvPbx8qTbszxmhSZNUaEAAWqbNmHbx7zktFKv9DoV:2:0,T+60h,true,scheduled,success,json_ok,observed,on_time,observed,a99a1d01f33ebee04cd7cb44
solana:3W1f9r846c3CmhdFbSF1EbEH5Emm44iXqrEScp8qSeeMmhSjTmstwdEjL84fLWeeTVHhNbUQ9T44cGcgWLUfQEK7:2:0,T0,true,scheduled,success,json_ok,observed,late,observed,74599177d22334b19519a047
solana:3W1f9r846c3CmhdFbSF1EbEH5Emm44iXqrEScp8qSeeMmhSjTmstwdEjL84fLWeeTVHhNbUQ9T44cGcgWLUfQEK7:2:0,T+24h,true,scheduled,success,json_ok,observed,on_time,observed,e6acec6267302774ec9a720d
solana:3W1f9r846c3CmhdFbSF1EbEH5Emm44iXqrEScp8qSeeMmhSjTmstwdEjL84fLWeeTVHhNbUQ9T44cGcgWLUfQEK7:2:0,T+60h,true,scheduled,success,json_ok,observed,on_time,observed,7f1a439e13189b97124bf2d8
solana:4oWG36P7NU9WUBoL9V7hZepTSs73ofgyiAo8hXXcgPREbUVVvMHVcjTRsESd4ucE4GrWX2XetCM4c7GxtYdno2r7:2:0,T0,true,scheduled,success,json_ok,observed,late,observed,c3ff83530cc1339013fa9b5c
solana:4oWG36P7NU9WUBoL9V7hZepTSs73ofgyiAo8hXXcgPREbUVVvMHVcjTRsESd4ucE4GrWX2XetCM4c7GxtYdno2r7:2:0,T+24h,true,scheduled,success,json_ok,observed,on_time,observed,71a5cce1e303ceff989069f7
solana:4oWG36P7NU9WUBoL9V7hZepTSs73ofgyiAo8hXXcgPREbUVVvMHVcjTRsESd4ucE4GrWX2XetCM4c7GxtYdno2r7:2:0,T+60h,true,scheduled,success,json_ok,observed,on_time,observed,a3eba6f11a07372661b197c7
solana:3DkfwmzKFgjRnuUmVnWxGNSBujLD1GcjSrLyDC38218sAUzCQJguhUxCwWar2r7Z8ZNFPJCBwnYMQktQJUeHy4C1:0:0,T0,true,scheduled,failed,not_observed,not_observed,late,request_failed,cb0f24592de103163e42a47f
solana:3DkfwmzKFgjRnuUmVnWxGNSBujLD1GcjSrLyDC38218sAUzCQJguhUxCwWar2r7Z8ZNFPJCBwnYMQktQJUeHy4C1:0:0,T+24h,true,scheduled,failed,not_observed,not_observed,on_time,request_failed,d2c6eb92ecc39b96fb033a31
solana:3DkfwmzKFgjRnuUmVnWxGNSBujLD1GcjSrLyDC38218sAUzCQJguhUxCwWar2r7Z8ZNFPJCBwnYMQktQJUeHy4C1:0:0,T+60h,true,scheduled,failed,not_observed,not_observed,on_time,request_failed,f6716ac2c1a5e6a957b6fa7f
solana:2SSDH6Dxdt3hJQ5oKKzPkX2VaLqwm98YrQv9qkz5jTzWEu6VSzpQU5D9EqVT1cVpCK1d3aBhpbU3cC6sThFVcebb:2:0,T0,true,scheduled,success,json_ok,observed,late,observed,4f6803e6e919ac0fa827799e
solana:2SSDH6Dxdt3hJQ5oKKzPkX2VaLqwm98YrQv9qkz5jTzWEu6VSzpQU5D9EqVT1cVpCK1d3aBhpbU3cC6sThFVcebb:2:0,T+24h,true,scheduled,success,json_ok,observed,on_time,observed,a425bf3f66f9cc9a43e73be9
solana:2SSDH6Dxdt3hJQ5oKKzPkX2VaLqwm98YrQv9qkz5jTzWEu6VSzpQU5D9EqVT1cVpCK1d3aBhpbU3cC6sThFVcebb:2:0,T+60h,true,scheduled,success,json_ok,observed,on_time,observed,815db11aa4ef3f93c27ad00b
solana:5ysUz1ZKShbuhAPLbxUCgeFL2jAh2nGXL9a4Xmpd5bZDQvcTkVhiEjugpCkuX48PYNvHFVZEVFMHZG6gBhFeWSXg:2:0,T0,true,scheduled,success,json_ok,observed,late,observed,bbf36e451c233dc0692b15b7
solana:5ysUz1ZKShbuhAPLbxUCgeFL2jAh2nGXL9a4Xmpd5bZDQvcTkVhiEjugpCkuX48PYNvHFVZEVFMHZG6gBhFeWSXg:2:0,T+24h,true,scheduled,success,json_ok,observed,on_time,observed,61987324999107e8129d3a72
solana:5ysUz1ZKShbuhAPLbxUCgeFL2jAh2nGXL9a4Xmpd5bZDQvcTkVhiEjugpCkuX48PYNvHFVZEVFMHZG6gBhFeWSXg:2:0,T+60h,true,scheduled,success,json_ok,observed,on_time,observed,091d43a23b526e5f37396a89
solana:2gtyZJpW8Au4dMtCEKQYvNFPDstDpUVsF371R7xX1cqzpPhTM5Wb1WaM6bJEHnPiTnU1UeNuZ6DP8NkX7K6SVqD4:2:0,T0,true,scheduled,success,json_ok,observed,late,observed,42d180f8749ae7dc843ce1e6
solana:2gtyZJpW8Au4dMtCEKQYvNFPDstDpUVsF371R7xX1cqzpPhTM5Wb1WaM6bJEHnPiTnU1UeNuZ6DP8NkX7K6SVqD4:2:0,T+24h,true,scheduled,success,json_ok,observed,on_time,observed,c69ccbfb4e475a55216f193b
solana:2gtyZJpW8Au4dMtCEKQYvNFPDstDpUVsF371R7xX1cqzpPhTM5Wb1WaM6bJEHnPiTnU1UeNuZ6DP8NkX7K6SVqD4:2:0,T+60h,true,scheduled,success,json_ok,observed,on_time,observed,e8d6d2e2de3a3dd1e5d5132c
solana:2sQhTuLU5Ujx6WKoBEazLU9xzmxRZFyTxA4MG8sqZdrFEgjaD6XgCqfpPLerduTVG4EDvLewej9Furf6MGrApxY6:2:0,T0,true,scheduled,success,json_ok,observed,late,observed,767c03ddc0812abe7a70d701
solana:2sQhTuLU5Ujx6WKoBEazLU9xzmxRZFyTxA4MG8sqZdrFEgjaD6XgCqfpPLerduTVG4EDvLewej9Furf6MGrApxY6:2:0,T+24h,true,scheduled,success,json_ok,observed,on_time,observed,cf23c7a51565dd44afffe48a
solana:2sQhTuLU5Ujx6WKoBEazLU9xzmxRZFyTxA4MG8sqZdrFEgjaD6XgCqfpPLerduTVG4EDvLewej9Furf6MGrApxY6:2:0,T+60h,true,scheduled,success,json_ok,observed,on_time,observed,e172b644a8a0c8609d031c46
solana:D17fuq6k5XxUsPiLs57rqhRQSUw8WCFidw3wrCMjxJmYuQRSpicHjc8Rn2rTzur1B3aQ5KjZ3zUQXWFXyYc8JzS:2:0,T0,true,scheduled,success,json_ok,observed,late,observed,c66f063de4ef38acee1483c5
solana:D17fuq6k5XxUsPiLs57rqhRQSUw8WCFidw3wrCMjxJmYuQRSpicHjc8Rn2rTzur1B3aQ5KjZ3zUQXWFXyYc8JzS:2:0,T+24h,true,scheduled,success,json_ok,observed,on_time,observed,8a59742a7e9ea1b4a1d3eed5
solana:D17fuq6k5XxUsPiLs57rqhRQSUw8WCFidw3wrCMjxJmYuQRSpicHjc8Rn2rTzur1B3aQ5KjZ3zUQXWFXyYc8JzS:2:0,T+60h,true,scheduled,success,json_ok,observed,on_time,observed,04088637a53580b46f981a63
solana:4hCxW56SAFnpjmwwvzhPFRcZ3aVNDXyyHihzk5C3qc4veYb8JGGbS1XbZoNRkPb3am5YJPHRehYdixFuxRGBeKvt:2:0,T0,true,scheduled,success,json_ok,observed,late,observed,45f0c8ef70d4dd831b2742f4
solana:4hCxW56SAFnpjmwwvzhPFRcZ3aVNDXyyHihzk5C3qc4veYb8JGGbS1XbZoNRkPb3am5YJPHRehYdixFuxRGBeKvt:2:0,T+24h,true,scheduled,success,json_ok,observed,on_time,observed,81a975d8650ee488a5a62f7a
solana:4hCxW56SAFnpjmwwvzhPFRcZ3aVNDXyyHihzk5C3qc4veYb8JGGbS1XbZoNRkPb3am5YJPHRehYdixFuxRGBeKvt:2:0,T+60h,true,scheduled,success,json_ok,observed,on_time,observed,6b5433b8140e0600d034fea9
solana:3MsruZCtd7e9ekGiEAu9bdmBAMX5V4R3Rb7Tcs7W7N8x7VaGGAzy3dUxEqsdNEvPJBFHJetJqEcjJiyH9u3Host8:2:0,T0,true,scheduled,success,json_ok,observed,late,observed,9d7047f597715112586971e8
solana:3MsruZCtd7e9ekGiEAu9bdmBAMX5V4R3Rb7Tcs7W7N8x7VaGGAzy3dUxEqsdNEvPJBFHJetJqEcjJiyH9u3Host8:2:0,T+24h,true,scheduled,success,json_ok,observed,on_time,observed,5d7c5ac4445c394c823e0cb9
solana:3MsruZCtd7e9ekGiEAu9bdmBAMX5V4R3Rb7Tcs7W7N8x7VaGGAzy3dUxEqsdNEvPJBFHJetJqEcjJiyH9u3Host8:2:0,T+60h,true,scheduled,success,json_ok,observed,on_time,observed,b72e645b6446a6a05527de57
solana:r1prXD8QZY92v85pLhy3NV2cSdLvTNAUFLoxxZ1Uz7SdSSgZkQntMBVb96iJv4f12WuKsKjvPNTW4Sjzjg7eud5:2:0,T0,true,scheduled,success,json_ok,observed,late,observed,52012d21a90afab265ebbf20
solana:r1prXD8QZY92v85pLhy3NV2cSdLvTNAUFLoxxZ1Uz7SdSSgZkQntMBVb96iJv4f12WuKsKjvPNTW4Sjzjg7eud5:2:0,T+24h,true,scheduled,success,json_ok,observed,on_time,observed,f51346ffd3146cbe7934f413
solana:r1prXD8QZY92v85pLhy3NV2cSdLvTNAUFLoxxZ1Uz7SdSSgZkQntMBVb96iJv4f12WuKsKjvPNTW4Sjzjg7eud5:2:0,T+60h,true,scheduled,success,json_ok,observed,on_time,observed,d07e190c93ba3d5c8794f0c0
solana:2RSMRajMNmLYZUfcj4M4JVPRfX4mzS2yHFhzg724LcLLHLXZoyZa5bYFwmgBG8dZzP8UbD3xrnU9v29S8E79YZxz:2:0,T0,true,scheduled,success,json_ok,observed,late,observed,8d6b395f475dafd171903b8c
solana:2RSMRajMNmLYZUfcj4M4JVPRfX4mzS2yHFhzg724LcLLHLXZoyZa5bYFwmgBG8dZzP8UbD3xrnU9v29S8E79YZxz:2:0,T+24h,true,scheduled,success,json_ok,observed,on_time,observed,f3e8c4e77b22182c1cc1872a
solana:2RSMRajMNmLYZUfcj4M4JVPRfX4mzS2yHFhzg724LcLLHLXZoyZa5bYFwmgBG8dZzP8UbD3xrnU9v29S8E79YZxz:2:0,T+60h,true,scheduled,success,json_ok,observed,on_time,observed,8c8cf72aa5ed2f751e7316e0
solana:5LUz5YUGPeUtj5jJ3SAnWZuwBThWx2VpC9ecx3CQEjfrpJBoBkr5XiSc7JgkwjtgY3fSWQDhrnfZRJvZJnRvMcNp:0:0,T0,true,scheduled,success,json_ok,observed,late,observed,f88ed98337b99037969dc67e
solana:5LUz5YUGPeUtj5jJ3SAnWZuwBThWx2VpC9ecx3CQEjfrpJBoBkr5XiSc7JgkwjtgY3fSWQDhrnfZRJvZJnRvMcNp:0:0,T+24h,true,scheduled,success,json_ok,observed,on_time,observed,fb938ca8996b3d30fdbf0300
solana:5LUz5YUGPeUtj5jJ3SAnWZuwBThWx2VpC9ecx3CQEjfrpJBoBkr5XiSc7JgkwjtgY3fSWQDhrnfZRJvZJnRvMcNp:0:0,T+60h,true,scheduled,success,json_ok,observed,on_time,observed,f80e650f8c924de3fd9da5d9
solana:3gUa6zcF8y8HTUan1d5YR6NhRxHY5tCtAVm2FU9Q7KThkGWBrG3QxrU99XJ6iZ7Qy6CHMp5m8zRNbe5BMLZz3Mad:2:0,T0,true,scheduled,failed,not_observed,not_observed,late,request_failed,695d28bacf389dbfa9801f31
solana:3gUa6zcF8y8HTUan1d5YR6NhRxHY5tCtAVm2FU9Q7KThkGWBrG3QxrU99XJ6iZ7Qy6CHMp5m8zRNbe5BMLZz3Mad:2:0,T+24h,true,scheduled,failed,not_observed,not_observed,on_time,request_failed,a156c6c2d932536786f01d6c
solana:3gUa6zcF8y8HTUan1d5YR6NhRxHY5tCtAVm2FU9Q7KThkGWBrG3QxrU99XJ6iZ7Qy6CHMp5m8zRNbe5BMLZz3Mad:2:0,T+60h,true,scheduled,failed,not_observed,not_observed,on_time,request_failed,2e0f764429e9d42c0336617a
solana:4uZ9kPki3qxr5MEm2LeJJvrFACua6ePAZL1eKhEJvDyWRqWahFJzbuhEeBFwa7DpR8xQUWhhmij8XSxCN568EooF:2:0,T0,true,scheduled,success,json_ok,observed,late,observed,a16768cc26723d856bb7b29d
solana:4uZ9kPki3qxr5MEm2LeJJvrFACua6ePAZL1eKhEJvDyWRqWahFJzbuhEeBFwa7DpR8xQUWhhmij8XSxCN568EooF:2:0,T+24h,true,scheduled,success,json_ok,observed,on_time,observed,60d2bc5373fda71a85e3a96f
solana:4uZ9kPki3qxr5MEm2LeJJvrFACua6ePAZL1eKhEJvDyWRqWahFJzbuhEeBFwa7DpR8xQUWhhmij8XSxCN568EooF:2:0,T+60h,true,scheduled,success,json_ok,observed,on_time,observed,8effe2f088420adfd9219f3f
solana:4f5K5ZDXZH65s3fMzZDvLBjtqR3a6tfxVPspzS9gvK2QSRh5bGo1U6KNDACviqSeg7ZsxoMkioiBnecUHMJZAdqL:2:0,T0,true,scheduled,success,json_ok,observed,late,observed,370b3d43f3d3cde6767649a2
solana:4f5K5ZDXZH65s3fMzZDvLBjtqR3a6tfxVPspzS9gvK2QSRh5bGo1U6KNDACviqSeg7ZsxoMkioiBnecUHMJZAdqL:2:0,T+24h,true,scheduled,success,json_ok,observed,on_time,observed,77a37dea52e3dc39ed72d541
solana:4f5K5ZDXZH65s3fMzZDvLBjtqR3a6tfxVPspzS9gvK2QSRh5bGo1U6KNDACviqSeg7ZsxoMkioiBnecUHMJZAdqL:2:0,T+60h,true,scheduled,success,json_ok,observed,on_time,observed,5d9d7bb38242fdc78ec3a779
solana:5sUNPDxYEu6BzzHPWfCaQvjhZgefyoRPsRLL1jZGNxaFXVVd7RPK29qsrGeWcJcAPo4eqBd2ZecHintYeZrQjFun:2:0,T0,true,scheduled,success,json_ok,observed,late,observed,4d365af15262858e232309d1
solana:5sUNPDxYEu6BzzHPWfCaQvjhZgefyoRPsRLL1jZGNxaFXVVd7RPK29qsrGeWcJcAPo4eqBd2ZecHintYeZrQjFun:2:0,T+24h,true,scheduled,success,json_ok,observed,on_time,observed,463122ad1dd269303afe6ae1
solana:5sUNPDxYEu6BzzHPWfCaQvjhZgefyoRPsRLL1jZGNxaFXVVd7RPK29qsrGeWcJcAPo4eqBd2ZecHintYeZrQjFun:2:0,T+60h,true,scheduled,success,json_ok,observed,on_time,observed,fc96cc22c59c7497b15f379a
solana:5SJwKdK3aTDBB1VcKdgW5EMwS1AnTyTy1noR1xDY6643hXoJc1ExWbiRqAvMC4nn4K21x6edcb8LPbpM8zMJLkCs:2:0,T0,true,scheduled,success,json_ok,observed,late,observed,a20efec4315d5b93572e8470
solana:5SJwKdK3aTDBB1VcKdgW5EMwS1AnTyTy1noR1xDY6643hXoJc1ExWbiRqAvMC4nn4K21x6edcb8LPbpM8zMJLkCs:2:0,T+24h,true,scheduled,success,json_ok,observed,on_time,observed,5a6d1bdf9f0c5fb8e972ebe7
solana:5SJwKdK3aTDBB1VcKdgW5EMwS1AnTyTy1noR1xDY6643hXoJc1ExWbiRqAvMC4nn4K21x6edcb8LPbpM8zMJLkCs:2:0,T+60h,true,scheduled,success,json_ok,observed,on_time,observed,2720fba11cb166c09f019334
solana:5S16bbUmCjDM3Ek4pijr4BHfqLWe4Fijcfd2wURxYwnvrZJnhbsec6FLkh3rZN3qGkWL1Mpsa88sVskDna4MLdKH:2:0,T0,true,scheduled,success,json_ok,observed,late,observed,dac9fa7b254a6a5e2701647e
solana:5S16bbUmCjDM3Ek4pijr4BHfqLWe4Fijcfd2wURxYwnvrZJnhbsec6FLkh3rZN3qGkWL1Mpsa88sVskDna4MLdKH:2:0,T+24h,true,scheduled,success,json_ok,observed,on_time,observed,add2b1c30f91f1575eb2134b
solana:5S16bbUmCjDM3Ek4pijr4BHfqLWe4Fijcfd2wURxYwnvrZJnhbsec6FLkh3rZN3qGkWL1Mpsa88sVskDna4MLdKH:2:0,T+60h,true,scheduled,success,json_ok,observed,on_time,observed,67956d98548096e8c057e2f4
solana:5qbAhGsKhtJL3GwmQnBZrTXYS5HYd1VRyhTZki5h7141tskgLnxqAYrThjC1VLfhBrNcvn1VUve2MD5KbtDMDeLY:2:0,T0,true,scheduled,success,json_ok,observed,late,observed,2865a81ade946ca021e846d8
solana:5qbAhGsKhtJL3GwmQnBZrTXYS5HYd1VRyhTZki5h7141tskgLnxqAYrThjC1VLfhBrNcvn1VUve2MD5KbtDMDeLY:2:0,T+24h,true,scheduled,success,json_ok,observed,on_time,observed,c0f1171a1b7842660b9dc2c7
solana:5qbAhGsKhtJL3GwmQnBZrTXYS5HYd1VRyhTZki5h7141tskgLnxqAYrThjC1VLfhBrNcvn1VUve2MD5KbtDMDeLY:2:0,T+60h,true,scheduled,success,json_ok,observed,on_time,observed,8e2a01b515392feec7d23d30
solana:KfAoe9bYqrhMUAtXCadGwBW2ruGgoUKkyYC2nMUj2zjsv6GvnSV5oftropfkqHWkrunc23yCikHVRtibReoodfg:2:0,T0,true,scheduled,success,json_ok,observed,late,observed,ff98785ac7bef51b60dc7617
solana:KfAoe9bYqrhMUAtXCadGwBW2ruGgoUKkyYC2nMUj2zjsv6GvnSV5oftropfkqHWkrunc23yCikHVRtibReoodfg:2:0,T+24h,true,scheduled,success,json_ok,observed,on_time,observed,173117380f223fc05ddf30f3
solana:KfAoe9bYqrhMUAtXCadGwBW2ruGgoUKkyYC2nMUj2zjsv6GvnSV5oftropfkqHWkrunc23yCikHVRtibReoodfg:2:0,T+60h,true,scheduled,success,json_ok,observed,on_time,observed,b27d1020073bbf97fe7c2a32
solana:2QxJoCuD1sBCa2PyijUfc9ATmd6rW58yYcqcz7T21ckryHJaDzYnVwtUZysr2MsALg6amrkPhcbFxxABUY6DVaDn:2:0,T0,true,scheduled,success,json_ok,observed,late,observed,18f6bedb53c1057b63eb0b85
solana:2QxJoCuD1sBCa2PyijUfc9ATmd6rW58yYcqcz7T21ckryHJaDzYnVwtUZysr2MsALg6amrkPhcbFxxABUY6DVaDn:2:0,T+24h,true,scheduled,success,json_ok,observed,on_time,observed,dcdaf166687774bddc00712d
solana:2QxJoCuD1sBCa2PyijUfc9ATmd6rW58yYcqcz7T21ckryHJaDzYnVwtUZysr2MsALg6amrkPhcbFxxABUY6DVaDn:2:0,T+60h,true,scheduled,success,json_ok,observed,on_time,observed,c0d85eb1dab61328bc0520a0
solana:3t4VcGWBCaEf4E6r5CKAJuaMpoz3Jqspgq24GewL5ghTdAFS8vuroEA1gzSnxCVWu1qL5MnSW2345x5RTyWufxE6:2:0,T0,true,scheduled,success,json_ok,observed,late,observed,2c0aa0b384242eb9cd19ddf4
solana:3t4VcGWBCaEf4E6r5CKAJuaMpoz3Jqspgq24GewL5ghTdAFS8vuroEA1gzSnxCVWu1qL5MnSW2345x5RTyWufxE6:2:0,T+24h,true,scheduled,success,json_ok,observed,on_time,observed,ef1e41d2fc4fad0118c393ad
solana:3t4VcGWBCaEf4E6r5CKAJuaMpoz3Jqspgq24GewL5ghTdAFS8vuroEA1gzSnxCVWu1qL5MnSW2345x5RTyWufxE6:2:0,T+60h,true,scheduled,success,json_ok,observed,on_time,observed,f7e83f9e7279335cdf897f66
solana:sGKLYkvpMHzPgJXLmNrNCLjyMqnULWXnE2BGLDzaU7EivCTsLjDFZbU7t5mKz6CRS5n4PeLQjwJwJ3V4SGDmg4P:2:0,T0,true,scheduled,failed,not_observed,not_observed,late,request_failed,871d2a4bd5f606ccee30e7fe
solana:sGKLYkvpMHzPgJXLmNrNCLjyMqnULWXnE2BGLDzaU7EivCTsLjDFZbU7t5mKz6CRS5n4PeLQjwJwJ3V4SGDmg4P:2:0,T+24h,true,scheduled,failed,not_observed,not_observed,on_time,request_failed,3eec9e98804ea150d3498e5e
solana:sGKLYkvpMHzPgJXLmNrNCLjyMqnULWXnE2BGLDzaU7EivCTsLjDFZbU7t5mKz6CRS5n4PeLQjwJwJ3V4SGDmg4P:2:0,T+60h,true,scheduled,failed,not_observed,not_observed,on_time,request_failed,b91418f367915fd233f96dbf
solana:Mst8gu9icbUrr1PMRN3wkrPRYw5wKBcbNDqR1J4kUhszegpF8Ysus8ZLKAiGDFCo2esZP5DHi4GrMywMRaLG5QW:2:1,T0,true,scheduled,success,json_ok,observed,late,observed,c8497657a551bc68a47277f3
solana:Mst8gu9icbUrr1PMRN3wkrPRYw5wKBcbNDqR1J4kUhszegpF8Ysus8ZLKAiGDFCo2esZP5DHi4GrMywMRaLG5QW:2:1,T+24h,true,scheduled,success,json_ok,observed,on_time,observed,117fb2b9d569059a8bd5a9a1
solana:Mst8gu9icbUrr1PMRN3wkrPRYw5wKBcbNDqR1J4kUhszegpF8Ysus8ZLKAiGDFCo2esZP5DHi4GrMywMRaLG5QW:2:1,T+60h,true,scheduled,success,json_ok,observed,on_time,observed,a0c9f54ad87ef4003f8afcf6
solana:3NPKPzsrQwqrwTDJkvEVMgCBLPzvRxgQKtbY4zjyYsGfGcXfxg8aSPgFY8ZGiAcRKb8mT2CQf9EGer8TsNfzaXr6:0:0,T0,true,scheduled,success,json_ok,observed,late,observed,094c6b711f3729f16c1549d1
solana:3NPKPzsrQwqrwTDJkvEVMgCBLPzvRxgQKtbY4zjyYsGfGcXfxg8aSPgFY8ZGiAcRKb8mT2CQf9EGer8TsNfzaXr6:0:0,T+24h,true,scheduled,success,json_ok,observed,on_time,observed,67f4f48d9c5d1fc34d7c779e
solana:3NPKPzsrQwqrwTDJkvEVMgCBLPzvRxgQKtbY4zjyYsGfGcXfxg8aSPgFY8ZGiAcRKb8mT2CQf9EGer8TsNfzaXr6:0:0,T+60h,true,scheduled,success,json_ok,observed,on_time,observed,11b94a0eaacb3c5e97dab426
solana:2TpxQxXr6DXQ5ptd5UtZ71owRvAwPwkjUwamW4uK5rk42LKrQJwWhzjKEmdeWb2NNvh1CLdXeTMgvvGbKcFkB77F:2:0,T0,true,scheduled,success,json_ok,observed,late,observed,8555cd6bc1eecc9a2474c350
solana:2TpxQxXr6DXQ5ptd5UtZ71owRvAwPwkjUwamW4uK5rk42LKrQJwWhzjKEmdeWb2NNvh1CLdXeTMgvvGbKcFkB77F:2:0,T+24h,true,scheduled,success,json_ok,observed,on_time,observed,a9e30da5062477474692887c
solana:2TpxQxXr6DXQ5ptd5UtZ71owRvAwPwkjUwamW4uK5rk42LKrQJwWhzjKEmdeWb2NNvh1CLdXeTMgvvGbKcFkB77F:2:0,T+60h,true,scheduled,success,json_ok,observed,on_time,observed,3efe776e91c48781fecdca27
solana:45TfHayUnkroNBi38RDvXGoBaHfcPy5bKxdv9p4Q48uHqqeEUqE443FZKemqsquKeUjrqKfBAReyw6vQ3EbykDWG:2:0,T0,true,scheduled,success,json_ok,observed,late,observed,c755738b917f9fa0078130b3
solana:45TfHayUnkroNBi38RDvXGoBaHfcPy5bKxdv9p4Q48uHqqeEUqE443FZKemqsquKeUjrqKfBAReyw6vQ3EbykDWG:2:0,T+24h,true,scheduled,success,json_ok,observed,on_time,observed,71b9959481a53b4145a4a100
solana:45TfHayUnkroNBi38RDvXGoBaHfcPy5bKxdv9p4Q48uHqqeEUqE443FZKemqsquKeUjrqKfBAReyw6vQ3EbykDWG:2:0,T+60h,true,scheduled,success,json_ok,observed,on_time,observed,e3998088ecddfba971ea8d96
solana:DR7PavwjdL6WjuW6UgqH7ggJFoht2SuV9P9oE339rn1dXCqhaJvvEUcgXFwGBwifRB8mwBS9xXz1k1zbaVUq3Sg:2:0,T0,true,scheduled,success,json_ok,observed,late,observed,c8f8635c41f39f67492df869
solana:DR7PavwjdL6WjuW6UgqH7ggJFoht2SuV9P9oE339rn1dXCqhaJvvEUcgXFwGBwifRB8mwBS9xXz1k1zbaVUq3Sg:2:0,T+24h,true,scheduled,success,json_ok,observed,on_time,observed,37c0bdf2ce6df36fd46f6524
solana:DR7PavwjdL6WjuW6UgqH7ggJFoht2SuV9P9oE339rn1dXCqhaJvvEUcgXFwGBwifRB8mwBS9xXz1k1zbaVUq3Sg:2:0,T+60h,true,scheduled,success,json_ok,observed,on_time,observed,a9acd01af417066b2fb794db
solana:2tTtbdX5NteyXefhgbDwhh8a1Pv6YPzD2GtiovxgW4LRQvas9vUW6rXEssuPqiKGzv64KiXrZDrsqZDzCzZy93Z8:2:0,T0,true,scheduled,success,json_ok,observed,late,observed,59f3ff2a1f23aad2038c3e76
solana:2tTtbdX5NteyXefhgbDwhh8a1Pv6YPzD2GtiovxgW4LRQvas9vUW6rXEssuPqiKGzv64KiXrZDrsqZDzCzZy93Z8:2:0,T+24h,true,scheduled,success,json_ok,observed,on_time,observed,74969044afdfccbd8017fe4b
solana:2tTtbdX5NteyXefhgbDwhh8a1Pv6YPzD2GtiovxgW4LRQvas9vUW6rXEssuPqiKGzv64KiXrZDrsqZDzCzZy93Z8:2:0,T+60h,true,scheduled,success,json_ok,observed,on_time,observed,1f9d9313558a9306d4bdad37
solana:3Mhiybs9u6cJ6KBEjDHKMFVqMD1iAj3ozj17DvVYGXdEcw7DE9KzPfDir8fdFAqvn8NY33o3UsbmV4HYSq14xsy9:1:0,T0,true,scheduled,success,json_ok,observed,late,observed,d1449663be8b1c1911df86fb
solana:3Mhiybs9u6cJ6KBEjDHKMFVqMD1iAj3ozj17DvVYGXdEcw7DE9KzPfDir8fdFAqvn8NY33o3UsbmV4HYSq14xsy9:1:0,T+24h,true,scheduled,success,json_ok,observed,on_time,observed,25b7cc2fc006223ba54cad2f
solana:3Mhiybs9u6cJ6KBEjDHKMFVqMD1iAj3ozj17DvVYGXdEcw7DE9KzPfDir8fdFAqvn8NY33o3UsbmV4HYSq14xsy9:1:0,T+60h,true,scheduled,success,json_ok,observed,on_time,observed,26e4b01c1c5b98264ce5e169
solana:svxumaHBH11A5izDvDfSXi5yGajQsVnKQfbqEvAroYfRW9bUvstHFCM6RcuGx3kFk5PBqZZBZzqWZ52Hs4rck1H:2:0,T0,true,scheduled,success,json_ok,observed,late,observed,b0ae25c213cea185562813d5
solana:svxumaHBH11A5izDvDfSXi5yGajQsVnKQfbqEvAroYfRW9bUvstHFCM6RcuGx3kFk5PBqZZBZzqWZ52Hs4rck1H:2:0,T+24h,true,scheduled,success,json_ok,observed,on_time,observed,ba3c7e1b126fcaec6dd2f933
solana:svxumaHBH11A5izDvDfSXi5yGajQsVnKQfbqEvAroYfRW9bUvstHFCM6RcuGx3kFk5PBqZZBZzqWZ52Hs4rck1H:2:0,T+60h,true,scheduled,success,json_ok,observed,on_time,observed,4bb6fca691cb4590dcb308ca
solana:3mPiq16upwSVFPrugXWQhxXgwSCe2kCHDgcawSUjVyEYcad43WCMMWmeDFtYRgM8h9NhhsUTCAnf3d1FcK64XaiK:2:0,T0,true,scheduled,success,json_ok,observed,late,observed,2aff8a649f1fce5c06db2208
solana:3mPiq16upwSVFPrugXWQhxXgwSCe2kCHDgcawSUjVyEYcad43WCMMWmeDFtYRgM8h9NhhsUTCAnf3d1FcK64XaiK:2:0,T+24h,true,scheduled,success,json_ok,observed,on_time,observed,4be33fd833c58d0d8fbb2289
solana:3mPiq16upwSVFPrugXWQhxXgwSCe2kCHDgcawSUjVyEYcad43WCMMWmeDFtYRgM8h9NhhsUTCAnf3d1FcK64XaiK:2:0,T+60h,true,scheduled,success,json_ok,observed,on_time,observed,fe9dea6af99cdf434663f6e7
solana:2yqvogEbJwoQA79etBwnC9JaTu21KGm2Dfa9oeyW7nkgqn1FJTTkzbPzSmtQQhmRQMgfHBydKjASAnmEF4D19KEL:2:0,T0,true,scheduled,success,json_ok,observed,late,observed,44307eb71ef49a502d025750
solana:2yqvogEbJwoQA79etBwnC9JaTu21KGm2Dfa9oeyW7nkgqn1FJTTkzbPzSmtQQhmRQMgfHBydKjASAnmEF4D19KEL:2:0,T+24h,true,scheduled,success,json_ok,observed,on_time,observed,1da47c0788c08e769d66699a
solana:2yqvogEbJwoQA79etBwnC9JaTu21KGm2Dfa9oeyW7nkgqn1FJTTkzbPzSmtQQhmRQMgfHBydKjASAnmEF4D19KEL:2:0,T+60h,true,scheduled,success,json_ok,observed,on_time,observed,0c94982fd2e2b8eee0af876c
solana:5msQF3HD6u6YQRcNB68WXbLFY1563cpdfm7TiEEVewk2orpZ7Apf2tGwmhM4n6wDEaJ6jS5vNY2Zi1kbjk952WbQ:2:0,T0,true,scheduled,success,json_ok,observed,late,observed,fb1d2eabde46648f275d1f86
solana:5msQF3HD6u6YQRcNB68WXbLFY1563cpdfm7TiEEVewk2orpZ7Apf2tGwmhM4n6wDEaJ6jS5vNY2Zi1kbjk952WbQ:2:0,T+24h,true,scheduled,success,json_ok,observed,on_time,observed,64ab785b6745ba0027ed7f8c
solana:5msQF3HD6u6YQRcNB68WXbLFY1563cpdfm7TiEEVewk2orpZ7Apf2tGwmhM4n6wDEaJ6jS5vNY2Zi1kbjk952WbQ:2:0,T+60h,true,scheduled,success,json_ok,observed,on_time,observed,7189514a1b30331a5daba8d3
solana:5M2qFGCrWj3PVNUh6MGgZtCVBvSb5kBM19K7iDcp643V9C6ZUBJC8568ph5zrBZCUyktbUuujWvvioRuUHGjWutZ:2:0,T0,true,scheduled,success,json_ok,observed,late,observed,7bde3ed15404172a16fc121a
solana:5M2qFGCrWj3PVNUh6MGgZtCVBvSb5kBM19K7iDcp643V9C6ZUBJC8568ph5zrBZCUyktbUuujWvvioRuUHGjWutZ:2:0,T+24h,true,scheduled,success,json_ok,observed,on_time,observed,14cdf68369c31d2e0fe8b019
solana:5M2qFGCrWj3PVNUh6MGgZtCVBvSb5kBM19K7iDcp643V9C6ZUBJC8568ph5zrBZCUyktbUuujWvvioRuUHGjWutZ:2:0,T+60h,true,scheduled,success,json_ok,observed,on_time,observed,6ed8c631911642d285a1c2b9
solana:35G2DHiLixaqWdBVgo3vQK6BgMdEFPUZFcWisgpcX7EJnt9FTDk3RG93wiQrXNMuSm8gyFVgvo6of9zaDUDKqzKD:2:0,T0,true,scheduled,success,json_ok,observed,late,observed,d165ac220b1e5bb59a5f4976
solana:35G2DHiLixaqWdBVgo3vQK6BgMdEFPUZFcWisgpcX7EJnt9FTDk3RG93wiQrXNMuSm8gyFVgvo6of9zaDUDKqzKD:2:0,T+24h,true,scheduled,success,json_ok,observed,on_time,observed,bdbf47774d7172048452c112
solana:35G2DHiLixaqWdBVgo3vQK6BgMdEFPUZFcWisgpcX7EJnt9FTDk3RG93wiQrXNMuSm8gyFVgvo6of9zaDUDKqzKD:2:0,T+60h,true,scheduled,success,json_ok,observed,on_time,observed,a6bce89e30ecc0f18025773e
solana:4VauSSTmaArB4baRyjYFAhzivUDGtvAsegihBxV598UF5PYs2E15YT3oM98L3kZDWDkob11v9eUix6ob4XGPfj34:2:0,T0,true,scheduled,success,json_ok,observed,late,observed,a5e4f2aa6f04de6447662bd2
solana:4VauSSTmaArB4baRyjYFAhzivUDGtvAsegihBxV598UF5PYs2E15YT3oM98L3kZDWDkob11v9eUix6ob4XGPfj34:2:0,T+24h,true,scheduled,success,json_ok,observed,on_time,observed,bbb5560d4658998bc1de46d7
solana:4VauSSTmaArB4baRyjYFAhzivUDGtvAsegihBxV598UF5PYs2E15YT3oM98L3kZDWDkob11v9eUix6ob4XGPfj34:2:0,T+60h,true,scheduled,success,json_ok,observed,on_time,observed,095e001ad198f668d3efe303
solana:2FdeVfUi2ALnMd2dAf1ZVum2JGbC1LUVqgfcfmpJj9Gau84Xs8J5cagHstnrNg417pVYxxV1AeFjJ6kRwnP4tnCM:2:0,T0,true,scheduled,success,json_ok,observed,late,observed,e1510627a066d850ce0c540f
solana:2FdeVfUi2ALnMd2dAf1ZVum2JGbC1LUVqgfcfmpJj9Gau84Xs8J5cagHstnrNg417pVYxxV1AeFjJ6kRwnP4tnCM:2:0,T+24h,true,scheduled,success,json_ok,observed,on_time,observed,17804f96fbcabdecfbf493e8
solana:2FdeVfUi2ALnMd2dAf1ZVum2JGbC1LUVqgfcfmpJj9Gau84Xs8J5cagHstnrNg417pVYxxV1AeFjJ6kRwnP4tnCM:2:0,T+60h,true,scheduled,success,json_ok,observed,on_time,observed,fdee0ebccbffcc303da9cf70
solana:2PpxTBY2D2UdENXHyhZDskEYFMLPoD5fc9MAvcHW9vUF3zMiDgU6YrTE1uJEEFjXkaDDVQyfq9hSTeT6rMa2GmBC:2:0,T0,true,scheduled,success,json_ok,observed,late,observed,4dd104dd2d36797352ce245f
solana:2PpxTBY2D2UdENXHyhZDskEYFMLPoD5fc9MAvcHW9vUF3zMiDgU6YrTE1uJEEFjXkaDDVQyfq9hSTeT6rMa2GmBC:2:0,T+24h,true,scheduled,success,json_ok,observed,on_time,observed,88603b21d46babf6261360d1
solana:2PpxTBY2D2UdENXHyhZDskEYFMLPoD5fc9MAvcHW9vUF3zMiDgU6YrTE1uJEEFjXkaDDVQyfq9hSTeT6rMa2GmBC:2:0,T+60h,true,scheduled,success,json_ok,observed,on_time,observed,56b1d43103e282a38af3bc26
solana:5Xc4veeXfHP7ACVDaU1U2RBng8R9h6WMoMNRV1yx2EN9mYeatjo2hDTkFkkBUemP588PpMaCp1hxndzhberPXwRN:2:0,T0,true,scheduled,success,json_ok,observed,late,observed,3a79a875bc4a220ecee1cf17
solana:5Xc4veeXfHP7ACVDaU1U2RBng8R9h6WMoMNRV1yx2EN9mYeatjo2hDTkFkkBUemP588PpMaCp1hxndzhberPXwRN:2:0,T+24h,true,scheduled,success,json_ok,observed,on_time,observed,9706164c7dcd8c882e234d76
solana:5Xc4veeXfHP7ACVDaU1U2RBng8R9h6WMoMNRV1yx2EN9mYeatjo2hDTkFkkBUemP588PpMaCp1hxndzhberPXwRN:2:0,T+60h,true,scheduled,success,json_ok,observed,on_time,observed,4d235cb7d3078bbdc2927414
solana:3AC3ytmo8Y6rCXPuKMrAJDJb37E6RV5WDo7HumnnXvUJUeFY6Wti9TQGDMTbQNYZ4yvGH6PuJJyYxHxCqve5h2m9:2:0,T0,true,scheduled,success,json_ok,observed,late,observed,3384d6b06da69affcadbcf7f
solana:3AC3ytmo8Y6rCXPuKMrAJDJb37E6RV5WDo7HumnnXvUJUeFY6Wti9TQGDMTbQNYZ4yvGH6PuJJyYxHxCqve5h2m9:2:0,T+24h,true,scheduled,success,json_ok,observed,on_time,observed,8a5a993b30eb43368da4c729
solana:3AC3ytmo8Y6rCXPuKMrAJDJb37E6RV5WDo7HumnnXvUJUeFY6Wti9TQGDMTbQNYZ4yvGH6PuJJyYxHxCqve5h2m9:2:0,T+60h,true,scheduled,success,json_ok,observed,on_time,observed,f4e57daeb0a23a3684335744
solana:28qN85FayJsKY6SsFqgeKhESPopjYjjhjcQq4Dk1PqeJH5EKveeEuN6SwD892n88sf81Fve5BDnr9JrVCvihVb9w:2:0,T0,true,scheduled,failed,not_observed,not_observed,late,request_failed,8d2d25936c099d72a8ccb0a1
solana:28qN85FayJsKY6SsFqgeKhESPopjYjjhjcQq4Dk1PqeJH5EKveeEuN6SwD892n88sf81Fve5BDnr9JrVCvihVb9w:2:0,T+24h,true,scheduled,failed,not_observed,not_observed,on_time,request_failed,4389e813dc12e08cc8bd7b76
solana:28qN85FayJsKY6SsFqgeKhESPopjYjjhjcQq4Dk1PqeJH5EKveeEuN6SwD892n88sf81Fve5BDnr9JrVCvihVb9w:2:0,T+60h,true,scheduled,failed,not_observed,not_observed,on_time,request_failed,db9f77dc7af3d1299b2960fa
solana:m6qjZFxaKXJupVasahdjfvyeAJb3PfC8NVWXbZDSntsVarda5X8WXUE6vtnyfN1XSzrq8wni1K4QSGAQdHYNsi3:2:0,T0,true,scheduled,success,json_ok,observed,late,observed,55af2314dda02ad319d09e70
solana:m6qjZFxaKXJupVasahdjfvyeAJb3PfC8NVWXbZDSntsVarda5X8WXUE6vtnyfN1XSzrq8wni1K4QSGAQdHYNsi3:2:0,T+24h,true,scheduled,success,json_ok,observed,on_time,observed,faa2c88713674ea979b5343c
solana:m6qjZFxaKXJupVasahdjfvyeAJb3PfC8NVWXbZDSntsVarda5X8WXUE6vtnyfN1XSzrq8wni1K4QSGAQdHYNsi3:2:0,T+60h,true,scheduled,success,json_ok,observed,on_time,observed,8b30e7a8852d4443ba6f0068
solana:3Bd8V4UBb7s9YgrSK6jVxcqjpy4QV7AhML1Yf7bHxwsjYQMZg4KzNWhAEefUwvS68eyj1B4UvKzP31RVZHd5P8yo:2:0,T0,true,scheduled,success,json_ok,observed,late,observed,e5da5ffc5036141444fd201e
solana:3Bd8V4UBb7s9YgrSK6jVxcqjpy4QV7AhML1Yf7bHxwsjYQMZg4KzNWhAEefUwvS68eyj1B4UvKzP31RVZHd5P8yo:2:0,T+24h,true,scheduled,success,json_ok,observed,on_time,observed,b20d551c892b99f6dcae90a6
solana:3Bd8V4UBb7s9YgrSK6jVxcqjpy4QV7AhML1Yf7bHxwsjYQMZg4KzNWhAEefUwvS68eyj1B4UvKzP31RVZHd5P8yo:2:0,T+60h,true,scheduled,success,json_ok,observed,on_time,observed,2a0455f3dfefa2472309dc05
solana:4EbsdtBNvhdMacTz5UaCoMaYRu8SN6ACCoMJWD12ZwmxFA3Zevx2KLeSv73nSSheXWuqfBnJZJug2GaEYe8VHEuJ:2:0,T0,true,scheduled,success,json_ok,observed,late,observed,0a76a3ed444a5fddd2b028cf
solana:4EbsdtBNvhdMacTz5UaCoMaYRu8SN6ACCoMJWD12ZwmxFA3Zevx2KLeSv73nSSheXWuqfBnJZJug2GaEYe8VHEuJ:2:0,T+24h,true,scheduled,success,json_ok,observed,on_time,observed,1cea86bf3984dc5edb15fdee
solana:4EbsdtBNvhdMacTz5UaCoMaYRu8SN6ACCoMJWD12ZwmxFA3Zevx2KLeSv73nSSheXWuqfBnJZJug2GaEYe8VHEuJ:2:0,T+60h,true,scheduled,success,json_ok,observed,on_time,observed,b90db2a5db5360cad0805852
solana:3v7YYPPTtJFeKBcRhgWBjLQzEhZ6AebRBQKJ6xQAZNimswn2gmR5fyKuTVUPuXfyTUBNkWu97CJXcQjXeXRWZm1B:0:0,T0,true,scheduled,success,json_ok,observed,late,observed,a3c7116b909f23c7fc5223c0
solana:3v7YYPPTtJFeKBcRhgWBjLQzEhZ6AebRBQKJ6xQAZNimswn2gmR5fyKuTVUPuXfyTUBNkWu97CJXcQjXeXRWZm1B:0:0,T+24h,true,scheduled,success,json_ok,observed,on_time,observed,746fa4c3b8c2bdcc404a6830
solana:3v7YYPPTtJFeKBcRhgWBjLQzEhZ6AebRBQKJ6xQAZNimswn2gmR5fyKuTVUPuXfyTUBNkWu97CJXcQjXeXRWZm1B:0:0,T+60h,true,scheduled,success,json_ok,observed,on_time,observed,21f07d141b1c84d57d2ff9e5
solana:2Ch7cVxyFJPJkcuDdhPQraSfhZJUN1VP8XM2B4iGpnLVX6psvC5XskPHhuG228JCd96ETU6CfJTwj4g3Bn5sL5Cb:0:0,T0,true,scheduled,success,json_ok,observed,late,observed,06dfc9c6fa0cde85a18bb4f0
solana:2Ch7cVxyFJPJkcuDdhPQraSfhZJUN1VP8XM2B4iGpnLVX6psvC5XskPHhuG228JCd96ETU6CfJTwj4g3Bn5sL5Cb:0:0,T+24h,true,scheduled,success,json_ok,observed,on_time,observed,004c3fab5837a5b609652176
solana:2Ch7cVxyFJPJkcuDdhPQraSfhZJUN1VP8XM2B4iGpnLVX6psvC5XskPHhuG228JCd96ETU6CfJTwj4g3Bn5sL5Cb:0:0,T+60h,true,scheduled,success,json_ok,observed,on_time,observed,e9a6b15f662d031e83e54ffe
solana:2VbTivK1BUnXmipAwaL9Rv6jnDa2m2hcPxTf64xEdcZNyJt9hHuZiA3La75H5U6Ca2f75EEhiHvJBbfSR6BWMwzF:2:0,T0,true,scheduled,success,json_ok,observed,late,observed,2aee25e119d5be08219cbb3f
solana:2VbTivK1BUnXmipAwaL9Rv6jnDa2m2hcPxTf64xEdcZNyJt9hHuZiA3La75H5U6Ca2f75EEhiHvJBbfSR6BWMwzF:2:0,T+24h,true,scheduled,success,json_ok,observed,on_time,observed,9abe5770d8b6f405ebe02945
solana:2VbTivK1BUnXmipAwaL9Rv6jnDa2m2hcPxTf64xEdcZNyJt9hHuZiA3La75H5U6Ca2f75EEhiHvJBbfSR6BWMwzF:2:0,T+60h,true,scheduled,success,json_ok,observed,on_time,observed,ee35d5b1169ea52393d61f62
solana:2m2nT8qGXpXk2g28vZtRN12hTnJtueA6FatmbxNYu7f1PdAqQz4Hayx2KZiEMNRjyt5MwxpbXsTAseV2dHba8ESi:0:0,T0,true,scheduled,success,json_ok,observed,late,observed,f3bde335287cf097fd351667
solana:2m2nT8qGXpXk2g28vZtRN12hTnJtueA6FatmbxNYu7f1PdAqQz4Hayx2KZiEMNRjyt5MwxpbXsTAseV2dHba8ESi:0:0,T+24h,true,scheduled,success,json_ok,observed,on_time,observed,bb630f835acb01ea85b6edac
solana:2m2nT8qGXpXk2g28vZtRN12hTnJtueA6FatmbxNYu7f1PdAqQz4Hayx2KZiEMNRjyt5MwxpbXsTAseV2dHba8ESi:0:0,T+60h,true,scheduled,success,json_ok,observed,on_time,observed,7d33d427f67ea04351b14fe5
solana:3M8tdtPEWf9Mso7cQ7nq4rTWoJ7QJiTqwXyUENcfAMxVPARo6tawagtdiLwWQvgo8Ae6EnGyJUFt8jXkNLM3pWfV:0:0,T0,true,scheduled,success,json_ok,observed,late,observed,cc92cb8364d37a6305050c15
solana:3M8tdtPEWf9Mso7cQ7nq4rTWoJ7QJiTqwXyUENcfAMxVPARo6tawagtdiLwWQvgo8Ae6EnGyJUFt8jXkNLM3pWfV:0:0,T+24h,true,scheduled,success,json_ok,observed,on_time,observed,548d2631d604e8215588fdfe
solana:3M8tdtPEWf9Mso7cQ7nq4rTWoJ7QJiTqwXyUENcfAMxVPARo6tawagtdiLwWQvgo8Ae6EnGyJUFt8jXkNLM3pWfV:0:0,T+60h,true,scheduled,success,json_ok,observed,on_time,observed,f1fcce826bcea407f6d19bf1
solana:GMUxncBvsdPirSx4geVBoLQakMmsUSy8Y2jRGEdydwAY4AB7VmT3fG18EjY7tM9x42AHpsPZnGmm4RrvDBjMn6B:2:0,T0,true,scheduled,success,json_ok,observed,late,observed,ac790562f48ddc82fd06a340
solana:GMUxncBvsdPirSx4geVBoLQakMmsUSy8Y2jRGEdydwAY4AB7VmT3fG18EjY7tM9x42AHpsPZnGmm4RrvDBjMn6B:2:0,T+24h,true,scheduled,success,json_ok,observed,on_time,observed,fd68555224a57aebc1af4e47
solana:GMUxncBvsdPirSx4geVBoLQakMmsUSy8Y2jRGEdydwAY4AB7VmT3fG18EjY7tM9x42AHpsPZnGmm4RrvDBjMn6B:2:0,T+60h,true,scheduled,success,json_ok,observed,on_time,observed,cd786e5132850c417c9eac9c
