event_key,network,platform,transaction_signature,slot,block_time,outer_instruction_index,inner_instruction_index,mint,creator,metadata_uri,decoder_version,event_status
solana:fTuqSW8hgHyKDHSePCEEWn6raKASxMa4PCsvswqc53JfW6hhjHhStr89naHaJmDQGFRAWzhZ9muskH4fKuw3XTy:2:0,solana-mainnet,pump.fun,fTuqSW8hgHyKDHSePCEEWn6raKASxMa4PCsvswqc53JfW6hhjHhStr89naHaJmDQGFRAWzhZ9muskH4fKuw3XTy,451558223,1790662582,2,0,9bktHwVqgFQm3d88krZirkYMHvgwHqS6QeksMHGFpump,TokenzQdBNbLqP5VEhdkAS6EPFLC1PHnBqCXEpPxuEb,https://ipfs.io/ipfs/QmPc31JccX7ov3WkbjKttjVcxJ5VahgB3F3twHVDdusC31,pumpfun-create-borsh-v1,success
solana:36uM1zraDDqJwCSTcHNU6cKZY4XySs4nQ24Z4HLN4PqmzqkrbvmCRrQ9V1gRFNEZCBm5Y7CxY6DL4FAgkD9Q7LeV:2:0,solana-mainnet,pump.fun,36uM1zraDDqJwCSTcHNU6cKZY4XySs4nQ24Z4HLN4PqmzqkrbvmCRrQ9V1gRFNEZCBm5Y7CxY6DL4FAgkD9Q7LeV,451558216,1790662580,2,0,B1WM3cfWPYTYwhVT1ZeZvDJGorSygmX1Jb5rmEnepump,TokenzQdBNbLqP5VEhdkAS6EPFLC1PHnBqCXEpPxuEb,https://ipfs.io/ipfs/QmQNnHLHNmCATKJKe7zAMLfHoboGHJWSnmsRzQQhYMP5zP,pumpfun-create-borsh-v1,success
solana:2U6WZDvz1ZCyWFhmujhQqNJmc9hh9UFjPAiNWBEnphTNqWS1BrFFbKvAoVcUZCEXmvAD74JVXVtsjhdxicH4mfZY:2:0,solana-mainnet,pump.fun,2U6WZDvz1ZCyWFhmujhQqNJmc9hh9UFjPAiNWBEnphTNqWS1BrFFbKvAoVcUZCEXmvAD74JVXVtsjhdxicH4mfZY,451558208,1790662578,2,0,8vwqB5DtJv7Bn6XnFcEJw4V3fHdJGarCawLEzByipump,TokenzQdBNbLqP5VEhdkAS6EPFLC1PHnBqCXEpPxuEb,https://ipfs.io/ipfs/bafkreif4zpraryvjsgycsjfokjmnkguuq4yp7npv7se3x2tbkq6mmedjam,pumpfun-create-borsh-v1,success
solana:4nHGbHWAY8SMQN3m169quWhR85Hbg7bmxZ3ejnGErXerkBHAeHAweDgCEKHxRbR2ZPzWeZ9Rj5LksjmXPfBkCrkx:2:0,solana-mainnet,pump.fun,4nHGbHWAY8SMQN3m169quWhR85Hbg7bmxZ3ejnGErXerkBHAeHAweDgCEKHxRbR2ZPzWeZ9Rj5LksjmXPfBkCrkx,451558194,1790662574,2,0,3kgnnvDAKMezNV4NEwKAVKBkJ6GJc99avKsWyZSXpump,TokenzQdBNbLqP5VEhdkAS6EPFLC1PHnBqCXEpPxuEb,https://meta.uxento.io/data/e3f59c5f-a65d-4600-b016-41cd2e363b0f,pumpfun-create-borsh-v1,success
solana:4x6r6e3aDm9pSSb6XRbN4hvW6nU9ZZqk1VrrxJtANiJabhwTYvnwKeu3FHvAxH7BdDBgN45b5sejnzft8Qzp4wKS:2:0,solana-mainnet,pump.fun,4x6r6e3aDm9pSSb6XRbN4hvW6nU9ZZqk1VrrxJtANiJabhwTYvnwKeu3FHvAxH7BdDBgN45b5sejnzft8Qzp4wKS,451558186,1790662572,2,0,EfjQAtVCE4jXHeJuoxs8a8aA23ALcyjctdPV6AQfpump,TokenzQdBNbLqP5VEhdkAS6EPFLC1PHnBqCXEpPxuEb,https://ipfs.io/ipfs/QmcvN9tCopEyny9aC8zQuKYbCr1qnBzXozTRW87DbWcBVj,pumpfun-create-borsh-v1,success
solana:4iLjwBJ86rnMJS15ASGHZQpMv3ZpFvnKFBZCewe7CAMu4NhKJkuZWqPg7pG1xfRqXy34ZENRgQv5C8zczaXB6j6P:2:0,solana-mainnet,pump.fun,4iLjwBJ86rnMJS15ASGHZQpMv3ZpFvnKFBZCewe7CAMu4NhKJkuZWqPg7pG1xfRqXy34ZENRgQv5C8zczaXB6j6P,451558186,1790662572,2,0,G8h2JKXHnGswScyK4sWTpQVpaFpeMvz9WGpNS7LUZfA9,TokenzQdBNbLqP5VEhdkAS6EPFLC1PHnBqCXEpPxuEb,https://metadata.j7tracker.io/metadata/5jaa4D2TRH.json,pumpfun-create-borsh-v1,success
solana:27f64hLXBhjxrzij1BfEFAiZonjUFJQNscQPVJTxuYGQH5QunrhSymTiBAa1djZaWtATNz6XPSYUmxAC9MsfvXq1:2:0,solana-mainnet,pump.fun,27f64hLXBhjxrzij1BfEFAiZonjUFJQNscQPVJTxuYGQH5QunrhSymTiBAa1djZaWtATNz6XPSYUmxAC9MsfvXq1,451559803,1790663005,2,0,92wMHboSEPQ2RWY18USYJwFpCqjWNDhy1mXFxjbWpump,TokenzQdBNbLqP5VEhdkAS6EPFLC1PHnBqCXEpPxuEb,https://ipfs.io/ipfs/Qme5Ndc1VHkF3mWAqgMJNLdj24TKhKjYoj2HTKYSEo2Q2f,pumpfun-create-borsh-v1,success
solana:5bbqXWuRoeQWjt1B3a2KRWfigtgRMvwtqnvGWPmgT2sLSBwQ6aUCQqx5w2s1JtBtkMGjFL5Mu3jnPpHodVjrKGSg:2:0,solana-mainnet,pump.fun,5bbqXWuRoeQWjt1B3a2KRWfigtgRMvwtqnvGWPmgT2sLSBwQ6aUCQqx5w2s1JtBtkMGjFL5Mu3jnPpHodVjrKGSg,451559788,1790663001,2,0,97rKv92PLWx93vpgZpQJN3Xikb5883zLwisdChTC9NBu,TokenzQdBNbLqP5VEhdkAS6EPFLC1PHnBqCXEpPxuEb,https://gateway.pinata.cloud/ipfs/QmbBQFSPVvcgRRAikfa83mKxmznTPJ1BnrEQN6ke1VqV5F,pumpfun-create-borsh-v1,success
solana:2Nvik8o7Z6wF8xLrEDNKtqqisummEvuXPChTkHf6JdfJoVguyHSMkXT9dWD7WcNzYKrd2rLHzXdsFKDTy4vV1if:2:0,solana-mainnet,pump.fun,2Nvik8o7Z6wF8xLrEDNKtqqisummEvuXPChTkHf6JdfJoVguyHSMkXT9dWD7WcNzYKrd2rLHzXdsFKDTy4vV1if,451559766,1790662996,2,0,3KMW7c9zz9HVVxS7sR38VJ3HPGbhUWKaLVw2uDpwpump,TokenzQdBNbLqP5VEhdkAS6EPFLC1PHnBqCXEpPxuEb,https://ipfs.io/ipfs/QmNerY7nXQ67da82TXw4rKcSAXSmc1aQAiokYpqGD4y7Cz,pumpfun-create-borsh-v1,success
solana:5h4LQzGdmQuuQMbfcz2r3uUnB53a6KznfVbtFy5giM8wchMBz5qKuH9G21KtgHaH848saJeroTPk1D4vGadpiCJ4:2:0,solana-mainnet,pump.fun,5h4LQzGdmQuuQMbfcz2r3uUnB53a6KznfVbtFy5giM8wchMBz5qKuH9G21KtgHaH848saJeroTPk1D4vGadpiCJ4,451559762,1790662995,2,0,GL55yYwaJ84iAM9XKU3LPEmjFTRkMntJVv8KZKkKpump,TokenzQdBNbLqP5VEhdkAS6EPFLC1PHnBqCXEpPxuEb,https://ipfs.io/ipfs/QmUc9kKxEk66qACpHFFhsDT8bdiBtcAuyARmiiFWPaqBSQ,pumpfun-create-borsh-v1,success
solana:4AoMCLzKBARWRBFaEE5KTz3rqHYyVfjeBErj42KYgUSc7rYfss4ELkQmjXSSG9efsjDUfVTv9E8Bp1AKiF4pkW7J:2:0,solana-mainnet,pump.fun,4AoMCLzKBARWRBFaEE5KTz3rqHYyVfjeBErj42KYgUSc7rYfss4ELkQmjXSSG9efsjDUfVTv9E8Bp1AKiF4pkW7J,451559745,1790662990,2,0,6PBPJvNbHoB2FSopKAKtXc3TwMhNipSFC1jQDc71pump,TokenzQdBNbLqP5VEhdkAS6EPFLC1PHnBqCXEpPxuEb,https://ipfs.io/ipfs/QmQB7KrSWhdPGE4wRqHaDgp2cvdMP8Wo6UDNMiFZmQUvp4,pumpfun-create-borsh-v1,success
solana:3LQDF1xh6CjSMekChEBcaLGDEw4XA6ULUs417xfqd7UHHeujK86pw62Z5HHBsWtrxxe9EPavrpoPFD71fPqCuPGx:0:0,solana-mainnet,pump.fun,3LQDF1xh6CjSMekChEBcaLGDEw4XA6ULUs417xfqd7UHHeujK86pw62Z5HHBsWtrxxe9EPavrpoPFD71fPqCuPGx,451559743,1790662989,0,0,5aSXfihmfJ4aovzU9PrRe86qbanWyZZaTp3DxxRT3rn4,TokenzQdBNbLqP5VEhdkAS6EPFLC1PHnBqCXEpPxuEb,https://metadata.j7tracker.io/metadata/fF83OOB7dp.json,pumpfun-create-borsh-v1,success
solana:4td92vWkDWHaEqkUpcg9MsBwVVydPLiWSFc6AbNUr4ZWgbMy3BLPtLu2fssn7LvYKe8GAJKP2Qo2KbfdCDFWb5vG:2:0,solana-mainnet,pump.fun,4td92vWkDWHaEqkUpcg9MsBwVVydPLiWSFc6AbNUr4ZWgbMy3BLPtLu2fssn7LvYKe8GAJKP2Qo2KbfdCDFWb5vG,451559743,1790662989,2,0,GxyF8thvfNJPaH1DQdyyycuHWUuyQR84ifszHi6Hpump,TokenzQdBNbLqP5VEhdkAS6EPFLC1PHnBqCXEpPxuEb,https://ipfs.io/ipfs/QmVQovUwZwC3hAJL4jgniZfYjoP1g4Jgcd2g66Y885Z4TR,pumpfun-create-borsh-v1,success
solana:3PsCdmNpxEAAYz5xbRDHcwrz9BUM9BEZHTMkR8YDmDEn4jY7zaFk7abDJ4eSMKvJAHT7zFqeehW85NmEcvtU1nnk:2:0,solana-mainnet,pump.fun,3PsCdmNpxEAAYz5xbRDHcwrz9BUM9BEZHTMkR8YDmDEn4jY7zaFk7abDJ4eSMKvJAHT7zFqeehW85NmEcvtU1nnk,451559741,1790662989,2,0,92rJ9M7kCzryyTaaApbmo7VmmcSWJ2PAa1JkqAt1kJ2K,TokenzQdBNbLqP5VEhdkAS6EPFLC1PHnBqCXEpPxuEb,https://metadata.j7tracker.io/metadata/fF83OOB7dp.json,pumpfun-create-borsh-v1,success
solana:4WuMq4YgztZhQNdtFyR9RrVEmZKZzVLTL9GzoGVwUXZYhBUumxCYJmhVTULf4xxHJfrLqsMBryBLGHTcScRSrfnB:0:0,solana-mainnet,pump.fun,4WuMq4YgztZhQNdtFyR9RrVEmZKZzVLTL9GzoGVwUXZYhBUumxCYJmhVTULf4xxHJfrLqsMBryBLGHTcScRSrfnB,451559735,1790662987,0,0,2sdrz2KTekHLRkQDoX4AxUULpzesq8L9wCpfaMbf8qW5,TokenzQdBNbLqP5VEhdkAS6EPFLC1PHnBqCXEpPxuEb,https://ipfs.io/ipfs/bafkreia7teiob36jg3ja74yfzq5u6kc3j3dc6blth4j7vwoas52ihvgmhi,pumpfun-create-borsh-v1,success
solana:aaRT5SrYvmQkzq6vRSG5E6zeKSKTJU215NaBfVvav88BiKtSHFZJtde1oD1WP232Z9c5Q3sEex52XyjfucNZcqG:2:0,solana-mainnet,pump.fun,aaRT5SrYvmQkzq6vRSG5E6zeKSKTJU215NaBfVvav88BiKtSHFZJtde1oD1WP232Z9c5Q3sEex52XyjfucNZcqG,451559711,1790662981,2,0,6s7gVJUtvDTsqCotT8QksNUiaRn4waSNm8D1PR4Spump,TokenzQdBNbLqP5VEhdkAS6EPFLC1PHnBqCXEpPxuEb,https://ipfs.io/ipfs/Qmd81Ee5nhLv73EUCP1EYHfn179hh5UMbBRPJVuik6QqD3,pumpfun-create-borsh-v1,success
solana:2Q2vWhgqXq1me5BPN3ZHHHAVnSvGh3PFQStsBxmzFz3MaZeYX1dTFCFdTGBvx43u6GiUC9qZFoErq9AxyvTHcujv:2:0,solana-mainnet,pump.fun,2Q2vWhgqXq1me5BPN3ZHHHAVnSvGh3PFQStsBxmzFz3MaZeYX1dTFCFdTGBvx43u6GiUC9qZFoErq9AxyvTHcujv,451559673,1790662970,2,0,6MeVvi3fGJdnw828EzttuYkcRWJkaf9MHrckhjLqpump,TokenzQdBNbLqP5VEhdkAS6EPFLC1PHnBqCXEpPxuEb,https://ipfs.io/ipfs/QmVbFEPwVMAZwAa5oFT8BGv6AkMDGETnWBQ2ss3mzbaxDd,pumpfun-create-borsh-v1,success
solana:28zHfZ7nHs96LxEwjXrSPFLY1bHpFe3EZDNo4t2xUnk928C3sKXwrkqwSt7HbV5EnzarNC9v78xzscmwdrruEZQj:0:0,solana-mainnet,pump.fun,28zHfZ7nHs96LxEwjXrSPFLY1bHpFe3EZDNo4t2xUnk928C3sKXwrkqwSt7HbV5EnzarNC9v78xzscmwdrruEZQj,451559658,1790662966,0,0,CjjFZUupGzRz2R4RSBKumHLTrHbr241nhZcJg3v7tkff,TokenzQdBNbLqP5VEhdkAS6EPFLC1PHnBqCXEpPxuEb, https://gateway.irys.xyz/DSj2ZCg86xD3Tm7jnQ9sQSxYUAVaY7AgN1PQ7yw6denP,pumpfun-create-borsh-v1,success
solana:2HRpTiArzZmekRDvdP3CavVXdDEAhhTUzuF4M2ZrCV3fWRe5DTyfsEb2bw9musC2F3ETms6DTsz9CxgMrRuSnbCj:2:0,solana-mainnet,pump.fun,2HRpTiArzZmekRDvdP3CavVXdDEAhhTUzuF4M2ZrCV3fWRe5DTyfsEb2bw9musC2F3ETms6DTsz9CxgMrRuSnbCj,451559648,1790662964,2,0,AvL6KHQUTGBnRNpCpCQLWtgkfTg5SCpEGr3iQtS8pump,TokenzQdBNbLqP5VEhdkAS6EPFLC1PHnBqCXEpPxuEb,https://ipfs.io/ipfs/QmVBcAt6mwrEQbaFTt9gMmciXHnCXQxjoJh5TeQEhwKj6s,pumpfun-create-borsh-v1,success
solana:44diT75d9j5YDWU14nRUqYw2wVaLPpL8ngs5XYqMFTEEXLAR7i7NoPpA3GL94WYfwgV1Krmc4ih9dyiagGEBhxEW:2:0,solana-mainnet,pump.fun,44diT75d9j5YDWU14nRUqYw2wVaLPpL8ngs5XYqMFTEEXLAR7i7NoPpA3GL94WYfwgV1Krmc4ih9dyiagGEBhxEW,451559646,1790662963,2,0,HzAHcDHC6Uz7VSrFCwsXpcMmMpQcnC5ACrUkXE7Zpump,TokenzQdBNbLqP5VEhdkAS6EPFLC1PHnBqCXEpPxuEb,https://ipfs.io/ipfs/QmUXLG4BhNkTPLFZFMuMcBqypE8yJRBCLtZgiGsAUQ9kXF,pumpfun-create-borsh-v1,success
solana:4WGATzB6FV7Px21NbfnoeasjZyHnkudHySEYydvPuyBgq9tpzaSX2sigsQim1qERJWJvUicq9LuBTAZenJnqWQV5:2:0,solana-mainnet,pump.fun,4WGATzB6FV7Px21NbfnoeasjZyHnkudHySEYydvPuyBgq9tpzaSX2sigsQim1qERJWJvUicq9LuBTAZenJnqWQV5,451559644,1790662963,2,0,6XwdSpNMmLjNjZY3cLRyqXNSrFgWhhre8yoZeT5vpump,TokenzQdBNbLqP5VEhdkAS6EPFLC1PHnBqCXEpPxuEb,https://ipfs.io/ipfs/QmWcDMiyhjF5DuRme9WVwkde5uccpLi5DpkARHDqfDauFk,pumpfun-create-borsh-v1,success
solana:2N2BBoEWScmjzRMbyeTRyxuCrB6CV5nJNzqtiMcNXczpADALmU7qaMgWC5BSB5LwZiWrQo7MatyfWKrRLiUsE6eq:2:0,solana-mainnet,pump.fun,2N2BBoEWScmjzRMbyeTRyxuCrB6CV5nJNzqtiMcNXczpADALmU7qaMgWC5BSB5LwZiWrQo7MatyfWKrRLiUsE6eq,451559641,1790662962,2,0,DrY8ED9TYi3fNAF8ZGNJ8D2jknwGhepg98nP2HC2pump,TokenzQdBNbLqP5VEhdkAS6EPFLC1PHnBqCXEpPxuEb,https://ipfs.io/ipfs/bafkreibdvtfsppxwoo55ggexfxlgy2dggatbxtnyh6vmcgx4feghlci3vi,pumpfun-create-borsh-v1,success
solana:3gYbU9t1XT29FuLRrBWSKjYESRUeiMnpTnii5aP2CVrS5r8SBTS8Bt2JuAq8QHty1LDsfybhWuEQUkvimcgHwbWW:2:0,solana-mainnet,pump.fun,3gYbU9t1XT29FuLRrBWSKjYESRUeiMnpTnii5aP2CVrS5r8SBTS8Bt2JuAq8QHty1LDsfybhWuEQUkvimcgHwbWW,451559636,1790662961,2,0,58bnhsNT3qDZr1Vain9THeSx5M35zh2npqqzVbzGpump,TokenzQdBNbLqP5VEhdkAS6EPFLC1PHnBqCXEpPxuEb,https://ipfs.io/ipfs/QmaPZ3a4abaFo2iamQEhASao2H5TVz2wzjE2qEfZ6rhQtG,pumpfun-create-borsh-v1,success
solana:27FNxBKeTJbc3u9jhr2qJhipDJQqCSfuxM64gJSQy17rSBUCh5tbBckVnFdAWR16471NnoRCTkA7wyoVab5eRDpi:2:0,solana-mainnet,pump.fun,27FNxBKeTJbc3u9jhr2qJhipDJQqCSfuxM64gJSQy17rSBUCh5tbBckVnFdAWR16471NnoRCTkA7wyoVab5eRDpi,451559624,1790662958,2,0,66EyzapC5ezmukvJfNXQ92opAAg2j3YfW1TsJpcHTDV9,TokenzQdBNbLqP5VEhdkAS6EPFLC1PHnBqCXEpPxuEb,https://ipfs.io/ipfs/bafkreiezkcynuyutceqrymfwvu53p5bwmeqta3q62fv3k6rw3x22iga56i,pumpfun-create-borsh-v1,success
solana:6YMx5YBEJkYGBHgu2BjSL2PDxkPcBKogr5DU51racvnQciQ26EpNsUqJHRE1ZNVME36P7vjuJcvosGpDRB3bFdq:2:0,solana-mainnet,pump.fun,6YMx5YBEJkYGBHgu2BjSL2PDxkPcBKogr5DU51racvnQciQ26EpNsUqJHRE1ZNVME36P7vjuJcvosGpDRB3bFdq,451559622,1790662957,2,0,GyoM2jPKrMPzevDXkafdhzsYS4QM6VgGpC8VXGYxpump,TokenzQdBNbLqP5VEhdkAS6EPFLC1PHnBqCXEpPxuEb,https://ipfs.io/ipfs/bafkreiciobae3sv2dxr3dlyi34i6qhejvgs3izost5y5kkouztfxeiryzu,pumpfun-create-borsh-v1,success
solana:3p7Fik7hH23kbJbUZbJTmKY6RLYLaxdzrDHJvv6KN6bpGmaCYkso2MLqFcKSxquhLo7DAm67k85hmRxn6Eqh8xTP:2:0,solana-mainnet,pump.fun,3p7Fik7hH23kbJbUZbJTmKY6RLYLaxdzrDHJvv6KN6bpGmaCYkso2MLqFcKSxquhLo7DAm67k85hmRxn6Eqh8xTP,451559605,1790662952,2,0,4g3Jb65rqLtvpuj27w6Lwgpn9U9usqCcvLmwpjwDpump,TokenzQdBNbLqP5VEhdkAS6EPFLC1PHnBqCXEpPxuEb,https://ipfs.io/ipfs/QmcEyfnS13zvws5sJePkbQnWuLhY1ywbvuKiM8U2RBHbox,pumpfun-create-borsh-v1,success
solana:5TLm4w9bQf4TSDrKdx1UPg1JT42KiXrf75KaTZ6sS4t35CphSWDehRpjTCrNTFAfgoVbtcQYaUgdZGufuGK3MbcK:2:0,solana-mainnet,pump.fun,5TLm4w9bQf4TSDrKdx1UPg1JT42KiXrf75KaTZ6sS4t35CphSWDehRpjTCrNTFAfgoVbtcQYaUgdZGufuGK3MbcK,451559602,1790662951,2,0,HC8KpZsBfjtqbLuX7hywNU2uHYUrvtguofeamAVxpump,TokenzQdBNbLqP5VEhdkAS6EPFLC1PHnBqCXEpPxuEb,https://ipfs.io/ipfs/bafkreihi3vxju5yct752mdbqx2tryop6umkkztdl4wjeip7x74fxj7mveu,pumpfun-create-borsh-v1,success
solana:3mzAgpZe1DEpHCfFSs19vofy1hFRDbPxHwzgdMe1Bb7rdG3QkgLXxzJAki77aeCV2o4rocbBLWCttByHnZE8VVWJ:2:0,solana-mainnet,pump.fun,3mzAgpZe1DEpHCfFSs19vofy1hFRDbPxHwzgdMe1Bb7rdG3QkgLXxzJAki77aeCV2o4rocbBLWCttByHnZE8VVWJ,451559582,1790662946,2,0,DbrLLNEp62RjtTymvASasJA46HZyNyY4NfPZyfxaNePb,TokenzQdBNbLqP5VEhdkAS6EPFLC1PHnBqCXEpPxuEb,https://ipfs2.extraction.live/ipfs/DbrLLNEp62RjtTymvASasJA46HZyNyY4NfPZyfxaNePb,pumpfun-create-borsh-v1,success
solana:5o5i4zGinJ8Ucc5VNxbAQdNQmV9FSSx9n2jM5oFfkHaZy2azyjbXCq8wciGZCaEBZqjNSDN6MbuQqwjTbiQ9KT2z:2:0,solana-mainnet,pump.fun,5o5i4zGinJ8Ucc5VNxbAQdNQmV9FSSx9n2jM5oFfkHaZy2azyjbXCq8wciGZCaEBZqjNSDN6MbuQqwjTbiQ9KT2z,451559579,1790662946,2,0,GcoAJjpdeDzj1bbW2b5U69CUAtm3P9vAjxMU8xTzpump,TokenzQdBNbLqP5VEhdkAS6EPFLC1PHnBqCXEpPxuEb,https://ipfs.io/ipfs/QmQvifnV8Rmt34w9mu3dBwvC1TgWM4SZKwhzbxmPAdz6Yq,pumpfun-create-borsh-v1,success
solana:25iPfTqV3KgfpaZGgpERwEPGTxwHM3zkyC7CFdGH8EJ2jNkRUpf51o61TAqp29SUWJHLQYSvkMHoHm9pEHeqwEEp:2:0,solana-mainnet,pump.fun,25iPfTqV3KgfpaZGgpERwEPGTxwHM3zkyC7CFdGH8EJ2jNkRUpf51o61TAqp29SUWJHLQYSvkMHoHm9pEHeqwEEp,451559563,1790662941,2,0,APwq1CvJSf3KS1fPFp2Hh75RU81vPcRcE446Rqyspump,TokenzQdBNbLqP5VEhdkAS6EPFLC1PHnBqCXEpPxuEb,https://ipfs.io/ipfs/Qmcd46YfGcPqVcE1qgL3CC5xHbcixEQFFaoJHvvey8FVUm,pumpfun-create-borsh-v1,success
solana:zebHxWvHx8JZ8E3sdJuN8RTy6Dk5TT4WGLfpnrqnPfmCw46vDBzegjiUESX5M6Qyo4ueuS9soYeRJkGpEEm3UiA:2:0,solana-mainnet,pump.fun,zebHxWvHx8JZ8E3sdJuN8RTy6Dk5TT4WGLfpnrqnPfmCw46vDBzegjiUESX5M6Qyo4ueuS9soYeRJkGpEEm3UiA,451559558,1790662940,2,0,2GK6GLGCooE25G5uwgTuNa4Zts1jpQuD7Q4pLzoHpump,TokenzQdBNbLqP5VEhdkAS6EPFLC1PHnBqCXEpPxuEb,https://ipfs.io/ipfs/QmQB7KrSWhdPGE4wRqHaDgp2cvdMP8Wo6UDNMiFZmQUvp4,pumpfun-create-borsh-v1,success
solana:5mTbjiQ8cHK7H2vgCgu3iszSYUgv3kxEGrE3bbMyeAVUz5Go41V1aytfT2ekjmdXHE6dyenwJq1fnYVuVv9qXKoY:2:0,solana-mainnet,pump.fun,5mTbjiQ8cHK7H2vgCgu3iszSYUgv3kxEGrE3bbMyeAVUz5Go41V1aytfT2ekjmdXHE6dyenwJq1fnYVuVv9qXKoY,451559557,1790662940,2,0,51H5oM9c8z1nNSEYKZhkCRTVVY8ffvWftUC5rPWgpump,TokenzQdBNbLqP5VEhdkAS6EPFLC1PHnBqCXEpPxuEb,https://ipfs.io/ipfs/QmTcxLW1rQofWCeBHPi7o3RZa4ncFr5VdQ3DbBd72tUrvR,pumpfun-create-borsh-v1,success
solana:4y8tJiSW2JGuKLm9BxZN2VDCvgpKwRq6wYKAKvzGiHb5VSs4qFUk45jmtURpoYjXghcd7udbyGEBPjF6qsdV498Q:2:0,solana-mainnet,pump.fun,4y8tJiSW2JGuKLm9BxZN2VDCvgpKwRq6wYKAKvzGiHb5VSs4qFUk45jmtURpoYjXghcd7udbyGEBPjF6qsdV498Q,451559551,1790662938,2,0,DDUcc6Zqw5TifvhQk674ancZ9P4evF5un9vDroLP5hqi,TokenzQdBNbLqP5VEhdkAS6EPFLC1PHnBqCXEpPxuEb,https://ipfs.io/ipfs/bafkreifvk76d5j2nvykdxgwgvsvwqm5g5lfwmqdeela6wwvzshnyashmom,pumpfun-create-borsh-v1,success
solana:LQWtEWRaFnxZAyC2nAECGoQcDSQNLyc7uN42jVXfRiVhwiNxQdvq5v7R29eeUWwZEoyEkUJecQWmryrgzmCghLB:2:0,solana-mainnet,pump.fun,LQWtEWRaFnxZAyC2nAECGoQcDSQNLyc7uN42jVXfRiVhwiNxQdvq5v7R29eeUWwZEoyEkUJecQWmryrgzmCghLB,451559551,1790662938,2,0,GrHEg8wEPhYCkh99oJKNWSGNMFGF68gPJFut3CEXpump,TokenzQdBNbLqP5VEhdkAS6EPFLC1PHnBqCXEpPxuEb,https://ipfs.io/ipfs/QmVeMagKuyRno4Zo4dHRJYvbWr6LQG44poZbDUbs26L1wH,pumpfun-create-borsh-v1,success
solana:4R989yMPGwYUXiN2woDJfoJ52VUKDA4yq3UkN6ZSB2PxgBhCiBWQidVLA18STjPvmCf8QbJewe8ZnLAWvoRxDeCC:2:1,solana-mainnet,pump.fun,4R989yMPGwYUXiN2woDJfoJ52VUKDA4yq3UkN6ZSB2PxgBhCiBWQidVLA18STjPvmCf8QbJewe8ZnLAWvoRxDeCC,451559541,1790662935,2,1,EEPKUymC4oGcVJTqq1QCsfAasCpDaN7tBC5uKtppump,TokenzQdBNbLqP5VEhdkAS6EPFLC1PHnBqCXEpPxuEb,https://ipfs.io/ipfs/QmepC8XV6Pi43gMd9ejSFTvtwDVdgFigS6jCETzsZJbMJG,pumpfun-create-borsh-v1,success
solana:4atK6Yk74vPiyhZwoxm6N77mzi9dC4WrXY9jRbtsVHrAVyJa23v7gYqjeNWBaDncovc7vWNMhUBHni4YELmCMiD3:2:0,solana-mainnet,pump.fun,4atK6Yk74vPiyhZwoxm6N77mzi9dC4WrXY9jRbtsVHrAVyJa23v7gYqjeNWBaDncovc7vWNMhUBHni4YELmCMiD3,451559520,1790662930,2,0,JBzVThB7re9umhb1G2JW6x7upLbY3An1cYuk7QWDpump,TokenzQdBNbLqP5VEhdkAS6EPFLC1PHnBqCXEpPxuEb,https://ipfs.io/ipfs/QmbRi6D4ehx9wYsH1cgfgwxvGwzUZpGGH1WEFQJK3TpD53,pumpfun-create-borsh-v1,success
solana:3SXchEk449ycZouLr67xvgVdcMg8GpVjTQCew4s6QRTiRgBCPxz9rD2mLYpZxy2GhDQfzvbM6RrR2ET24KeWHpm9:2:0,solana-mainnet,pump.fun,3SXchEk449ycZouLr67xvgVdcMg8GpVjTQCew4s6QRTiRgBCPxz9rD2mLYpZxy2GhDQfzvbM6RrR2ET24KeWHpm9,451559517,1790662929,2,0,88gKLUtJCMK3WokafxtLbjcLN5DakQ8cA1twBN1apump,TokenzQdBNbLqP5VEhdkAS6EPFLC1PHnBqCXEpPxuEb,https://ipfs.io/ipfs/bafkreiekaeptykmgktycq575t6g5qfltzlduj4tmu76totbgvfgn4dnd2i,pumpfun-create-borsh-v1,success
solana:4GARux5j5rpufeF3adwSXUahgLdNXZcdoCYhB94SmS8SCmbTxE3dbdvhF874fmqYRuKcaHsLwyxRWWBfjw8vYf3s:2:0,solana-mainnet,pump.fun,4GARux5j5rpufeF3adwSXUahgLdNXZcdoCYhB94SmS8SCmbTxE3dbdvhF874fmqYRuKcaHsLwyxRWWBfjw8vYf3s,451559505,1790662926,2,0,5Q56wb7W5gNhczRBG19ysRGpa1jUCxH192e4Mj7Qpump,TokenzQdBNbLqP5VEhdkAS6EPFLC1PHnBqCXEpPxuEb,https://metadata.j7tracker.io/metadata/HNRAxb5AKr.json,pumpfun-create-borsh-v1,success
solana:3ugVEKgPPfcSCZ3PVzr7Dpkjk3pMVHmJ6M2Xg6N8w5zDUYdLyPYFFSNgQXDRBU4ckC9Jw3zUDuoVfrAJzmG38pL7:2:0,solana-mainnet,pump.fun,3ugVEKgPPfcSCZ3PVzr7Dpkjk3pMVHmJ6M2Xg6N8w5zDUYdLyPYFFSNgQXDRBU4ckC9Jw3zUDuoVfrAJzmG38pL7,451559503,1790662925,2,0,9aYREhk4P32Ry4iZKzuXVacVpTUU33cLmm7zQJRupump,TokenzQdBNbLqP5VEhdkAS6EPFLC1PHnBqCXEpPxuEb,https://ipfs.io/ipfs/QmQ5wPEcY36o99p2XNcFFrRaVMcaaGAKzpnm1jTKPifiRk,pumpfun-create-borsh-v1,success
solana:22brn43HBDMM2ANS6xzdAUEbSEc5kf2n5pXckhibKeD4f2juT7ewm5simtxRjNa2CUjxVJSXTi2WEEL5djuwdNET:0:0,solana-mainnet,pump.fun,22brn43HBDMM2ANS6xzdAUEbSEc5kf2n5pXckhibKeD4f2juT7ewm5simtxRjNa2CUjxVJSXTi2WEEL5djuwdNET,451559490,1790662921,0,0,6curJEENDPsH4yw23fcgfei41sLzwDWFazQBF8UxTXBH,TokenzQdBNbLqP5VEhdkAS6EPFLC1PHnBqCXEpPxuEb, https://gateway.irys.xyz/DSj2ZCg86xD3Tm7jnQ9sQSxYUAVaY7AgN1PQ7yw6denP,pumpfun-create-borsh-v1,success
solana:2DU3JbNT31An7Juus9r3ZWzf223ymFMSyMEkjdkEVp391VoBFqRjKUa1yTU4TVJxpqu9CFH3wRtMUx1e6nRRhgTd:0:0,solana-mainnet,pump.fun,2DU3JbNT31An7Juus9r3ZWzf223ymFMSyMEkjdkEVp391VoBFqRjKUa1yTU4TVJxpqu9CFH3wRtMUx1e6nRRhgTd,451559486,1790662920,0,0,DuL7niABHavq7bXiVxF9qW2L7GEbTkZnmXHNAL6hjnkj,TokenzQdBNbLqP5VEhdkAS6EPFLC1PHnBqCXEpPxuEb,https://metadata.j7tracker.io/metadata/2WWRrG20ch.json,pumpfun-create-borsh-v1,success
solana:3ncrZ7BiutLuPRtCSNGEoP8rFY5M9kr5mKbKVJdTserdmrbELnPmtm6FnmeQyhkbn5G3NTuZpmA6fCb15hF6cgzU:2:0,solana-mainnet,pump.fun,3ncrZ7BiutLuPRtCSNGEoP8rFY5M9kr5mKbKVJdTserdmrbELnPmtm6FnmeQyhkbn5G3NTuZpmA6fCb15hF6cgzU,451559484,1790662920,2,0,EGApqygv4gmstot5awmSJB851XHkjBVzhxHafpkZD8jg,TokenzQdBNbLqP5VEhdkAS6EPFLC1PHnBqCXEpPxuEb,https://metadata.j7tracker.io/metadata/2WWRrG20ch.json,pumpfun-create-borsh-v1,success
solana:BiHcXci8qJyf6n3CvHfRXayHu4JbtLbMwncjhmW4BPJKPmeCkuF1FvFVHB2FcNsH3axzdaiD4fS6bxpai8Bn963:2:0,solana-mainnet,pump.fun,BiHcXci8qJyf6n3CvHfRXayHu4JbtLbMwncjhmW4BPJKPmeCkuF1FvFVHB2FcNsH3axzdaiD4fS6bxpai8Bn963,451559480,1790662919,2,0,5v56juHpqFtSrazcAobGo3XXDuQhJVSgdgXokmjpump,TokenzQdBNbLqP5VEhdkAS6EPFLC1PHnBqCXEpPxuEb,https://ipfs.io/ipfs/QmUeK123WKmE6jWh2Ca1e1L1WrrMbdid4E4sNfkaqDFcCq,pumpfun-create-borsh-v1,success
solana:5AyLYcnxyjxuNTLXh7eBZugUrHCRVFgwG2pAk48udQRWGv9XXPavL4jkmLWEYZxHQ6x1fs9w8vKV4LRMjSgrLo4x:2:0,solana-mainnet,pump.fun,5AyLYcnxyjxuNTLXh7eBZugUrHCRVFgwG2pAk48udQRWGv9XXPavL4jkmLWEYZxHQ6x1fs9w8vKV4LRMjSgrLo4x,451559475,1790662918,2,0,2HzutNg8Mp8wPYeUJvLDCHUThEz8gfHumMgiD5Wb6uYu,TokenzQdBNbLqP5VEhdkAS6EPFLC1PHnBqCXEpPxuEb,https://ipfs.io/ipfs/bafkreidldjy4zyxq7k5y6zjfuxkz6lla7rrd3o4fiqoka5qmr5dskoo6uu,pumpfun-create-borsh-v1,success
solana:6QAYRJbN1kvbBkrzp4HT3CZvnJ9hRNdHjuQ93AuL3pcDLfoLwgdRFSNrbyAJbF5yWDWR9KiPWedAHts6ntZqjXn:2:0,solana-mainnet,pump.fun,6QAYRJbN1kvbBkrzp4HT3CZvnJ9hRNdHjuQ93AuL3pcDLfoLwgdRFSNrbyAJbF5yWDWR9KiPWedAHts6ntZqjXn,451559474,1790662917,2,0,Bp1cXe1CgKcwmsqBe4UdscfMdAtmR53YaAX1f4vgpump,TokenzQdBNbLqP5VEhdkAS6EPFLC1PHnBqCXEpPxuEb,https://ipfs.io/ipfs/Qmad9qocKFL9ZE9qNmFnUajQd8SNUGzfv83CicDpYmPZEG,pumpfun-create-borsh-v1,success
solana:3kyK47bGCEYinhxNqtYBHgXUXu2kfYVq2UA7wMnCw9SySpSU59z32b2jJzkBxefU7gnDLDV2VuVs6mb63j1BcHUF:2:0,solana-mainnet,pump.fun,3kyK47bGCEYinhxNqtYBHgXUXu2kfYVq2UA7wMnCw9SySpSU59z32b2jJzkBxefU7gnDLDV2VuVs6mb63j1BcHUF,451559469,1790662916,2,0,6Uku52PGU9JCTiHgXAmZapjRG5paokFEzkhpWUsdGsLz,TokenzQdBNbLqP5VEhdkAS6EPFLC1PHnBqCXEpPxuEb,https://metadata.j7tracker.io/metadata/ceUzIGgs3K.json,pumpfun-create-borsh-v1,success
solana:2RGu23QgLgCV13wwmAEEUuYYxWXx3mSZhoHGw2ThpzLPMgQdCXXZeTaokM25xHJjx7ye8htMX7agUyV9uvh2k2uQ:2:0,solana-mainnet,pump.fun,2RGu23QgLgCV13wwmAEEUuYYxWXx3mSZhoHGw2ThpzLPMgQdCXXZeTaokM25xHJjx7ye8htMX7agUyV9uvh2k2uQ,451559458,1790662913,2,0,Aj4b7z7oE13zNvYcdPLBUdYstup9NGa7fXZ2c5KYpump,TokenzQdBNbLqP5VEhdkAS6EPFLC1PHnBqCXEpPxuEb,https://ipfs.io/ipfs/QmdxGrB7DztVCfStQT7N4akVP4uMYwfkqjsDLgmQxgsFtT,pumpfun-create-borsh-v1,success
solana:4nRntaDFgxp8nc3iNJSZiAgKF2Rm84yLPRiGcEpSgNYRtjo6NXMseEcCPqZDQMRneVn9bvCirnECHoPsT9FDyfeK:2:0,solana-mainnet,pump.fun,4nRntaDFgxp8nc3iNJSZiAgKF2Rm84yLPRiGcEpSgNYRtjo6NXMseEcCPqZDQMRneVn9bvCirnECHoPsT9FDyfeK,451559451,1790662911,2,0,B7Hj5g3vi5AgB4htiAgJJxbTe1E82hweynoWQ2Nppump,TokenzQdBNbLqP5VEhdkAS6EPFLC1PHnBqCXEpPxuEb,https://ipfs.io/ipfs/bafkreibenkax4qnhux3i6vrz4g6fvijd4fl4yp5lisow3l5fgl5vkhur5q,pumpfun-create-borsh-v1,success
solana:2FGardSkYWAwfq2eLzCge5qkNhawxcabUYjoGi4hYJsqTfPh6keAW1pmdk89f7tfosdpaY12MQx7m7mkrTzK4dD6:2:0,solana-mainnet,pump.fun,2FGardSkYWAwfq2eLzCge5qkNhawxcabUYjoGi4hYJsqTfPh6keAW1pmdk89f7tfosdpaY12MQx7m7mkrTzK4dD6,451559451,1790662911,2,0,DKHqkL5hVZRPczCv9VyHzqibqeXvNCdB9xXN9z5Kpump,TokenzQdBNbLqP5VEhdkAS6EPFLC1PHnBqCXEpPxuEb,https://ipfs.io/ipfs/QmfRFkpau3hH9fgLaf9a8ttSz732MTDY69YvjaXhNisqVv,pumpfun-create-borsh-v1,success
solana:5Xud2J5xuXeD1iSYExXKFmq8FBUX2fg2ca3ot8yDMZYaTZDs7XbGRfvTxgHD3c7y7RdN4dXjzqA8gA16LpQZG5j3:2:0,solana-mainnet,pump.fun,5Xud2J5xuXeD1iSYExXKFmq8FBUX2fg2ca3ot8yDMZYaTZDs7XbGRfvTxgHD3c7y7RdN4dXjzqA8gA16LpQZG5j3,451559448,1790662910,2,0,78SwXCcLdZtV7q8fjM2EJ7v4YaF91KAhn8uJ2AC6pump,TokenzQdBNbLqP5VEhdkAS6EPFLC1PHnBqCXEpPxuEb,https://ipfs.io/ipfs/QmQZraXJ9tkhV4qoY2yqaaQa7wRfyehYX3kP5XER9535f9,pumpfun-create-borsh-v1,success
solana:4vddhCXWo6wzstteRHNPpYYBmVGGUgED6kXYjbNwHtQ9TnGbEa8UVsSKzcN3UDtxAzzQTe48mqUPRjpnrwcmDn22:1:0,solana-mainnet,pump.fun,4vddhCXWo6wzstteRHNPpYYBmVGGUgED6kXYjbNwHtQ9TnGbEa8UVsSKzcN3UDtxAzzQTe48mqUPRjpnrwcmDn22,451559444,1790662909,1,0,Ayi83Z1owVvxqPPwjYMR1hzBhUgxFNCxXXf5Gz1Vpump,TokenzQdBNbLqP5VEhdkAS6EPFLC1PHnBqCXEpPxuEb,https://ipfs.io/ipfs/bafkreigcjrhp2q24wkmdmcwifkdiabqztzm6pdl4o63cnch4wf4ejr466y,pumpfun-create-borsh-v1,success
solana:5YkLJWqVbhXkrPC2ppQXeWF7pbEZH3dZWK1DfgHpTK5bZUuaumnFLyyQiMrFdK7TmL2qmTGyYEdiFvMgBCqh4Ah4:2:0,solana-mainnet,pump.fun,5YkLJWqVbhXkrPC2ppQXeWF7pbEZH3dZWK1DfgHpTK5bZUuaumnFLyyQiMrFdK7TmL2qmTGyYEdiFvMgBCqh4Ah4,451559438,1790662908,2,0,CyUKrYh54bQpCoWM2PCXcXfdiRANPY8k5XmDbhc9pump,TokenzQdBNbLqP5VEhdkAS6EPFLC1PHnBqCXEpPxuEb,https://ipfs.io/ipfs/QmeGCcQ8FxsLMXNypfF7Qa9B5i8tuNGW4ZQfEgeJKoG4Xo,pumpfun-create-borsh-v1,success
solana:524keGs8nrWeM3eaZyXz8nnYrhoxTxuxYx5YEWbewzd9HR1fx9m4sajV7eqAn2Js5TKX9z7N7Kugh89o1GF6hy5q:2:0,solana-mainnet,pump.fun,524keGs8nrWeM3eaZyXz8nnYrhoxTxuxYx5YEWbewzd9HR1fx9m4sajV7eqAn2Js5TKX9z7N7Kugh89o1GF6hy5q,451559430,1790662906,2,0,4Z46phvEkvvMBPraaf7BKA1XBm1oF9M6Bp9nu7wyizve,TokenzQdBNbLqP5VEhdkAS6EPFLC1PHnBqCXEpPxuEb,https://pump.mypinata.cloud/ipfs/bafkreibaj2wwp3dyqe2biezezj6psmop2nmd76jw7gmwkgqsajn7p4mnhe,pumpfun-create-borsh-v1,success
solana:d4veiFeWPjXnDwwzdmwZKKMbPnEkWZTEq2soxgLbdRret2LhTkzdWZicWq6KSy7cHYxmTkWMyua42AFZDJUWQ9V:2:0,solana-mainnet,pump.fun,d4veiFeWPjXnDwwzdmwZKKMbPnEkWZTEq2soxgLbdRret2LhTkzdWZicWq6KSy7cHYxmTkWMyua42AFZDJUWQ9V,451559414,1790662902,2,0,ApctGouWaLr6r6v1RDjmTqHaAGe6tWfXiUBysnTopump,TokenzQdBNbLqP5VEhdkAS6EPFLC1PHnBqCXEpPxuEb,https://ipfs.io/ipfs/QmahXvEe6R66g3nr2gkesqjXstkfYxM9rUiFXJkfsAhVmf,pumpfun-create-borsh-v1,success
solana:g9fobzUTX59rT9XCNMRwooX8xRTQq3iN2xikD4XTm7isb4wQANoaY2pNadHeHMT7crDQDgruTENTUy512m3hCdq:2:0,solana-mainnet,pump.fun,g9fobzUTX59rT9XCNMRwooX8xRTQq3iN2xikD4XTm7isb4wQANoaY2pNadHeHMT7crDQDgruTENTUy512m3hCdq,451559408,1790662900,2,0,GjgaJZTq1dNWPmYopLfKpwf6a5bxJzVFFFaLcdd2pump,TokenzQdBNbLqP5VEhdkAS6EPFLC1PHnBqCXEpPxuEb,https://ipfs.io/ipfs/QmeepmqZnqjqHxVyYiPHDth8ahWju1j25F1n2dY1ADW9Hi,pumpfun-create-borsh-v1,success
solana:26ob89n7okU8JgkTshru1baaxMp2e4LJE1mX6ePmhNkHq6UPXbtZpHj5t3afLqpkrdKTyE7Z3HE23AnJJa9sf9PN:1:0,solana-mainnet,pump.fun,26ob89n7okU8JgkTshru1baaxMp2e4LJE1mX6ePmhNkHq6UPXbtZpHj5t3afLqpkrdKTyE7Z3HE23AnJJa9sf9PN,451559407,1790662900,1,0,HDgMXvJ5TpVnLpss7iXzHW8mnZqcBwwEp7eSEHf8pump,TokenzQdBNbLqP5VEhdkAS6EPFLC1PHnBqCXEpPxuEb,https://ipfs.io/ipfs/bafkreigo6sqwoaueyvlxyer6ptai3vahj6a4mhfgmr3shldz5gietxnsfy,pumpfun-create-borsh-v1,success
solana:4ptAnorH8miQnYX6dw182eygwowdKWY4CCHMn2s1KCgaDf4kJxzxb3mRMKGCYLn772W1hFp1WxWk15Pb6DuDBLh2:2:0,solana-mainnet,pump.fun,4ptAnorH8miQnYX6dw182eygwowdKWY4CCHMn2s1KCgaDf4kJxzxb3mRMKGCYLn772W1hFp1WxWk15Pb6DuDBLh2,451559391,1790662895,2,0,z4SGYgpUTgAri8sN3qH6PrHux5D49a2pGUcTcdgpump,TokenzQdBNbLqP5VEhdkAS6EPFLC1PHnBqCXEpPxuEb,https://ipfs.io/ipfs/bafkreid7m54ldnzbd3kdb2g6rt7uz74ohqgn5aeevwqvzirk3smi5m64ni,pumpfun-create-borsh-v1,success
solana:4g5MqBHwn843aA862KEAv8oQTQS4aSY2boGua3RgJqy4J3JbP219CHykKCdXzkqZ5bpqq4zTDQkZyWDbJeG6hVwh:2:0,solana-mainnet,pump.fun,4g5MqBHwn843aA862KEAv8oQTQS4aSY2boGua3RgJqy4J3JbP219CHykKCdXzkqZ5bpqq4zTDQkZyWDbJeG6hVwh,451559390,1790662895,2,0,AUkLJBNP6TUcAxBFGpoKPpBQDzuTfgAx5UzgvSeWpump,TokenzQdBNbLqP5VEhdkAS6EPFLC1PHnBqCXEpPxuEb,https://ipfs.io/ipfs/QmaoGsBNPZKg8zFUNLzLCduZnxBLz5G4HiycvYp7ssjQgv,pumpfun-create-borsh-v1,success
solana:54JHjJUEf4L6Vh4hwkV948zJ2h3XhDb4iUudSm4VkNUtPFLFiAccYFv6mMwXBHJUkhp3h2NY1SaKxQjYAvkn5VcV:2:0,solana-mainnet,pump.fun,54JHjJUEf4L6Vh4hwkV948zJ2h3XhDb4iUudSm4VkNUtPFLFiAccYFv6mMwXBHJUkhp3h2NY1SaKxQjYAvkn5VcV,451559385,1790662894,2,0,5wsg93LqEHehFUXZ4K16ktaFyDkziWga2bkm2jdkpump,TokenzQdBNbLqP5VEhdkAS6EPFLC1PHnBqCXEpPxuEb,https://ipfs.io/ipfs/QmUSzWqefi7M5nqvwCzx2QNoAMVbbBxpYwHcWJ6UJQu3ET,pumpfun-create-borsh-v1,success
solana:5t8vPiu1ESatjSZsA7AY4zNheGs1nN4565QQNWeCJkMnKTJAD1bY5GsHoJYe3HfbN5jEotuXR5CjxUWozHNLYsLB:2:0,solana-mainnet,pump.fun,5t8vPiu1ESatjSZsA7AY4zNheGs1nN4565QQNWeCJkMnKTJAD1bY5GsHoJYe3HfbN5jEotuXR5CjxUWozHNLYsLB,451559360,1790662887,2,0,5epkfDX5j7XCZuxKwsP8WF3ATxev4jcGhjoDbmyupump,TokenzQdBNbLqP5VEhdkAS6EPFLC1PHnBqCXEpPxuEb,https://ipfs.io/ipfs/bafkreiescr7gaeydwdahfddrw4eh672cfyt7oyqkcc7a3rsrpfpc7yopwi,pumpfun-create-borsh-v1,success
solana:WZH8bBMzXaTd2Y4YMgXRVDWujyr4dohkmx7YAzr8cjUSVnnd9TBPvZaN8i1uE1iFQvNaXqKzeJ7FpxkeKLBvriR:2:0,solana-mainnet,pump.fun,WZH8bBMzXaTd2Y4YMgXRVDWujyr4dohkmx7YAzr8cjUSVnnd9TBPvZaN8i1uE1iFQvNaXqKzeJ7FpxkeKLBvriR,451559359,1790662887,2,0,CUXzY8z1P3uKSomToPv1XSkRBk2E9Cywy4dqCSoBpump,TokenzQdBNbLqP5VEhdkAS6EPFLC1PHnBqCXEpPxuEb,https://ipfs.io/ipfs/QmVQovUwZwC3hAJL4jgniZfYjoP1g4Jgcd2g66Y885Z4TR,pumpfun-create-borsh-v1,success
solana:nCX2TUjMf2kQ5YvxHuoW76vwQveAbeMzGcKCZpqzyFupKkZbHDDbJNobten4yR3Vr1fKfAj12xyNz8QqebLt5bc:2:0,solana-mainnet,pump.fun,nCX2TUjMf2kQ5YvxHuoW76vwQveAbeMzGcKCZpqzyFupKkZbHDDbJNobten4yR3Vr1fKfAj12xyNz8QqebLt5bc,451559348,1790662884,2,0,A6CEr3oiSGkQzrSh1vTTKM5RLbfjBwDetRaAdCbBpump,TokenzQdBNbLqP5VEhdkAS6EPFLC1PHnBqCXEpPxuEb,https://ipfs.io/ipfs/QmRvH8ZULiT4L2k4GqFuedm4UHbnRrtKxv336ic6g1UdoT,pumpfun-create-borsh-v1,success
solana:5d2ELBCBTZmobQx5PKcSU6JPzNu63u4WRS1XCriKovtxGkog8HwXTXiPyrV9nGMEmqcoXCdd4MKjLKA9621zh1sX:2:0,solana-mainnet,pump.fun,5d2ELBCBTZmobQx5PKcSU6JPzNu63u4WRS1XCriKovtxGkog8HwXTXiPyrV9nGMEmqcoXCdd4MKjLKA9621zh1sX,451559342,1790662882,2,0,J74kFVKMgzyMCgVBaqQd9JZL1RgaH5PsSC3W7RZZpump,TokenzQdBNbLqP5VEhdkAS6EPFLC1PHnBqCXEpPxuEb,https://ipfs.io/ipfs/QmbyFXm32YiUDVrhEXT4j9nHVomYfqpmEtmc78cMQEL6fg,pumpfun-create-borsh-v1,success
solana:381HjmoK3G6Fb8QA48frvdrN2qmtWjwqQqaRbTmZQJyvUUmK7v76jxVBHyNdhBvfM4RLegVr7zDLQNmYyVCJiHig:2:0,solana-mainnet,pump.fun,381HjmoK3G6Fb8QA48frvdrN2qmtWjwqQqaRbTmZQJyvUUmK7v76jxVBHyNdhBvfM4RLegVr7zDLQNmYyVCJiHig,451559337,1790662881,2,0,7JW3JrU1fAGKhPbPrrDuQRZaiv76uASj65kPu2KHpump,TokenzQdBNbLqP5VEhdkAS6EPFLC1PHnBqCXEpPxuEb,https://ipfs.io/ipfs/QmQB7KrSWhdPGE4wRqHaDgp2cvdMP8Wo6UDNMiFZmQUvp4,pumpfun-create-borsh-v1,success
solana:5xAVeucXnjEkdDw3Amy9RRMaX4KUnkEVkhFYYgZsR15sxDApj9RUru6yhp3cg1xGPZBLtGZXhHthB6zBn9AzKurb:2:0,solana-mainnet,pump.fun,5xAVeucXnjEkdDw3Amy9RRMaX4KUnkEVkhFYYgZsR15sxDApj9RUru6yhp3cg1xGPZBLtGZXhHthB6zBn9AzKurb,451559335,1790662880,2,0,FybVHGCVutXBdBamNytW26WtpR8wQYowfvczkZecpump,TokenzQdBNbLqP5VEhdkAS6EPFLC1PHnBqCXEpPxuEb,https://ipfs.io/ipfs/bafkreigoyveuaqthdcirgph5ejs3trvxd7egvhslyakc7q6xw35gamol3e,pumpfun-create-borsh-v1,success
solana:2KBkEizHsdJrw1fbFkzHHnFWLL3ozRLuim4Zq4wsKNx7WmrrSEF4q8JEcA49BbXf2d29GSTuy46HonJL4oBubzmu:2:0,solana-mainnet,pump.fun,2KBkEizHsdJrw1fbFkzHHnFWLL3ozRLuim4Zq4wsKNx7WmrrSEF4q8JEcA49BbXf2d29GSTuy46HonJL4oBubzmu,451559329,1790662879,2,0,CSJR89YJ6vJL9jy4m2uCWVyhAc4nmR8QCdWcqtoyeYnk,TokenzQdBNbLqP5VEhdkAS6EPFLC1PHnBqCXEpPxuEb,https://ipfs.io/ipfs/bafkreihs3idd3pizl25mlxflxcpcrvsy74j6m5k27cd537yweq5z6ynfp4,pumpfun-create-borsh-v1,success
solana:5j8F8eQiawxmfdcC2Aim2tFsJvNt3MgZfdtekagxP2mWNFXuQsXziBGuEFqvVawMDJxs5jbZTnW4gvFdT62BjLUv:2:0,solana-mainnet,pump.fun,5j8F8eQiawxmfdcC2Aim2tFsJvNt3MgZfdtekagxP2mWNFXuQsXziBGuEFqvVawMDJxs5jbZTnW4gvFdT62BjLUv,451559309,1790662874,2,0,8BKz4ZLqxrXWkQ9XFmodkR2m9ZFZveAavBBdwZdspump,TokenzQdBNbLqP5VEhdkAS6EPFLC1PHnBqCXEpPxuEb,https://ipfs.io/ipfs/QmPLWFBEWQnD7k26RdWJ3hZEovRfLPRRhhZnrG5DpnfN9k,pumpfun-create-borsh-v1,success
solana:5dgd1Ztc5mrAtaVJEg8hSrMBZ5sXmEhYo8g2tjhowxugDdXQ82J72Pg7KAww8KWN47PGbiAM39A6KLG8PSnAbChi:2:0,solana-mainnet,pump.fun,5dgd1Ztc5mrAtaVJEg8hSrMBZ5sXmEhYo8g2tjhowxugDdXQ82J72Pg7KAww8KWN47PGbiAM39A6KLG8PSnAbChi,451559298,1790662871,2,0,81NhVtaTm4wJVdjFQpihWfEGqCdGtW681NdJ4mgQDcEs,TokenzQdBNbLqP5VEhdkAS6EPFLC1PHnBqCXEpPxuEb,https://metadata.j7tracker.io/metadata/q33qKtJFv2.json,pumpfun-create-borsh-v1,success
solana:2cg6M6jiN9AdyftQ8Pjo5AFw6mh88gAwXj4K1tXuPGa6bUP5yAmHbApbuDPCgfH6e5isCNHvhG86EMrkHsSUEQ58:0:0,solana-mainnet,pump.fun,2cg6M6jiN9AdyftQ8Pjo5AFw6mh88gAwXj4K1tXuPGa6bUP5yAmHbApbuDPCgfH6e5isCNHvhG86EMrkHsSUEQ58,451559296,1790662870,0,0,ACgqrhup4i8fBMo7ZaZrULdvCSwDp66prXdzfMJfTSsb,TokenzQdBNbLqP5VEhdkAS6EPFLC1PHnBqCXEpPxuEb, https://gateway.irys.xyz/DSj2ZCg86xD3Tm7jnQ9sQSxYUAVaY7AgN1PQ7yw6denP,pumpfun-create-borsh-v1,success
solana:4yn5gDMrhLw97NA8VfYMZV9YkNQvsE7UgD3YY29EZPSMKKUREnwTHbrm7Nc1fH8tspwSjm91oFeK9BPPG42bVeR1:2:0,solana-mainnet,pump.fun,4yn5gDMrhLw97NA8VfYMZV9YkNQvsE7UgD3YY29EZPSMKKUREnwTHbrm7Nc1fH8tspwSjm91oFeK9BPPG42bVeR1,451559276,1790662865,2,0,HtfqVk7tWxzkKkehk5fh7GtSEQ6qyi2JsyjMpCUspump,TokenzQdBNbLqP5VEhdkAS6EPFLC1PHnBqCXEpPxuEb,https://ipfs.io/ipfs/QmQB7KrSWhdPGE4wRqHaDgp2cvdMP8Wo6UDNMiFZmQUvp4,pumpfun-create-borsh-v1,success
solana:GUXoxJVjE723kPQdET2mh1aZDuzByZybdsJNt8c7eyw8EXwrHcBXWR5HgPPBGAN5yyy3zgQdc1BVrTyq4UbjCrR:2:0,solana-mainnet,pump.fun,GUXoxJVjE723kPQdET2mh1aZDuzByZybdsJNt8c7eyw8EXwrHcBXWR5HgPPBGAN5yyy3zgQdc1BVrTyq4UbjCrR,451559255,1790662860,2,0,JDB8Nh59XzrA2q7DS4jHBu2dhdNT9HpL7WtWwqsUpump,TokenzQdBNbLqP5VEhdkAS6EPFLC1PHnBqCXEpPxuEb,https://ipfs.io/ipfs/bafkreiatybiy44vbruk5bcnwsh65nsghlfujcdpiedgjpxc35bx27o2g3u,pumpfun-create-borsh-v1,success
solana:3WLqRzSp4DoWemKHR5xa8rg5fyjztg2sHL6xEv5cQg7L3MLLeuNtBspkhebdzzZHNkoahZs4tcmWfwrpGWs9Qdg5:2:0,solana-mainnet,pump.fun,3WLqRzSp4DoWemKHR5xa8rg5fyjztg2sHL6xEv5cQg7L3MLLeuNtBspkhebdzzZHNkoahZs4tcmWfwrpGWs9Qdg5,451559253,1790662859,2,0,9UyUjjsLsTxN1MQ1Dt4t3LvQWJnMUGptMVcu8x5Ppump,TokenzQdBNbLqP5VEhdkAS6EPFLC1PHnBqCXEpPxuEb,https://ipfs.io/ipfs/QmRmDh38aAMyd1keNLUhQ8jjjZALU2qRewa2RF89AJzRUb,pumpfun-create-borsh-v1,success
solana:4EfaJWabEYmXeTwaGeB5kZrSaKBGpV9ahnaWDPgb4kcK1m1D5V4vVgXF55d6c23tZgddi1QDietD2EoiLgKMCggw:2:0,solana-mainnet,pump.fun,4EfaJWabEYmXeTwaGeB5kZrSaKBGpV9ahnaWDPgb4kcK1m1D5V4vVgXF55d6c23tZgddi1QDietD2EoiLgKMCggw,451559241,1790662856,2,0,5MPmn9mJPiuQ4ATQAjBs53Xc2wx6A9jWpZxdYbLtzk2x,TokenzQdBNbLqP5VEhdkAS6EPFLC1PHnBqCXEpPxuEb,https://gateway.pinata.cloud/ipfs/QmRUDuHoZHM9hB7j2U3DDLWYtBohoqmuYabB6pWuFjD9nd,pumpfun-create-borsh-v1,success
solana:2wcqBaRs9chb2Hcqoeuv7njK3m8FSgi9GGsfjpgznG38aU9DZam3M3krXUjgQCLsMm7vpTduwTHTmiU6F9NTDpSc:2:0,solana-mainnet,pump.fun,2wcqBaRs9chb2Hcqoeuv7njK3m8FSgi9GGsfjpgznG38aU9DZam3M3krXUjgQCLsMm7vpTduwTHTmiU6F9NTDpSc,451559237,1790662855,2,0,4QousSeowVH6MAA8BV5VJsByjdAzrNcJo2xpV45Upump,TokenzQdBNbLqP5VEhdkAS6EPFLC1PHnBqCXEpPxuEb,https://ipfs.io/ipfs/QmdxGrB7DztVCfStQT7N4akVP4uMYwfkqjsDLgmQxgsFtT,pumpfun-create-borsh-v1,success
solana:Jad6bejSL9RXoJp4tYDig17XXia8VSEoy62JwBHbGrxVzJRbAFQmdtg59tH6QBLPjpVFUARzXucWo98wTKkWgMA:2:0,solana-mainnet,pump.fun,Jad6bejSL9RXoJp4tYDig17XXia8VSEoy62JwBHbGrxVzJRbAFQmdtg59tH6QBLPjpVFUARzXucWo98wTKkWgMA,451559237,1790662855,2,0,7rLE8yXqhnkFRCffphTo2Ngi2tioLSdxiMSPQd3qGikv,TokenzQdBNbLqP5VEhdkAS6EPFLC1PHnBqCXEpPxuEb,https://metadata.j7tracker.io/metadata/33b91267ba234938.json,pumpfun-create-borsh-v1,success
solana:2vvPTrj9AZEXKKRFEMZ7Jbwtsoo1XnJjmH4r3JP97mkfUWJfsbgKYoyj9fqq1KNrn1RyAjwSDFzBHsc6ZcaMwEPj:2:0,solana-mainnet,pump.fun,2vvPTrj9AZEXKKRFEMZ7Jbwtsoo1XnJjmH4r3JP97mkfUWJfsbgKYoyj9fqq1KNrn1RyAjwSDFzBHsc6ZcaMwEPj,451559223,1790662851,2,0,3trFhSCEo8tXQRxAAFDhWZQymeNxopASZZanxYsSpump,TokenzQdBNbLqP5VEhdkAS6EPFLC1PHnBqCXEpPxuEb,https://ipfs.io/ipfs/QmSuEbX1og7FLVUMXcomQKXfJjC8cyofQvWriWXz8fEXXX,pumpfun-create-borsh-v1,success
solana:5At6WBQcR6tSL2SguPn2eujbR1HXnadCKAscodJ1gZkgCHiwoqhVz9e8B1LxzQfZYGXmXyMRjwb2av8xWbAJ9p3E:2:0,solana-mainnet,pump.fun,5At6WBQcR6tSL2SguPn2eujbR1HXnadCKAscodJ1gZkgCHiwoqhVz9e8B1LxzQfZYGXmXyMRjwb2av8xWbAJ9p3E,451559219,1790662850,2,0,FEMJ5Tr8Aecs37NQbWsT5u8EchFvnQfTPXTm333Epump,TokenzQdBNbLqP5VEhdkAS6EPFLC1PHnBqCXEpPxuEb,https://ipfs.io/ipfs/QmdGzeYGVkTCaG1GPP8n4tN4ujgZWAYXzXSU75bX3y4GYH,pumpfun-create-borsh-v1,success
solana:3p6J6ngTBNUkDrDWfZEebkPhfWagkAwxtV6h5weJ6TAnvvApb7H4eNrgfUmdomm2U2uuwL178uKmpBMH9v5DJ5rv:2:0,solana-mainnet,pump.fun,3p6J6ngTBNUkDrDWfZEebkPhfWagkAwxtV6h5weJ6TAnvvApb7H4eNrgfUmdomm2U2uuwL178uKmpBMH9v5DJ5rv,451559210,1790662847,2,0,J4frSiVWLAycEGCZRWmP4tRuqGevL8Dpq9mjXgDiNnmD,TokenzQdBNbLqP5VEhdkAS6EPFLC1PHnBqCXEpPxuEb,https://ipfs.io/ipfs/bafkreiebanjrjehuxihxy3gm4rqbwuecjbr63jzocbilb2atlv3rfbdqoi,pumpfun-create-borsh-v1,success
solana:4EVwExvu8SStm13CucCtqFDTMMqvZeQq6FwTtd8PArvyyyLy3uje8XouXCZa2nTbiJKmFAyE3Cq9X2PKovGoj3fG:2:0,solana-mainnet,pump.fun,4EVwExvu8SStm13CucCtqFDTMMqvZeQq6FwTtd8PArvyyyLy3uje8XouXCZa2nTbiJKmFAyE3Cq9X2PKovGoj3fG,451559207,1790662847,2,0,Hdt6y6nEtJqud4aFjHbRA8B8JZJhSpnW5fr2rk5ipump,TokenzQdBNbLqP5VEhdkAS6EPFLC1PHnBqCXEpPxuEb,https://ipfs.io/ipfs/bafkreiebanjrjehuxihxy3gm4rqbwuecjbr63jzocbilb2atlv3rfbdqoi,pumpfun-create-borsh-v1,success
solana:2X33icEsDpoDXBkz73owbxZUBNCh7HxrQ2W88NKY8rWzYUTjFHnUJtET88d6zttUjdk7QuTVRE7uviivUVDv7EJL:2:0,solana-mainnet,pump.fun,2X33icEsDpoDXBkz73owbxZUBNCh7HxrQ2W88NKY8rWzYUTjFHnUJtET88d6zttUjdk7QuTVRE7uviivUVDv7EJL,451559195,1790662844,2,0,DcuQSYhZ8n6sE1ZZPXVKEgBvKeKcg9JuP2p2dbSpump,TokenzQdBNbLqP5VEhdkAS6EPFLC1PHnBqCXEpPxuEb,https://ipfs.io/ipfs/QmQB7KrSWhdPGE4wRqHaDgp2cvdMP8Wo6UDNMiFZmQUvp4,pumpfun-create-borsh-v1,success
solana:kUPSpzY8i2rkRFSuJPzaj7aKpcJfu81ZpFWMnPR47ggq3RfE9zQipAENeD87XP3xP4zGmSSRTYBqTWF1voCGjvG:2:0,solana-mainnet,pump.fun,kUPSpzY8i2rkRFSuJPzaj7aKpcJfu81ZpFWMnPR47ggq3RfE9zQipAENeD87XP3xP4zGmSSRTYBqTWF1voCGjvG,451559194,1790662843,2,0,9JkjnA4zZaKrEB79qarLDJkyMuRyCFwyru2TWNUzXMS3,TokenzQdBNbLqP5VEhdkAS6EPFLC1PHnBqCXEpPxuEb,https://metadata.j7tracker.io/metadata/306b59388aaf4619.json,pumpfun-create-borsh-v1,success
solana:3Z4Tcmk3oQEoQitka6pMDcwuKmr4eqoNRBUsuDcjaQmAWS7CUm2SvYJZa8QkAQwDZYrrf5uukFnXsbnWE9bb8SGb:0:0,solana-mainnet,pump.fun,3Z4Tcmk3oQEoQitka6pMDcwuKmr4eqoNRBUsuDcjaQmAWS7CUm2SvYJZa8QkAQwDZYrrf5uukFnXsbnWE9bb8SGb,451559171,1790662837,0,0,C4DBzPCgcUGLEYWf5UptRjankWELtMSmb4WbbKhcpump,TokenzQdBNbLqP5VEhdkAS6EPFLC1PHnBqCXEpPxuEb,https://ipfs.io/ipfs/bafkreifzxslclgzklpl5ipxixpsm2bp2h43kjafz4kpv7ysrmqz5qh7moy,pumpfun-create-borsh-v1,success
solana:3zsmRAQ34kcHjvtGH2wW2GwoP2tJdWMjcxR7vCyW35Ma39cxGjMnqFgkiZGg3R2jiyHgBkbUiWPMPYHY9wEoSxNh:2:0,solana-mainnet,pump.fun,3zsmRAQ34kcHjvtGH2wW2GwoP2tJdWMjcxR7vCyW35Ma39cxGjMnqFgkiZGg3R2jiyHgBkbUiWPMPYHY9wEoSxNh,451559164,1790662835,2,0,47ynaqGUB54NFbKkEfxKBPSHVfuPdXQpkMsWHmUqpump,TokenzQdBNbLqP5VEhdkAS6EPFLC1PHnBqCXEpPxuEb,https://ipfs.io/ipfs/QmZg9jBiceyo7Mhy3EmpqvVczQCFGhBJXYagxFQtWdroHN,pumpfun-create-borsh-v1,success
solana:67g3LfV2QgmXksy2YAqpQz3R7kaXPYyp3iovCzeNJxFvav9cVETabKVQzQBYGvoXtkT5pPV3JmpNEWRM8GCkSVnh:2:0,solana-mainnet,pump.fun,67g3LfV2QgmXksy2YAqpQz3R7kaXPYyp3iovCzeNJxFvav9cVETabKVQzQBYGvoXtkT5pPV3JmpNEWRM8GCkSVnh,451559122,1790662824,2,0,9aGJYGF1vFJaSQFdr98BQBF9dtRkvot5bEgEmDGTpump,TokenzQdBNbLqP5VEhdkAS6EPFLC1PHnBqCXEpPxuEb,https://ipfs.io/ipfs/QmQB7KrSWhdPGE4wRqHaDgp2cvdMP8Wo6UDNMiFZmQUvp4,pumpfun-create-borsh-v1,success
solana:3ugREjFVwSUKuFRC9ajL4tjpvDVoscYXrRbCzuDEsXt1Q3wJ1gWunnicpD9ZcYm4xDLeqNKWBccJbThpoFBwkQ5E:2:0,solana-mainnet,pump.fun,3ugREjFVwSUKuFRC9ajL4tjpvDVoscYXrRbCzuDEsXt1Q3wJ1gWunnicpD9ZcYm4xDLeqNKWBccJbThpoFBwkQ5E,451559122,1790662824,2,0,LaiuXZKogWShxBWTPYZWmAeQJ48c6vndxArwLqxpump,TokenzQdBNbLqP5VEhdkAS6EPFLC1PHnBqCXEpPxuEb,https://ipfs.io/ipfs/bafkreiaj6vyp3ec72vj46xaepmhkhj7kuws76cfxkgcv4qgkxj6oxo7fle,pumpfun-create-borsh-v1,success
solana:3zbqYpXySpjMmZbizKEvFWZrkpYHBwtgM9AmpjAL6rnnJMrCvccNMEQQqwurQGrBwGhccWyTvmyXYSJHbpqMGv1x:2:0,solana-mainnet,pump.fun,3zbqYpXySpjMmZbizKEvFWZrkpYHBwtgM9AmpjAL6rnnJMrCvccNMEQQqwurQGrBwGhccWyTvmyXYSJHbpqMGv1x,451559115,1790662822,2,0,GBob1xbExTSYSKcd57SQR4LQaD8N2C32H3JSqd93pump,TokenzQdBNbLqP5VEhdkAS6EPFLC1PHnBqCXEpPxuEb,https://ipfs.io/ipfs/QmYk3f3VnoVJS8zPGfDS4X6S6YYPLwgfRHN6ttFgGkh5kR,pumpfun-create-borsh-v1,success
solana:3u1LYBvrd3diPTxXeXidCkmsPs2UisqkgGDwZPTztGxnagTu9zzpRXP3VDd8AHjbJzq1DB7e1h3tKrH8Rg6WdwhG:0:0,solana-mainnet,pump.fun,3u1LYBvrd3diPTxXeXidCkmsPs2UisqkgGDwZPTztGxnagTu9zzpRXP3VDd8AHjbJzq1DB7e1h3tKrH8Rg6WdwhG,451559113,1790662821,0,0,9cz9EwqKnVuvh6BQfahrAx8PG8Q99zhC3MtK948AUQEf,TokenzQdBNbLqP5VEhdkAS6EPFLC1PHnBqCXEpPxuEb, https://gateway.irys.xyz/DSj2ZCg86xD3Tm7jnQ9sQSxYUAVaY7AgN1PQ7yw6denP,pumpfun-create-borsh-v1,success
solana:F1namCgwGX3z9ETKFsoxknJ7GPqthhzyWyYyWFysDe6WD3GgDBGvJYe2x69wjTFxCkuaffGHhcVjvHVnPWgLEp1:2:0,solana-mainnet,pump.fun,F1namCgwGX3z9ETKFsoxknJ7GPqthhzyWyYyWFysDe6WD3GgDBGvJYe2x69wjTFxCkuaffGHhcVjvHVnPWgLEp1,451559103,1790662819,2,0,5LN7m6iaMbXJyTSwDq9VibvwVQ3NfyBhHi1zDNPZpump,TokenzQdBNbLqP5VEhdkAS6EPFLC1PHnBqCXEpPxuEb,https://ipfs.io/ipfs/Qmf5KSGN4H8gFoPJfAEJGuZ4VpmRRkmi6BmdfQHYmmtxea,pumpfun-create-borsh-v1,success
solana:5vgZtMGmub4qxQ5DZ1m3UQe22fDVHCmSRdBpNRSsyP8bS24o4Ck9w21V9m3NA4efj3Z4MgrVrXWfZbxnHe24X8i5:2:0,solana-mainnet,pump.fun,5vgZtMGmub4qxQ5DZ1m3UQe22fDVHCmSRdBpNRSsyP8bS24o4Ck9w21V9m3NA4efj3Z4MgrVrXWfZbxnHe24X8i5,451559098,1790662817,2,0,2JTsqsYpK5hCvEf3CdHvR5VMbz29WYeQ8aPghzBSqr3s,TokenzQdBNbLqP5VEhdkAS6EPFLC1PHnBqCXEpPxuEb,https://ipfs2.extraction.live/ipfs/2JTsqsYpK5hCvEf3CdHvR5VMbz29WYeQ8aPghzBSqr3s,pumpfun-create-borsh-v1,success
solana:66SJo3zxbdPGyg7n6JedgeccDkFoeoq8XKhuQKkT3pm39sC5GSFL9HQhqPrwJzBbKCb8YTJUYjYQDTf4KbKGxTTx:2:0,solana-mainnet,pump.fun,66SJo3zxbdPGyg7n6JedgeccDkFoeoq8XKhuQKkT3pm39sC5GSFL9HQhqPrwJzBbKCb8YTJUYjYQDTf4KbKGxTTx,451559092,1790662816,2,0,5Eo8bRbSWczHbPzLs3DKXmJUjR8a65z5gw477koUpump,TokenzQdBNbLqP5VEhdkAS6EPFLC1PHnBqCXEpPxuEb,https://ipfs.io/ipfs/QmTjQeyYKX7CGEjX6dgtRpmia97edUGpgioJ5t8rpg8xZE,pumpfun-create-borsh-v1,success
solana:4HnfVDH22ke4ZP58Ycmdbitr679mF4MGUU98Nho625ukH3ksk5LRG51ZsdU3hMtf5DzffgUvrgPNJMLPyBuPGqRe:3:0,solana-mainnet,pump.fun,4HnfVDH22ke4ZP58Ycmdbitr679mF4MGUU98Nho625ukH3ksk5LRG51ZsdU3hMtf5DzffgUvrgPNJMLPyBuPGqRe,451559078,1790662812,3,0,96c9PVYmNW43HyGtEJrvLtPT4fqon75Aw3RnAFSFpump,TokenzQdBNbLqP5VEhdkAS6EPFLC1PHnBqCXEpPxuEb,https://ipfs.io/ipfs/bafkreidmbsc6ccsdeyqqzmpznwis5vseyzh5g3hgiblkqbpfe2mb3gfbau,pumpfun-create-borsh-v1,success
solana:3j81QjAZiz5oyKxYxZQWPSqHyzfyezR2DtwJZQDnBHtWUHfKQs9BJXYyrwWnfmcbxtrReKdLSCuKQBGSMJJFuwVt:2:0,solana-mainnet,pump.fun,3j81QjAZiz5oyKxYxZQWPSqHyzfyezR2DtwJZQDnBHtWUHfKQs9BJXYyrwWnfmcbxtrReKdLSCuKQBGSMJJFuwVt,451559072,1790662811,2,0,84b9T51AE9qHiTBKLaHdXxpWCfj5oJ9M6fbk7gk4pump,TokenzQdBNbLqP5VEhdkAS6EPFLC1PHnBqCXEpPxuEb,https://ipfs.io/ipfs/bafkreibvdce5crgibkzzciuetca6roplc762pmdhdwn2gsgscvryxrddke,pumpfun-create-borsh-v1,success
solana:xxNHCHmm8m86GpKAp51E4zMS4mSghPLVy1Yyms7tm3mb1tmdCpHAN2vqb7Xyft2uxWAegKXUFLutVsLBLTAM7Lj:2:0,solana-mainnet,pump.fun,xxNHCHmm8m86GpKAp51E4zMS4mSghPLVy1Yyms7tm3mb1tmdCpHAN2vqb7Xyft2uxWAegKXUFLutVsLBLTAM7Lj,451559071,1790662810,2,0,9zCznSJdgahDUkomVphUyY3VW2C7wHoo61sXUa2Upump,TokenzQdBNbLqP5VEhdkAS6EPFLC1PHnBqCXEpPxuEb,https://ipfs.io/ipfs/bafkreicfiyq7ziqddahearjtggrjfcoqhhictxbvel3a552kvquda5qkcm,pumpfun-create-borsh-v1,success
solana:3ycVuLt6PQ6PNxb37RHP9WtUZH6wCaAFwXW6ucaV93F3kgCq9j7EgXvABnSGVde6xPu6jiKxkt49aTHuabtEi1bu:2:0,solana-mainnet,pump.fun,3ycVuLt6PQ6PNxb37RHP9WtUZH6wCaAFwXW6ucaV93F3kgCq9j7EgXvABnSGVde6xPu6jiKxkt49aTHuabtEi1bu,451559068,1790662809,2,0,7pRCerneayW438iK9NukML1h1S9DGDgZGyJ9k5Ajpump,TokenzQdBNbLqP5VEhdkAS6EPFLC1PHnBqCXEpPxuEb,https://ipfs.io/ipfs/bafkreicfiyq7ziqddahearjtggrjfcoqhhictxbvel3a552kvquda5qkcm,pumpfun-create-borsh-v1,success
solana:27ZeAyg8C9BW7HBVZdchtyNrbhzL1fkjnGfgxdV7mQ5VwcjjGGv6mnicdXwg8gYf27Phu9AerxrC47eVx2cwXeU3:2:0,solana-mainnet,pump.fun,27ZeAyg8C9BW7HBVZdchtyNrbhzL1fkjnGfgxdV7mQ5VwcjjGGv6mnicdXwg8gYf27Phu9AerxrC47eVx2cwXeU3,451559060,1790662807,2,0,36ZxNnFA5wwKcyJRsc5vhr9EchSPCHKxqLufpfTipump,TokenzQdBNbLqP5VEhdkAS6EPFLC1PHnBqCXEpPxuEb,https://ipfs.io/ipfs/QmUXLG4BhNkTPLFZFMuMcBqypE8yJRBCLtZgiGsAUQ9kXF,pumpfun-create-borsh-v1,success
solana:63TDv6snau4wWFBTsf9RFPHeuLBfnuKMNGANN8nkSeGE6dLBD7jSQ6yA17dbSs7QyyUq6Hoh74H3Mk2KXiaswAiJ:2:0,solana-mainnet,pump.fun,63TDv6snau4wWFBTsf9RFPHeuLBfnuKMNGANN8nkSeGE6dLBD7jSQ6yA17dbSs7QyyUq6Hoh74H3Mk2KXiaswAiJ,451559056,1790662806,2,0,58JiXdWTB5jfTxkng9vgt8h1R8CbZEy8VqvHPN8Spump,TokenzQdBNbLqP5VEhdkAS6EPFLC1PHnBqCXEpPxuEb,https://ipfs.io/ipfs/QmSQP2gfcCzZ35774AtynRnVJZqySz2D6MpojBtkixUPFi,pumpfun-create-borsh-v1,success
solana:5t5d2DxfkW2rM3LwBjBG7xsris4jj8ofUnNxcj1K25Q77soaSatNguQ17JWyxiDKYUB4VCJ98rbr7NXcSke8r6pv:2:0,solana-mainnet,pump.fun,5t5d2DxfkW2rM3LwBjBG7xsris4jj8ofUnNxcj1K25Q77soaSatNguQ17JWyxiDKYUB4VCJ98rbr7NXcSke8r6pv,451559036,1790662801,2,0,Ga3neBiKbdBdQS8WLWNg7RPH5UBaB56Kr9ra3FVSVeD5,TokenzQdBNbLqP5VEhdkAS6EPFLC1PHnBqCXEpPxuEb,https://ipfs.io/ipfs/bafkreicyvedzok2rfm444vrs5sqdszzsibk7ptcnq3funajuppltkc2mnq,pumpfun-create-borsh-v1,success
solana:5hLBvoFbfibt8B49njBfPULjVJ6YrXYuGano5BhpFzxZNV53xX9pPewPx1aRuDv9HZ8xi3eaHZxig5bEBhqfoRAF:2:0,solana-mainnet,pump.fun,5hLBvoFbfibt8B49njBfPULjVJ6YrXYuGano5BhpFzxZNV53xX9pPewPx1aRuDv9HZ8xi3eaHZxig5bEBhqfoRAF,451559034,1790662800,2,0,AePiVvBThgudvA2pyKuogNPCHnvLCuA7onfGhsFtpump,TokenzQdBNbLqP5VEhdkAS6EPFLC1PHnBqCXEpPxuEb,https://ipfs.io/ipfs/Qmav9aWat6ScrS4Jsb6HU7X3QYu9rX9Lscf77QTWPgqDuB,pumpfun-create-borsh-v1,success
solana:4a9okCVL5q8QiDcr7gbnePr9ezi2RUfsttzitcZgjLMaycqXckRaV4Pwq3LmFoVtG4FunTQHNHDihyaSUzvAFSub:2:0,solana-mainnet,pump.fun,4a9okCVL5q8QiDcr7gbnePr9ezi2RUfsttzitcZgjLMaycqXckRaV4Pwq3LmFoVtG4FunTQHNHDihyaSUzvAFSub,451559030,1790662799,2,0,7KvEBk7nn8yve9mt9jrFmQua17ZeZkztSBAaoWJtkUXN,TokenzQdBNbLqP5VEhdkAS6EPFLC1PHnBqCXEpPxuEb,https://ipfs.io/ipfs/bafkreig3lrra22apatjswfxxonngjkcqm7em5zk45hvhmlvkkzqirw3wqy,pumpfun-create-borsh-v1,success
solana:4B9kfAMQQcAy68CARWDUvQMsmAEPn2hQAg8suqDsMrwvUPdm9PnFq45D8ZKeTRpZHXA9irULg41mjVQy96t66jDp:2:0,solana-mainnet,pump.fun,4B9kfAMQQcAy68CARWDUvQMsmAEPn2hQAg8suqDsMrwvUPdm9PnFq45D8ZKeTRpZHXA9irULg41mjVQy96t66jDp,451559018,1790662796,2,0,58MgXAXeqPJqSyVhAsXXsBWveiyQca3rn8VLGqMzMRZh,TokenzQdBNbLqP5VEhdkAS6EPFLC1PHnBqCXEpPxuEb,https://metadata.j7tracker.io/metadata/9507a4bfc5114798.json,pumpfun-create-borsh-v1,success
solana:FD68gxzgrh5Ycq9mXZBAn6VtepAM23HD8aZrXFq2vTeVkkWPp6jGdCrGpwk9zpAPYmc6xHfgJipy8cB584CuJhd:2:0,solana-mainnet,pump.fun,FD68gxzgrh5Ycq9mXZBAn6VtepAM23HD8aZrXFq2vTeVkkWPp6jGdCrGpwk9zpAPYmc6xHfgJipy8cB584CuJhd,451559016,1790662796,2,0,H6aZZ4YXS4k1Mqscq3cU2sANTKCiKgYLHJY2sKYkpump,TokenzQdBNbLqP5VEhdkAS6EPFLC1PHnBqCXEpPxuEb,https://ipfs.io/ipfs/QmfURefprGftAk3r4JpMSdkVh49Qv1DpPoSb4x718cxcA7,pumpfun-create-borsh-v1,success
solana:3FeoWv7ex7Hj71xX7t1TrKXyAoaYaLwi9CRR7mrpnMCSVxofgGJ9oKj2FykpcSCwnfZ8xLW8Jg78kFZ7GbubBZL7:2:0,solana-mainnet,pump.fun,3FeoWv7ex7Hj71xX7t1TrKXyAoaYaLwi9CRR7mrpnMCSVxofgGJ9oKj2FykpcSCwnfZ8xLW8Jg78kFZ7GbubBZL7,451559001,1790662792,2,0,7JxztejpVSDnHkuPwW7QKtrR5V3EqdqW7tEnm1fzpump,TokenzQdBNbLqP5VEhdkAS6EPFLC1PHnBqCXEpPxuEb,https://ipfs.io/ipfs/QmQB7KrSWhdPGE4wRqHaDgp2cvdMP8Wo6UDNMiFZmQUvp4,pumpfun-create-borsh-v1,success
solana:3LCM5LTbT5cE2sZRfhCGs4Dxyo3ZYWdXKhYq2NWNMxR5QXhu9S16Bh2psJ1tPdpqSpawC7QYm8hmnAsnWmk6i8Nw:2:0,solana-mainnet,pump.fun,3LCM5LTbT5cE2sZRfhCGs4Dxyo3ZYWdXKhYq2NWNMxR5QXhu9S16Bh2psJ1tPdpqSpawC7QYm8hmnAsnWmk6i8Nw,451558998,1790662791,2,0,F2ntKAw8rEtxxDHGy15yusgpjM6a32ZjCefhEDpepump,TokenzQdBNbLqP5VEhdkAS6EPFLC1PHnBqCXEpPxuEb,https://ipfs.io/ipfs/bafkreicinwajavowz4ctufe6onioqfuu43y24bv3rp4d6546o2aukvtoja,pumpfun-create-borsh-v1,success
solana:5ndCBBBBcHfBvXWg1FyXsyWQTDcvypKXqVbNXynS79aamwm2fWZ6oq2MwvpVPHa2fERzW4WbNGMz5QdjaTkmTXPj:2:0,solana-mainnet,pump.fun,5ndCBBBBcHfBvXWg1FyXsyWQTDcvypKXqVbNXynS79aamwm2fWZ6oq2MwvpVPHa2fERzW4WbNGMz5QdjaTkmTXPj,451558997,1790662790,2,0,8e6RAgprTsPezLHYRt88xws4bP1GVqVkez1V9FYGpump,TokenzQdBNbLqP5VEhdkAS6EPFLC1PHnBqCXEpPxuEb,https://ipfs.io/ipfs/QmQL2JySF8WVCod2aTtNXQgznfuuqTyngjmsRCiszxLSfU,pumpfun-create-borsh-v1,success
solana:5q2z25EX7ZSwc2kpuxpkpASQzXXnf5eTrV48Q7EjuLXicvdVusjto7eM99kq5rv6nHBZiggfvgRU4eFiCeu2q2PU:2:0,solana-mainnet,pump.fun,5q2z25EX7ZSwc2kpuxpkpASQzXXnf5eTrV48Q7EjuLXicvdVusjto7eM99kq5rv6nHBZiggfvgRU4eFiCeu2q2PU,451558994,1790662790,2,0,7ywsKWam8DApCT3rNvNHz2sB5yWHYEF28yog9UYrpump,TokenzQdBNbLqP5VEhdkAS6EPFLC1PHnBqCXEpPxuEb,https://ipfs.io/ipfs/bafkreicinwajavowz4ctufe6onioqfuu43y24bv3rp4d6546o2aukvtoja,pumpfun-create-borsh-v1,success
solana:2ARbBpW2q5RTk2a8Nkd2XfLXL9f8cPokRtvRRq8XJzqL7fF1psgshnCYtfie5wkrQcPf4x1HXQv5wdNMsx4HPXWh:1:0,solana-mainnet,pump.fun,2ARbBpW2q5RTk2a8Nkd2XfLXL9f8cPokRtvRRq8XJzqL7fF1psgshnCYtfie5wkrQcPf4x1HXQv5wdNMsx4HPXWh,451558971,1790662783,1,0,7UZrFP7QcCmaqvbREG5JmcUjwWXgmbaiKcj9phJ9pump,TokenzQdBNbLqP5VEhdkAS6EPFLC1PHnBqCXEpPxuEb,https://ipfs.io/ipfs/bafkreicxbrnsdi3elbeytx3yafggya67xhhwrhb5or3wvdohzu5zqhsxwy,pumpfun-create-borsh-v1,success
solana:5gDQexy9JmxqtTKV2evBx71Zf7iTptdvngeug9WyE4HJMWLtjHT6hCsxhmjA24drdfE9VU2wxEyo5HpHG5s5cJEz:2:0,solana-mainnet,pump.fun,5gDQexy9JmxqtTKV2evBx71Zf7iTptdvngeug9WyE4HJMWLtjHT6hCsxhmjA24drdfE9VU2wxEyo5HpHG5s5cJEz,451558963,1790662781,2,0,BT6ccxT4pXb29EVRJqTeqxSV1cMMYTtsb44nbcPEpump,TokenzQdBNbLqP5VEhdkAS6EPFLC1PHnBqCXEpPxuEb,https://ipfs.io/ipfs/QmVZ21W6u5nM9ZViSitisTGNYupW2UMGCWvQouabdC9i2X,pumpfun-create-borsh-v1,success
solana:4C1b6nwxMvAEbLV7PkMNHiFZUYoX1bhCAU9uAUz9e7uoUh8ETYeSiLmQpEW4CnqoTPCidZhfvjFoRMmgz6HwY8zq:2:0,solana-mainnet,pump.fun,4C1b6nwxMvAEbLV7PkMNHiFZUYoX1bhCAU9uAUz9e7uoUh8ETYeSiLmQpEW4CnqoTPCidZhfvjFoRMmgz6HwY8zq,451558963,1790662781,2,0,7NC25hiLZTaDyScHAeuU927BcCG4tJwAQ2gYBZRJpump,TokenzQdBNbLqP5VEhdkAS6EPFLC1PHnBqCXEpPxuEb,https://ipfs.io/ipfs/bafkreicywsgez5ewl7dtpww26n5nyvlm5yajeeacbuva3m53blzqf65ob4,pumpfun-create-borsh-v1,success
solana:4gqtEVNWpueC9fedtrkfTQirp25CTtrw8kui98Y89gzDnkcUGNH8btzg66YJpVrqx3DFgiukjD7PQnjd1p8dMNRV:2:0,solana-mainnet,pump.fun,4gqtEVNWpueC9fedtrkfTQirp25CTtrw8kui98Y89gzDnkcUGNH8btzg66YJpVrqx3DFgiukjD7PQnjd1p8dMNRV,451558963,1790662781,2,0,645ARY8c7aT9jknN4kjt8umb7XufQb7b8UQ3ec79pump,TokenzQdBNbLqP5VEhdkAS6EPFLC1PHnBqCXEpPxuEb,https://ipfs.io/ipfs/bafkreibz7a2trm7kp4bbg3iy4dq6x7h3tpxv5u3p5l3f6yvtrpssfzb2gm,pumpfun-create-borsh-v1,success
solana:2qLrNgPPx2mzaDsR9dXJKGjwfK4BQqrErRfePF7qCvb1avjEueobrbWfsFka2RQbYLX9GPcm9Lz6iSgu5UjHKbLX:0:0,solana-mainnet,pump.fun,2qLrNgPPx2mzaDsR9dXJKGjwfK4BQqrErRfePF7qCvb1avjEueobrbWfsFka2RQbYLX9GPcm9Lz6iSgu5UjHKbLX,451558958,1790662780,0,0,27vjEYFNm91Ree3xCz6WWpnjQ9cmHw9jhY83wrdUpump,TokenzQdBNbLqP5VEhdkAS6EPFLC1PHnBqCXEpPxuEb,https://ipfs.io/ipfs/QmUXLQHmWERxb7moYkf8D5Mgu7TiQ6ChS7btrVWwZD1ELo,pumpfun-create-borsh-v1,success
solana:P8A3NX5xDM45eBQobijn9qB4tYfdCZbR5Q2wvsqsaBUdwAfsCwqaQy5Dvsg1S4jaoTFKgYzExeZcrzVMEmdt6nj:2:0,solana-mainnet,pump.fun,P8A3NX5xDM45eBQobijn9qB4tYfdCZbR5Q2wvsqsaBUdwAfsCwqaQy5Dvsg1S4jaoTFKgYzExeZcrzVMEmdt6nj,451558954,1790662779,2,0,GkJ7oX5GjF83a8GgAscigBb55gN5zcSWwKtERFttpump,TokenzQdBNbLqP5VEhdkAS6EPFLC1PHnBqCXEpPxuEb,https://ipfs.io/ipfs/QmXXzkZLFG1aNv4pn4HDDJ9Z2LbNErfR94TxnE99Cb6HUp,pumpfun-create-borsh-v1,success
solana:2mjUVLp8HKsdN4n1TTeXN4K83KoJVkjbWeqHsLUYdVfn1c8FsAC14uUeDSDzAipeUS8fm8xEPBtLmL9Dkbb63CaV:2:0,solana-mainnet,pump.fun,2mjUVLp8HKsdN4n1TTeXN4K83KoJVkjbWeqHsLUYdVfn1c8FsAC14uUeDSDzAipeUS8fm8xEPBtLmL9Dkbb63CaV,451558947,1790662777,2,0,HUgWcogb1KXxCx74AKEyumwZbcBCYY4CNhTYaETKpump,TokenzQdBNbLqP5VEhdkAS6EPFLC1PHnBqCXEpPxuEb,https://ipfs.io/ipfs/bafkreifrpjzkhjcmlzllidkel56edfrospdpb3c5btmxk57xhu4wz4ygbm,pumpfun-create-borsh-v1,success
solana:MuzyB2zQoDMqvbHLT5qYVxRTbbbJhs9KXhtkgCbPGDALMmJRPmnw3smH7WB3JDHrUAzp9gLFsVcp9YbRCsSdg76:2:0,solana-mainnet,pump.fun,MuzyB2zQoDMqvbHLT5qYVxRTbbbJhs9KXhtkgCbPGDALMmJRPmnw3smH7WB3JDHrUAzp9gLFsVcp9YbRCsSdg76,451558944,1790662776,2,0,FgNw6ZgHzTDHe7BPJNbPcsnmbBJPq34BnvJTTRBCpump,TokenzQdBNbLqP5VEhdkAS6EPFLC1PHnBqCXEpPxuEb,https://ipfs.io/ipfs/bafkreifrpjzkhjcmlzllidkel56edfrospdpb3c5btmxk57xhu4wz4ygbm,pumpfun-create-borsh-v1,success
solana:2xzgTQPcL14KyMEoAv3YtcqHPdJToXx79vakcMxq6iMDdzK9vKQ6iHjURgBzueDVopXH2vRp59njK5tf8xhev5Cf:2:0,solana-mainnet,pump.fun,2xzgTQPcL14KyMEoAv3YtcqHPdJToXx79vakcMxq6iMDdzK9vKQ6iHjURgBzueDVopXH2vRp59njK5tf8xhev5Cf,451558941,1790662775,2,0,6jq1Hqe98Vmiwg6AyfGao2eXkcBE19C2CgYgXi4Kpump,TokenzQdBNbLqP5VEhdkAS6EPFLC1PHnBqCXEpPxuEb,https://ipfs.io/ipfs/QmNrd2tdjLpFxTzHg4vyd2KsqKtdXqon2Knx221P4Vsou7,pumpfun-create-borsh-v1,success
solana:PzPdZF5XjKBDUPcf4mubdrDCuuFF2WVeo9EEVd78Zv9kVLQd6uSt6ZcxhvSZD6YTGPzpZ2ZrV8JXJMFx7418YpD:2:0,solana-mainnet,pump.fun,PzPdZF5XjKBDUPcf4mubdrDCuuFF2WVeo9EEVd78Zv9kVLQd6uSt6ZcxhvSZD6YTGPzpZ2ZrV8JXJMFx7418YpD,451558924,1790662771,2,0,Gpp8yk7NF6ZNwZap2hudjS9XojBGhZFLUYrLGyUepump,TokenzQdBNbLqP5VEhdkAS6EPFLC1PHnBqCXEpPxuEb,https://ipfs.io/ipfs/QmdxGrB7DztVCfStQT7N4akVP4uMYwfkqjsDLgmQxgsFtT,pumpfun-create-borsh-v1,success
solana:4XqJhrZmMsLfcPhgKg3TDUkNfQT9jnGDM1iM1gUoDcpFd6byeZyu21hiSu54sksPX3dijTF2XyejahziwK6AD9kX:2:0,solana-mainnet,pump.fun,4XqJhrZmMsLfcPhgKg3TDUkNfQT9jnGDM1iM1gUoDcpFd6byeZyu21hiSu54sksPX3dijTF2XyejahziwK6AD9kX,451558924,1790662771,2,0,5NN2CWhmtvx8bn6UrZDGTTGf7wTjZ1X6X9mAJe3Spump,TokenzQdBNbLqP5VEhdkAS6EPFLC1PHnBqCXEpPxuEb,https://ipfs.io/ipfs/QmRoLXULe8zLVQDK6b7Kb4Zm3Dcz6MRGP8XH5BjZhSYVmZ,pumpfun-create-borsh-v1,success
solana:46sHFqGCXwemXuJjyVr1qVYmeSYALRCpmMBy2S1b9sn7YLwhWdo3bAxwr2ikiGnsnNhMoe5C3RSo41FoAFbrw5ax:2:0,solana-mainnet,pump.fun,46sHFqGCXwemXuJjyVr1qVYmeSYALRCpmMBy2S1b9sn7YLwhWdo3bAxwr2ikiGnsnNhMoe5C3RSo41FoAFbrw5ax,451558920,1790662770,2,0,AoryswX5YbCsfbSVX9tYwKPpDQTrEx83qgeuvupkpump,TokenzQdBNbLqP5VEhdkAS6EPFLC1PHnBqCXEpPxuEb,https://ipfs.io/ipfs/QmdGMazvUCpPdW6rhFSSxBBhpUCxPkm2CfW3gwy3yTJNGj,pumpfun-create-borsh-v1,success
solana:2BG83fNrRuqdQ78j1kMMg7M4GJeE5r9AvrBRrSKgbVVottzDyk277Hmiq6UJoEJrm9jT3eCghFXjF59WkBwqY2Us:2:0,solana-mainnet,pump.fun,2BG83fNrRuqdQ78j1kMMg7M4GJeE5r9AvrBRrSKgbVVottzDyk277Hmiq6UJoEJrm9jT3eCghFXjF59WkBwqY2Us,451558917,1790662769,2,0,DcxwK8QK3Vq2dWJBUDkEp82W1F1YgU5b6pSRDe7epump,TokenzQdBNbLqP5VEhdkAS6EPFLC1PHnBqCXEpPxuEb,https://ipfs.io/ipfs/QmR2ULunVxaNHdExdqCUDdSfd4y35rkso9KcoHraMRQv2n,pumpfun-create-borsh-v1,success
solana:gfeB31KDrytT9EfynTbkwD97svkeAc8tKberbBrrxATZ5Yva6txg4c34x37JPUtH6SQskGYFxZh8dWZHshsZfmW:0:0,solana-mainnet,pump.fun,gfeB31KDrytT9EfynTbkwD97svkeAc8tKberbBrrxATZ5Yva6txg4c34x37JPUtH6SQskGYFxZh8dWZHshsZfmW,451558905,1790662766,0,0,BfEAyMiALpmY4Q2ikxmmhfURjFh8eLhKCCUrXBwrpump,TokenzQdBNbLqP5VEhdkAS6EPFLC1PHnBqCXEpPxuEb,https://ipfs.io/ipfs/bafkreibpemcf6l5pjtlq7mkim2cdozq46lspfqxlx3ovlynh4mvwnu2bku,pumpfun-create-borsh-v1,success
solana:4mxHQEQp1y859PvsDy7T9pK1JrJcmCS8UQ46jbusrzFJnDMaSYWJB2socGs9CdceeEiGkWeUmT1Vc7AYxGQEpuXi:0:0,solana-mainnet,pump.fun,4mxHQEQp1y859PvsDy7T9pK1JrJcmCS8UQ46jbusrzFJnDMaSYWJB2socGs9CdceeEiGkWeUmT1Vc7AYxGQEpuXi,451558897,1790662764,0,0,Dr2Us1kq7XntBeSdfuSodswQKs54TzeomNWN8jK6ctdk,TokenzQdBNbLqP5VEhdkAS6EPFLC1PHnBqCXEpPxuEb,https://ogents.fun/api/onsol/launches/fa6b915b-4964-477b-ba58-295785aaf6d3/metadata,pumpfun-create-borsh-v1,success
solana:2nAR8CMB4yUnXeYz6znQzVg69DSvcsddChjN1uSTPYenbGPvGT8usDoquLmU9aLcn6L3HtMiuLBDaPMyiye6zcdM:2:0,solana-mainnet,pump.fun,2nAR8CMB4yUnXeYz6znQzVg69DSvcsddChjN1uSTPYenbGPvGT8usDoquLmU9aLcn6L3HtMiuLBDaPMyiye6zcdM,451558895,1790662764,2,0,Cnrf7QUD2B9a4ApcmnyX9fpXVvLnjoRuFEJ3MYs4pump,TokenzQdBNbLqP5VEhdkAS6EPFLC1PHnBqCXEpPxuEb,https://ipfs.io/ipfs/QmfURefprGftAk3r4JpMSdkVh49Qv1DpPoSb4x718cxcA7,pumpfun-create-borsh-v1,success
solana:3V4awm9jU7RxUf6Lfc2sbzucwgrHZgPandXy9JJ6Bp7mjqUk7PUaGYUymcova9YqsDjtRKQm9PETnuSu7grmf4sy:2:0,solana-mainnet,pump.fun,3V4awm9jU7RxUf6Lfc2sbzucwgrHZgPandXy9JJ6Bp7mjqUk7PUaGYUymcova9YqsDjtRKQm9PETnuSu7grmf4sy,451558882,1790662760,2,0,EL8Pj7dwwjXughCxf42EAqEqkumaTquNecqtyGKdwbvR,TokenzQdBNbLqP5VEhdkAS6EPFLC1PHnBqCXEpPxuEb,https://metadata.j7tracker.io/metadata/HNRAxb5AKr.json,pumpfun-create-borsh-v1,success
solana:2d2b2r8tRFK1rDAGQsLtSZaRb4QsWwDHaMva6xN6bXSwrx2VSGEn2piEVW7ywnDY99kN3Jh2NL7EDLeFuCNxF13R:2:0,solana-mainnet,pump.fun,2d2b2r8tRFK1rDAGQsLtSZaRb4QsWwDHaMva6xN6bXSwrx2VSGEn2piEVW7ywnDY99kN3Jh2NL7EDLeFuCNxF13R,451558854,1790662753,2,0,EoRcMF82UDMuMHxTxRDjJ4oym1zM5TFitJGh2oR38kJZ,TokenzQdBNbLqP5VEhdkAS6EPFLC1PHnBqCXEpPxuEb,https://metadata.j7tracker.io/metadata/2Elo1NkIzE.json,pumpfun-create-borsh-v1,success
solana:5zUE8M9H8zy37pYUwkTYCikSNAABHLUQddCrgjPmTDFJCpeh2Jcg6DDbuDH9qBHARVy2eXKueCXPzvhhP9kpDmF4:2:0,solana-mainnet,pump.fun,5zUE8M9H8zy37pYUwkTYCikSNAABHLUQddCrgjPmTDFJCpeh2Jcg6DDbuDH9qBHARVy2eXKueCXPzvhhP9kpDmF4,451558850,1790662752,2,0,2ZGsMYvwkDA8LMWxmMYgLtJwazJ2FuLxkDYvvapFpump,TokenzQdBNbLqP5VEhdkAS6EPFLC1PHnBqCXEpPxuEb,https://ipfs.io/ipfs/bafkreieoysxwtyhwe4zof6cvviy7yuaqve6kj54tt5zaasfktulmexdnui,pumpfun-create-borsh-v1,success
solana:2fFK2caj9iQ2DKKfDaFKgaPDJ2kXwuVHXjgi1sF3YvaQaN9zgXy6TW8JETDnSugDHgbqLEepcYAmqpSPxLwVjCAc:2:0,solana-mainnet,pump.fun,2fFK2caj9iQ2DKKfDaFKgaPDJ2kXwuVHXjgi1sF3YvaQaN9zgXy6TW8JETDnSugDHgbqLEepcYAmqpSPxLwVjCAc,451558837,1790662748,2,0,Gw2iCoWJfz1oh8hLPmorifqTAbfDBt5RFMKpTZhapump,TokenzQdBNbLqP5VEhdkAS6EPFLC1PHnBqCXEpPxuEb,https://ipfs.io/ipfs/QmZZdmBjnEcuS6cqGdhcGqDU5aA4dZT7JPJ2nPt4w6jF5z,pumpfun-create-borsh-v1,success
solana:2daaZkMr5faS1kdoEhtEU9obMhqFuX1vaT4y5w7yFydvQMnhzdTFk2Ag5Mn6uC8DopeGRyAEcZAo1y1D6JCbg44V:2:0,solana-mainnet,pump.fun,2daaZkMr5faS1kdoEhtEU9obMhqFuX1vaT4y5w7yFydvQMnhzdTFk2Ag5Mn6uC8DopeGRyAEcZAo1y1D6JCbg44V,451558830,1790662746,2,0,Acgx1fGV1HQZEujsNcYVMVzQgyEwMFePrLHFn4hVpump,TokenzQdBNbLqP5VEhdkAS6EPFLC1PHnBqCXEpPxuEb,https://ipfs.io/ipfs/QmdGMazvUCpPdW6rhFSSxBBhpUCxPkm2CfW3gwy3yTJNGj,pumpfun-create-borsh-v1,success
solana:a45Trjr2yBLrCCyEA5TfHSVAfX2Mz8nGfnuD11QcKEdzEWXMfU6mnzWv774WQ7p64Dw7yvWzeV5Qs7DVChP3S5p:2:1,solana-mainnet,pump.fun,a45Trjr2yBLrCCyEA5TfHSVAfX2Mz8nGfnuD11QcKEdzEWXMfU6mnzWv774WQ7p64Dw7yvWzeV5Qs7DVChP3S5p,451558809,1790662741,2,1,HphJ68HJ7YFk3C2D5NdR7zNTm2Lk9AT2kbHm5vovpump,TokenzQdBNbLqP5VEhdkAS6EPFLC1PHnBqCXEpPxuEb,https://ipfs.io/ipfs/QmXzf4Y1x34EpM9h7LCP27E59guFM8qM5KwQ8N7Db6oH72,pumpfun-create-borsh-v1,success
solana:4etZpL9DvW5x9Heem8zrfJxv9nxqNKEFNivfDHuiXpZD8WJ1SsvAYT7b49VfrEWao6DgqQGJo3mhaECBtrZfU88P:0:0,solana-mainnet,pump.fun,4etZpL9DvW5x9Heem8zrfJxv9nxqNKEFNivfDHuiXpZD8WJ1SsvAYT7b49VfrEWao6DgqQGJo3mhaECBtrZfU88P,451558805,1790662740,0,0,57rMtt92ZJF1h9CuhSZNppbpEAenA1UDU4LqBFDfw5ez,TokenzQdBNbLqP5VEhdkAS6EPFLC1PHnBqCXEpPxuEb, https://gateway.irys.xyz/DSj2ZCg86xD3Tm7jnQ9sQSxYUAVaY7AgN1PQ7yw6denP,pumpfun-create-borsh-v1,success
solana:eHj57JE2cVwFjAU4FgwmzQn96V2kvk6HavPpXph6aqWjsEZQFmNAryAiDqAy5FkAPEsSBaCG2JMXRxu8CeooMtv:0:0,solana-mainnet,pump.fun,eHj57JE2cVwFjAU4FgwmzQn96V2kvk6HavPpXph6aqWjsEZQFmNAryAiDqAy5FkAPEsSBaCG2JMXRxu8CeooMtv,451558798,1790662738,0,0,8ifkf8hcEe4iT7mzjB8yCcm3tLbZLmVToF2D4MmJpump,TokenzQdBNbLqP5VEhdkAS6EPFLC1PHnBqCXEpPxuEb,https://ipfs.io/ipfs/bafkreidrnb3qjq3shzdcbkyvlxjda42gz4o4k52nwxnjhowwgx2k3zwioy,pumpfun-create-borsh-v1,success
solana:4MrfpvvB2fu8zG5rw8HUmYq5HvpCSrzPWa4kr4NySKHfWMMb8rEbvjSk9z5upivwakapRnDjnJxtK4ULJU3GRbPG:2:0,solana-mainnet,pump.fun,4MrfpvvB2fu8zG5rw8HUmYq5HvpCSrzPWa4kr4NySKHfWMMb8rEbvjSk9z5upivwakapRnDjnJxtK4ULJU3GRbPG,451558787,1790662735,2,0,5pL397DTSwFoXtt85TdNqFYC2k9Mn3jtfrrqNCLJpump,TokenzQdBNbLqP5VEhdkAS6EPFLC1PHnBqCXEpPxuEb,https://ipfs.io/ipfs/Qmd57ANHxjo1NgPjXEQE1Z2TdiCxLuJTYbNVf5yNFbQju8,pumpfun-create-borsh-v1,success
solana:vyf1pyUcf6eaaceouEdXvzCRV8K8FYuAF1pNt1jWHeQ3kAftS8uLQG9dxTe9897WZ6biHm13i7DWTJDqkpLPYqE:0:0,solana-mainnet,pump.fun,vyf1pyUcf6eaaceouEdXvzCRV8K8FYuAF1pNt1jWHeQ3kAftS8uLQG9dxTe9897WZ6biHm13i7DWTJDqkpLPYqE,451558782,1790662734,0,0,Bn1syAiK8CMiymxCwxearxCYbJQBhmD3JqWKFX6ppump,TokenzQdBNbLqP5VEhdkAS6EPFLC1PHnBqCXEpPxuEb,https://ipfs.io/ipfs/bafkreidbh4qj6by2xagyajybzeywooc4e3mvigamdameh5l2jslffjfvg4,pumpfun-create-borsh-v1,success
solana:5SUhTUfzL3PecVs21DQUvATxLWL6EvirRs8gfbDaM4yGdHfUpG4tCkutRAafjyVKw9uWFacZzL1NVTqCXUigzx7z:2:0,solana-mainnet,pump.fun,5SUhTUfzL3PecVs21DQUvATxLWL6EvirRs8gfbDaM4yGdHfUpG4tCkutRAafjyVKw9uWFacZzL1NVTqCXUigzx7z,451558772,1790662731,2,0,A3KA2p1DDPtFBsLCbGT4XzM1ERjP98Py9tPsX7Sgpump,TokenzQdBNbLqP5VEhdkAS6EPFLC1PHnBqCXEpPxuEb,https://ipfs.io/ipfs/QmQB7KrSWhdPGE4wRqHaDgp2cvdMP8Wo6UDNMiFZmQUvp4,pumpfun-create-borsh-v1,success
solana:3ConzEx1twq326dFXzBXETYkuT6cfZLm5Xipd61nockMe39ef1ZWwY7ZHaHzjphLfLqhWg1UC25VDGXD4ztbwbze:2:0,solana-mainnet,pump.fun,3ConzEx1twq326dFXzBXETYkuT6cfZLm5Xipd61nockMe39ef1ZWwY7ZHaHzjphLfLqhWg1UC25VDGXD4ztbwbze,451558761,1790662728,2,0,EVK6rzm7Kk86fiyGNqytvKJBpMahcQbjZgzdSvDBpump,TokenzQdBNbLqP5VEhdkAS6EPFLC1PHnBqCXEpPxuEb,https://ipfs.io/ipfs/QmbyFXm32YiUDVrhEXT4j9nHVomYfqpmEtmc78cMQEL6fg,pumpfun-create-borsh-v1,success
solana:5R6UJUSdNrDgNq8bSkNtuaLwuk2FYsb4QCh9qJ4i91KQc8Byv6kLqfizoD2Jjbf9c5okMkuDXV4CHBCoPiNV8aYj:2:0,solana-mainnet,pump.fun,5R6UJUSdNrDgNq8bSkNtuaLwuk2FYsb4QCh9qJ4i91KQc8Byv6kLqfizoD2Jjbf9c5okMkuDXV4CHBCoPiNV8aYj,451558755,1790662727,2,0,FTb2R51J9msoELoW5G6pPu7xwbMkX7yd6HCqvQLKpump,TokenzQdBNbLqP5VEhdkAS6EPFLC1PHnBqCXEpPxuEb,https://ipfs.io/ipfs/bafkreieemncrjq6txctcje4txo7rifzorgce4cdxouq7om5qumpeppc4xq,pumpfun-create-borsh-v1,success
solana:4FucjYyo8JMVkDCcbe45bYmVnZn21zFCKS8dMAFEpUCtXVdwbdbbJE6qiKaX7C6PKBbAUiqxfvJzRQAzcLuYWJLR:2:0,solana-mainnet,pump.fun,4FucjYyo8JMVkDCcbe45bYmVnZn21zFCKS8dMAFEpUCtXVdwbdbbJE6qiKaX7C6PKBbAUiqxfvJzRQAzcLuYWJLR,451558732,1790662720,2,0,6QTwsLdL3Uv9vxbqDja1jER5ZB1Y7KpbWyBKRVfipump,TokenzQdBNbLqP5VEhdkAS6EPFLC1PHnBqCXEpPxuEb,https://ipfs.io/ipfs/QmfB7NqvvuuvAHXWepMYVK35eKPuqmNiUYRfepQT5adKMB,pumpfun-create-borsh-v1,success
solana:eRPQHLjQfDroNM2Uw6c1YsRCtyaMXuHY64dJeXFeFqHRUkgKy2XfTyfZLhZEHrdNiNsK2UoTfrBNB6KzLxgLAk1:2:0,solana-mainnet,pump.fun,eRPQHLjQfDroNM2Uw6c1YsRCtyaMXuHY64dJeXFeFqHRUkgKy2XfTyfZLhZEHrdNiNsK2UoTfrBNB6KzLxgLAk1,451558728,1790662719,2,0,9hRkdqnmbQSzV4behDgUYYc6oNoxyDFUuGmrjar7pump,TokenzQdBNbLqP5VEhdkAS6EPFLC1PHnBqCXEpPxuEb,https://ipfs.io/ipfs/QmdxGrB7DztVCfStQT7N4akVP4uMYwfkqjsDLgmQxgsFtT,pumpfun-create-borsh-v1,success
solana:6342D6suAA64Sze4RqsVNheA7TXeiFLHHhyuVy9SvhMxyhaWbnGK6FQa6DgYXreMKizi9DTmC8YERtMsnWtGEHKP:2:0,solana-mainnet,pump.fun,6342D6suAA64Sze4RqsVNheA7TXeiFLHHhyuVy9SvhMxyhaWbnGK6FQa6DgYXreMKizi9DTmC8YERtMsnWtGEHKP,451558725,1790662719,2,0,4po8DKvvRSchEjA7EdqBn2LYFoPqP2iBAGaPgnp6pump,TokenzQdBNbLqP5VEhdkAS6EPFLC1PHnBqCXEpPxuEb,https://ipfs.io/ipfs/QmUXLG4BhNkTPLFZFMuMcBqypE8yJRBCLtZgiGsAUQ9kXF,pumpfun-create-borsh-v1,success
solana:2SAPh99Lcz7PPiCCrs8CRB4yepiBkx5ciiiFtCbm7ZeeqPH83RJLdEGs9wGPupPEsoUU3nmy8cjJx2GuJ8YRboEi:2:0,solana-mainnet,pump.fun,2SAPh99Lcz7PPiCCrs8CRB4yepiBkx5ciiiFtCbm7ZeeqPH83RJLdEGs9wGPupPEsoUU3nmy8cjJx2GuJ8YRboEi,451558720,1790662717,2,0,6TzFgwUskSqQVzXnne2JZfDYihZSJWRHsu7tR6rUpump,TokenzQdBNbLqP5VEhdkAS6EPFLC1PHnBqCXEpPxuEb,https://ipfs.io/ipfs/QmaWmTTP7qhJcCLHH6Rpj22kqvmjb8kYt2K8uwBNi8pxxk,pumpfun-create-borsh-v1,success
solana:Q32K4jdf2Tg6T6jkeWgqcRFPMqEXcimRL2TZqsrskcrGnC4JrfAWRBDpgWn6CES6Wyoo8Qp3gNvqzy7726Yui4g:2:0,solana-mainnet,pump.fun,Q32K4jdf2Tg6T6jkeWgqcRFPMqEXcimRL2TZqsrskcrGnC4JrfAWRBDpgWn6CES6Wyoo8Qp3gNvqzy7726Yui4g,451558673,1790662705,2,0,73D1TFWn649AAXWQ5P4dKdpYefL5dQiCL1Ua3Bp7pump,TokenzQdBNbLqP5VEhdkAS6EPFLC1PHnBqCXEpPxuEb,https://ipfs.io/ipfs/QmRvH8ZULiT4L2k4GqFuedm4UHbnRrtKxv336ic6g1UdoT,pumpfun-create-borsh-v1,success
solana:amdf96HvJt8BtNaajJQsu6jzkeKyn9W8JtZGcSoRe3htWeM5u6FvY4TQxuF4yCiHbs1ASWXRLNyuKNPqkM9Rqtv:2:0,solana-mainnet,pump.fun,amdf96HvJt8BtNaajJQsu6jzkeKyn9W8JtZGcSoRe3htWeM5u6FvY4TQxuF4yCiHbs1ASWXRLNyuKNPqkM9Rqtv,451558662,1790662702,2,0,DbbWCZ6m16ivKjbCFe1ooMD1SELrV4z7kyNrBufapump,TokenzQdBNbLqP5VEhdkAS6EPFLC1PHnBqCXEpPxuEb,https://ipfs.io/ipfs/bafkreicmpx62rfqva3icjgbxave3at5ryhdociihw3yupont6k3o4wgdn4,pumpfun-create-borsh-v1,success
solana:MXzymoDs6KQ7wzfRyBguRiNHySo9N4YRAsHET6jreBWCNoSyYzYm33iGtYPCZCAhsLBvBHK1Yrs7KycxSwfzq7c:2:0,solana-mainnet,pump.fun,MXzymoDs6KQ7wzfRyBguRiNHySo9N4YRAsHET6jreBWCNoSyYzYm33iGtYPCZCAhsLBvBHK1Yrs7KycxSwfzq7c,451558652,1790662699,2,0,Edtc3s7CkHDuBamuK99XhGZ5PCRo4UFRPRqZjPPZpump,TokenzQdBNbLqP5VEhdkAS6EPFLC1PHnBqCXEpPxuEb,https://ipfs.io/ipfs/QmfURefprGftAk3r4JpMSdkVh49Qv1DpPoSb4x718cxcA7,pumpfun-create-borsh-v1,success
solana:5qz232HZ4KmUV89Rer6nojp8ThTokmL9ZobzELhzMKYsS1asRPgcwENwnmv4QCWFY1yEhPHxLUvRXRho5Rngbg8S:2:0,solana-mainnet,pump.fun,5qz232HZ4KmUV89Rer6nojp8ThTokmL9ZobzELhzMKYsS1asRPgcwENwnmv4QCWFY1yEhPHxLUvRXRho5Rngbg8S,451558644,1790662696,2,0,Hm94A2EqDiq3kjUfQvnxSdTZM3bCcQh1MiAcGCtDpump,TokenzQdBNbLqP5VEhdkAS6EPFLC1PHnBqCXEpPxuEb,https://ipfs.io/ipfs/bafkreie7uysdzruunno3wzzt4wyygi3exv2zuwag64teqgaz2dsrn5tpi4,pumpfun-create-borsh-v1,success
solana:n4wpYGZdFzsn9hYctRB8hrFnBXZqX9tnAoFwdkmwLqwzResEpJZzGZcyzJxJLqiCLPUieV6zUFj4jPNjf4Ff7v4:2:0,solana-mainnet,pump.fun,n4wpYGZdFzsn9hYctRB8hrFnBXZqX9tnAoFwdkmwLqwzResEpJZzGZcyzJxJLqiCLPUieV6zUFj4jPNjf4Ff7v4,451558626,1790662691,2,0,4ux7fJFeCNwdWi7Tt3Jz8iMvsvRCo3hecDXkehrupump,TokenzQdBNbLqP5VEhdkAS6EPFLC1PHnBqCXEpPxuEb,https://ipfs.io/ipfs/QmW9xtn7bvix1oDeeqYiYKrecfctCPxmP6qsRPkXoNhVtE,pumpfun-create-borsh-v1,success
solana:2pi73t97zzA9ft9SpNjE8MkEUzCeRStqyrSMRxcL8hB46CxJFnYAovAp6SDooYVP6hDLwiDGx5BxbVLyNedBNjXe:2:0,solana-mainnet,pump.fun,2pi73t97zzA9ft9SpNjE8MkEUzCeRStqyrSMRxcL8hB46CxJFnYAovAp6SDooYVP6hDLwiDGx5BxbVLyNedBNjXe,451558611,1790662687,2,0,8nKggRYFdGnpLZqxmyw1Gne8puY2mCYuAtZCe4LSpump,TokenzQdBNbLqP5VEhdkAS6EPFLC1PHnBqCXEpPxuEb,https://ipfs.io/ipfs/bafkreif7lctigde3mq25f2e6mpa7nspuwnwvpmxmdap6arrumyso5u2bye,pumpfun-create-borsh-v1,success
solana:5EfBY61HmYfjjvj492dvJK2xwUoSMhPTUZpCw2McjvAHpZRXX3zScznaBuyt1K5sUpq3yUkYBX7vrxCJowoBx7HH:2:0,solana-mainnet,pump.fun,5EfBY61HmYfjjvj492dvJK2xwUoSMhPTUZpCw2McjvAHpZRXX3zScznaBuyt1K5sUpq3yUkYBX7vrxCJowoBx7HH,451558595,1790662683,2,0,GKazhhDMeKHGEPn56mevZ3wbn923wunAHU5nSPWbpump,TokenzQdBNbLqP5VEhdkAS6EPFLC1PHnBqCXEpPxuEb,https://ipfs.io/ipfs/QmWhabDrLmJ695bntu18rcpEcMwXU5SPYAhJ7eRJErxuKN,pumpfun-create-borsh-v1,success
solana:AfgzdAxtVzFrf4miyS9M7mdsRFs5AbeZVrjXN893mK6ktE8zTryezomeEsomNKYsZnMZvHps1pcz9Fchw7kzmmC:2:0,solana-mainnet,pump.fun,AfgzdAxtVzFrf4miyS9M7mdsRFs5AbeZVrjXN893mK6ktE8zTryezomeEsomNKYsZnMZvHps1pcz9Fchw7kzmmC,451558583,1790662680,2,0,EHygmMnU3T74nahFVgkzv8MMRDwC9RwNhunmAycCpump,TokenzQdBNbLqP5VEhdkAS6EPFLC1PHnBqCXEpPxuEb,https://ipfs.io/ipfs/QmX19Yov2AYiX7Ghef4wv6Q46B465xgH18HTT6zmrZpYuw,pumpfun-create-borsh-v1,success
solana:48HzyNXCa3jTTnBuVvyPQQZC7McHnXqvBSaGNzEMvQTuLNdVQ67wNNJGVw6WqMMoHtByqLjSofLPNJsEUxFKUkHB:2:0,solana-mainnet,pump.fun,48HzyNXCa3jTTnBuVvyPQQZC7McHnXqvBSaGNzEMvQTuLNdVQ67wNNJGVw6WqMMoHtByqLjSofLPNJsEUxFKUkHB,451558574,1790662678,2,0,BfuNjfDYuhurYSxLLK45inQbD1TSECkyh9Kq37CWpump,TokenzQdBNbLqP5VEhdkAS6EPFLC1PHnBqCXEpPxuEb,https://ipfs.io/ipfs/QmeRBrP5KGNQxMnfyZxHw7zWcRVHFM9q8Yx38shVAuzdG7,pumpfun-create-borsh-v1,success
solana:3sjdapo8HtgMchFUbDKhbZQgV6zDiTqbqfnmBAysABZXfs42j65sSXtwkyXY2utrFyWdhgLDru9oi4vyzEsbvRQ5:2:0,solana-mainnet,pump.fun,3sjdapo8HtgMchFUbDKhbZQgV6zDiTqbqfnmBAysABZXfs42j65sSXtwkyXY2utrFyWdhgLDru9oi4vyzEsbvRQ5,451558572,1790662677,2,0,FUcsAWFDtoZxPGdyJyEzo5B7AVuZWL7N7LkfoYeTpump,TokenzQdBNbLqP5VEhdkAS6EPFLC1PHnBqCXEpPxuEb,https://ipfs.io/ipfs/bafkreiaq6bo2vwrzx5n6ikednob5vzilllyejs3vou3v6fnwgltv2xuhjq,pumpfun-create-borsh-v1,success
solana:35EqTa51LEzhMts6DSaQeocaodQrZeYzFvn9WKDa7sY3mACJedhqoNWUn7muukhHtPRKBS3LFC6gme4ZeWB7QsY9:2:0,solana-mainnet,pump.fun,35EqTa51LEzhMts6DSaQeocaodQrZeYzFvn9WKDa7sY3mACJedhqoNWUn7muukhHtPRKBS3LFC6gme4ZeWB7QsY9,451558572,1790662677,2,0,juBNLj8S4qCgPAxzK4QJrVkNZWL7BitFN6PgKG7pump,TokenzQdBNbLqP5VEhdkAS6EPFLC1PHnBqCXEpPxuEb,https://ipfs.io/ipfs/QmdxGrB7DztVCfStQT7N4akVP4uMYwfkqjsDLgmQxgsFtT,pumpfun-create-borsh-v1,success
solana:2GDi3cjspbJVMJumgw8AJN5V8BPyKTRQPtLV1TQVkv9H4BiN3cC8EWqrBbZcxwwaJFrB4vD7mLG8dwcCUBFHAPu8:2:0,solana-mainnet,pump.fun,2GDi3cjspbJVMJumgw8AJN5V8BPyKTRQPtLV1TQVkv9H4BiN3cC8EWqrBbZcxwwaJFrB4vD7mLG8dwcCUBFHAPu8,451558572,1790662677,2,0,9oTu19NRvK9W1pa5d2XNgqXa8fQeshrRQ8AAqUBvpump,TokenzQdBNbLqP5VEhdkAS6EPFLC1PHnBqCXEpPxuEb,https://ipfs.io/ipfs/bafkreic3tu3alvcvj4xq3jmv7uxt3k3nkjrapntii2hrvh5sogjfk5dpgi,pumpfun-create-borsh-v1,success
solana:NHtJEe3LXJ4QYANqhVNRbDrZeTTig3ci8qjv6NcjDh13srHLfQ12rbpLVJybyLn8UYaQkWVXsS9NJBta16EepPt:2:0,solana-mainnet,pump.fun,NHtJEe3LXJ4QYANqhVNRbDrZeTTig3ci8qjv6NcjDh13srHLfQ12rbpLVJybyLn8UYaQkWVXsS9NJBta16EepPt,451558565,1790662675,2,0,J7ncGErEXDr6GMsrpBkMmcVDo1fBShnnKFBLVFV1pump,TokenzQdBNbLqP5VEhdkAS6EPFLC1PHnBqCXEpPxuEb,https://meta.uxento.io/data/17ca5b1e-7aa9-402e-a214-6e6601942520,pumpfun-create-borsh-v1,success
solana:3i4bz7y3akRgnQ1CeA16TeCvse3hge7csFkMpLMWtiNLDuz3pJ2dijzxi2dqZef7ab5MRcMiyJE4fPVcDeByj5JB:0:0,solana-mainnet,pump.fun,3i4bz7y3akRgnQ1CeA16TeCvse3hge7csFkMpLMWtiNLDuz3pJ2dijzxi2dqZef7ab5MRcMiyJE4fPVcDeByj5JB,451558562,1790662675,0,0,SNoGwM2yKdVFXHhxqCWSsThYt92tQkAKcKDs4ZVwif2,TokenzQdBNbLqP5VEhdkAS6EPFLC1PHnBqCXEpPxuEb, https://gateway.irys.xyz/DSj2ZCg86xD3Tm7jnQ9sQSxYUAVaY7AgN1PQ7yw6denP,pumpfun-create-borsh-v1,success
solana:4Y93yT7RPXMoRAKDshgzB4unC3W94pbcdmbSFMjK7bLyazZD57FeVq93n79pj6TrPo6neVdP1xSuCVrhRc2GN6DA:2:0,solana-mainnet,pump.fun,4Y93yT7RPXMoRAKDshgzB4unC3W94pbcdmbSFMjK7bLyazZD57FeVq93n79pj6TrPo6neVdP1xSuCVrhRc2GN6DA,451558561,1790662674,2,0,Dsaf8g875EqXFt5bWq6GZ1QnMuDnMfPyMWBznk2ipump,TokenzQdBNbLqP5VEhdkAS6EPFLC1PHnBqCXEpPxuEb,https://ipfs.io/ipfs/QmNxrKKgjLNNL8v8qUuDiATjBAVacJf4pD8TmQSo6tPeYv,pumpfun-create-borsh-v1,success
solana:4Evg7XH2GZnugDLaxGjKf5jexSbqhCGLAw1FJ7tjjvSAHFyFcm5uesvdGHyCThUdyo4ch4Bh4SprTStbmpyg156m:2:0,solana-mainnet,pump.fun,4Evg7XH2GZnugDLaxGjKf5jexSbqhCGLAw1FJ7tjjvSAHFyFcm5uesvdGHyCThUdyo4ch4Bh4SprTStbmpyg156m,451558558,1790662673,2,0,E6DWrdMHCytogxmz36spfYpmsNToTzMQ7zfNurpjpump,TokenzQdBNbLqP5VEhdkAS6EPFLC1PHnBqCXEpPxuEb,https://ipfs.io/ipfs/QmSZN8Fh8rYM45Ls4ZWum3oownEuTaKcdiiTxoWJA3jq8h,pumpfun-create-borsh-v1,success
solana:wm2SX5PWH9zwFu1LJf1G7wRk9EsC9VQkCACWVMAq4acrmkV9XwgTRY9X8fi3btnSp15TgpiJu4uE35bCHvpocZY:2:0,solana-mainnet,pump.fun,wm2SX5PWH9zwFu1LJf1G7wRk9EsC9VQkCACWVMAq4acrmkV9XwgTRY9X8fi3btnSp15TgpiJu4uE35bCHvpocZY,451558556,1790662673,2,0,82iWT3KwJSgDDUx2Vxwvc1iyN8W6c9PkjLDKRR3fpump,TokenzQdBNbLqP5VEhdkAS6EPFLC1PHnBqCXEpPxuEb,https://ipfs.io/ipfs/QmUXLG4BhNkTPLFZFMuMcBqypE8yJRBCLtZgiGsAUQ9kXF,pumpfun-create-borsh-v1,success
solana:NXAhZPCjQB3H9kRWqSC44nudC4kLf5vqEUDYgHVQCMGxsDeAUeP5qhbpAKHgzNSs6HVCz3YSMiT2tdtPAToYzSV:2:0,solana-mainnet,pump.fun,NXAhZPCjQB3H9kRWqSC44nudC4kLf5vqEUDYgHVQCMGxsDeAUeP5qhbpAKHgzNSs6HVCz3YSMiT2tdtPAToYzSV,451558551,1790662670,2,0,3WXXpxr4YakNsZKt3YRa37t3vCtrBQf84avKH1BWpump,TokenzQdBNbLqP5VEhdkAS6EPFLC1PHnBqCXEpPxuEb,https://ipfs.io/ipfs/bafkreigkhfg4tk4tttv34ukrzwludqlvk4h7taebspi7dffekkzhbq5azy,pumpfun-create-borsh-v1,success
solana:5HsnSUZsMtzHVnVMF71haznHtdv7vErZyEiEsNPyqNDXMJi7cpWanR3YNNc4Y7Pr34md1j2n1jZVEFLek1uKbpc7:2:0,solana-mainnet,pump.fun,5HsnSUZsMtzHVnVMF71haznHtdv7vErZyEiEsNPyqNDXMJi7cpWanR3YNNc4Y7Pr34md1j2n1jZVEFLek1uKbpc7,451558543,1790662668,2,0,41C9yrD8ww6LhakU4XHPxrB4VNsNkhNv9ZK52ZTppump,TokenzQdBNbLqP5VEhdkAS6EPFLC1PHnBqCXEpPxuEb,https://ipfs.io/ipfs/QmZbnRc2S7WzqM7ZtNgkMKkqNxduHDfqxHRERvJpeHR82c,pumpfun-create-borsh-v1,success
solana:A6iBFehwQjZtDGZG2YUNDEQdm7mAK8iAfur3phBcFBTA1zBwSrXi5DSdJmbLviU857RsvJsKhbCH8ttiYLPHXSZ:2:0,solana-mainnet,pump.fun,A6iBFehwQjZtDGZG2YUNDEQdm7mAK8iAfur3phBcFBTA1zBwSrXi5DSdJmbLviU857RsvJsKhbCH8ttiYLPHXSZ,451558541,1790662668,2,0,FP7LFm4o2m4kUaBFxVf16EJrT5kGEgkWua36wY3otNzw,TokenzQdBNbLqP5VEhdkAS6EPFLC1PHnBqCXEpPxuEb,https://gateway.pinata.cloud/ipfs/QmRjcM1d3zRg5DFiA5xDBsYFo7W5pTtXxUj9PSzP1FeA5q,pumpfun-create-borsh-v1,success
solana:5dBLjwX7Dk7JvHwcjabwcUK4mWBJkDCHY6PsfdhoeYg7jJF93g3uXg5zqefkM7xkUee8q5fhCjE19wX4BXQUav4o:2:1,solana-mainnet,pump.fun,5dBLjwX7Dk7JvHwcjabwcUK4mWBJkDCHY6PsfdhoeYg7jJF93g3uXg5zqefkM7xkUee8q5fhCjE19wX4BXQUav4o,451558540,1790662668,2,1,CZ1ADAzws2ZNfzL65e4oMYcrWzvbgdheEutckRdnpump,TokenzQdBNbLqP5VEhdkAS6EPFLC1PHnBqCXEpPxuEb,https://ipfs.io/ipfs/QmVULJHut8kMkmzEgKmgN3se1S7hdVLPrXicvFVHG9ybtu,pumpfun-create-borsh-v1,success
solana:3UKH2ZuXVVYnKkbd4HYiWMEtYBejr9uTA5kSTUrM6hR3ZWxwtZx5uC7pAHEsjLSTbBVa6QUDkD3xwzsfzbmckNxs:2:0,solana-mainnet,pump.fun,3UKH2ZuXVVYnKkbd4HYiWMEtYBejr9uTA5kSTUrM6hR3ZWxwtZx5uC7pAHEsjLSTbBVa6QUDkD3xwzsfzbmckNxs,451558540,1790662668,2,0,F4xoyzF7Uhy79Y7oLGkXu7sqkWkTQnfpuDrasAdspump,TokenzQdBNbLqP5VEhdkAS6EPFLC1PHnBqCXEpPxuEb,https://ipfs.io/ipfs/QmPP7s1Mar4R6WemaKigY2gRSVNimpfgBGJiByq8PmKdGN,pumpfun-create-borsh-v1,success
solana:2GXMXopBrgBwRZt4Nc1qkgpqn7togajZuSSKf2TFpJS4bioh1cRYJPFtv9DX153RczmDH2jjWHhvciZkXbBPcjxQ:2:0,solana-mainnet,pump.fun,2GXMXopBrgBwRZt4Nc1qkgpqn7togajZuSSKf2TFpJS4bioh1cRYJPFtv9DX153RczmDH2jjWHhvciZkXbBPcjxQ,451558537,1790662667,2,0,9QDXaYJxsPRxFGX4XXaSQagNXQDJghpFxxnsRRHWpump,TokenzQdBNbLqP5VEhdkAS6EPFLC1PHnBqCXEpPxuEb,https://ipfs.io/ipfs/QmW9xtn7bvix1oDeeqYiYKrecfctCPxmP6qsRPkXoNhVtE,pumpfun-create-borsh-v1,success
solana:31aGjF23mvZDN5MXGj9wHpwHgxzGFGFV19qEEuZ8KoALUX4jiqERs6KRqWoNhMMPvE3vVtdmafcAu6yhYttTgJkH:2:0,solana-mainnet,pump.fun,31aGjF23mvZDN5MXGj9wHpwHgxzGFGFV19qEEuZ8KoALUX4jiqERs6KRqWoNhMMPvE3vVtdmafcAu6yhYttTgJkH,451558533,1790662665,2,0,5kzte5wE9Gm2kXjonrGe684zJkkKC9gazx7vEbfmpump,TokenzQdBNbLqP5VEhdkAS6EPFLC1PHnBqCXEpPxuEb,https://ipfs.io/ipfs/bafkreig6f3qujm53g7j7xfhmdb4mjstn4yydpmtqyo7w7hqvfnt2ljepye,pumpfun-create-borsh-v1,success
solana:4ZwqCN4hZ4L3gzn3ZBjyRcFqzK3su4Jm5LfoVF48Tu5yrmKdrcxiP2MqQnpyUNU7CGGiTMGcDY9agtcRjMBc7ABf:2:0,solana-mainnet,pump.fun,4ZwqCN4hZ4L3gzn3ZBjyRcFqzK3su4Jm5LfoVF48Tu5yrmKdrcxiP2MqQnpyUNU7CGGiTMGcDY9agtcRjMBc7ABf,451558520,1790662661,2,0,Ek9FkGbiicGHvLLgXoboC1TdoJgFrwpCsAdhqyfXpump,TokenzQdBNbLqP5VEhdkAS6EPFLC1PHnBqCXEpPxuEb,https://ipfs.io/ipfs/bafkreiewf4qsbjpove6remb77uvog4btjqld7kbnyidg6helz2fwtmqlgm,pumpfun-create-borsh-v1,success
solana:5GRquRcxbq9QfDbs5ufQSna94zNeh3zLmjiYXS5KnouY6VPU7BLzCUwdy4Jzibt6LUyihRTHcBrNAcCeA7GrRfR9:2:0,solana-mainnet,pump.fun,5GRquRcxbq9QfDbs5ufQSna94zNeh3zLmjiYXS5KnouY6VPU7BLzCUwdy4Jzibt6LUyihRTHcBrNAcCeA7GrRfR9,451558512,1790662659,2,0,4wTV1YmiEkRvAtNtsSGPtUrqRYQMe5SKy2uB4Jjaxnjf,ATokenGPvbdGVxr1b2hvZbsiqW5xWH25efTNsLJA8knL,"    ",pumpfun-create-borsh-v1,success
solana:FFNiRaEqBB8BfipAzusrtVj2of6HQybqqTPUQQ4ZQwdgyxpQnRWqGjz5bFRtefESfZCuqtDRXPE6u2AgW7djPor:2:0,solana-mainnet,pump.fun,FFNiRaEqBB8BfipAzusrtVj2of6HQybqqTPUQQ4ZQwdgyxpQnRWqGjz5bFRtefESfZCuqtDRXPE6u2AgW7djPor,451558509,1790662658,2,0,8LMH4C2ZMYmKRfKh373an8pTr79aFTHX99oUecfMpump,TokenzQdBNbLqP5VEhdkAS6EPFLC1PHnBqCXEpPxuEb,https://ipfs.io/ipfs/bafkreihbevbdhapmzonej43qds5q4myejhief3xjwzzcwy4ph3hzh3gwum,pumpfun-create-borsh-v1,success
solana:3vM4Bh8Z1ygfgVLK1duuofTyQYY9J6qAwZ4YdQs87uQYReLdN3JFKSw8ajnhqn9hj9dbFVD84ohV8mf1RNumqA8m:2:0,solana-mainnet,pump.fun,3vM4Bh8Z1ygfgVLK1duuofTyQYY9J6qAwZ4YdQs87uQYReLdN3JFKSw8ajnhqn9hj9dbFVD84ohV8mf1RNumqA8m,451558490,1790662653,2,0,GFnoUpJCCXrHuE1rBPUtH8WvC5RZQDNmHQeTKT2SYMrM,TokenzQdBNbLqP5VEhdkAS6EPFLC1PHnBqCXEpPxuEb,https://ipfs.io/ipfs/bafkreihpypylkhycylp3dyiagfgd6lvg2go4c72qos2pg7y5dimpgojoxu,pumpfun-create-borsh-v1,success
solana:4t6dfRV6y2bCECocnn7ikVjpEg4n4R8tGLmm1RKoqcw5WmbKquoL2TFcyvKqSAtrxKmkJhVSRZW7TpdRP74k8j5C:2:0,solana-mainnet,pump.fun,4t6dfRV6y2bCECocnn7ikVjpEg4n4R8tGLmm1RKoqcw5WmbKquoL2TFcyvKqSAtrxKmkJhVSRZW7TpdRP74k8j5C,451558484,1790662651,2,0,3A4xBKbP5GH4warairgPzetCgLBAGrDsToty1nw6pump,TokenzQdBNbLqP5VEhdkAS6EPFLC1PHnBqCXEpPxuEb,https://ipfs.io/ipfs/bafkreihow64cqirycfgwpqft23mlelrlpdcjxeg4rdqdhyfjbjdzykbebm,pumpfun-create-borsh-v1,success
solana:5euwhiHZC6yN87cr3vgyFr6VnMh3NXGXNeAXPD4YwHSFGFrJ367HGMDuxqGNrSHGxJoDcDXTt9MyXQXvk5zdiBHz:2:0,solana-mainnet,pump.fun,5euwhiHZC6yN87cr3vgyFr6VnMh3NXGXNeAXPD4YwHSFGFrJ367HGMDuxqGNrSHGxJoDcDXTt9MyXQXvk5zdiBHz,451558459,1790662645,2,0,7zAq4AoABdtgc2JnBubrRHKoDr9B9d5duMGGPaJ4Bkuq,TokenzQdBNbLqP5VEhdkAS6EPFLC1PHnBqCXEpPxuEb,https://metadata.j7tracker.io/metadata/0e759f21c4164a47.json,pumpfun-create-borsh-v1,success
solana:3S7daNheCEBUHKVECNGDgFXCGBviTTAxXPUhSBRHe5mKPhaFa338NfKHCPcDN8vXon9VxsKF5Pu65YHtpKXT8Fop:2:0,solana-mainnet,pump.fun,3S7daNheCEBUHKVECNGDgFXCGBviTTAxXPUhSBRHe5mKPhaFa338NfKHCPcDN8vXon9VxsKF5Pu65YHtpKXT8Fop,451558456,1790662644,2,0,2WbQWznbSFC1uSVwSHMQFj9h1MaMcuknMxB2Pftgpump,TokenzQdBNbLqP5VEhdkAS6EPFLC1PHnBqCXEpPxuEb,https://ipfs.io/ipfs/QmVUdrF9ukF5eMjWACwtkYRmzC9f8Rt212TQAFJ4Z25sM3,pumpfun-create-borsh-v1,success
solana:3odeCRFsiyDG25TgyyfFgA1L6TFrvcSkz9hnZ8ME7PNxorYQsgWEDXsgTo8jBaDM8RboYDc2UbjCKzD6NZZ6vRjB:2:0,solana-mainnet,pump.fun,3odeCRFsiyDG25TgyyfFgA1L6TFrvcSkz9hnZ8ME7PNxorYQsgWEDXsgTo8jBaDM8RboYDc2UbjCKzD6NZZ6vRjB,451558450,1790662642,2,0,F9hY8eb5raJt715gPcxwAd7VRgQ4YY98dxRUN5bKpump,TokenzQdBNbLqP5VEhdkAS6EPFLC1PHnBqCXEpPxuEb,https://ipfs.io/ipfs/Qma6DoKKPRDzDwsZX8Nxhp8MV16SHQThxDoC5U6UAeBW3x,pumpfun-create-borsh-v1,success
solana:qkGBVV1SmiVHbTkn2qWLQz6n7AAr13ajn4Hg5ptqtGmDTVJ1qwjSjrhE4wJTCD8dpHE1gD5pKH3VQdoEv7XdpZq:2:0,solana-mainnet,pump.fun,qkGBVV1SmiVHbTkn2qWLQz6n7AAr13ajn4Hg5ptqtGmDTVJ1qwjSjrhE4wJTCD8dpHE1gD5pKH3VQdoEv7XdpZq,451558436,1790662639,2,0,BLBFc31hQyghEgNNcSkFNvwHcwfXSrDjd1xt48qPpump,TokenzQdBNbLqP5VEhdkAS6EPFLC1PHnBqCXEpPxuEb,https://ipfs.io/ipfs/bafkreiadcgpycuiurjhoutgijotjqsjntmy77wqqjichsgad6omf5sxw2y,pumpfun-create-borsh-v1,success
solana:5TjcTN9RAtPg6w8ZypzbWz4TJnYs9e2xBzUpAhPEmFXM4EvApaBR6w3AgeZgwdUwbwka3crF9fKXdAKQtPH4MbgW:2:0,solana-mainnet,pump.fun,5TjcTN9RAtPg6w8ZypzbWz4TJnYs9e2xBzUpAhPEmFXM4EvApaBR6w3AgeZgwdUwbwka3crF9fKXdAKQtPH4MbgW,451558430,1790662637,2,0,8e1wncd4SxFncEx6PGUUBSs3i5Ej5BSCTDLXo578pump,TokenzQdBNbLqP5VEhdkAS6EPFLC1PHnBqCXEpPxuEb,https://ipfs.io/ipfs/QmQB7KrSWhdPGE4wRqHaDgp2cvdMP8Wo6UDNMiFZmQUvp4,pumpfun-create-borsh-v1,success
solana:4BAsxSVmtKi7qeN2k3KEbXSGhXEvvUSS65oknb7m93pQyxc9A73PXZrHucZJGNuGSpXy5oC67CJgQvTab9r3KgP1:2:0,solana-mainnet,pump.fun,4BAsxSVmtKi7qeN2k3KEbXSGhXEvvUSS65oknb7m93pQyxc9A73PXZrHucZJGNuGSpXy5oC67CJgQvTab9r3KgP1,451558428,1790662637,2,0,2o3po5CDwzJkqGbfbwAtKhMPjmaETXKP6oBhLECdpump,TokenzQdBNbLqP5VEhdkAS6EPFLC1PHnBqCXEpPxuEb,https://ipfs.io/ipfs/QmUc9kKxEk66qACpHFFhsDT8bdiBtcAuyARmiiFWPaqBSQ,pumpfun-create-borsh-v1,success
solana:5kabh2FwZc6BtX3Zy225p3eMRvs9cq67zj2XKbn6qJKgYobPd1Lvew7LRovFmJ9ypiniJmTYKEcbsZ4BniGWXsV9:2:0,solana-mainnet,pump.fun,5kabh2FwZc6BtX3Zy225p3eMRvs9cq67zj2XKbn6qJKgYobPd1Lvew7LRovFmJ9ypiniJmTYKEcbsZ4BniGWXsV9,451558407,1790662631,2,0,GRhtoFxp5cxoMdP9AZiGgb2D2SQ6SwXPFYwRkAG1pump,TokenzQdBNbLqP5VEhdkAS6EPFLC1PHnBqCXEpPxuEb,https://ipfs.io/ipfs/QmXqyfgdLf1vGMdPLZpUzfHQQ9Qvt6AoZAAFQq82rSTp1C,pumpfun-create-borsh-v1,success
solana:k9NyKKy5PcUD7cYgDwRGJFAMGrhneFSjP7uMxmxRm3iCwvy1L6Jfs1crWLjzV2sPpP1c6i1Kxz1VjmHpvEhWpRT:3:0,solana-mainnet,pump.fun,k9NyKKy5PcUD7cYgDwRGJFAMGrhneFSjP7uMxmxRm3iCwvy1L6Jfs1crWLjzV2sPpP1c6i1Kxz1VjmHpvEhWpRT,451558407,1790662631,3,0,Gokgy5LxRRDExXA3dqUvz8AfVsgAQPntnySMjrRbpump,TokenzQdBNbLqP5VEhdkAS6EPFLC1PHnBqCXEpPxuEb,https://ipfs.io/ipfs/bafkreihkdyokh24q4hpoy26k2v3rm37dmpg5z6eqw3x26idc2mfjfaejvm,pumpfun-create-borsh-v1,success
solana:2t4txMphgZuVC4pFswsc99Xc3DJyGGjdDoaEbmipgocWk6fhBGB28e9h26BEJiiYtaV1B5VusTDnyFqb59KJEQww:2:0,solana-mainnet,pump.fun,2t4txMphgZuVC4pFswsc99Xc3DJyGGjdDoaEbmipgocWk6fhBGB28e9h26BEJiiYtaV1B5VusTDnyFqb59KJEQww,451558403,1790662630,2,0,4wTV1YmiEkRvAtNtsSGPtUrqRYQMe5SKy2uB4Jjaxnjf,ATokenGPvbdGVxr1b2hvZbsiqW5xWH25efTNsLJA8knL,"    ",pumpfun-create-borsh-v1,success
solana:2TnJSPTcgPRPcDdVBRP49pJjVygQmEZxFDwxysWq9RUsi25gVTuiuVMfYgAVNYfuNXoGpAd6KLHYMe7DREoDfKpq:2:0,solana-mainnet,pump.fun,2TnJSPTcgPRPcDdVBRP49pJjVygQmEZxFDwxysWq9RUsi25gVTuiuVMfYgAVNYfuNXoGpAd6KLHYMe7DREoDfKpq,451558401,1790662630,2,0,81PQURFkf7AgTZBUKdXDa8w1QS3fdojGk9hrHTmEpump,TokenzQdBNbLqP5VEhdkAS6EPFLC1PHnBqCXEpPxuEb,https://ipfs.io/ipfs/QmdxGrB7DztVCfStQT7N4akVP4uMYwfkqjsDLgmQxgsFtT,pumpfun-create-borsh-v1,success
solana:633fcSeJJbRQXSvp9ANcXCKLaA4hX3YkWJ3QaRwbnxz9GJSZLHDF2cHfKz2oLp6nmifdWAxoMYGbGYRSghUCwk3:2:0,solana-mainnet,pump.fun,633fcSeJJbRQXSvp9ANcXCKLaA4hX3YkWJ3QaRwbnxz9GJSZLHDF2cHfKz2oLp6nmifdWAxoMYGbGYRSghUCwk3,451558393,1790662627,2,0,2azPXZpcHeWtia6qzgCN6xNRBMvEQHTxRJkdqiJkpump,TokenzQdBNbLqP5VEhdkAS6EPFLC1PHnBqCXEpPxuEb,https://ipfs.io/ipfs/QmapqFAPfMr4x8ESQ5qSTtN2TCuXAw7kzt3Y9H1TGzBKz8,pumpfun-create-borsh-v1,success
solana:47uAKEUWEbENc7iWRVSsEhHsCDMQxu4iBJiyC6NjJ1Ccb96f92QqZyMgMsZ5kZ7wWv36eE8RcW6RQqYfZcit6iJP:2:0,solana-mainnet,pump.fun,47uAKEUWEbENc7iWRVSsEhHsCDMQxu4iBJiyC6NjJ1Ccb96f92QqZyMgMsZ5kZ7wWv36eE8RcW6RQqYfZcit6iJP,451558343,1790662614,2,0,36jPi4zKATPVEN7HBeRfv2ZziXEirMy1pP19FaGZpump,TokenzQdBNbLqP5VEhdkAS6EPFLC1PHnBqCXEpPxuEb,https://ipfs.io/ipfs/QmZrtSR6PtkNTDQPQo1bWzHQuNiMAfWTXxJPQvHmnMJJ7V,pumpfun-create-borsh-v1,success
solana:2GFre8vkhC1K1eh5CiDoqmkdXo18dUXNtCYg65rJb4NTADRJhfEv7kecwAVhkrme4KgkFwHB7j3KRBecF2QWdFmG:2:0,solana-mainnet,pump.fun,2GFre8vkhC1K1eh5CiDoqmkdXo18dUXNtCYg65rJb4NTADRJhfEv7kecwAVhkrme4KgkFwHB7j3KRBecF2QWdFmG,451558341,1790662613,2,0,EXU6D6mMriakRr7TGLDfz7WwR339nEoVy21oD8V3pump,TokenzQdBNbLqP5VEhdkAS6EPFLC1PHnBqCXEpPxuEb,https://ipfs.io/ipfs/QmXXzkZLFG1aNv4pn4HDDJ9Z2LbNErfR94TxnE99Cb6HUp,pumpfun-create-borsh-v1,success
solana:2MdLrzqDS85T6qY2dsmhER5etYCGXRXxEZPPi8Df6xXsRVrdRuZQuAFytVbPcpCEumPnmFqjB4ZfpzDau6M7tfCW:2:0,solana-mainnet,pump.fun,2MdLrzqDS85T6qY2dsmhER5etYCGXRXxEZPPi8Df6xXsRVrdRuZQuAFytVbPcpCEumPnmFqjB4ZfpzDau6M7tfCW,451558338,1790662613,2,0,9zNh6opGHfaboGpmFoTxaKutTq8HXNZJ8hBHq5y9pump,TokenzQdBNbLqP5VEhdkAS6EPFLC1PHnBqCXEpPxuEb,https://ipfs.io/ipfs/QmWXPKzv9afTNBMqJv9WP2oWvGrNLnBm6vg3btN5J778nN,pumpfun-create-borsh-v1,success
solana:3pXDCpHbThsf65iSuD3UGjRvsRScJu6T4TFrkzuBXUcQCybfH6hU17YKaQjrcm7oHJcPxtGaZMH6Jvgc9H83kpU:2:0,solana-mainnet,pump.fun,3pXDCpHbThsf65iSuD3UGjRvsRScJu6T4TFrkzuBXUcQCybfH6hU17YKaQjrcm7oHJcPxtGaZMH6Jvgc9H83kpU,451558328,1790662610,2,0,CpYCziZuS1xBmXXcyeXAhVz4KXpia7YWFF65CgWpump,TokenzQdBNbLqP5VEhdkAS6EPFLC1PHnBqCXEpPxuEb,https://ipfs.io/ipfs/QmPc31JccX7ov3WkbjKttjVcxJ5VahgB3F3twHVDdusC31,pumpfun-create-borsh-v1,success
solana:4VfgBbkXFUpT2q3MM9sAyXtrbu89SmDUsCxvTNBSQHEPE3P5367757y2NnLfiR6wXsF1qWqBnB3nQn7MaxKfve3v:0:0,solana-mainnet,pump.fun,4VfgBbkXFUpT2q3MM9sAyXtrbu89SmDUsCxvTNBSQHEPE3P5367757y2NnLfiR6wXsF1qWqBnB3nQn7MaxKfve3v,451558303,1790662603,0,0,ERH3QLmCCAia3y3jWvZeLPwnbRsMHPp91kcEMTSHabTs,TokenzQdBNbLqP5VEhdkAS6EPFLC1PHnBqCXEpPxuEb,https://metadata.j7tracker.io/m/luBKG8WDKx,pumpfun-create-borsh-v1,success
solana:4VVzYZdf5SNzQ7BjbrUdxaPGBUd4k7bFcgiSzRVzRbShSKY8kVLumis4Hd9oNPof23sMUFuFS9aySPE2z4GRnWN6:2:0,solana-mainnet,pump.fun,4VVzYZdf5SNzQ7BjbrUdxaPGBUd4k7bFcgiSzRVzRbShSKY8kVLumis4Hd9oNPof23sMUFuFS9aySPE2z4GRnWN6,451558279,1790662597,2,0,F25aS3LSe2BmJGzVSvqooXjmt6YxuozZkyNqfzJ8pump,TokenzQdBNbLqP5VEhdkAS6EPFLC1PHnBqCXEpPxuEb,https://ipfs.io/ipfs/QmPc31JccX7ov3WkbjKttjVcxJ5VahgB3F3twHVDdusC31,pumpfun-create-borsh-v1,success
solana:2JmwWLaBgaNR5zVhWXuRUk6kCrMHmz5oU2TaeKtfM3ATeZ6MC73CdLyKdJLQRF98fbK52yeTypJ4xCpg4thwvgxr:2:0,solana-mainnet,pump.fun,2JmwWLaBgaNR5zVhWXuRUk6kCrMHmz5oU2TaeKtfM3ATeZ6MC73CdLyKdJLQRF98fbK52yeTypJ4xCpg4thwvgxr,451558278,1790662596,2,0,CNq1EMRURJNHQyeNKaNiTFb4HCs2hiJsemYveqDG1zSP,TokenzQdBNbLqP5VEhdkAS6EPFLC1PHnBqCXEpPxuEb,https://ipfs.io/ipfs/bafkreidawvlbbz7cf4oeuvwr42oouwxmlneh367zicdvicm3ssv5blyjum,pumpfun-create-borsh-v1,success
solana:3ykddnKFaFwpbvA14R1zMU29hceqAH7FqbnpytKQi6VcypZR9yiy2jtwa4ANhziktPB3ygtTcSciUhcoqSDv7qwK:2:0,solana-mainnet,pump.fun,3ykddnKFaFwpbvA14R1zMU29hceqAH7FqbnpytKQi6VcypZR9yiy2jtwa4ANhziktPB3ygtTcSciUhcoqSDv7qwK,451558268,1790662594,2,0,5z46GFBCvRi7Z4aEjrraYkaXkiCN7baTUiCDUAPHpump,TokenzQdBNbLqP5VEhdkAS6EPFLC1PHnBqCXEpPxuEb,https://ipfs.io/ipfs/QmNY6e3sjVxNksU7k5QvL1A4TzuYPD2tMM7A3dMhAtVjca,pumpfun-create-borsh-v1,success
solana:3XZ5C27vjBFmFutC78xkRJkfeEtbf1efYw2JV8fZ4qnbYTajT7wBEXS6gbuGVPb3Y1DHe1MWu425rfhS8svArGRg:2:0,solana-mainnet,pump.fun,3XZ5C27vjBFmFutC78xkRJkfeEtbf1efYw2JV8fZ4qnbYTajT7wBEXS6gbuGVPb3Y1DHe1MWu425rfhS8svArGRg,451558261,1790662592,2,0,BayBgxL6WeuT8Poosit4RHrvFE4mfsRsuNkkohWSpump,TokenzQdBNbLqP5VEhdkAS6EPFLC1PHnBqCXEpPxuEb,https://ipfs.io/ipfs/QmdxGrB7DztVCfStQT7N4akVP4uMYwfkqjsDLgmQxgsFtT,pumpfun-create-borsh-v1,success
solana:5uUws6DcFGnHBmEPpwmZskSmtsMTYKnT8Vi39LVzoZRYCYcA7tJ3iDfKveKJgc3roBftKchrnGs1VvsZwP3RPDRq:2:0,solana-mainnet,pump.fun,5uUws6DcFGnHBmEPpwmZskSmtsMTYKnT8Vi39LVzoZRYCYcA7tJ3iDfKveKJgc3roBftKchrnGs1VvsZwP3RPDRq,451625244,1790680456,2,0,3rwwjTmr6McYcNVmDqr7uRS1axoZUTGic58MJUDgpump,TokenzQdBNbLqP5VEhdkAS6EPFLC1PHnBqCXEpPxuEb,https://ipfs.io/ipfs/QmQMcDogGdzU7fCTZabmduy4NVq9zgUgPgHb3hMMbzxtFn,pumpfun-create-borsh-v1,success
solana:4FLeB2o8wSFq2mXSpEv97N3TFY6rtvfxg2WBd9TA3p7SyUFHmfLQKxUtn2CgiTycCsqrfb9VVoQ4xV8q7zJCXkHR:1:0,solana-mainnet,pump.fun,4FLeB2o8wSFq2mXSpEv97N3TFY6rtvfxg2WBd9TA3p7SyUFHmfLQKxUtn2CgiTycCsqrfb9VVoQ4xV8q7zJCXkHR,451625206,1790680446,1,0,kn8mVmZLUcDTfawP3pUkrYkhDcy9YmeDHnw9E5Zpump,TokenzQdBNbLqP5VEhdkAS6EPFLC1PHnBqCXEpPxuEb,https://ipfs.io/ipfs/bafkreifwbx6hzkark4wnbvggukiez3lslgllee3yfxpk2adfkqe6q4wgyq,pumpfun-create-borsh-v1,success
solana:3D69zfbhNuYjRzx5hVsrX2EnFnZR3vJXA2x5AHUnJsBwcW1ydN6gMznKXeKR4bwSvnK37kEkJXebQ3V7zgnwTCtV:0:0,solana-mainnet,pump.fun,3D69zfbhNuYjRzx5hVsrX2EnFnZR3vJXA2x5AHUnJsBwcW1ydN6gMznKXeKR4bwSvnK37kEkJXebQ3V7zgnwTCtV,451625181,1790680440,0,0,FQEtENY6RqaWFcf9rvytYd8JiCwNRxyBmco5rU9Tpump,TokenzQdBNbLqP5VEhdkAS6EPFLC1PHnBqCXEpPxuEb,https://ipfs.io/ipfs/bafkreicudad2rtymh4by5n5g62otwnutpxgdia3ycdb7p4xtjtvzokn5o4,pumpfun-create-borsh-v1,success
solana:5yFy3xjYRzr3Qda54Mmv9JNWHy5meR83mq2M3QJgYrTYK1zpjn4EQpjMtgPCjQVG8pEpggYajscVfyuoR1YHMewQ:0:0,solana-mainnet,pump.fun,5yFy3xjYRzr3Qda54Mmv9JNWHy5meR83mq2M3QJgYrTYK1zpjn4EQpjMtgPCjQVG8pEpggYajscVfyuoR1YHMewQ,451625168,1790680436,0,0,C5yYkxEDXfb3MkQ4Vv2qXaQwRaqbrdFJL5yzench2yPu,TokenzQdBNbLqP5VEhdkAS6EPFLC1PHnBqCXEpPxuEb,https://metadata.j7tracker.io/metadata/SKCPN9uJ29.json,pumpfun-create-borsh-v1,success
solana:xHHpFwfDNysoTmKFg8tzpEREXr59YSf3jiapnnbwJF3qRziKP8cYXUrLAwFoV2SadpLkfW2nE42r69HPWsLLbjF:2:0,solana-mainnet,pump.fun,xHHpFwfDNysoTmKFg8tzpEREXr59YSf3jiapnnbwJF3qRziKP8cYXUrLAwFoV2SadpLkfW2nE42r69HPWsLLbjF,451625165,1790680435,2,0,BFegWHj3SAotEegFdXvLSR6pYWDtYbH6pvqgek4DUnrN,TokenzQdBNbLqP5VEhdkAS6EPFLC1PHnBqCXEpPxuEb,https://metadata.j7tracker.io/metadata/SKCPN9uJ29.json,pumpfun-create-borsh-v1,success
solana:51eb926d812kXeNvNpLzhB12PRCAaw2R6xeEfAayfNdzcM2v8cHYnH9mG6983KyoQhZKPc3oJxf5DyVMt9Bj7RQW:2:0,solana-mainnet,pump.fun,51eb926d812kXeNvNpLzhB12PRCAaw2R6xeEfAayfNdzcM2v8cHYnH9mG6983KyoQhZKPc3oJxf5DyVMt9Bj7RQW,451625154,1790680433,2,0,Taki6gfjkZq9azQc2FZRDLbpJh6qymGcQKU7e4JP166,TokenzQdBNbLqP5VEhdkAS6EPFLC1PHnBqCXEpPxuEb,https://project--e0ebd022-b0a1-4155-9818-bc1d4934ae9a.lovable.app/api/public/token-meta/ae5a4c09-d036-478c-af4c-9bd492f0e73b.json,pumpfun-create-borsh-v1,success
solana:3xGd2pLkrAA3wYXM6x7DiiD15pPXa25N1KhacgWLsFVTsa5PaxWfJsMxa4cB4QuRQgNsWz7n9n33bV2XaUy6x47K:2:0,solana-mainnet,pump.fun,3xGd2pLkrAA3wYXM6x7DiiD15pPXa25N1KhacgWLsFVTsa5PaxWfJsMxa4cB4QuRQgNsWz7n9n33bV2XaUy6x47K,451625148,1790680431,2,0,2CVyTwCXm3iTbqmnWp7VqXGpPWrbnshhCW4WaU3spump,TokenzQdBNbLqP5VEhdkAS6EPFLC1PHnBqCXEpPxuEb,https://ipfs.io/ipfs/bafkreidjmq33hph5kv4du3i7aei5vlhtiqlerpv4ubffsggydd5h374rra,pumpfun-create-borsh-v1,success
solana:4coD6aqKoEJ6SWYCYThfPnuno9WWGvgnErxhBKSkebRVMMXoJ1arMcZygKV2sPRFpTT198JuVXuD2niDANBgGBbX:2:0,solana-mainnet,pump.fun,4coD6aqKoEJ6SWYCYThfPnuno9WWGvgnErxhBKSkebRVMMXoJ1arMcZygKV2sPRFpTT198JuVXuD2niDANBgGBbX,451625129,1790680426,2,0,HUk7JUG6JFbMfFRiCMb2Y4pdsrfR7EfBrEYumChY2snv,TokenzQdBNbLqP5VEhdkAS6EPFLC1PHnBqCXEpPxuEb,https://metadata.j7tracker.io/metadata/84a17c1274964af0.json,pumpfun-create-borsh-v1,success
solana:4s1WSgNKEmdSNwvX21Y9ktC7ghnaHB5su52YwHae2rHGLjyQRR3WvR3iMaXbxeRhADEJexvJuxFKS24pgTKDSAbn:2:0,solana-mainnet,pump.fun,4s1WSgNKEmdSNwvX21Y9ktC7ghnaHB5su52YwHae2rHGLjyQRR3WvR3iMaXbxeRhADEJexvJuxFKS24pgTKDSAbn,451625124,1790680425,2,0,DFVfnwN6yJGpijWgcsciN8aNyaqxCbNWwqNmwjzepump,TokenzQdBNbLqP5VEhdkAS6EPFLC1PHnBqCXEpPxuEb,https://ipfs.io/ipfs/bafkreies3bwmq4knzlgwv5jlkyxr5b23nlkoleijylnxwkg254ee3rbwam,pumpfun-create-borsh-v1,success
solana:3vMpJ4Cfwe4yfgkmPouJagVrJp1Z676ptmU2bEc6YqPZrtNDyjhj1Y2AGxGjDNgFPY9wVPWuDoTTQYsLEm9Xbpk5:0:0,solana-mainnet,pump.fun,3vMpJ4Cfwe4yfgkmPouJagVrJp1Z676ptmU2bEc6YqPZrtNDyjhj1Y2AGxGjDNgFPY9wVPWuDoTTQYsLEm9Xbpk5,451625121,1790680424,0,0,tULNjTWBD9Z9eJpfmCU8qrHpFDpiTQHfc9hTwM4NScJ,TokenzQdBNbLqP5VEhdkAS6EPFLC1PHnBqCXEpPxuEb,https://rose-binding-boa-627.mypinata.cloud/ipfs/bafkreibt4b4qrhrqsqjlxrkapsntwerijd3lbyqwpugmpgsdhmtzeubh4u,pumpfun-create-borsh-v1,success
solana:2r4MTqyjZtV8fC4MoUXijRcmoW2rf2G6KY14vUyQYyeLSCWuWxME9hxLUk1aVuN6oAS1bSZvpP73JENQsmr3zWi3:2:0,solana-mainnet,pump.fun,2r4MTqyjZtV8fC4MoUXijRcmoW2rf2G6KY14vUyQYyeLSCWuWxME9hxLUk1aVuN6oAS1bSZvpP73JENQsmr3zWi3,451625119,1790680423,2,0,7ZyqtKEcfPBS4YE4SzfcMDKhwLRokYZsNcB7rZtEpump,TokenzQdBNbLqP5VEhdkAS6EPFLC1PHnBqCXEpPxuEb,https://ipfs.io/ipfs/QmRnBCGX1ZW6XDyvGfF11j75Z2tuY4itT9vzvB7Vt5bcPy,pumpfun-create-borsh-v1,success
solana:3ZsLEV2JxdEmCSyrJ3LS2RHDhBfPeD4gvd9ehuYHS6xwZCe4gbNks7ZsU611nuZaWX1MSAn7MQd2KqRLM6qgekLs:2:0,solana-mainnet,pump.fun,3ZsLEV2JxdEmCSyrJ3LS2RHDhBfPeD4gvd9ehuYHS6xwZCe4gbNks7ZsU611nuZaWX1MSAn7MQd2KqRLM6qgekLs,451625118,1790680423,2,0,C6cDSXxhCxkS6Ucg8gGked18rdVmaPWwNUp3nrcX3BkL,TokenzQdBNbLqP5VEhdkAS6EPFLC1PHnBqCXEpPxuEb,https://metadata.j7tracker.io/metadata/11cc1fe305864768.json,pumpfun-create-borsh-v1,success
solana:4GPHAy7QBG3d5Z4UZ5trW7XytnvVBB5oTA2wVUFzQ9MuzmNEF283dvDM1DjU8wxcvCmGz62FLu9YGCCZdEQgvSKU:2:0,solana-mainnet,pump.fun,4GPHAy7QBG3d5Z4UZ5trW7XytnvVBB5oTA2wVUFzQ9MuzmNEF283dvDM1DjU8wxcvCmGz62FLu9YGCCZdEQgvSKU,451625086,1790680415,2,0,AV1awsdByYoE8fueDfc5HtjBUjU2MFewaj4RL5eyjony,TokenzQdBNbLqP5VEhdkAS6EPFLC1PHnBqCXEpPxuEb,https://project--e0ebd022-b0a1-4155-9818-bc1d4934ae9a.lovable.app/api/public/token-meta/b8dcc19f-f8bf-4fc6-a432-ec199c1cb4d7.json,pumpfun-create-borsh-v1,success
solana:5Yo8jsfFY3HaU7RqeDJMzMi24CNWrwgarfWk9ZqT8w2C1AYddw5emwaiV58tv5HWhbr7mnKHpAtPoMG3gPpoFyyG:2:0,solana-mainnet,pump.fun,5Yo8jsfFY3HaU7RqeDJMzMi24CNWrwgarfWk9ZqT8w2C1AYddw5emwaiV58tv5HWhbr7mnKHpAtPoMG3gPpoFyyG,451625082,1790680414,2,0,5fa6E4nDKsR43z1rVG5SvYUyDgbodzyQqtAnSupkpump,TokenzQdBNbLqP5VEhdkAS6EPFLC1PHnBqCXEpPxuEb,https://ipfs.io/ipfs/QmZ8Ybe3g1JrRvcXYyo9a2ybaDMMfUgdu2E8SoNfrfPqE9,pumpfun-create-borsh-v1,success
solana:SoM6xYM9JqawYS7xtixYSdJy1qeHtGbjyCu1WavGm4P4LNsRG1wapnkcprLH6acV8ZATEoXqNs55uZQqhomxmpW:2:0,solana-mainnet,pump.fun,SoM6xYM9JqawYS7xtixYSdJy1qeHtGbjyCu1WavGm4P4LNsRG1wapnkcprLH6acV8ZATEoXqNs55uZQqhomxmpW,451625069,1790680410,2,0,9YEfrori8RXSi4Gh7g5QWT3D7bagBp4FiL6yWAkYpump,TokenzQdBNbLqP5VEhdkAS6EPFLC1PHnBqCXEpPxuEb,https://ipfs.io/ipfs/bafkreiclneew3cqhnhsnwpx4bptj3ungxzzwnrprwqvasrbxyhjkivcjoy,pumpfun-create-borsh-v1,success
solana:5sorJ5W2qeJ31Ye7LasYwNS1m3qeddQn9v3DnLb8n78R23GM55JgiZsUVppJo9NH3Xv9kDxens2MUEMvPfaSh4Ck:2:1,solana-mainnet,pump.fun,5sorJ5W2qeJ31Ye7LasYwNS1m3qeddQn9v3DnLb8n78R23GM55JgiZsUVppJo9NH3Xv9kDxens2MUEMvPfaSh4Ck,451625066,1790680409,2,1,BSVwwuS5RtPzkHhWdCGB5dwDtyT7Rao8NA33KEmTpump,TokenzQdBNbLqP5VEhdkAS6EPFLC1PHnBqCXEpPxuEb,https://ipfs.io/ipfs/QmcuuPXccC71zhzyrRpRSMWnxXavTShnAN8Cr3qmBqQS3K,pumpfun-create-borsh-v1,success
solana:5RPasMg4hMHmY4m1SFS21sqCxLtx5fjTS7GSMy5AKSPmXQFVo4TB7vBUjUN9shVcpQuEkqdhtVX9YMDsnDyGGYT7:2:0,solana-mainnet,pump.fun,5RPasMg4hMHmY4m1SFS21sqCxLtx5fjTS7GSMy5AKSPmXQFVo4TB7vBUjUN9shVcpQuEkqdhtVX9YMDsnDyGGYT7,451625064,1790680409,2,0,6H2hxNLV9E7NUBX6bdFQSjE7UR8K42CkPAHaq8DHpump,TokenzQdBNbLqP5VEhdkAS6EPFLC1PHnBqCXEpPxuEb,https://ipfs.io/ipfs/QmYN1puo4CQvsWsQmqZZpWygTFq6FTNyd27j8vo2QAB7ac,pumpfun-create-borsh-v1,success
solana:5gAjoWot22ASn1CosmEQPRT8XaBqW3QnDR6XNuaMmu9xSgmV9QnWbRGmqqHFKqnjuTtgWyBLeio6cqe26Cy98Vrh:2:1,solana-mainnet,pump.fun,5gAjoWot22ASn1CosmEQPRT8XaBqW3QnDR6XNuaMmu9xSgmV9QnWbRGmqqHFKqnjuTtgWyBLeio6cqe26Cy98Vrh,451625063,1790680409,2,1,4ePV4UK3pJjC56UCGGFWAdDh3AG6kKttmBrrGFXipump,TokenzQdBNbLqP5VEhdkAS6EPFLC1PHnBqCXEpPxuEb,https://ipfs.io/ipfs/QmVtuRtGuSFHbZcEP1k7qTR5SyfCATAbCnhbp9EANFTrPS,pumpfun-create-borsh-v1,success
solana:2WaKYADu5E4h4WSRAJ7quayFZQ2BBMFNfHNfazpJqv4eCwKnRjnB4grpWXgwVX143hvDUKhLL4i7yzU1gf5CapK6:2:0,solana-mainnet,pump.fun,2WaKYADu5E4h4WSRAJ7quayFZQ2BBMFNfHNfazpJqv4eCwKnRjnB4grpWXgwVX143hvDUKhLL4i7yzU1gf5CapK6,451625056,1790680407,2,0,7U68XgB7fZW94DzpfRRNzPcPJTaxgVuZpidtnbLHpump,TokenzQdBNbLqP5VEhdkAS6EPFLC1PHnBqCXEpPxuEb,https://ipfs.io/ipfs/QmUAroA8JDvoZ7UxhQL3F4GqU88gHH2XsEPzm1dxN9E5ZM,pumpfun-create-borsh-v1,success
solana:4u2rMZ9xG5WepN8RfLnUsMSCgpQcXzFRXbyLimMFybParUPbUVDqCDvqV2VPwJrfrPTj5LhHJ7Pq2adp4GiyWmqD:2:0,solana-mainnet,pump.fun,4u2rMZ9xG5WepN8RfLnUsMSCgpQcXzFRXbyLimMFybParUPbUVDqCDvqV2VPwJrfrPTj5LhHJ7Pq2adp4GiyWmqD,451625051,1790680405,2,0,3koNzScQLBv7mJS9HSKThvhn7B9kMyiSFyWAK7u1pump,TokenzQdBNbLqP5VEhdkAS6EPFLC1PHnBqCXEpPxuEb,https://ipfs.io/ipfs/QmQMcDogGdzU7fCTZabmduy4NVq9zgUgPgHb3hMMbzxtFn,pumpfun-create-borsh-v1,success
solana:UTLcaRKSFvYMgowedNKkbDFiuQUgPodV3HafvJWgm5E3MeC4DsGaHu1LgSuT4utFKCZaQUifhHSeoDNQBzQmjPv:2:0,solana-mainnet,pump.fun,UTLcaRKSFvYMgowedNKkbDFiuQUgPodV3HafvJWgm5E3MeC4DsGaHu1LgSuT4utFKCZaQUifhHSeoDNQBzQmjPv,451625049,1790680405,2,0,7HyW2tq9VunFa4EiiGEemvbDJKVbGVweDMoALfwRpump,TokenzQdBNbLqP5VEhdkAS6EPFLC1PHnBqCXEpPxuEb,https://ipfs.io/ipfs/QmVbFEPwVMAZwAa5oFT8BGv6AkMDGETnWBQ2ss3mzbaxDd,pumpfun-create-borsh-v1,success
solana:3vZiXE9DdYRwsSyXKNgjBML5UMAzygVEVteJDKrNPHdqSsnzjAATWvNSLo7YPNpEkW17dzp16CPJoAbNVbCw1Wd6:2:0,solana-mainnet,pump.fun,3vZiXE9DdYRwsSyXKNgjBML5UMAzygVEVteJDKrNPHdqSsnzjAATWvNSLo7YPNpEkW17dzp16CPJoAbNVbCw1Wd6,451625039,1790680402,2,0,AKFdj6a5w49taRCo4N3aoopKppXehBawmGzcYowqpump,TokenzQdBNbLqP5VEhdkAS6EPFLC1PHnBqCXEpPxuEb,https://ipfs.io/ipfs/bafkreid2h3iuc2p5vx3uapwycwpfkaezwh33hx5k7lgpi5kyfdegsxmzqy,pumpfun-create-borsh-v1,success
solana:5FyjgujSp8tpyWNW5EY1jhhhBKV2qWUy3qNjjgpkGnXh9FmB76KG8JVz4iTPGHrM25VHmYNoKDmedAWLVTZe2upT:0:0,solana-mainnet,pump.fun,5FyjgujSp8tpyWNW5EY1jhhhBKV2qWUy3qNjjgpkGnXh9FmB76KG8JVz4iTPGHrM25VHmYNoKDmedAWLVTZe2upT,451625032,1790680400,0,0,Et6BaJbrr43opKJ9oGDQDP5hCkMKuHZeZh3kspyRpump,TokenzQdBNbLqP5VEhdkAS6EPFLC1PHnBqCXEpPxuEb,https://ipfs.io/ipfs/QmRpGVnd7NLRvK9wwoJQnreVDwRkmZbw3fntc2c8eR91MD,pumpfun-create-borsh-v1,success
solana:4ZXe85xv8ZXwz8W7Vc44fGctFDfnTVmFFY4LK4FaetsHNYjnQiZkB8q1YQ1anPLRYy599RBqwffbKZGpKDktZjzg:0:0,solana-mainnet,pump.fun,4ZXe85xv8ZXwz8W7Vc44fGctFDfnTVmFFY4LK4FaetsHNYjnQiZkB8q1YQ1anPLRYy599RBqwffbKZGpKDktZjzg,451625027,1790680399,0,0,tR4cb9VkqRqUMr6bodeSv2G8St8LD7Q34bcEMUjNLzi,TokenzQdBNbLqP5VEhdkAS6EPFLC1PHnBqCXEpPxuEb,https://rose-binding-boa-627.mypinata.cloud/ipfs/bafkreic5drl64d26uli2rxga55w7pb6xpcqrue3yn4yeytxkd47fs5xzre,pumpfun-create-borsh-v1,success
solana:5hzVhHj69Qku6XFGRvyRbc4rrGB1TZg7Zt95UTqmyt8ag1Dijxv3U2HjG3NKNxPCnfVnPqYftgXdXwdJVqVoeBit:2:0,solana-mainnet,pump.fun,5hzVhHj69Qku6XFGRvyRbc4rrGB1TZg7Zt95UTqmyt8ag1Dijxv3U2HjG3NKNxPCnfVnPqYftgXdXwdJVqVoeBit,451625012,1790680395,2,0,EHVQdoongPeoFFTNK4ftMF3NhGxY3nP88E6V63vDpump,TokenzQdBNbLqP5VEhdkAS6EPFLC1PHnBqCXEpPxuEb,https://ipfs.io/ipfs/bafkreihu337yco5jtpiinnxqiqiekze5kuag4cc4x4g2tnflv6aqxilj4e,pumpfun-create-borsh-v1,success
solana:VxfSxTfXTnbXegVnFYn7Xi1VuhCu7572Dv68M4CT4Qg6qaCnqVz9nemV9zETpCNJc87s47JTCosUnzW4afdhW9e:2:0,solana-mainnet,pump.fun,VxfSxTfXTnbXegVnFYn7Xi1VuhCu7572Dv68M4CT4Qg6qaCnqVz9nemV9zETpCNJc87s47JTCosUnzW4afdhW9e,451625006,1790680393,2,0,Bg2Y3iCu7eoDyZq4aURqRJeaPtzQ8zkx8fCTrLmGpump,TokenzQdBNbLqP5VEhdkAS6EPFLC1PHnBqCXEpPxuEb,https://ipfs.io/ipfs/Qmb5x5P1baGR8x9bj3NUHAU9Xy9PdVtyXJWQFyDYsV1Xro,pumpfun-create-borsh-v1,success
solana:QMQp7tkNF3T53jpxirzRzwnYU8bAY9ksgDPSYP4maqWrQMVFZChLu4bnqbDvGDPp4xDRztodnam1CMM8DaoXBz3:2:0,solana-mainnet,pump.fun,QMQp7tkNF3T53jpxirzRzwnYU8bAY9ksgDPSYP4maqWrQMVFZChLu4bnqbDvGDPp4xDRztodnam1CMM8DaoXBz3,451624995,1790680390,2,0,9gFcnBS6cYuLaCMCrRkFpPXZN2pAdFRtcKPf6hvSpump,TokenzQdBNbLqP5VEhdkAS6EPFLC1PHnBqCXEpPxuEb,https://ipfs.io/ipfs/QmRGEmwqhFMboGE2Ttxw8248icYuQdPq5JnsBCf7gvr8rj,pumpfun-create-borsh-v1,success
solana:2xo1DgHhx7eMNRKiGcajAj5ksa3vTBS9vLEcYAhJY8sS5oC1ycijjhbrh6SAkGWzKRRr65oFYMg3mrE9sUidPe8i:0:0,solana-mainnet,pump.fun,2xo1DgHhx7eMNRKiGcajAj5ksa3vTBS9vLEcYAhJY8sS5oC1ycijjhbrh6SAkGWzKRRr65oFYMg3mrE9sUidPe8i,451624980,1790680386,0,0,2gn4D4Rf4854UUwnDZcLR3EFaFRcSss7mWrAhzsapump,TokenzQdBNbLqP5VEhdkAS6EPFLC1PHnBqCXEpPxuEb,https://pump.mypinata.cloud/ipfs/bafkreigggekow5efebjucn5ei2bjqtpbmllq2iyjsvafgmyieae2yyyxme,pumpfun-create-borsh-v1,success
solana:38xkVPkrhh3vLUQ9TMDCTcXDg77wASPgjsKzp3h6tWDziKU5GxfsdT8X2LDKzp2kVhKWyUMhR39RHALUUGP2iScZ:2:0,solana-mainnet,pump.fun,38xkVPkrhh3vLUQ9TMDCTcXDg77wASPgjsKzp3h6tWDziKU5GxfsdT8X2LDKzp2kVhKWyUMhR39RHALUUGP2iScZ,451624969,1790680383,2,0,HnyK9wcoJrveq1JZQbfgiaQqfmnoahAqgXMGX2nNiSYc,TokenzQdBNbLqP5VEhdkAS6EPFLC1PHnBqCXEpPxuEb,https://metadata.j7tracker.io/metadata/ec7cd004c48b4b1a.json,pumpfun-create-borsh-v1,success
solana:66hqGAwgCbMKu1qfJKxKQZAocAxeAH4ZRoAZpME2UoZ5WmJtvxvtmksStwRMgsu79RGPm5V5uk8WCXQm4ThRb2ce:2:0,solana-mainnet,pump.fun,66hqGAwgCbMKu1qfJKxKQZAocAxeAH4ZRoAZpME2UoZ5WmJtvxvtmksStwRMgsu79RGPm5V5uk8WCXQm4ThRb2ce,451624940,1790680376,2,0,uj27ebnpgViawjyWr1ipxViZUaF6XmhY46QAhxHpump,TokenzQdBNbLqP5VEhdkAS6EPFLC1PHnBqCXEpPxuEb,https://ipfs.io/ipfs/bafkreiclneew3cqhnhsnwpx4bptj3ungxzzwnrprwqvasrbxyhjkivcjoy,pumpfun-create-borsh-v1,success
solana:2LcgTXqWKaEKAXu7cJpxAPL5PKcqELk8Bj3jLpenrMeH64dBLFK1PyAgDyw4x9ZPdL67zzYTqtHUMkUSbVVBMwKb:0:0,solana-mainnet,pump.fun,2LcgTXqWKaEKAXu7cJpxAPL5PKcqELk8Bj3jLpenrMeH64dBLFK1PyAgDyw4x9ZPdL67zzYTqtHUMkUSbVVBMwKb,451624934,1790680374,0,0,tufkYeQJXTc44KkQpPRA3bSsSXoQv3QqKRitp4EjUzz,TokenzQdBNbLqP5VEhdkAS6EPFLC1PHnBqCXEpPxuEb,https://rose-binding-boa-627.mypinata.cloud/ipfs/bafkreidtkgrhufbllr3kmw3inhs436vz25nxe33icsnnzknfoqgc5pqjqe,pumpfun-create-borsh-v1,success
solana:65jXCbvguec2snfkuf9r7D94Vm9rYSwoKBPzC6X7joDGFehXHFZVPiE48NZSoq2LfAJ2abYZguQ1Qs9KViTpS2aM:2:0,solana-mainnet,pump.fun,65jXCbvguec2snfkuf9r7D94Vm9rYSwoKBPzC6X7joDGFehXHFZVPiE48NZSoq2LfAJ2abYZguQ1Qs9KViTpS2aM,451624924,1790680372,2,0,8c2SynrXXaRiJJWe5pw6ozjeZNEPknWxoM9bzrtedRTQ,TokenzQdBNbLqP5VEhdkAS6EPFLC1PHnBqCXEpPxuEb,https://project--e0ebd022-b0a1-4155-9818-bc1d4934ae9a.lovable.app/api/public/token-meta/204013c6-4d62-4a31-8ae2-29dce94d3445.json,pumpfun-create-borsh-v1,success
solana:3TRrLFGtKhJZkqS1nPa6UZf98pgs9ug5jjXj5WXqkMosV5eYprcK4LNZ9T84phKz1vy66J46MeNBLMM3A6zuPApE:2:0,solana-mainnet,pump.fun,3TRrLFGtKhJZkqS1nPa6UZf98pgs9ug5jjXj5WXqkMosV5eYprcK4LNZ9T84phKz1vy66J46MeNBLMM3A6zuPApE,451624912,1790680368,2,0,7UyK1gwsDYHorM2XgkvhG2RMk6s2qtW1gshbsaJApump,TokenzQdBNbLqP5VEhdkAS6EPFLC1PHnBqCXEpPxuEb,https://ipfs.io/ipfs/Qmb5x5P1baGR8x9bj3NUHAU9Xy9PdVtyXJWQFyDYsV1Xro,pumpfun-create-borsh-v1,success
solana:4uaD3BdoummZDPDEXkWELC8kAQ5cPHtuN9sYaHEFhkbQ98cB3WJgxd77bTE1wigzhAVj2oZ7rgsURgxDXBse4mUw:2:0,solana-mainnet,pump.fun,4uaD3BdoummZDPDEXkWELC8kAQ5cPHtuN9sYaHEFhkbQ98cB3WJgxd77bTE1wigzhAVj2oZ7rgsURgxDXBse4mUw,451624903,1790680366,2,0,B3n77hhXaoA1YmrTAAuhXZZhai4XW8T7JKkf4nFrpump,TokenzQdBNbLqP5VEhdkAS6EPFLC1PHnBqCXEpPxuEb,https://ipfs.io/ipfs/bafkreiftkgzbfuogplj4nae2ozbyma3qyuf5uxfcftqmlk5jmo5lfmoen4,pumpfun-create-borsh-v1,success
solana:5RiXZKewxvRxbiBLgpWDnVgumA5X6ZAWpQFP8eDDh5dsHaYZqE1uWd9UNuTLjjdbPHkhRGLjHeJhSv3FSp8w4KEW:2:0,solana-mainnet,pump.fun,5RiXZKewxvRxbiBLgpWDnVgumA5X6ZAWpQFP8eDDh5dsHaYZqE1uWd9UNuTLjjdbPHkhRGLjHeJhSv3FSp8w4KEW,451624882,1790680360,2,0,7rTXfpibYpVXmHTgBvecWrHc2NqZiaoTQRLjHfyNpump,TokenzQdBNbLqP5VEhdkAS6EPFLC1PHnBqCXEpPxuEb,https://ipfs.io/ipfs/QmRvH8ZULiT4L2k4GqFuedm4UHbnRrtKxv336ic6g1UdoT,pumpfun-create-borsh-v1,success
solana:4QYbH1Nz2L4gikgzp9AHUrncu8UCPPNfomGHyWgvY9ZcnyYEUqS7imbnqPRmsaeCmKUy1zDamUdFGVrSj2FXaN1D:2:0,solana-mainnet,pump.fun,4QYbH1Nz2L4gikgzp9AHUrncu8UCPPNfomGHyWgvY9ZcnyYEUqS7imbnqPRmsaeCmKUy1zDamUdFGVrSj2FXaN1D,451624861,1790680355,2,0,5QmexUZzFkRGXnkKyHgQW4Cw2BKQ2aR2h95onLWtpump,TokenzQdBNbLqP5VEhdkAS6EPFLC1PHnBqCXEpPxuEb,https://ipfs.io/ipfs/QmRjLSRBRLakUUNiNkiYmTRBDmLmiY9SqYbk3R3cQjYivV,pumpfun-create-borsh-v1,success
solana:676S33UwHRn7Wyedsac1ksvKijw3NwCLJu9XL3rfjHj2Qdn8wnSDZpD5pgBzt2D9Z2YPz18em5Kv1sLrg6et8MA8:2:0,solana-mainnet,pump.fun,676S33UwHRn7Wyedsac1ksvKijw3NwCLJu9XL3rfjHj2Qdn8wnSDZpD5pgBzt2D9Z2YPz18em5Kv1sLrg6et8MA8,451624846,1790680351,2,0,D2GskdVinWui8UJQ5j7CBNZgNntRPZGAmyquLug3pump,TokenzQdBNbLqP5VEhdkAS6EPFLC1PHnBqCXEpPxuEb,https://ipfs.io/ipfs/bafkreifsmycf7plhhtzkop7ypxel3xascuqhz5nf6dcqvo6rasprxroc4y,pumpfun-create-borsh-v1,success
solana:3EkJzZ1LYhazWCVny7fGMFNdaTi3Mqu4wKaWxRQwtrwf4sLVG5st2gckkyQWEBK27RQ4KdFECpzXdgC4hHqhdqUG:2:0,solana-mainnet,pump.fun,3EkJzZ1LYhazWCVny7fGMFNdaTi3Mqu4wKaWxRQwtrwf4sLVG5st2gckkyQWEBK27RQ4KdFECpzXdgC4hHqhdqUG,451624843,1790680350,2,0,7EuNcPzpo3Rgu2Qk3Wwjiuh5SeYJMgUEAowQ6TBRs8Sk,TokenzQdBNbLqP5VEhdkAS6EPFLC1PHnBqCXEpPxuEb,https://www.usepayday.xyz/api/public/launches/launch_6eaa5d9b-a6cc-416c-9417-533efecc1fe5/metadata.json,pumpfun-create-borsh-v1,success
solana:mg4Pa2Y43yFCgGVBpkVf11R2dgLC36vBvdSacS69YpzMmEWRUiaxpgakiW5TfWwbrseFyH5dbwXiMg3RMeFf1YK:0:0,solana-mainnet,pump.fun,mg4Pa2Y43yFCgGVBpkVf11R2dgLC36vBvdSacS69YpzMmEWRUiaxpgakiW5TfWwbrseFyH5dbwXiMg3RMeFf1YK,451624836,1790680348,0,0,tARkC93zy4C2qgFGMqxTcFfC9nQ9cCD2MujANG3DbZ2,TokenzQdBNbLqP5VEhdkAS6EPFLC1PHnBqCXEpPxuEb,https://rose-binding-boa-627.mypinata.cloud/ipfs/bafkreiegdrpk6j5nkw4zkan3brwxt4pff4yxcemibr6g6ocx5dyhpqcrjy,pumpfun-create-borsh-v1,success
solana:4ZZV968ePMezhEvP9ZS2YQzLpnj28uSPgfddH9nJqC5RzczbEhuHviKcNj6fBLWBVAUeQc6JnNWZ5CkEoi6UaWtf:2:0,solana-mainnet,pump.fun,4ZZV968ePMezhEvP9ZS2YQzLpnj28uSPgfddH9nJqC5RzczbEhuHviKcNj6fBLWBVAUeQc6JnNWZ5CkEoi6UaWtf,451624834,1790680348,2,0,63VPiCTrSWxQVW7ynVVXc8KbvUzqE54sfzEAuiqCpump,TokenzQdBNbLqP5VEhdkAS6EPFLC1PHnBqCXEpPxuEb,https://ipfs.io/ipfs/bafkreibbgrthdkbbfmyczsqwgxvoj56dy2yaoj445iv7i5ar5vi7rx3no4,pumpfun-create-borsh-v1,success
solana:2HQHf61s1aRPTuCzdQYbBZKyW4e44bgqnfsaSLpCECF7Z1KEtKTYRkjZTN4B72Cdvd7fWyWFyoD8Y2gVCgTVLBG3:2:0,solana-mainnet,pump.fun,2HQHf61s1aRPTuCzdQYbBZKyW4e44bgqnfsaSLpCECF7Z1KEtKTYRkjZTN4B72Cdvd7fWyWFyoD8Y2gVCgTVLBG3,451624823,1790680345,2,0,TKHJdMsGJRrc1p2CEXbFrgz7DDQ33p2xErujTs7xzXo,TokenzQdBNbLqP5VEhdkAS6EPFLC1PHnBqCXEpPxuEb,https://project--e0ebd022-b0a1-4155-9818-bc1d4934ae9a.lovable.app/api/public/token-meta/cfd55fa8-b310-4873-8063-691bbca3e929.json,pumpfun-create-borsh-v1,success
solana:2CLfMDJsPZZpxsWBWvwQhx4rq8mrfmwYSbbFGVXwaYU1WqBnGE3u81q1WGNQ1TykaKzxF6gFUUN7ApYwk24q24yY:2:0,solana-mainnet,pump.fun,2CLfMDJsPZZpxsWBWvwQhx4rq8mrfmwYSbbFGVXwaYU1WqBnGE3u81q1WGNQ1TykaKzxF6gFUUN7ApYwk24q24yY,451624821,1790680344,2,0,7qSYwfHM1wkLdL6kSrRSxctywCK6ddR3ToysgYVyowaJ,TokenzQdBNbLqP5VEhdkAS6EPFLC1PHnBqCXEpPxuEb,https://metadata.j7tracker.io/metadata/dMMPhKGV3s.json,pumpfun-create-borsh-v1,success
solana:NGhMiyad5p5YEwwg3NWsSKLDy8LYUvK4ZuZeYufH3926XLkftedjJ5a5mv3Q3mqMEwVgPzNAAQcUaz2bhQfdcSK:1:0,solana-mainnet,pump.fun,NGhMiyad5p5YEwwg3NWsSKLDy8LYUvK4ZuZeYufH3926XLkftedjJ5a5mv3Q3mqMEwVgPzNAAQcUaz2bhQfdcSK,451624795,1790680338,1,0,C7KaSFUw41ZafTYPSqnd9g3Mo9rQmTXJrFJm3sfFbMb7,TokenzQdBNbLqP5VEhdkAS6EPFLC1PHnBqCXEpPxuEb,https://ipfs.io/ipfs/bafkreigdkqgm2e5ucgil32vwjzcvxf5ou4g4o2vuc3oc7faqqfhl7axuea,pumpfun-create-borsh-v1,success
solana:1wZfzrKzq8R8HG4oaTpyxVWkqcsKRPq9ryN2ZsRbeY9LyFpnGzAP6eoGQaSyArZf8eT2EBy8Sj3EdTXMyneM2i7:2:0,solana-mainnet,pump.fun,1wZfzrKzq8R8HG4oaTpyxVWkqcsKRPq9ryN2ZsRbeY9LyFpnGzAP6eoGQaSyArZf8eT2EBy8Sj3EdTXMyneM2i7,451624786,1790680336,2,0,7RWhbVbhmNZ5pzr4iW2WJVgAKVXZXD3QBF5K96VNpump,TokenzQdBNbLqP5VEhdkAS6EPFLC1PHnBqCXEpPxuEb,https://ipfs.io/ipfs/bafkreidhzskt3pzx6sxrggmfasfkhoxu7wlrgdk4noxxnicedfjnw4a6m4,pumpfun-create-borsh-v1,success
solana:47zng3cUpoy4hpANbqYcGKAU66oyg2zjV9AEN5jY1fpuoFm2auZPuxNXTU75hMaB1eQKA8MGxEJn1yHBgJsWbCVB:2:0,solana-mainnet,pump.fun,47zng3cUpoy4hpANbqYcGKAU66oyg2zjV9AEN5jY1fpuoFm2auZPuxNXTU75hMaB1eQKA8MGxEJn1yHBgJsWbCVB,451624772,1790680332,2,0,9Qr6XNEGRp99w2ExUhv2eDSbUu3swxXGfXT7Kwsopump,TokenzQdBNbLqP5VEhdkAS6EPFLC1PHnBqCXEpPxuEb,https://ipfs.io/ipfs/bafkreicpt36iccmqguxkbxnj5pvjn6m2p7ylxwclstd42z3bcwz66k25su,pumpfun-create-borsh-v1,success
solana:3Xz3me7bDRg1tsyP1nRkxno1ttQeKqxYBymE2VFxPTRB64VtBykUNoJ2X7Gy2X1fjFKcfjAs7CMpcbCLokV1nxgv:2:0,solana-mainnet,pump.fun,3Xz3me7bDRg1tsyP1nRkxno1ttQeKqxYBymE2VFxPTRB64VtBykUNoJ2X7Gy2X1fjFKcfjAs7CMpcbCLokV1nxgv,451624758,1790680328,2,0,62Hc6Adu9k9U84SYESGKDSTUE8G3tf737A5qbGQhpump,TokenzQdBNbLqP5VEhdkAS6EPFLC1PHnBqCXEpPxuEb,https://ipfs.io/ipfs/QmPN34Mc8ULMmDZfKEp4ngoKc7La7beyk18onUZR2DwFP5,pumpfun-create-borsh-v1,success
solana:5cD1NUhWRiSMkTipCFB99B76CJpgXyXa5ENXjr219Ht5dnAbxBtHUwRB1rqrRVVETnrix7ygqf3ovkVx1tePRyAe:2:0,solana-mainnet,pump.fun,5cD1NUhWRiSMkTipCFB99B76CJpgXyXa5ENXjr219Ht5dnAbxBtHUwRB1rqrRVVETnrix7ygqf3ovkVx1tePRyAe,451624732,1790680321,2,0,59GKKjgpLFTZ6dXfWpNunwM4ocPCQsdZSjW497Nkpump,TokenzQdBNbLqP5VEhdkAS6EPFLC1PHnBqCXEpPxuEb,https://ipfs.io/ipfs/QmRjLSRBRLakUUNiNkiYmTRBDmLmiY9SqYbk3R3cQjYivV,pumpfun-create-borsh-v1,success
solana:4zsVmwTvM1GZTaVRETzgDmUdfBzJoyoyJDLhfThDQkMdmUsZ1MweqEE6rgvv5Wk8CKMUXZEAKNogeQSaAuAk8cUF:0:0,solana-mainnet,pump.fun,4zsVmwTvM1GZTaVRETzgDmUdfBzJoyoyJDLhfThDQkMdmUsZ1MweqEE6rgvv5Wk8CKMUXZEAKNogeQSaAuAk8cUF,451624731,1790680321,0,0,tzCR29iSXZYDFVtqyCDE3Y3wFUMtuuqx4vQWgLmTfjs,TokenzQdBNbLqP5VEhdkAS6EPFLC1PHnBqCXEpPxuEb,https://rose-binding-boa-627.mypinata.cloud/ipfs/bafkreiheabr4awq4477ep3qy2gvaewrgllrg5s5o6pnq2twemscswjhryy,pumpfun-create-borsh-v1,success
solana:5XpErybYNuQhFro8Wd7snY1AD2pwbcF6yGr7A9JKQbL3oD9yfdAXDGJhQcpxZJ7DczLDSdQ6VAjX8TXXEHEU15KQ:2:0,solana-mainnet,pump.fun,5XpErybYNuQhFro8Wd7snY1AD2pwbcF6yGr7A9JKQbL3oD9yfdAXDGJhQcpxZJ7DczLDSdQ6VAjX8TXXEHEU15KQ,451624731,1790680321,2,0,9tBDPkGKb5ALw32vtPPyUxcsMbjQV4h3V1gCE7NFpump,TokenzQdBNbLqP5VEhdkAS6EPFLC1PHnBqCXEpPxuEb,https://ipfs.io/ipfs/bafkreihapabsakjpsbzemzmu767dm3jmypcsseawnndk3rpr6y5ju4yv3u,pumpfun-create-borsh-v1,success
solana:2RhY4XE95NihaCmQqniTayLPMoryCfK3z69UApraMQRkSFzrr2PnyEoDHFGmZ6Ed145Yw5N2SzRUjEYNBmhXDh8Q:2:0,solana-mainnet,pump.fun,2RhY4XE95NihaCmQqniTayLPMoryCfK3z69UApraMQRkSFzrr2PnyEoDHFGmZ6Ed145Yw5N2SzRUjEYNBmhXDh8Q,451624730,1790680320,2,0,HTvUi1tKmJU5PSf24S1sYddyBdZWJVY4DaqsaX5MTsDN,TokenzQdBNbLqP5VEhdkAS6EPFLC1PHnBqCXEpPxuEb,https://ipfs.io/ipfs/bafkreig322dwpocpxlz74cv7mrnsipbl4i5qhltifkxth6g7rugyd6m63i,pumpfun-create-borsh-v1,success
solana:4NYrg69UYJT22h1PknT2UuEps3cE7BDVmok6Jfz9sFiwW9CD92GurCx7QrFZMm3YTnnP82wnh2Vr5gUVjudkuvAu:2:0,solana-mainnet,pump.fun,4NYrg69UYJT22h1PknT2UuEps3cE7BDVmok6Jfz9sFiwW9CD92GurCx7QrFZMm3YTnnP82wnh2Vr5gUVjudkuvAu,451624719,1790680317,2,0,DNVvtqHkGbgnfeo9mjPHFLHcMLigxxafTNuT7FxUpump,TokenzQdBNbLqP5VEhdkAS6EPFLC1PHnBqCXEpPxuEb,https://ipfs.io/ipfs/bafkreifb46cfhhv6ktx45vz4tbka4nixnpthjaekqci5pdqesmddcgfcf4,pumpfun-create-borsh-v1,success
solana:3jSjnKxeCeFyBY5hMbmcWKCWghsMFgA6n2bB8UqvKhEguro2En58UkcHcuGewn5gGUvcM6ygRMae3xntrDddtkfd:0:0,solana-mainnet,pump.fun,3jSjnKxeCeFyBY5hMbmcWKCWghsMFgA6n2bB8UqvKhEguro2En58UkcHcuGewn5gGUvcM6ygRMae3xntrDddtkfd,451624716,1790680317,0,0,26Q7JscwwdQpuLMiv7wufsG9egmYKs7CnU92Dig9pump,TokenzQdBNbLqP5VEhdkAS6EPFLC1PHnBqCXEpPxuEb,https://storage.googleapis.com/padre-user-content-store/coin-launch-metadata-w_7mec9bmdWQK3iDqDPa4tutUDdNoSpD18GZ84efZJAdAa-1e15e624-6932-4794-a9ef-f4509e5110c8,pumpfun-create-borsh-v1,success
solana:3aVrK9J4AmDwbYCAKnhY3RfaKXwZxcwDPcc77UKrEJTFqL5kBiqkYj2yg6qh9jtMbbR728Ec3ZoYTsdkPazqYgNQ:2:0,solana-mainnet,pump.fun,3aVrK9J4AmDwbYCAKnhY3RfaKXwZxcwDPcc77UKrEJTFqL5kBiqkYj2yg6qh9jtMbbR728Ec3ZoYTsdkPazqYgNQ,451624711,1790680315,2,0,6EMhiimVWrd3WcnLYDfy5ntCbwYfjGshryCzAyhEpump,TokenzQdBNbLqP5VEhdkAS6EPFLC1PHnBqCXEpPxuEb,https://ipfs.io/ipfs/bafkreifcrjo7atxswq5wvw7n5sdpm2my6c4uwtjmpdlrsf3tdfophpxgpq,pumpfun-create-borsh-v1,success
solana:3s5ZTEfFdqPXZGXcTqeiAvKDpq3dteumEwrmxpXbHYceteQwsp3fhAmPcAzWYT1qGEVA98kCYLqU7EMb6hVP3fut:0:0,solana-mainnet,pump.fun,3s5ZTEfFdqPXZGXcTqeiAvKDpq3dteumEwrmxpXbHYceteQwsp3fhAmPcAzWYT1qGEVA98kCYLqU7EMb6hVP3fut,451624698,1790680312,0,0,7QLBn355B6UbZ7xA23iA7AA6y5yMAaB2gc2NEzVnpump,TokenzQdBNbLqP5VEhdkAS6EPFLC1PHnBqCXEpPxuEb,https://ipfs.io/ipfs/bafkreihu337yco5jtpiinnxqiqiekze5kuag4cc4x4g2tnflv6aqxilj4e,pumpfun-create-borsh-v1,success
solana:3CtVNDRdgffCVzb1Ue1BtTBXRfewSZirkGLR9Dor4gAcGU5ZM11b9W2WF1612MeGEny3es7htJES5R5eKYhMw27V:2:0,solana-mainnet,pump.fun,3CtVNDRdgffCVzb1Ue1BtTBXRfewSZirkGLR9Dor4gAcGU5ZM11b9W2WF1612MeGEny3es7htJES5R5eKYhMw27V,451624690,1790680310,2,0,22Um2JL96Qd5biTrnUWeFhZn1mHw91Q6PTBhE5jRpump,TokenzQdBNbLqP5VEhdkAS6EPFLC1PHnBqCXEpPxuEb,https://ipfs.io/ipfs/bafkreieqiysfko237nzzdu2ijbr66essnzvbyhux7xmbhhhhuarpxevykm,pumpfun-create-borsh-v1,success
solana:4mjreMUPwNcRmtvQp9H9G7vredpUJFDfYrhQcfKBMhKcuV7pn8BouMmNzw5aEmXLM1rZwCoYNaSKzZWjAkBHYRUu:0:0,solana-mainnet,pump.fun,4mjreMUPwNcRmtvQp9H9G7vredpUJFDfYrhQcfKBMhKcuV7pn8BouMmNzw5aEmXLM1rZwCoYNaSKzZWjAkBHYRUu,451624675,1790680306,0,0,8SM5XduDCMp1Fac1ctTRmVGDp93BVsiTFDy3gyhmM1pH,TokenzQdBNbLqP5VEhdkAS6EPFLC1PHnBqCXEpPxuEb,https://ipfs.io/ipfs/bafkreibpphtw6fzr4uionb76xkvhur3lykz537zuf47v44ln4hwovxcbdq,pumpfun-create-borsh-v1,success
solana:5eV7iRAdKLwmUuQt6ytJ3KkhTrgvfvhFHBRKxFnJJfzjVJmssCMXkHRvJkft4wYEG3u4UT6pzZqCC9mrrxGTetSm:0:0,solana-mainnet,pump.fun,5eV7iRAdKLwmUuQt6ytJ3KkhTrgvfvhFHBRKxFnJJfzjVJmssCMXkHRvJkft4wYEG3u4UT6pzZqCC9mrrxGTetSm,451624647,1790680299,0,0,tcgwMuPHDKmbuPdvAnZvDcQdYMHAnx7JVDqWavznXvU,TokenzQdBNbLqP5VEhdkAS6EPFLC1PHnBqCXEpPxuEb,https://rose-binding-boa-627.mypinata.cloud/ipfs/bafkreif25rnzguqfjuu6ck32h6tkrvtnxct5vkafxfrux42vxyoqhmvv6q,pumpfun-create-borsh-v1,success
solana:Lqx8YyGsg2A8EU3TbS4PADLV18E6fBUqJFtzQie3FUGSqXhT1NnUbY5pqc5E42ByPVzpF2176FBrDhWLUo3prH6:2:0,solana-mainnet,pump.fun,Lqx8YyGsg2A8EU3TbS4PADLV18E6fBUqJFtzQie3FUGSqXhT1NnUbY5pqc5E42ByPVzpF2176FBrDhWLUo3prH6,451624644,1790680298,2,0,AjJJY4TsqQ8Ugxv8Zoiar2P8E1S7WHji73qazgVzpump,TokenzQdBNbLqP5VEhdkAS6EPFLC1PHnBqCXEpPxuEb,https://ipfs.io/ipfs/bafkreifpl5fbtk2tzhn2ctodfsj4obeaqjq6mzartxyxzc7nlox35yhkya,pumpfun-create-borsh-v1,success
solana:2biUHXD6teCUvMnFNhLgrrXN7vxVub8yuzACUd4Bf9AyoiKwcGs5SVvKLEMCNbwmNENGaXTSBUwJfxy3rkTmjPYP:2:0,solana-mainnet,pump.fun,2biUHXD6teCUvMnFNhLgrrXN7vxVub8yuzACUd4Bf9AyoiKwcGs5SVvKLEMCNbwmNENGaXTSBUwJfxy3rkTmjPYP,451624640,1790680297,2,0,Emh5xBmGvVLPUVTStVRwGgLWmvbgU35Pd7AnQGjBpump,TokenzQdBNbLqP5VEhdkAS6EPFLC1PHnBqCXEpPxuEb,https://ipfs.io/ipfs/bafkreifsmycf7plhhtzkop7ypxel3xascuqhz5nf6dcqvo6rasprxroc4y,pumpfun-create-borsh-v1,success
solana:2smQSaqRSyWaNPWfKvrNB3iKSuVDoz59nVbdxcboptF4LY6Fptp9wzMDEwVqM7JYmw4dxJuSoPUZyBb63yagGD9f:2:0,solana-mainnet,pump.fun,2smQSaqRSyWaNPWfKvrNB3iKSuVDoz59nVbdxcboptF4LY6Fptp9wzMDEwVqM7JYmw4dxJuSoPUZyBb63yagGD9f,451624625,1790680293,2,0,6yRptqgHTT7ZNGW2sxfv2KEFjQs45ayKohYaVj3rpHha,TokenzQdBNbLqP5VEhdkAS6EPFLC1PHnBqCXEpPxuEb,https://project--e0ebd022-b0a1-4155-9818-bc1d4934ae9a.lovable.app/api/public/token-meta/32834550-216d-4654-94d0-926e636445d6.json,pumpfun-create-borsh-v1,success
solana:4gELwMyRP6sG7UxHSvBmM24Z48oDWuZPkvEd3rFXciBBsxga3woexvv2arHErLba56vrGGXh1ova9eXYU9i1uz5:2:0,solana-mainnet,pump.fun,4gELwMyRP6sG7UxHSvBmM24Z48oDWuZPkvEd3rFXciBBsxga3woexvv2arHErLba56vrGGXh1ova9eXYU9i1uz5,451624611,1790680290,2,0,4PF3XXoSavtrqssdLTzKfzc6tdA5FjtbKQez2XCFpump,TokenzQdBNbLqP5VEhdkAS6EPFLC1PHnBqCXEpPxuEb,https://ipfs.io/ipfs/bafkreidou6isozvcsv3b25qguhapmqyzaznjlv6jqdj6sgjhkmyuqlzrxa,pumpfun-create-borsh-v1,success
solana:3UUomXT1DPHPPufP3wg3WV9Qzb9GyVofcjBHMQTVe5frSJZ79mWbD96pddseXwgeJuji9P93tjeGtQUedYgUYEep:2:0,solana-mainnet,pump.fun,3UUomXT1DPHPPufP3wg3WV9Qzb9GyVofcjBHMQTVe5frSJZ79mWbD96pddseXwgeJuji9P93tjeGtQUedYgUYEep,451624600,1790680286,2,0,5jJM5mdXS5sTkGkbmwvnNuhwdFMjKEdF67D1vV75pump,TokenzQdBNbLqP5VEhdkAS6EPFLC1PHnBqCXEpPxuEb,https://ipfs.io/ipfs/bafkreiaj46gfq5tpcwd2xmjih5ko3b67hsnunh7s4rtebpwkhez54c7pou,pumpfun-create-borsh-v1,success
solana:Pm1P3ZvUDPkEXZn9rCx7fxfuNRgkXCipjoD5MmQ9cFhUPehQsXzd3WjLwgsV2Uv2Z9hpFRH8QoedZU7NfttCMLf:2:0,solana-mainnet,pump.fun,Pm1P3ZvUDPkEXZn9rCx7fxfuNRgkXCipjoD5MmQ9cFhUPehQsXzd3WjLwgsV2Uv2Z9hpFRH8QoedZU7NfttCMLf,451624562,1790680277,2,0,8L936KxmHscKWe6An3r5tnYRegqA4trUJQmYBu9BaJdx,TokenzQdBNbLqP5VEhdkAS6EPFLC1PHnBqCXEpPxuEb,https://project--e0ebd022-b0a1-4155-9818-bc1d4934ae9a.lovable.app/api/public/token-meta/57b3f54d-9b8c-4362-b735-fde1b6c2933f.json,pumpfun-create-borsh-v1,success
solana:vxRGfUHcozjNiadr5M98KsSx3F4gpXARTLhQcUbMMPagLU1TcQ2y6sTiC4VgCUYWakX2HiC7zxvR4NdNxddXmAS:0:0,solana-mainnet,pump.fun,vxRGfUHcozjNiadr5M98KsSx3F4gpXARTLhQcUbMMPagLU1TcQ2y6sTiC4VgCUYWakX2HiC7zxvR4NdNxddXmAS,451624539,1790680270,0,0,trJuxL3w85wmQzAiWpQqaJDEJ4X1SrmDNyNVwQVsyGX,TokenzQdBNbLqP5VEhdkAS6EPFLC1PHnBqCXEpPxuEb,https://rose-binding-boa-627.mypinata.cloud/ipfs/bafkreic2dzfygxuzefwcjrklkxo7z2s2wo6d2e4p3jbzl7qr7lipg63mii,pumpfun-create-borsh-v1,success
solana:62Vf7ZGFA3TFeSgBfjA1hqhEfCyd86uS3mjQTNR4UMGFzX3s7M6MxXnQaapvUyCZyFroVpa6Ac1b3SAqwUKPoAhW:2:0,solana-mainnet,pump.fun,62Vf7ZGFA3TFeSgBfjA1hqhEfCyd86uS3mjQTNR4UMGFzX3s7M6MxXnQaapvUyCZyFroVpa6Ac1b3SAqwUKPoAhW,451624533,1790680269,2,0,EdcsrPoS6w2ZFY5UXeVuePjpT3V4ZFoLPy7ccNP2zpkU,TokenzQdBNbLqP5VEhdkAS6EPFLC1PHnBqCXEpPxuEb,https://ipfs.io/ipfs/bafkreih7ike4kcdsrrgxboodtdufwrpil6vmepr2cokcw6lnxsserde42u,pumpfun-create-borsh-v1,success
solana:4beBcPCH1riARazWnjfuHUnsbL65fYaRn1E1PqvNMSo2rzBV6yCyEe24X1WBxDvHKgKq6HSHwj41GYbkDX8ZygTA:2:0,solana-mainnet,pump.fun,4beBcPCH1riARazWnjfuHUnsbL65fYaRn1E1PqvNMSo2rzBV6yCyEe24X1WBxDvHKgKq6HSHwj41GYbkDX8ZygTA,451624500,1790680260,2,0,4WJVLCNB769cjvRspCbB8bSzMRNAtr3uYgdH3tAtD4Xr,TokenzQdBNbLqP5VEhdkAS6EPFLC1PHnBqCXEpPxuEb,https://metadata.j7tracker.io/metadata/CfkGwDAJRY.json,pumpfun-create-borsh-v1,success
solana:4zxStAdczUqi8B1BxfKi88mGLerSadsaYpTntKXBQoe48azEesXziUnZZkmGm1Bba7WEfnfrkmSzYCLNCoo7wDu6:2:0,solana-mainnet,pump.fun,4zxStAdczUqi8B1BxfKi88mGLerSadsaYpTntKXBQoe48azEesXziUnZZkmGm1Bba7WEfnfrkmSzYCLNCoo7wDu6,451624482,1790680255,2,0,BVxSEmD8jfJvXW9z4ws3oFWztecftuqVm5vJdoBCpump,TokenzQdBNbLqP5VEhdkAS6EPFLC1PHnBqCXEpPxuEb,https://ipfs.io/ipfs/QmVrQopLYnUtHMzMtNkxGwePpyLA6YSH19Bd6Wez7CCC4g,pumpfun-create-borsh-v1,success
solana:3swvroLb7S81rA4aFAUHnnQuqRd7s7rfpMrc152uF8nLWKSwS8sAzQEaPbaRffgDqHcEThPWZXG8XhTrSDR36g6A:2:0,solana-mainnet,pump.fun,3swvroLb7S81rA4aFAUHnnQuqRd7s7rfpMrc152uF8nLWKSwS8sAzQEaPbaRffgDqHcEThPWZXG8XhTrSDR36g6A,451624464,1790680250,2,0,Dfps1btUD1CP8mCV23kPc4RH7QTmi8Ji7Ft9omQR2Aiz,TokenzQdBNbLqP5VEhdkAS6EPFLC1PHnBqCXEpPxuEb,https://project--e0ebd022-b0a1-4155-9818-bc1d4934ae9a.lovable.app/api/public/token-meta/36188f4b-4b2f-43b4-91b2-b2ac591c456a.json,pumpfun-create-borsh-v1,success
solana:peQCyZNhVMV2X8mWGyvoSNnwu8punhBH2rHBytQovwjWjTyncKWSUobB7VPbSiUG1z2oNZcjkj1VLPJ11Q6Wx1T:2:0,solana-mainnet,pump.fun,peQCyZNhVMV2X8mWGyvoSNnwu8punhBH2rHBytQovwjWjTyncKWSUobB7VPbSiUG1z2oNZcjkj1VLPJ11Q6Wx1T,451624461,1790680249,2,0,9Zrf4TcEHiB2ThyBuNpY2F2J6G4oqPEESpvg1ehypump,TokenzQdBNbLqP5VEhdkAS6EPFLC1PHnBqCXEpPxuEb,https://ipfs.io/ipfs/QmRjLSRBRLakUUNiNkiYmTRBDmLmiY9SqYbk3R3cQjYivV,pumpfun-create-borsh-v1,success
solana:4JWZDRsxgxAsnTHAhtc96tc8XXXhxKLfDip1mcuihvNgv7vo1NueiKrKmgJ5MX2FLpzK6meJShN9XmAaBrzjCfVb:2:0,solana-mainnet,pump.fun,4JWZDRsxgxAsnTHAhtc96tc8XXXhxKLfDip1mcuihvNgv7vo1NueiKrKmgJ5MX2FLpzK6meJShN9XmAaBrzjCfVb,451624459,1790680249,2,0,FdE1Yhz1tMuVmTy93c8ZP3PndRMDAwpTjswFRE7Qpump,TokenzQdBNbLqP5VEhdkAS6EPFLC1PHnBqCXEpPxuEb,https://m.rapidlaunch.io/m/S1Q3P2ulD,pumpfun-create-borsh-v1,success
solana:svmPfJ6jxxoQZqtV4nuoiBLrG4svwdmPDg7jsnnFaR4wDQsxiz4ntzWYR3PmpJGUZrQbPeddQ95BnK3PecZ3FtL:2:0,solana-mainnet,pump.fun,svmPfJ6jxxoQZqtV4nuoiBLrG4svwdmPDg7jsnnFaR4wDQsxiz4ntzWYR3PmpJGUZrQbPeddQ95BnK3PecZ3FtL,451624457,1790680248,2,0,Fvqhptkv55Y7yKYxF1xbHanAQNdfa5nvLwtkxBJjKCKK,TokenzQdBNbLqP5VEhdkAS6EPFLC1PHnBqCXEpPxuEb,https://metadata.j7tracker.io/metadata/49A2wcnmo9.json,pumpfun-create-borsh-v1,success
solana:2vwTe9EpEhwBiF1AW5DNbyxtMjXnpfDUXqzJSMuKbf7TQb5NwHoYp99BjUXzpg4wgVwX4yk2RCZ5VZaZESCthX8b:2:0,solana-mainnet,pump.fun,2vwTe9EpEhwBiF1AW5DNbyxtMjXnpfDUXqzJSMuKbf7TQb5NwHoYp99BjUXzpg4wgVwX4yk2RCZ5VZaZESCthX8b,451624431,1790680241,2,0,4wTV1YmiEkRvAtNtsSGPtUrqRYQMe5SKy2uB4Jjaxnjf,ATokenGPvbdGVxr1b2hvZbsiqW5xWH25efTNsLJA8knL," ",pumpfun-create-borsh-v1,success
solana:2kNt9Qi3PmcwaqFNpXhDcHEZ3CPV8gdTvarD2VQrQyZR4i2s7kbF5VxtYQ1V6DLdJDgzmuNYhEMbd5yJPcy9cC2:2:0,solana-mainnet,pump.fun,2kNt9Qi3PmcwaqFNpXhDcHEZ3CPV8gdTvarD2VQrQyZR4i2s7kbF5VxtYQ1V6DLdJDgzmuNYhEMbd5yJPcy9cC2,451624403,1790680234,2,0,EZ9yQHp6uUWoYGfZyQA7mv9ciPsoFQvFYvUnPUYypump,TokenzQdBNbLqP5VEhdkAS6EPFLC1PHnBqCXEpPxuEb,https://ipfs.io/ipfs/bafkreif3bw5cmyfkg3q5kxafagsisp3sb4o44yrfowsvtuyl24hmdxuq5i,pumpfun-create-borsh-v1,success
solana:34kGEMALafiArfzrziNHnP4bgbWcJHGSinNSadvkKaUWjUYq3SKe9tKvCNDJBVkB5Zn4U72dec1uM9qZmZtdPijq:2:0,solana-mainnet,pump.fun,34kGEMALafiArfzrziNHnP4bgbWcJHGSinNSadvkKaUWjUYq3SKe9tKvCNDJBVkB5Zn4U72dec1uM9qZmZtdPijq,451624391,1790680231,2,0,BSAXppZHmFQkrAU6uUcCs4E2F3kggMQSfajynjN5P5XC,TokenzQdBNbLqP5VEhdkAS6EPFLC1PHnBqCXEpPxuEb,https://project--e0ebd022-b0a1-4155-9818-bc1d4934ae9a.lovable.app/api/public/token-meta/87c0f346-5445-4917-81c5-f351ea8a8351.json,pumpfun-create-borsh-v1,success
solana:3Lw7guBLy7DKpz9EifZr5kupV9zDuEoVB4tyQgWpjctPXuP4qnEhrHRHtfqSTFeC1rRtAgDik9aw6tiwN9pM8SQL:2:0,solana-mainnet,pump.fun,3Lw7guBLy7DKpz9EifZr5kupV9zDuEoVB4tyQgWpjctPXuP4qnEhrHRHtfqSTFeC1rRtAgDik9aw6tiwN9pM8SQL,451624356,1790680221,2,0,3fGVHHNPb4S7GKNKWXSAPL71AHbtW5XfwDjCDbatpump,TokenzQdBNbLqP5VEhdkAS6EPFLC1PHnBqCXEpPxuEb,https://ipfs.io/ipfs/QmRYsgpb6YBbTyXLfbdFsqn77xzveY6wyFirf7wCPaHYSq,pumpfun-create-borsh-v1,success
solana:52fKXf2HsDo1ogwWj2CX8DQqE7uw8F6ykuiwHbvhiCa2c2tU7bi91offLHL5171CuftEKj9nW2voCuYEvS5T6nEQ:2:0,solana-mainnet,pump.fun,52fKXf2HsDo1ogwWj2CX8DQqE7uw8F6ykuiwHbvhiCa2c2tU7bi91offLHL5171CuftEKj9nW2voCuYEvS5T6nEQ,451624349,1790680220,2,0,HWKfS55FwhrBaHEztt6vDTvfFG1o9gWruHFrkcBqpump,TokenzQdBNbLqP5VEhdkAS6EPFLC1PHnBqCXEpPxuEb,https://ipfs.io/ipfs/bafkreibwmwbgx7ut7wo6bqpv2dspq7cddgricarmsampwotems76bho4oi,pumpfun-create-borsh-v1,success
solana:9MbGnJNTmc1Gi1rAKsWZ3FDrhDcFrsr3rgxLS5F2FYFAEb9BwS7wgycN2aGVbNvTS51bG1sKBTbW5sTTrHxAApD:0:0,solana-mainnet,pump.fun,9MbGnJNTmc1Gi1rAKsWZ3FDrhDcFrsr3rgxLS5F2FYFAEb9BwS7wgycN2aGVbNvTS51bG1sKBTbW5sTTrHxAApD,451624320,1790680212,0,0,Fw3tayLNdQAkdsLnCd8LyLURnVtoNkdwTEk8Uhypump,TokenzQdBNbLqP5VEhdkAS6EPFLC1PHnBqCXEpPxuEb,https://ipfs.io/ipfs/QmNabaVAKM2L8hXGQeVPTZC62bS8QuBepYFQVQ16yMTKUn,pumpfun-create-borsh-v1,success
solana:3u7FjNAcFdmD6geoz9cSDPMziHdKi1qDXdFjrEmkhSMt6nsT1TfkydzqsiDLtcLYVDTwzTQPyAjt7DMFYEVzuN5y:2:0,solana-mainnet,pump.fun,3u7FjNAcFdmD6geoz9cSDPMziHdKi1qDXdFjrEmkhSMt6nsT1TfkydzqsiDLtcLYVDTwzTQPyAjt7DMFYEVzuN5y,451624315,1790680210,2,0,HQaPB1tZwNsVZw1T8oCdsX7hruMCgn9WckvTo2G8pump,TokenzQdBNbLqP5VEhdkAS6EPFLC1PHnBqCXEpPxuEb,https://ipfs.io/ipfs/bafkreidcbfknl3sy4xiysgpighbs4mfedav22gmh6idyevlmmnzbt3tq24,pumpfun-create-borsh-v1,success
solana:pmxSq1dvNiFUYCcKxSEaWRJpneanyMaRAzGvLznEEaQtSj1ptEVb5kXKaNphn1h7FziTH7Wtz4TsfSLbuK7MHmK:2:0,solana-mainnet,pump.fun,pmxSq1dvNiFUYCcKxSEaWRJpneanyMaRAzGvLznEEaQtSj1ptEVb5kXKaNphn1h7FziTH7Wtz4TsfSLbuK7MHmK,451624296,1790680205,2,0,3622gCNE3APNtj3XBMMv1XuetmYgV676cem3XVczpump,TokenzQdBNbLqP5VEhdkAS6EPFLC1PHnBqCXEpPxuEb,https://meta.uxento.io/data/a35aea77-e3b4-4eed-a619-27fd7bc5a299,pumpfun-create-borsh-v1,success
solana:Qi1US1Nrjevgqpq89J7EbW8d4dkjXix2h7X7BWwUtrvCnB55YRdP72qBuf8izvu5QUFqQaWDjX25GCfTwBMfvxi:2:0,solana-mainnet,pump.fun,Qi1US1Nrjevgqpq89J7EbW8d4dkjXix2h7X7BWwUtrvCnB55YRdP72qBuf8izvu5QUFqQaWDjX25GCfTwBMfvxi,451624266,1790680198,2,0,AuAyhnCjtUbx94J91PSP8RUK9196JSAN4GFTP29ZnCru,TokenzQdBNbLqP5VEhdkAS6EPFLC1PHnBqCXEpPxuEb,https://project--e0ebd022-b0a1-4155-9818-bc1d4934ae9a.lovable.app/api/public/token-meta/b9732e07-77ae-4b5a-8267-41feb3c48acf.json,pumpfun-create-borsh-v1,success
solana:2JtN8i5u6HF6NAUQqmPi17Lm7f6w8tYb9hnPU7gismE3tQPAgiUEMuoYy3j9vgrzP8kWGJTBLGrNpHBK8mSbKWgF:2:0,solana-mainnet,pump.fun,2JtN8i5u6HF6NAUQqmPi17Lm7f6w8tYb9hnPU7gismE3tQPAgiUEMuoYy3j9vgrzP8kWGJTBLGrNpHBK8mSbKWgF,451624264,1790680197,2,0,4wTV1YmiEkRvAtNtsSGPtUrqRYQMe5SKy2uB4Jjaxnjf,ATokenGPvbdGVxr1b2hvZbsiqW5xWH25efTNsLJA8knL,"         ",pumpfun-create-borsh-v1,success
solana:48LUhkx9wwZf1kG9GcKKoBBDGMNKa1x2FP47goVvV9ZCJoxXpjFfYmehBBykHUGV1PkPDBVA4dNfM5if6kUJ99o6:2:0,solana-mainnet,pump.fun,48LUhkx9wwZf1kG9GcKKoBBDGMNKa1x2FP47goVvV9ZCJoxXpjFfYmehBBykHUGV1PkPDBVA4dNfM5if6kUJ99o6,451624261,1790680196,2,0,98mTYNKmPUuqouhRM71wh4Sv8hvDp4S1FqRizvjGpump,TokenzQdBNbLqP5VEhdkAS6EPFLC1PHnBqCXEpPxuEb,https://meta.uxento.io/data/54862241-c69b-4903-b033-63bf73fdab02,pumpfun-create-borsh-v1,success
solana:5n3svL5MhreQyPg3jGM56s28dtgwPDmAWu51PTTWZRbLxhEjtZ7R1Y5FtetQp9Q27d1iXvucEq6ZQpBdao55VT6Z:2:0,solana-mainnet,pump.fun,5n3svL5MhreQyPg3jGM56s28dtgwPDmAWu51PTTWZRbLxhEjtZ7R1Y5FtetQp9Q27d1iXvucEq6ZQpBdao55VT6Z,451624260,1790680196,2,0,Ad9EAdkVJRcgdEuvFbAVXruqJ6or1gSnMscXhYL8pump,TokenzQdBNbLqP5VEhdkAS6EPFLC1PHnBqCXEpPxuEb,https://ipfs.io/ipfs/bafkreiavslixwl2eibk4t22cte2eqwlruekj4zegeuqr45dmcudlnuami4,pumpfun-create-borsh-v1,success
solana:2ZurP8YCotnuBGHfFqVcc9dKg6fWLf6pkLGAXgeLeEKsaynQvcJR5xqYPuZGzUQxRXvrFaehDTBZghvUqLuAqPW8:2:0,solana-mainnet,pump.fun,2ZurP8YCotnuBGHfFqVcc9dKg6fWLf6pkLGAXgeLeEKsaynQvcJR5xqYPuZGzUQxRXvrFaehDTBZghvUqLuAqPW8,451624260,1790680196,2,0,GmBFLVadAyBaVwPSgLPZcFH5kidACetG6DU29scnpump,TokenzQdBNbLqP5VEhdkAS6EPFLC1PHnBqCXEpPxuEb,https://ipfs.io/ipfs/bafkreia5gaafixlwejttkrk3klqvl7jaueezdxo2wh4guxhsjh474rcqda,pumpfun-create-borsh-v1,success
solana:45tkWwq7A2KUFm8H2rVStzVYnyReUio1DRfhincZDzxezBQKFVEPLLe1mdkH2C5WYowNiX3GzGk9xDZA8zE9dnHM:2:0,solana-mainnet,pump.fun,45tkWwq7A2KUFm8H2rVStzVYnyReUio1DRfhincZDzxezBQKFVEPLLe1mdkH2C5WYowNiX3GzGk9xDZA8zE9dnHM,451624253,1790680194,2,0,4Yps57nVc4EwHji48zvcPbhunCLWezFYk7QvByU7pump,TokenzQdBNbLqP5VEhdkAS6EPFLC1PHnBqCXEpPxuEb,https://ipfs.io/ipfs/QmRYsgpb6YBbTyXLfbdFsqn77xzveY6wyFirf7wCPaHYSq,pumpfun-create-borsh-v1,success
solana:2Kud9cYCVQ5X16wL4jXSXaN1mkLCJwZZ7M1VJVkKjKwUBoNwDzQXbm5nyGY13Vx12Pp7CdeV524oEfDKa4sy6r2h:2:0,solana-mainnet,pump.fun,2Kud9cYCVQ5X16wL4jXSXaN1mkLCJwZZ7M1VJVkKjKwUBoNwDzQXbm5nyGY13Vx12Pp7CdeV524oEfDKa4sy6r2h,451624250,1790680193,2,0,4wTV1YmiEkRvAtNtsSGPtUrqRYQMe5SKy2uB4Jjaxnjf,ATokenGPvbdGVxr1b2hvZbsiqW5xWH25efTNsLJA8knL,"              ",pumpfun-create-borsh-v1,success
solana:67ZJFqwhGvGnfqCrvbVKos9nzkToxyBKRY7dVjPDQ36KQnxAJdXoKhtgMKSadQHRX9AorFHqDB2Baapbiab1KfXR:2:0,solana-mainnet,pump.fun,67ZJFqwhGvGnfqCrvbVKos9nzkToxyBKRY7dVjPDQ36KQnxAJdXoKhtgMKSadQHRX9AorFHqDB2Baapbiab1KfXR,451624250,1790680193,2,0,4wTV1YmiEkRvAtNtsSGPtUrqRYQMe5SKy2uB4Jjaxnjf,ATokenGPvbdGVxr1b2hvZbsiqW5xWH25efTNsLJA8knL," ",pumpfun-create-borsh-v1,success
solana:9xt8H9STnYQch1s63evxtXi1SL46jLw2EsCkWDTRPspUgS1XsJmSjWYnT4M4wrYG9ujAHNJZdekomZb3JquK2oe:2:0,solana-mainnet,pump.fun,9xt8H9STnYQch1s63evxtXi1SL46jLw2EsCkWDTRPspUgS1XsJmSjWYnT4M4wrYG9ujAHNJZdekomZb3JquK2oe,451624245,1790680192,2,0,G7F5PVNH4gBQYuqoQnjW3ugzQvo4yPQSjiw15ux2pump,TokenzQdBNbLqP5VEhdkAS6EPFLC1PHnBqCXEpPxuEb,https://ipfs.io/ipfs/bafkreidxfz5xubazavctj2ht57qqguinf7zv3tz3v23wug62xkngdhebqq,pumpfun-create-borsh-v1,success
solana:4tN18qb9zQXhK6sdyDLbuMFFKmoi7a2FQmQtB2nN1Bc6zCf1EozagoPBSw1nyTXsE79LBs2mV9Gw5qJY2U1TmAU:2:0,solana-mainnet,pump.fun,4tN18qb9zQXhK6sdyDLbuMFFKmoi7a2FQmQtB2nN1Bc6zCf1EozagoPBSw1nyTXsE79LBs2mV9Gw5qJY2U1TmAU,451624186,1790680176,2,0,2jnsqANxPWWmiaEb1sgapBGLEkSZsK5VtdEYAtrjcUor,TokenzQdBNbLqP5VEhdkAS6EPFLC1PHnBqCXEpPxuEb,https://project--e0ebd022-b0a1-4155-9818-bc1d4934ae9a.lovable.app/api/public/token-meta/9ae84bf6-3b47-4ed1-bfe0-398a009846ce.json,pumpfun-create-borsh-v1,success
solana:5p7tWB3prr1GCQkd5qvPo9B6QsJZznT2Q1RSK2jTQcWKVpUXTf5SDLTdzBGT81Pz2ukZ4s4rGBx8mrGynfhvPuTT:2:0,solana-mainnet,pump.fun,5p7tWB3prr1GCQkd5qvPo9B6QsJZznT2Q1RSK2jTQcWKVpUXTf5SDLTdzBGT81Pz2ukZ4s4rGBx8mrGynfhvPuTT,451624185,1790680176,2,0,E4YHcHNgdF7h3H18eb3FzJzvPafVM4VuHuK24aNYw7Dy,TokenzQdBNbLqP5VEhdkAS6EPFLC1PHnBqCXEpPxuEb,https://project--e0ebd022-b0a1-4155-9818-bc1d4934ae9a.lovable.app/api/public/token-meta/a6faa418-72b7-4288-87c2-f7fee5d47efd.json,pumpfun-create-borsh-v1,success
solana:3AaxoHZHZBjYmaxJTR5HJ7B6DdSKeFBGiECh1Juk1tPcBLTzS5DUmREbCeFquDn1gAkx52s7SXsEecJJRpFyRxxH:2:0,solana-mainnet,pump.fun,3AaxoHZHZBjYmaxJTR5HJ7B6DdSKeFBGiECh1Juk1tPcBLTzS5DUmREbCeFquDn1gAkx52s7SXsEecJJRpFyRxxH,451624183,1790680175,2,0,91CzzwUGrMc3eJD1eDxsez88hfcziPNUZQetggELpump,TokenzQdBNbLqP5VEhdkAS6EPFLC1PHnBqCXEpPxuEb,https://ipfs.io/ipfs/bafkreicoq2dvd37byqdtdpqaixl56e65lda33xmmbvx27mdf3xdo56si54,pumpfun-create-borsh-v1,success
solana:3p1kfi5BrZhRpZe5B8c6LaxAAGrBXbqhBtBMBSzcZ9NdA6oVLqVcjf6CTtJ5Y52N2zL3Fdd1xXaY8AUQ4e6UqH8b:2:0,solana-mainnet,pump.fun,3p1kfi5BrZhRpZe5B8c6LaxAAGrBXbqhBtBMBSzcZ9NdA6oVLqVcjf6CTtJ5Y52N2zL3Fdd1xXaY8AUQ4e6UqH8b,451624180,1790680174,2,0,2v1qDmuN6yYg4maFZpdtvB4KGkUJcAaZbfdgStJJqLdp,TokenzQdBNbLqP5VEhdkAS6EPFLC1PHnBqCXEpPxuEb,https://stockenized.fun/api/token-meta/STK-VGJXRM,pumpfun-create-borsh-v1,success
solana:4nvoq5gTLbKXtpJPvMucHCDRgPAVCVyxY13Bgb8j9yhVkf4ZqiXH4vF65o4pQbDpe8BxgeCbL4aysg8fAP9M7v2r:2:0,solana-mainnet,pump.fun,4nvoq5gTLbKXtpJPvMucHCDRgPAVCVyxY13Bgb8j9yhVkf4ZqiXH4vF65o4pQbDpe8BxgeCbL4aysg8fAP9M7v2r,451624174,1790680173,2,0,4wTV1YmiEkRvAtNtsSGPtUrqRYQMe5SKy2uB4Jjaxnjf,ATokenGPvbdGVxr1b2hvZbsiqW5xWH25efTNsLJA8knL,"    ",pumpfun-create-borsh-v1,success
solana:2ZDqMUFufTVr719PLMNb4U4D7QSYUKBaWFvaVYVbYxVy2SibbcYH2Lqx9Ma4ZmCVGQU4ngVNhNVfeTm38jH3xHJv:2:0,solana-mainnet,pump.fun,2ZDqMUFufTVr719PLMNb4U4D7QSYUKBaWFvaVYVbYxVy2SibbcYH2Lqx9Ma4ZmCVGQU4ngVNhNVfeTm38jH3xHJv,451624147,1790680166,2,0,5H6ESnWU78e94nnojyVtUnu7HLCcFSp3LN5TUSYupump,TokenzQdBNbLqP5VEhdkAS6EPFLC1PHnBqCXEpPxuEb,https://ipfs.io/ipfs/QmRYsgpb6YBbTyXLfbdFsqn77xzveY6wyFirf7wCPaHYSq,pumpfun-create-borsh-v1,success
solana:2dGNa43ggMDLBcftVFzkzHCnD2cPugRfFJwFYaZY5iWvhSdKFKqh1oKFLoE8QYcT6LGoNSV1bafxbWaMuBUgsKyu:2:0,solana-mainnet,pump.fun,2dGNa43ggMDLBcftVFzkzHCnD2cPugRfFJwFYaZY5iWvhSdKFKqh1oKFLoE8QYcT6LGoNSV1bafxbWaMuBUgsKyu,451624145,1790680165,2,0,87GSGErVkHdGXQ9Ybo7PAH68Dx3idFRGwCyfgrjXpump,TokenzQdBNbLqP5VEhdkAS6EPFLC1PHnBqCXEpPxuEb,https://ipfs.io/ipfs/bafkreia6si7xgev2r2bsjvshchsgz74nlfqfbypmqdqu3fqu4emqwfuqnq,pumpfun-create-borsh-v1,success
solana:2sYxjPbezoFGoJpxrhMYXMSgRwmc91hmHwLCa33pbvra8nwJHXBTQnGsbdJ7LhJUKvp6MNtMTqRbHWwm3Cf5DE7:2:1,solana-mainnet,pump.fun,2sYxjPbezoFGoJpxrhMYXMSgRwmc91hmHwLCa33pbvra8nwJHXBTQnGsbdJ7LhJUKvp6MNtMTqRbHWwm3Cf5DE7,451624132,1790680162,2,1,AkM5mhcQH5gtwEMrdZfwdaZ1senHeBCq7hKNRtpLpump,TokenzQdBNbLqP5VEhdkAS6EPFLC1PHnBqCXEpPxuEb,https://ipfs.io/ipfs/QmWsaHWsbA23Ss8hEXXqjYDv81SpP8H6mzrgMuUwqex6ia,pumpfun-create-borsh-v1,success
solana:3ymf4mmFmTPpYi7wD4pQBrT5njtBFv9CTT1wTrnYWT3SAgdfWHM5LTCaLbpLokfzDHCZMqqAaF5kVWyNv1UCqpJ7:2:0,solana-mainnet,pump.fun,3ymf4mmFmTPpYi7wD4pQBrT5njtBFv9CTT1wTrnYWT3SAgdfWHM5LTCaLbpLokfzDHCZMqqAaF5kVWyNv1UCqpJ7,451624121,1790680159,2,0,47yYMq64qhgmMVkpNFqJJuTEVct7bL3Y4BaNQMkypump,TokenzQdBNbLqP5VEhdkAS6EPFLC1PHnBqCXEpPxuEb,https://ipfs.io/ipfs/QmdaepiR3tLibgdLQEorobCuCwq4UfUGBk3NV2j7f9ofGq,pumpfun-create-borsh-v1,success
solana:4SJjtr6bFEP32pbB4FNqF6QJGKdPNpToGrBKWpbdykRypv9cXjH8PhxytNSejXFvLNDBTpfRd4bAt3EuH2D2xocy:0:0,solana-mainnet,pump.fun,4SJjtr6bFEP32pbB4FNqF6QJGKdPNpToGrBKWpbdykRypv9cXjH8PhxytNSejXFvLNDBTpfRd4bAt3EuH2D2xocy,451624119,1790680158,0,0,AddmciFFZHCraLM3Db4zkxX7dvYiPDYzP2NnBLn9kC4t,TokenzQdBNbLqP5VEhdkAS6EPFLC1PHnBqCXEpPxuEb,https://metadata.j7tracker.io/metadata/A86iItBo6P.json,pumpfun-create-borsh-v1,success
solana:65trUDXGjuXwBnjAtW3kQcsv39KvQkqANH4UU9H26miaq1XHBGTWtLegutpJ3EJtx1BqBS2MTQvthsCzNF5xW5Xx:2:0,solana-mainnet,pump.fun,65trUDXGjuXwBnjAtW3kQcsv39KvQkqANH4UU9H26miaq1XHBGTWtLegutpJ3EJtx1BqBS2MTQvthsCzNF5xW5Xx,451624116,1790680158,2,0,CXmBe8T4CkKW8sHkS6aTgJfqdWdjQEkLUyfe7cWunB6z,TokenzQdBNbLqP5VEhdkAS6EPFLC1PHnBqCXEpPxuEb,https://project--e0ebd022-b0a1-4155-9818-bc1d4934ae9a.lovable.app/api/public/token-meta/aaea2529-a9af-4338-af3b-9c0247dec0b9.json,pumpfun-create-borsh-v1,success
solana:Q62mk8rU4UgrrvG5syZQxdLRSrSwV9LZwPsxSFnb4SxYKSkPrAStRNrKkHQ3fBhmBP9KgyDTYpW1aX1kuJ6Ad1g:2:0,solana-mainnet,pump.fun,Q62mk8rU4UgrrvG5syZQxdLRSrSwV9LZwPsxSFnb4SxYKSkPrAStRNrKkHQ3fBhmBP9KgyDTYpW1aX1kuJ6Ad1g,451624105,1790680154,2,0,ABZPtjwA1MB51boqc3HSeEDQCK41mUn5CDtJVC9epump,TokenzQdBNbLqP5VEhdkAS6EPFLC1PHnBqCXEpPxuEb,https://ipfs.io/ipfs/bafkreidp7agcguvqtvjnxxaoukvvrtd5gmyjxnvxojyti4d7hfv5yu2ypy,pumpfun-create-borsh-v1,success
solana:59eLRbyfpo85Np88XkqSiLZBTcbBmamsujYz3JW8ckSgg2zMCieSwVxzSnWNUbxB6rnCmYU5BgQ6iyZjDWipVXjR:2:0,solana-mainnet,pump.fun,59eLRbyfpo85Np88XkqSiLZBTcbBmamsujYz3JW8ckSgg2zMCieSwVxzSnWNUbxB6rnCmYU5BgQ6iyZjDWipVXjR,451624076,1790680147,2,0,9dSugBAUqS2zjzNi1XdyE3KQyC9Jn5CZ74cMdfcpump,TokenzQdBNbLqP5VEhdkAS6EPFLC1PHnBqCXEpPxuEb,https://ipfs.io/ipfs/QmRYsgpb6YBbTyXLfbdFsqn77xzveY6wyFirf7wCPaHYSq,pumpfun-create-borsh-v1,success
solana:2eCR47eEsjWBtToFxjs737AjgFTGoCSFtWoS8Gvp4o6wZUy5ojVPYmv6wAgkdrse7Lk4gSfcZHce2qKowQ21XZa2:0:0,solana-mainnet,pump.fun,2eCR47eEsjWBtToFxjs737AjgFTGoCSFtWoS8Gvp4o6wZUy5ojVPYmv6wAgkdrse7Lk4gSfcZHce2qKowQ21XZa2,451624072,1790680146,0,0,8hSQU7R5ZVmcUzPoNHFPwbL5zb5n9pggzaDvfa7iGSMP,TokenzQdBNbLqP5VEhdkAS6EPFLC1PHnBqCXEpPxuEb,https://metadata.j7tracker.io/m/sBxvM2L2ZJ,pumpfun-create-borsh-v1,success
solana:3QpxGwHCtrTs9ZxYS31f8S5tmV9jzztKAME3bHvYNA8QvR972PjMkFNP91Xki4Jo3P4p9TskbwR3VAup84W97Ewj:3:0,solana-mainnet,pump.fun,3QpxGwHCtrTs9ZxYS31f8S5tmV9jzztKAME3bHvYNA8QvR972PjMkFNP91Xki4Jo3P4p9TskbwR3VAup84W97Ewj,451624060,1790680143,3,0,FhchbGN8YdGrS7YoVBBCcEPgT1Y9yWv3qTiv3Mgcpump,TokenzQdBNbLqP5VEhdkAS6EPFLC1PHnBqCXEpPxuEb,https://ipfs.io/ipfs/bafkreiga557ryyffyzd5zovwcz6y3qhxvpusvircmwc63zytddvdsblpie,pumpfun-create-borsh-v1,success
solana:3kXNDSKxFPqg9Rwnz8vTTfqamAqvizt8DEcboey7bF2schcxD6mxP64h5MNP7ZnacGZnhSADeCF1Sy2uZPcxcgAu:2:0,solana-mainnet,pump.fun,3kXNDSKxFPqg9Rwnz8vTTfqamAqvizt8DEcboey7bF2schcxD6mxP64h5MNP7ZnacGZnhSADeCF1Sy2uZPcxcgAu,451624049,1790680139,2,0,E9nqCKCGzMoTTFfk5cBRvyBcVhMmWVkSfG6uZptCaqb5,TokenzQdBNbLqP5VEhdkAS6EPFLC1PHnBqCXEpPxuEb,https://project--e0ebd022-b0a1-4155-9818-bc1d4934ae9a.lovable.app/api/public/token-meta/dde7d367-be5f-4c37-8af5-868e049d19a9.json,pumpfun-create-borsh-v1,success
solana:4aJzjn9shqJMeJ5H6Gj5bQMuNJUGMCEfTnKjQvkpKKopyEPELtrwG8PTfev57fCK6hE6ceCbjSqf1GAYhoG9FHvt:0:0,solana-mainnet,pump.fun,4aJzjn9shqJMeJ5H6Gj5bQMuNJUGMCEfTnKjQvkpKKopyEPELtrwG8PTfev57fCK6hE6ceCbjSqf1GAYhoG9FHvt,451624042,1790680137,0,0,DL7xy9eFYJnJgkGmEKCSquyyLUm7u7UUQ2e9aQexq2FA,TokenzQdBNbLqP5VEhdkAS6EPFLC1PHnBqCXEpPxuEb,https://metadata.j7tracker.io/metadata/bqdSt7tnNA.json,pumpfun-create-borsh-v1,success
solana:5vti4p9XPjfydk3Av1a9TLcXfHpebkEsmx4TEM2U4u5mVmSnWrK67oo784ZBSDbXdveMm9tJd2LZLca5J2z8vfjT:2:0,solana-mainnet,pump.fun,5vti4p9XPjfydk3Av1a9TLcXfHpebkEsmx4TEM2U4u5mVmSnWrK67oo784ZBSDbXdveMm9tJd2LZLca5J2z8vfjT,451624038,1790680136,2,0,3WZAY4tPsFCDkMkxxp5YxoiDSfEri3Dfopm8Sc2C3CHN,TokenzQdBNbLqP5VEhdkAS6EPFLC1PHnBqCXEpPxuEb,https://metadata.j7tracker.io/metadata/bqdSt7tnNA.json,pumpfun-create-borsh-v1,success
solana:3k7Gk8FyA66riystcBKCdFmjDhJjowamYjQDxoUyBRPWYNWE8HHphF2gGwMwM5jDLSJfFVtZS2srkG7kdDiNZ3Sf:2:0,solana-mainnet,pump.fun,3k7Gk8FyA66riystcBKCdFmjDhJjowamYjQDxoUyBRPWYNWE8HHphF2gGwMwM5jDLSJfFVtZS2srkG7kdDiNZ3Sf,451623983,1790680121,2,0,CFSrpAeG4rzGDsHLgBaw1uiS9yGHrJBntKDEE8KTuu8a,TokenzQdBNbLqP5VEhdkAS6EPFLC1PHnBqCXEpPxuEb,https://project--e0ebd022-b0a1-4155-9818-bc1d4934ae9a.lovable.app/api/public/token-meta/8d0c4778-5d18-4453-95f0-9ffd911fc601.json,pumpfun-create-borsh-v1,success
solana:2Ptp5hLG7SAvSp3AthceF3DRB5TSKGadWMJRyUpESFuAkyC9SwB9yc2FZCQo6yuotuMd9Jm9tg4uYyPGM1EFc4hD:2:0,solana-mainnet,pump.fun,2Ptp5hLG7SAvSp3AthceF3DRB5TSKGadWMJRyUpESFuAkyC9SwB9yc2FZCQo6yuotuMd9Jm9tg4uYyPGM1EFc4hD,451623982,1790680121,2,0,G4GaStbLMmXz4wCEZf1bEfr3nRHM3JWgbzXYrVnapump,TokenzQdBNbLqP5VEhdkAS6EPFLC1PHnBqCXEpPxuEb,https://ipfs.io/ipfs/QmRYsgpb6YBbTyXLfbdFsqn77xzveY6wyFirf7wCPaHYSq,pumpfun-create-borsh-v1,success
solana:5rMErpSUFMMC4G5G2ePHhkMZcGApY3c52vXocCVqocqx2b38Txin8VPavhvYEiX4LX1GDRUnm8k4N1BDDTGtSdXt:1:0,solana-mainnet,pump.fun,5rMErpSUFMMC4G5G2ePHhkMZcGApY3c52vXocCVqocqx2b38Txin8VPavhvYEiX4LX1GDRUnm8k4N1BDDTGtSdXt,451623980,1790680120,1,0,FWDYA58sFDQUZc73mfE2Zi2gtbi2EQGaTPsy99FgHaDA,TokenzQdBNbLqP5VEhdkAS6EPFLC1PHnBqCXEpPxuEb,https://ipfs.io/ipfs/bafkreifzflv4zpbtk2ljnwnirjj53zicfdvpcwdf2utyqnl2oqsfshkite,pumpfun-create-borsh-v1,success
solana:3528mG4Q4iuVg2ZFn6V1FKJnVav82jiVjzjMmmLTcTvTh6RCfP37Ww75gcyNQcj9BaEHcCsU4Z9z9uWWs526GTYR:2:0,solana-mainnet,pump.fun,3528mG4Q4iuVg2ZFn6V1FKJnVav82jiVjzjMmmLTcTvTh6RCfP37Ww75gcyNQcj9BaEHcCsU4Z9z9uWWs526GTYR,451623975,1790680119,2,0,Er1n7fkEPKGvm3aTvExUpC5uSwkLp8VYt185yzQFpump,TokenzQdBNbLqP5VEhdkAS6EPFLC1PHnBqCXEpPxuEb,https://ipfs.io/ipfs/bafkreielsjy3ow2u7ubd7tdjlnbn3jwaxfgfirbcjuxmnqgbkj4qjfmale,pumpfun-create-borsh-v1,success
solana:24m2xhfebgDVc65bZx6jnW5z8q7gv6XT3qegBpjMBT3mfTTzqnhUhyHGcjJMaHkKPNhNd9qK244FpGKBMrzJxyf2:2:0,solana-mainnet,pump.fun,24m2xhfebgDVc65bZx6jnW5z8q7gv6XT3qegBpjMBT3mfTTzqnhUhyHGcjJMaHkKPNhNd9qK244FpGKBMrzJxyf2,451623973,1790680119,2,0,AKkyxJECDB4KuB9yAq8jSnG4stdcUEKfGcA3FyXY3K9W,TokenzQdBNbLqP5VEhdkAS6EPFLC1PHnBqCXEpPxuEb,https://metadata.j7tracker.io/metadata/dece7dc3d8ce4316.json,pumpfun-create-borsh-v1,success
solana:4z1Jgns4DrsCfSnGBN6Cb17yEzrnuNqoUHjL6zwSbkJpVz8KpCnvSJhmcP4rqoHu3Hta3jBW9sqTSGaCbbEMbym7:1:0,solana-mainnet,pump.fun,4z1Jgns4DrsCfSnGBN6Cb17yEzrnuNqoUHjL6zwSbkJpVz8KpCnvSJhmcP4rqoHu3Hta3jBW9sqTSGaCbbEMbym7,451623955,1790680114,1,0,FgeuDZb9M9ZKbRnD4LtEggZwwHPYme7WtsH2xTBJjMLx,TokenzQdBNbLqP5VEhdkAS6EPFLC1PHnBqCXEpPxuEb,https://ipfs.io/ipfs/bafkreifualu2bqvb5skm6dfma3sjgjert22e2omyils3vlhklov6axclo4,pumpfun-create-borsh-v1,success
solana:2fJMnD7dyUUpeDK2jXix3UFU6vnEDQkkK5dWGygYjoT7BuBHiARdUq5Ma34F4BpQGpNqGkrp3auqZ57QgUsFLD9u:2:0,solana-mainnet,pump.fun,2fJMnD7dyUUpeDK2jXix3UFU6vnEDQkkK5dWGygYjoT7BuBHiARdUq5Ma34F4BpQGpNqGkrp3auqZ57QgUsFLD9u,451623921,1790680105,2,0,CCojCL3SvCv8RfHp15bWEmQfGcUVX22qKgBmTyxppump,TokenzQdBNbLqP5VEhdkAS6EPFLC1PHnBqCXEpPxuEb,https://ipfs.io/ipfs/QmZ3mR5kBrhUUCKjWAzrN6prTM4d3oq4yiL1aS3FqcT6d2,pumpfun-create-borsh-v1,success
solana:2JUhWcYrXS13jkCSJXELQfQsXU55PqgCwS8fXuMLVNijoXov3TAyg756KHFAHWN6wUxpRZiWMyNAJPsTXAvFM4Uc:2:0,solana-mainnet,pump.fun,2JUhWcYrXS13jkCSJXELQfQsXU55PqgCwS8fXuMLVNijoXov3TAyg756KHFAHWN6wUxpRZiWMyNAJPsTXAvFM4Uc,451623920,1790680105,2,0,BFexWZBPREzM8HTofLHc62bQAzrmoCGwku9Wn9Bxpump,TokenzQdBNbLqP5VEhdkAS6EPFLC1PHnBqCXEpPxuEb,https://ipfs.io/ipfs/bafkreiauaz76i3xilkyddia25bmkmkgzpkry6o4ikojngo6yus22ndhfcq,pumpfun-create-borsh-v1,success
solana:34n6NGcmH3D1wuB3TQrVnwgiq2Bb5Q7izLw3iJnqAH91anemPj32yAnYoC6f6S3Esa9xaidRDVeomxcHfjiPAZtC:2:0,solana-mainnet,pump.fun,34n6NGcmH3D1wuB3TQrVnwgiq2Bb5Q7izLw3iJnqAH91anemPj32yAnYoC6f6S3Esa9xaidRDVeomxcHfjiPAZtC,451623915,1790680103,2,0,J35RuZrnN2TZjPXmMjDtALVkiXuQEqHQfziK3123pump,TokenzQdBNbLqP5VEhdkAS6EPFLC1PHnBqCXEpPxuEb,https://ipfs.io/ipfs/bafkreif4pusk3xugdeezecdhbuhj4tcgh4jc63ifrpezr7nuy55fxwzj2e,pumpfun-create-borsh-v1,success
solana:EhU5PPm7uTG4RH5baLR3C39Y2jGByijQb44tEhscw1gjMmthwzPLh435dqdMwp1tunNZHRGgwTTQ8re1S7qE6Kv:2:0,solana-mainnet,pump.fun,EhU5PPm7uTG4RH5baLR3C39Y2jGByijQb44tEhscw1gjMmthwzPLh435dqdMwp1tunNZHRGgwTTQ8re1S7qE6Kv,451623911,1790680102,2,0,ACwEBLQEJaW1Ajaaan61SzbBnkYGbR4NCis8uNhsJ9W4,TokenzQdBNbLqP5VEhdkAS6EPFLC1PHnBqCXEpPxuEb,https://project--e0ebd022-b0a1-4155-9818-bc1d4934ae9a.lovable.app/api/public/token-meta/d09fdb23-76b7-4ffa-a454-1759b1c34b8f.json,pumpfun-create-borsh-v1,success
solana:5rY6MVQnd3KUqGyCjx9KyWABRkQpLbtywWZpK6y33pQD2R4jB7Rhwy4JHsVkFdh9NmZFTw9wTbpp9dwveNCwLKLv:2:0,solana-mainnet,pump.fun,5rY6MVQnd3KUqGyCjx9KyWABRkQpLbtywWZpK6y33pQD2R4jB7Rhwy4JHsVkFdh9NmZFTw9wTbpp9dwveNCwLKLv,451623896,1790680099,2,0,ChELv3uYw7fT7p48pkZE332X2FKJVdk2u8MvYpd8iyTS,TokenzQdBNbLqP5VEhdkAS6EPFLC1PHnBqCXEpPxuEb,https://usepaid.app/m/b51ef896-8120-4b7c-84d8-8a3e6eb19fec,pumpfun-create-borsh-v1,success
solana:2dCVYcw5MTehTRs15rnNFQ2jMMuJXBrxHhMus6UGW27s2iUXSfqCCnKpZJ1BccyvmkAZ4BidyFDsoHgCrLqKbdrv:2:0,solana-mainnet,pump.fun,2dCVYcw5MTehTRs15rnNFQ2jMMuJXBrxHhMus6UGW27s2iUXSfqCCnKpZJ1BccyvmkAZ4BidyFDsoHgCrLqKbdrv,451623890,1790680097,2,0,E5tzBRhzDGQZz7YP1ECMVTUNgc3cHNcGQVTJoZHJhE1R,TokenzQdBNbLqP5VEhdkAS6EPFLC1PHnBqCXEpPxuEb,https://metadata.j7tracker.io/metadata/HVNUE55yTG.json,pumpfun-create-borsh-v1,success
solana:PcU2kAd5mDK48bFx2qVmmdbUG4upwJ8miV56WpRWSvdSf5Cp4k8w5mxqmjycFaaoTFMposW7C2jcNRuVbxsVNy8:2:0,solana-mainnet,pump.fun,PcU2kAd5mDK48bFx2qVmmdbUG4upwJ8miV56WpRWSvdSf5Cp4k8w5mxqmjycFaaoTFMposW7C2jcNRuVbxsVNy8,451623889,1790680097,2,0,D9Z9ygUVYxm76aq7ScJcjmoXKKiEqQUGT4Afq3znpump,TokenzQdBNbLqP5VEhdkAS6EPFLC1PHnBqCXEpPxuEb,https://ipfs.io/ipfs/QmeCKC1txheXJAgqZD9SVxUyXcakijFqn7J65iG8Rybf16,pumpfun-create-borsh-v1,success
solana:5ekcXqCbPckBgHb78z4qevXT4D4SKL5H9cjSWZS1Fxt3WQWNVvRLdQApNrWWz8biJ3udFax4uUUYp6m9FruTZ3LQ:2:0,solana-mainnet,pump.fun,5ekcXqCbPckBgHb78z4qevXT4D4SKL5H9cjSWZS1Fxt3WQWNVvRLdQApNrWWz8biJ3udFax4uUUYp6m9FruTZ3LQ,451623883,1790680095,2,0,SZnRsuo1ExUUqbffkZAuXPQULPw1AMw8KiNScF1pump,TokenzQdBNbLqP5VEhdkAS6EPFLC1PHnBqCXEpPxuEb,https://ipfs.io/ipfs/bafkreidyj4mbo7bqs3z32vatzdamymzdetb4zuypkkdj6stt6fojn5snfm,pumpfun-create-borsh-v1,success
solana:46A1qeP6S5FnkqAcdWUzwkGL7PhoA9cFzjPAjsDyLt3W187a9Hq8vh5Wn6fkZshv8sUrXWho7TGKk7tmpL4MRBLt:2:0,solana-mainnet,pump.fun,46A1qeP6S5FnkqAcdWUzwkGL7PhoA9cFzjPAjsDyLt3W187a9Hq8vh5Wn6fkZshv8sUrXWho7TGKk7tmpL4MRBLt,451623881,1790680095,2,0,4uef2KgaeMucaStWNtBGoEMBCY87FajBRKzQrV2Ypump,TokenzQdBNbLqP5VEhdkAS6EPFLC1PHnBqCXEpPxuEb,https://ipfs.io/ipfs/QmWXEr7JgbdDsPTBtzJ3XVYRXi5cS9UL3zv7uyJeynVqBd,pumpfun-create-borsh-v1,success
solana:2F5DTp43SSaRAdMkeK8oRYbDmJV2USW53Ax5aJ2YK93RAcaDoUyU2LqmUUgLarxDPoEFLwRhQrnTaPDPzySuEgU4:0:0,solana-mainnet,pump.fun,2F5DTp43SSaRAdMkeK8oRYbDmJV2USW53Ax5aJ2YK93RAcaDoUyU2LqmUUgLarxDPoEFLwRhQrnTaPDPzySuEgU4,451623876,1790680093,0,0,4ZifP3ndkc5dksK1LxxLSJ9J5QviqWr5sdPLrYU9sovi,TokenzQdBNbLqP5VEhdkAS6EPFLC1PHnBqCXEpPxuEb,https://ipfs.io/ipfs/bafkreiepbyewrmysz2e3xxfkkvbalket6vj7sy5hjlqscks2w2bkathija,pumpfun-create-borsh-v1,success
solana:2yh1uuZZcSUwKsVxHu4DVGDLzjZRGfMLSi1kGQm5G4zoMuisBBWU9LUFU2CDixoV3kGiRYzmh4KXejuTBXVEuDQr:2:0,solana-mainnet,pump.fun,2yh1uuZZcSUwKsVxHu4DVGDLzjZRGfMLSi1kGQm5G4zoMuisBBWU9LUFU2CDixoV3kGiRYzmh4KXejuTBXVEuDQr,451623876,1790680093,2,0,8Ev6KKu1S2Fy1nVKqJrF2q7GXmbqP2BnPMdFkDdpump,TokenzQdBNbLqP5VEhdkAS6EPFLC1PHnBqCXEpPxuEb,https://ipfs.io/ipfs/QmPP7s1Mar4R6WemaKigY2gRSVNimpfgBGJiByq8PmKdGN,pumpfun-create-borsh-v1,success
solana:2UuwCQXD7rxBQZ3pAW5EMmHzwupDfjTXK6LiQxstPyTqieYFQbSPrYoSo635rkw1c2xmeDbia4o4TVtnRrMLAGMJ:2:0,solana-mainnet,pump.fun,2UuwCQXD7rxBQZ3pAW5EMmHzwupDfjTXK6LiQxstPyTqieYFQbSPrYoSo635rkw1c2xmeDbia4o4TVtnRrMLAGMJ,451623870,1790680092,2,0,4wTV1YmiEkRvAtNtsSGPtUrqRYQMe5SKy2uB4Jjaxnjf,ATokenGPvbdGVxr1b2hvZbsiqW5xWH25efTNsLJA8knL,"        ",pumpfun-create-borsh-v1,success
solana:4TtnngwcRzVrnAEQ6wywWgbvJcAhyZxBmt7SBP59W5aygvPuUvb51vQGnRsz2ciu1Lkxju9oRkbsadxQpk4wMswe:2:0,solana-mainnet,pump.fun,4TtnngwcRzVrnAEQ6wywWgbvJcAhyZxBmt7SBP59W5aygvPuUvb51vQGnRsz2ciu1Lkxju9oRkbsadxQpk4wMswe,451623865,1790680090,2,0,AZ96w4PiGCxfRBEW3pBCyYV6YMUUW3JZBe6HAC84pump,TokenzQdBNbLqP5VEhdkAS6EPFLC1PHnBqCXEpPxuEb,https://ipfs.io/ipfs/bafkreigsqsok4ibu6easzgqyqgmvdhski5hqbr6hvm4k7ck7iazofw6ar4,pumpfun-create-borsh-v1,success
solana:yZi9MoibC7GRo5WS75Ha9Q1Gy8BU4vjwrVhjrqmQ2NyogQHz2oTNXJUZEwdhQGNrj4AtE2rSApsFktfm2NaBbrb:0:0,solana-mainnet,pump.fun,yZi9MoibC7GRo5WS75Ha9Q1Gy8BU4vjwrVhjrqmQ2NyogQHz2oTNXJUZEwdhQGNrj4AtE2rSApsFktfm2NaBbrb,451623848,1790680086,0,0,2sGanTpcoCTHXmB7zbP8ZotyqyhHAwbytbm3R4ghpump,TokenzQdBNbLqP5VEhdkAS6EPFLC1PHnBqCXEpPxuEb,https://ipfs.io/ipfs/bafkreigqojic2in3dx46ztemcwmmi46z5meisbtpy2rvvbwckxosmdtdei,pumpfun-create-borsh-v1,success
solana:29aX1BeaX4kzKJBB3BfWh7Q8jDPse7R3KMCbb8J3ZEjm2EyuqWKVkrGYBn2BQKZEhhzDTddEHfGrEXzdQHUfbyqr:1:0,solana-mainnet,pump.fun,29aX1BeaX4kzKJBB3BfWh7Q8jDPse7R3KMCbb8J3ZEjm2EyuqWKVkrGYBn2BQKZEhhzDTddEHfGrEXzdQHUfbyqr,451623846,1790680085,1,0,C1jaCgSxhXn6v9uNj2k1wdTZT3iiPCwUPL6V3oyKpump,TokenzQdBNbLqP5VEhdkAS6EPFLC1PHnBqCXEpPxuEb,https://m.rapidlaunch.io/m/yA341Iwvh,pumpfun-create-borsh-v1,success
solana:EaEkQfJrZ8kn1w9GgiKtk7ruMmj9gTQquZSEv4qAFAVNfSwXzFLGeeHi3kSSs75KCY2fHDpF5ZmvzrxnFf7dBSs:2:0,solana-mainnet,pump.fun,EaEkQfJrZ8kn1w9GgiKtk7ruMmj9gTQquZSEv4qAFAVNfSwXzFLGeeHi3kSSs75KCY2fHDpF5ZmvzrxnFf7dBSs,451623843,1790680084,2,0,DtXszrsKLpC8R36aUccTygkN2X1CRDEWFB2tdT9Uw2r3,TokenzQdBNbLqP5VEhdkAS6EPFLC1PHnBqCXEpPxuEb,https://project--e0ebd022-b0a1-4155-9818-bc1d4934ae9a.lovable.app/api/public/token-meta/8ad3beec-a72c-4bb6-af6e-0e497a1e0bb7.json,pumpfun-create-borsh-v1,success
solana:4siUjWVDo1sJ51t3xP88QwEXoKE6tfEHKCRsFfDPT5BcYMHRFFajNJqk6s6u3f9wqEaJUFaA6zo1LPx3QH2fXJ7P:2:0,solana-mainnet,pump.fun,4siUjWVDo1sJ51t3xP88QwEXoKE6tfEHKCRsFfDPT5BcYMHRFFajNJqk6s6u3f9wqEaJUFaA6zo1LPx3QH2fXJ7P,451623842,1790680084,2,0,67UZjexe9n8pEUSmKpChiMD959XdvdCouqHGgvdopump,TokenzQdBNbLqP5VEhdkAS6EPFLC1PHnBqCXEpPxuEb,https://ipfs.io/ipfs/bafkreid7yzpkqlnup7aojkref6av2c532y4ub3esnx2xljp64wrpt3ju7u,pumpfun-create-borsh-v1,success
solana:hEKqDUk7P6izSVWNndtMd7STdYPnBb4g6TLt7HqidrE73e9a2A8Nk8PCNeuPZBvzqDBAkR9KRALxJmFBc3A9Ac1:2:0,solana-mainnet,pump.fun,hEKqDUk7P6izSVWNndtMd7STdYPnBb4g6TLt7HqidrE73e9a2A8Nk8PCNeuPZBvzqDBAkR9KRALxJmFBc3A9Ac1,451623833,1790680082,2,0,G9gBt1iahhu83vmDaYNQhDhLwWUYsmfk8pLeqe6Zpump,TokenzQdBNbLqP5VEhdkAS6EPFLC1PHnBqCXEpPxuEb,https://ipfs.io/ipfs/QmRYsgpb6YBbTyXLfbdFsqn77xzveY6wyFirf7wCPaHYSq,pumpfun-create-borsh-v1,success
solana:65m9rQh3PU9MNBJRDZByEA4gNLkFDFg1E2tsCguVd3UX3FtKThD7pfZqzTXxsQYH9Exv8HDyr1RtPRhqKkZ6hRdv:2:0,solana-mainnet,pump.fun,65m9rQh3PU9MNBJRDZByEA4gNLkFDFg1E2tsCguVd3UX3FtKThD7pfZqzTXxsQYH9Exv8HDyr1RtPRhqKkZ6hRdv,451623831,1790680081,2,0,MHttAuDibV4WSzutpJGckJzWkM8aWT8bK3WeZ7wpump,TokenzQdBNbLqP5VEhdkAS6EPFLC1PHnBqCXEpPxuEb,https://ipfs.io/ipfs/bafkreig4ofhhceu4plk73fgxvckp7ztek3du5ppg362dvi6uhuf7dqi2sm,pumpfun-create-borsh-v1,success
solana:4HHvLPQ12NTBikpXtDUm55ZWREsfLeBe9SkNLXR5mohe9SYCPozUh7ibMWcPw5Q77xL2GgUAbW2EZTg9Lh5NABT8:2:0,solana-mainnet,pump.fun,4HHvLPQ12NTBikpXtDUm55ZWREsfLeBe9SkNLXR5mohe9SYCPozUh7ibMWcPw5Q77xL2GgUAbW2EZTg9Lh5NABT8,451623827,1790680080,2,0,4EYBuREE9JUWLur7f7FqmLrMUSN81ohf6HBUvMGbpump,TokenzQdBNbLqP5VEhdkAS6EPFLC1PHnBqCXEpPxuEb,https://pump.mypinata.cloud/ipfs/bafkreie54jmmjxpbqtpph3alyhtazlq33ewehw4uazbuozue6q6caa6g64,pumpfun-create-borsh-v1,success
solana:CVaWd4bn22g19SPCuG6Se22Yn19jZXp8QYubddsb6yqNzFHet9rQKMZuoAzmEqT9tCfy18MotirXbYE12e6Qpcq:2:0,solana-mainnet,pump.fun,CVaWd4bn22g19SPCuG6Se22Yn19jZXp8QYubddsb6yqNzFHet9rQKMZuoAzmEqT9tCfy18MotirXbYE12e6Qpcq,451623811,1790680076,2,0,7bLSAcGjVGR9UGVmsMkApgBJNYnwLUXvR3SDzZKWpump,TokenzQdBNbLqP5VEhdkAS6EPFLC1PHnBqCXEpPxuEb,https://ipfs.io/ipfs/QmeuUGJcCKew1uFiRYK534oKUPw3WwkGjVn4hqCEbXwWgt,pumpfun-create-borsh-v1,success
solana:2z4jKoU2NwcfspEtdncTx2z2NRaAN91iJ9pK2tmB1M9NmGV8jj3gbn7Vfs7zJvmrq2SnbaXGh7trMBhKz3eRSqjz:2:0,solana-mainnet,pump.fun,2z4jKoU2NwcfspEtdncTx2z2NRaAN91iJ9pK2tmB1M9NmGV8jj3gbn7Vfs7zJvmrq2SnbaXGh7trMBhKz3eRSqjz,451623808,1790680075,2,0,CKbDMTGQbbPCnjRzmZgHGyB2EAdt96zyYy9X2hXZpump,TokenzQdBNbLqP5VEhdkAS6EPFLC1PHnBqCXEpPxuEb,https://ipfs.io/ipfs/bafkreid46s37qp4kvshqiv2a2umdlt6mmxi7yehstppyzzqado6wtpixce,pumpfun-create-borsh-v1,success
solana:3gz7hcamfwkUKuf3Diaf9zfEoBLRuj1qsvhNNpJJjSUMVhxd8NNHzNvEX63m2tEEGWohf9tKwvwVmS6BLnABJjsY:2:0,solana-mainnet,pump.fun,3gz7hcamfwkUKuf3Diaf9zfEoBLRuj1qsvhNNpJJjSUMVhxd8NNHzNvEX63m2tEEGWohf9tKwvwVmS6BLnABJjsY,451623795,1790680071,2,0,4wTV1YmiEkRvAtNtsSGPtUrqRYQMe5SKy2uB4Jjaxnjf,ATokenGPvbdGVxr1b2hvZbsiqW5xWH25efTNsLJA8knL,"  ",pumpfun-create-borsh-v1,success
solana:xeUpoBZVo9K5ZEXThQKsNLZ3NQAjMV4aPWQrQmKgfuW6vjvWqvBycLxoEMMn6Y7iTpiQgwMJZtSKQMjB1RnobYu:2:0,solana-mainnet,pump.fun,xeUpoBZVo9K5ZEXThQKsNLZ3NQAjMV4aPWQrQmKgfuW6vjvWqvBycLxoEMMn6Y7iTpiQgwMJZtSKQMjB1RnobYu,451623773,1790680066,2,0,GiWB5EEodryA5rr9mhxQ6XUUGrKg4UoWHAfwkXUgv4Lg,TokenzQdBNbLqP5VEhdkAS6EPFLC1PHnBqCXEpPxuEb,https://project--e0ebd022-b0a1-4155-9818-bc1d4934ae9a.lovable.app/api/public/token-meta/bcc5e074-cf1c-46f3-89ed-97ae68eb4bf5.json,pumpfun-create-borsh-v1,success
solana:52R1UmaAioL18vesKZ1d14zNVa2zaEaxDC5J8LQ6YREkLrscvSA1D9G3CPy6JLhMkFDEiFpJmSHjB3wEchMuUEWm:2:0,solana-mainnet,pump.fun,52R1UmaAioL18vesKZ1d14zNVa2zaEaxDC5J8LQ6YREkLrscvSA1D9G3CPy6JLhMkFDEiFpJmSHjB3wEchMuUEWm,451623759,1790680062,2,0,FjCky2yXhx9g4qmdNCaQuyHXJqzi3mAQ41SJtSFKc9DQ,TokenzQdBNbLqP5VEhdkAS6EPFLC1PHnBqCXEpPxuEb,https://metadata.j7tracker.io/metadata/pVLjSXwonS.json,pumpfun-create-borsh-v1,success
solana:2FqgCeQEaKShw56bDBUJpj4GBdTRgV75KkpN9UCjALZjpbMXxD5T2ubUaHUq5c8bhq4rgGTNi82Ej7dg6MaVkr3H:2:0,solana-mainnet,pump.fun,2FqgCeQEaKShw56bDBUJpj4GBdTRgV75KkpN9UCjALZjpbMXxD5T2ubUaHUq5c8bhq4rgGTNi82Ej7dg6MaVkr3H,451623734,1790680055,2,0,576gKWfxEukdEqhcB2aoPDQPAbvg8zYCLGvXweuRpump,TokenzQdBNbLqP5VEhdkAS6EPFLC1PHnBqCXEpPxuEb,https://ipfs.io/ipfs/bafkreieilpkdlyoach5u7rrzi4k2xhpbkyzcyjvjvfwpvex27cst6igb6m,pumpfun-create-borsh-v1,success
solana:5LX2tTzKamqWpSheSKyUjiqP1QguqehgpGPNt2cUUgzZiZa6XRJvLnngXBk4dNddzwTL1oooXn4nhwDzzKVkm2Y:2:0,solana-mainnet,pump.fun,5LX2tTzKamqWpSheSKyUjiqP1QguqehgpGPNt2cUUgzZiZa6XRJvLnngXBk4dNddzwTL1oooXn4nhwDzzKVkm2Y,451623720,1790680051,2,0,4wTV1YmiEkRvAtNtsSGPtUrqRYQMe5SKy2uB4Jjaxnjf,ATokenGPvbdGVxr1b2hvZbsiqW5xWH25efTNsLJA8knL," ",pumpfun-create-borsh-v1,success
solana:5jbV6FbDyh6GowXRCzmTr4KZd4g1kp1oc5qLKAUNuYcmXirjkadV1RmHJbz2AJF8R3iHUX966745duEmgccAbv7q:2:0,solana-mainnet,pump.fun,5jbV6FbDyh6GowXRCzmTr4KZd4g1kp1oc5qLKAUNuYcmXirjkadV1RmHJbz2AJF8R3iHUX966745duEmgccAbv7q,451623701,1790680046,2,0,Af5drddd2Ue4yqTdMWQaGF1uHjUw1KL9oYw9PSrHpNZL,TokenzQdBNbLqP5VEhdkAS6EPFLC1PHnBqCXEpPxuEb,https://project--e0ebd022-b0a1-4155-9818-bc1d4934ae9a.lovable.app/api/public/token-meta/d308aa9c-3745-49ed-a9f2-fd7dc3845085.json,pumpfun-create-borsh-v1,success
solana:277x6cEc5RmUmwrdviznuT2ewGkMr1z6S7KHT8wt6pmHNBQcRF6wbEHRhGbSzPnmHwLKyuD7Xrp56fdsnpu24wYU:2:0,solana-mainnet,pump.fun,277x6cEc5RmUmwrdviznuT2ewGkMr1z6S7KHT8wt6pmHNBQcRF6wbEHRhGbSzPnmHwLKyuD7Xrp56fdsnpu24wYU,451623697,1790680045,2,0,rF5dZHCBKe53NLodciMsuCdA7BBbnjviLVFkQcFpump,TokenzQdBNbLqP5VEhdkAS6EPFLC1PHnBqCXEpPxuEb,https://ipfs.io/ipfs/bafkreifuyru5k7pdmqt4h7feqnx364x37zsr37ycjg3jj2rhrnoihisgja,pumpfun-create-borsh-v1,success
solana:2sG1K46BbxGa8WhHvQPPsoxWQ2ZtPMLXhXiW75XEcUqTjKSgm9ukJ43nSb7r6j9KJayqyu2B2DYU79t5LWL7vWA:2:0,solana-mainnet,pump.fun,2sG1K46BbxGa8WhHvQPPsoxWQ2ZtPMLXhXiW75XEcUqTjKSgm9ukJ43nSb7r6j9KJayqyu2B2DYU79t5LWL7vWA,451623689,1790680043,2,0,5EkjrwjfWy7WHqxkNZtzX6Etamr3gbexwMhTinPPpump,TokenzQdBNbLqP5VEhdkAS6EPFLC1PHnBqCXEpPxuEb,https://ipfs.io/ipfs/Qmebq9MwP8kEgRB4SUYCoT77jbiqrZTmni3twvvNuNvqXe,pumpfun-create-borsh-v1,success
solana:4g6yk4g2mPYb7eqzFXSUQygX7Pemt23Qnn6wt9D4raTn6zATU9cg3iK2CXvSVuDCNhe85y1z1eNJaDLWFm7qgYbY:2:0,solana-mainnet,pump.fun,4g6yk4g2mPYb7eqzFXSUQygX7Pemt23Qnn6wt9D4raTn6zATU9cg3iK2CXvSVuDCNhe85y1z1eNJaDLWFm7qgYbY,451623687,1790680042,2,0,GeLkTqmzeoCogFKB48xCjcq2Ft3LZDsAmNte9Vc7pump,TokenzQdBNbLqP5VEhdkAS6EPFLC1PHnBqCXEpPxuEb,https://ipfs.io/ipfs/QmYyysf5k4KeBfqE7K8327SsUe5rqcEWug5zB8b9t4WkJY,pumpfun-create-borsh-v1,success
solana:45zfwzPvcT2u4Qk9NKWxN2VhwVQRuw3Zc2BG7h2QuyT8mSeeJ79VNd91Zo14McPuDsM25aR1Wb6Ae9VTySUXLcYT:2:1,solana-mainnet,pump.fun,45zfwzPvcT2u4Qk9NKWxN2VhwVQRuw3Zc2BG7h2QuyT8mSeeJ79VNd91Zo14McPuDsM25aR1Wb6Ae9VTySUXLcYT,451623686,1790680042,2,1,5BYWP58uBnoNQT89ad5YYcXH7w5a2QKRvcWjMGiYpump,TokenzQdBNbLqP5VEhdkAS6EPFLC1PHnBqCXEpPxuEb,https://ipfs.io/ipfs/QmSooj6e9hko8M5XDqUGTMKVfp5vUtfTQWNdaU6aLeJKAz,pumpfun-create-borsh-v1,success
solana:619BRnUSEEksuHCTbE4HUhjphtrUwsAWDETN5qCQGdZm98EDWs8vKhAriuyJd1MvZnHabqpxW1eiRHhHjXFg8aWE:2:0,solana-mainnet,pump.fun,619BRnUSEEksuHCTbE4HUhjphtrUwsAWDETN5qCQGdZm98EDWs8vKhAriuyJd1MvZnHabqpxW1eiRHhHjXFg8aWE,451623671,1790680038,2,0,8e59WWW9tgMNe6jXbMt5j4xm9HFYRE5BFcMwzmmzpump,TokenzQdBNbLqP5VEhdkAS6EPFLC1PHnBqCXEpPxuEb,https://ipfs.io/ipfs/QmRYsgpb6YBbTyXLfbdFsqn77xzveY6wyFirf7wCPaHYSq,pumpfun-create-borsh-v1,success
solana:3otzm1SD57ZdbRTHdrDNqHkZG3nPDLWsiS53Hfgntu4qmewtAzZa4aG2VHCYD7rW1fz9EioZENFUh82wxnWYLXv2:2:0,solana-mainnet,pump.fun,3otzm1SD57ZdbRTHdrDNqHkZG3nPDLWsiS53Hfgntu4qmewtAzZa4aG2VHCYD7rW1fz9EioZENFUh82wxnWYLXv2,451623671,1790680038,2,0,GyiwVrJeyUWZtv3CdZzDY3B1uv7B2zGRpqKmys1upump,TokenzQdBNbLqP5VEhdkAS6EPFLC1PHnBqCXEpPxuEb,https://ipfs.io/ipfs/QmQGjp8X5YQUMiWbgcb1cFP9d619cCqWGLp1MMViLWZfcY,pumpfun-create-borsh-v1,success
solana:3Z249mLV1ZW6LUfvoY8hLUDRs8rG9e5bMfK6itwvG5oEdYCnCkW3qZg4J9KgkqkMPqoguepX9KUMAXoKmgRhuYwN:2:0,solana-mainnet,pump.fun,3Z249mLV1ZW6LUfvoY8hLUDRs8rG9e5bMfK6itwvG5oEdYCnCkW3qZg4J9KgkqkMPqoguepX9KUMAXoKmgRhuYwN,451623658,1790680034,2,0,AupWhy9i5igF6q1iRV9MpydrrQze6wpMvmQuAbprpump,TokenzQdBNbLqP5VEhdkAS6EPFLC1PHnBqCXEpPxuEb,https://ipfs.io/ipfs/bafkreifnkpencpoz5jxv7elqa435z44bhyvfqgifsuy4b3x7zwz4ho5fie,pumpfun-create-borsh-v1,success
solana:2YnRQCmEgiyTRmazwze4vW47FFjna2VTR36M6yErpVFL4FSBdqGDf5RX64J3PhNx6CgNX2G3xHdHP5p1Dob6Dqnk:2:0,solana-mainnet,pump.fun,2YnRQCmEgiyTRmazwze4vW47FFjna2VTR36M6yErpVFL4FSBdqGDf5RX64J3PhNx6CgNX2G3xHdHP5p1Dob6Dqnk,451623655,1790680034,2,0,6hLXFwNZhgoUqqokRTWVm2BD9U7dZGV8HqQVuFZejW33,TokenzQdBNbLqP5VEhdkAS6EPFLC1PHnBqCXEpPxuEb,https://project--e0ebd022-b0a1-4155-9818-bc1d4934ae9a.lovable.app/api/public/token-meta/1684c4ec-6c9b-4144-9f36-0d591b87b699.json,pumpfun-create-borsh-v1,success
solana:5eCw1LSsPf5SQf19pzn953g3ofaNquPVg7qVpZcBfry6sYvKh5C2fb9MvKcCh1zVhswS15ZYJfumnkioV46xKQWX:2:0,solana-mainnet,pump.fun,5eCw1LSsPf5SQf19pzn953g3ofaNquPVg7qVpZcBfry6sYvKh5C2fb9MvKcCh1zVhswS15ZYJfumnkioV46xKQWX,451623650,1790680032,2,0,8vMksSWgXQLeuh7CZPzjbmqqrm7nwrK7ZzAYywwvpump,TokenzQdBNbLqP5VEhdkAS6EPFLC1PHnBqCXEpPxuEb,https://ipfs.io/ipfs/bafkreic363hn24m27zs74a3z7j2t3zjf6mycl5d6cjnc44k6dma477he3e,pumpfun-create-borsh-v1,success
solana:3jAMcsCGLPoq231A1PPH7M2uKT3fhjirLcXVw6fPdVnc3JcXk1aFHagWsd9YU21dkKDnETX4AUi6P2zWZUpAwN56:0:0,solana-mainnet,pump.fun,3jAMcsCGLPoq231A1PPH7M2uKT3fhjirLcXVw6fPdVnc3JcXk1aFHagWsd9YU21dkKDnETX4AUi6P2zWZUpAwN56,451623646,1790680031,0,0,7wMkXXsQXtkt5xKGM7E6SCkVjea32y6BXX9CguJU7GGA,TokenzQdBNbLqP5VEhdkAS6EPFLC1PHnBqCXEpPxuEb,https://metadata.j7tracker.io/m/Lp1cM9XKcp,pumpfun-create-borsh-v1,success
solana:5u8kYm686RsLeBwnrzwU5JSHyWJJE5sozrwgfMh9dx5giocB4FdUG97BTyM7yQtF7JyKPSrxXQZQjY6NBz86WSTd:2:0,solana-mainnet,pump.fun,5u8kYm686RsLeBwnrzwU5JSHyWJJE5sozrwgfMh9dx5giocB4FdUG97BTyM7yQtF7JyKPSrxXQZQjY6NBz86WSTd,451623644,1790680031,2,0,5BmmUoRYH7NoBvc7kh6SGLs2Zs5tWuUcy882tnSgpump,TokenzQdBNbLqP5VEhdkAS6EPFLC1PHnBqCXEpPxuEb,https://ipfs.io/ipfs/bafkreif6tb56b2dohqdc7smecihko7ii4yhlv77mk2wnjhsmovrgfvsxju,pumpfun-create-borsh-v1,success
solana:3SHDLZ2BdiPVGxDQAujSj8qjzTkMZJfcjcKySWUoqsgveWJirC8jugjJor2zoYC3rknDtjuGtbwvrCFudATFopuM:2:0,solana-mainnet,pump.fun,3SHDLZ2BdiPVGxDQAujSj8qjzTkMZJfcjcKySWUoqsgveWJirC8jugjJor2zoYC3rknDtjuGtbwvrCFudATFopuM,451623643,1790680030,2,0,4wTV1YmiEkRvAtNtsSGPtUrqRYQMe5SKy2uB4Jjaxnjf,ATokenGPvbdGVxr1b2hvZbsiqW5xWH25efTNsLJA8knL," ",pumpfun-create-borsh-v1,success
solana:2p7AHREpnL4ZQ2sQYod9y7E5BEuTXh5798oNqBCDj1vvWKVsSU9vd79wxCsQhnFjpYoU77Av1A5XMfsnPNjQt7B6:2:0,solana-mainnet,pump.fun,2p7AHREpnL4ZQ2sQYod9y7E5BEuTXh5798oNqBCDj1vvWKVsSU9vd79wxCsQhnFjpYoU77Av1A5XMfsnPNjQt7B6,451623633,1790680027,2,0,6XLGxjRVDXHHSnkvTLKU37P9Tx1Qy4dZdqfsvnHD9P54,TokenzQdBNbLqP5VEhdkAS6EPFLC1PHnBqCXEpPxuEb,https://ipfs.io/ipfs/bafkreicsyhitvv2bkwcbakr4yfjihdiennulwxl3dlvwwn23q6zcb2jpuq,pumpfun-create-borsh-v1,success
solana:62A7Rg6tbug5wCYMTQw1monx8FNCwpVdAbBFecWzvkZZa3oXLMv7cENxkHzJkYD6QVQrMWVz1hVPboKe2UkrGWsH:2:0,solana-mainnet,pump.fun,62A7Rg6tbug5wCYMTQw1monx8FNCwpVdAbBFecWzvkZZa3oXLMv7cENxkHzJkYD6QVQrMWVz1hVPboKe2UkrGWsH,451623633,1790680027,2,0,wA4ToMi5vxFMdPSBtzyvgMKLWSWvQVNiuw1dJ6tpump,TokenzQdBNbLqP5VEhdkAS6EPFLC1PHnBqCXEpPxuEb,https://meta.uxento.io/data/4441cf0f-2cb3-4f8c-a1ae-978c1ba8e9d8,pumpfun-create-borsh-v1,success
solana:5EtbvnTCntCGSqE5tkZZkt5VBRRHE2TLV5xqgNtN8U7MKd59EYe7nqwwhFHSZ7RjSvBpnb2wzoyh9bqpzM1kCJpF:2:0,solana-mainnet,pump.fun,5EtbvnTCntCGSqE5tkZZkt5VBRRHE2TLV5xqgNtN8U7MKd59EYe7nqwwhFHSZ7RjSvBpnb2wzoyh9bqpzM1kCJpF,451623608,1790680021,2,0,GM4rcSEzENz25uJUYCkxuM1jMLz3eicNN8hrzibcpump,TokenzQdBNbLqP5VEhdkAS6EPFLC1PHnBqCXEpPxuEb,https://ipfs.io/ipfs/bafkreidq4musglkeoehqd7gjhwl7u6mhjvsjvysdbaxsffzx5jeprtazjm,pumpfun-create-borsh-v1,success
solana:4GnSEVXC1XZYeZcXR6qpXia61Vg47efgKzyuScsQRYLszEeMPezqqoVHuv5JoxmocJfrKoP26SCvNWw3UcMTLck6:2:0,solana-mainnet,pump.fun,4GnSEVXC1XZYeZcXR6qpXia61Vg47efgKzyuScsQRYLszEeMPezqqoVHuv5JoxmocJfrKoP26SCvNWw3UcMTLck6,451623599,1790680018,2,0,ELbCh13KD7D1uYnnkrtxViviJPzoBqGoJdgCL7DGpump,TokenzQdBNbLqP5VEhdkAS6EPFLC1PHnBqCXEpPxuEb,https://ipfs.io/ipfs/QmVz3NxTmzh59R1Lsjb7NPwpZBg3kgFcMBxis9qJpD3sBr,pumpfun-create-borsh-v1,success
solana:5JXryeuZ5qVuHBwXDEtH8T64wqntte2QSeMV7tL3Z3hY4DzG9hbL4ywShhMY4UGdxqv9gqwsBgz4dTQKdSRsy4oJ:2:0,solana-mainnet,pump.fun,5JXryeuZ5qVuHBwXDEtH8T64wqntte2QSeMV7tL3Z3hY4DzG9hbL4ywShhMY4UGdxqv9gqwsBgz4dTQKdSRsy4oJ,451623575,1790680012,2,0,1VUptuaHyQcPGDrFq9nTE6PxdcLBK1qKiyrSpocpump,TokenzQdBNbLqP5VEhdkAS6EPFLC1PHnBqCXEpPxuEb,https://ipfs.io/ipfs/bafkreidsui6dxctu4hlgd6iikxmkrdqosdjugcqcumxf2rgfqwaz2rq6se,pumpfun-create-borsh-v1,success
solana:2hx29oVEYirGayC4Sy3fuH3LqrTXzQmbCbFLWuVST73QAi1CWn8MdoHS1YUqFXZSW2bMR4bPDpENJjKPFTsjyeWY:2:1,solana-mainnet,pump.fun,2hx29oVEYirGayC4Sy3fuH3LqrTXzQmbCbFLWuVST73QAi1CWn8MdoHS1YUqFXZSW2bMR4bPDpENJjKPFTsjyeWY,451623557,1790680007,2,1,9GDrxz7xqvs6PZeo6RCGH2zY6yjTUTRV1TLTr3cApump,TokenzQdBNbLqP5VEhdkAS6EPFLC1PHnBqCXEpPxuEb,https://ipfs.io/ipfs/QmNrd2tdjLpFxTzHg4vyd2KsqKtdXqon2Knx221P4Vsou7,pumpfun-create-borsh-v1,success
solana:5ioN96zN4tTw3uuP47xwM83zhS7NxyqH8PqYUaaiHgHEG2LYc9aK1iYyAwCh5d5B6wRgWn3ptG7xaFcBNqXb1Tgf:2:0,solana-mainnet,pump.fun,5ioN96zN4tTw3uuP47xwM83zhS7NxyqH8PqYUaaiHgHEG2LYc9aK1iYyAwCh5d5B6wRgWn3ptG7xaFcBNqXb1Tgf,451623535,1790680002,2,0,2DBCUd1XBbao5DsV5GVQmhM8WxhYu2eAd3hbW6xPNRYD,TokenzQdBNbLqP5VEhdkAS6EPFLC1PHnBqCXEpPxuEb,https://metadata.j7tracker.io/metadata/315a4e6dd82740e2.json,pumpfun-create-borsh-v1,success
solana:3NMDRrJTz3a3JgCzdmtwni44DsmSv2dkMk5uZB46gui1MKdeJJjU5hTxKq2ucNxiuVxSv57JHm5tWqu8sA21mRuY:2:0,solana-mainnet,pump.fun,3NMDRrJTz3a3JgCzdmtwni44DsmSv2dkMk5uZB46gui1MKdeJJjU5hTxKq2ucNxiuVxSv57JHm5tWqu8sA21mRuY,451623532,1790680001,2,0,4ef1K96b8RZaBszCAiQVEc6g19U9U8gwvcSF7zZzekxQ,TokenzQdBNbLqP5VEhdkAS6EPFLC1PHnBqCXEpPxuEb,https://project--e0ebd022-b0a1-4155-9818-bc1d4934ae9a.lovable.app/api/public/token-meta/8cfc6956-eb55-43d9-a8eb-3b7598fa1853.json,pumpfun-create-borsh-v1,success
solana:3Q2fSiq7Fjjf9uviDRmajvMAHqhPcyyCfFFAbq6d4ipv1AAE1qauVHgLAr9StrL4idPN9cTfSFngzSE1dXv691De:2:0,solana-mainnet,pump.fun,3Q2fSiq7Fjjf9uviDRmajvMAHqhPcyyCfFFAbq6d4ipv1AAE1qauVHgLAr9StrL4idPN9cTfSFngzSE1dXv691De,451623490,1790679989,2,0,L5gyttDsnPZmKP53wJ6bNcYTfQc5Xwhmz8pRCAnaXVU,TokenzQdBNbLqP5VEhdkAS6EPFLC1PHnBqCXEpPxuEb,https://project--e0ebd022-b0a1-4155-9818-bc1d4934ae9a.lovable.app/api/public/token-meta/0547c347-780e-45e1-84ca-50a1efb17584.json,pumpfun-create-borsh-v1,success
solana:68G9N3ed4mwtNd6pYvZxDom38oyzgnPybfzWEKURNrf48zFs9UgFTiJge3K2BWp8DY8Jb7x2bubYiNyFcBrhgKa:2:0,solana-mainnet,pump.fun,68G9N3ed4mwtNd6pYvZxDom38oyzgnPybfzWEKURNrf48zFs9UgFTiJge3K2BWp8DY8Jb7x2bubYiNyFcBrhgKa,451623486,1790679988,2,0,4wTV1YmiEkRvAtNtsSGPtUrqRYQMe5SKy2uB4Jjaxnjf,ATokenGPvbdGVxr1b2hvZbsiqW5xWH25efTNsLJA8knL,"   ",pumpfun-create-borsh-v1,success
solana:au2jfQQFCmEcGAG5YEsDb93cq8G6RmRBu1HrpRjWcCeJkk5HehPGUthUhAJaDsRTDBuhgFGvPcZSZkXTNR3GMC4:2:0,solana-mainnet,pump.fun,au2jfQQFCmEcGAG5YEsDb93cq8G6RmRBu1HrpRjWcCeJkk5HehPGUthUhAJaDsRTDBuhgFGvPcZSZkXTNR3GMC4,451623486,1790679988,2,0,4wTV1YmiEkRvAtNtsSGPtUrqRYQMe5SKy2uB4Jjaxnjf,ATokenGPvbdGVxr1b2hvZbsiqW5xWH25efTNsLJA8knL," ",pumpfun-create-borsh-v1,success
solana:2EbGrmdxC8V44EW2y7g7puXKJHhLWqQLthvoruXW7d1Nq2LHRwZb8xcDYNFCvjqyh8FtXZjNPGfxPTqex9f4Wr1g:2:0,solana-mainnet,pump.fun,2EbGrmdxC8V44EW2y7g7puXKJHhLWqQLthvoruXW7d1Nq2LHRwZb8xcDYNFCvjqyh8FtXZjNPGfxPTqex9f4Wr1g,451623479,1790679987,2,0,4AeyjULTPDcggu2wdnWZP8U6Jjyq8NXiD2Hknub1pump,TokenzQdBNbLqP5VEhdkAS6EPFLC1PHnBqCXEpPxuEb,https://ipfs.io/ipfs/QmfMqtoYDPe9L5zpFax98Nk5d7pTc6q4WwUkbzz9cnfxJJ,pumpfun-create-borsh-v1,success
solana:VMczsNttvAiEAmtx5PHdKiEHwMoJpBZe84gijzrEA8WLy3fBskn9SxZCLL8RkHvpLrJGU1eignPpkCRtzF9GGaW:2:0,solana-mainnet,pump.fun,VMczsNttvAiEAmtx5PHdKiEHwMoJpBZe84gijzrEA8WLy3fBskn9SxZCLL8RkHvpLrJGU1eignPpkCRtzF9GGaW,451623471,1790679985,2,0,BxnuDzLH3vA8XNqeEuJJJ8Nbz9e9enjfnxgMXgxfpump,TokenzQdBNbLqP5VEhdkAS6EPFLC1PHnBqCXEpPxuEb,https://ipfs.io/ipfs/bafkreigvag3ge5lpvnqyxcxdsh7u47l6p3iwvyk7vo4msuf7nimvezb2ty,pumpfun-create-borsh-v1,success
solana:38h85uJVCzv8Pp2K25CyadoPWqtVcDBJ4FLKYijfWNmSjtHA1BPqATBoHnZSKvxio3yQCSqdBHroEarhNiGaGNss:2:0,solana-mainnet,pump.fun,38h85uJVCzv8Pp2K25CyadoPWqtVcDBJ4FLKYijfWNmSjtHA1BPqATBoHnZSKvxio3yQCSqdBHroEarhNiGaGNss,451623456,1790679981,2,0,82gqhzah5yWpPxP1ra6fu1ALCZ5zUDySsovCc7TxbiZ5,TokenzQdBNbLqP5VEhdkAS6EPFLC1PHnBqCXEpPxuEb,https://project--e0ebd022-b0a1-4155-9818-bc1d4934ae9a.lovable.app/api/public/token-meta/d26643be-1fa4-4f31-9988-e2f9f9d6e48e.json,pumpfun-create-borsh-v1,success
solana:24Ti459CL6z45SWbAs52MLPNM4yMEVEPDZDFxtWMEfnUe3cGDLeTwmXfHEahN8sjEmhzNTL4aAoUSC3LkC9uX2Mp:2:0,solana-mainnet,pump.fun,24Ti459CL6z45SWbAs52MLPNM4yMEVEPDZDFxtWMEfnUe3cGDLeTwmXfHEahN8sjEmhzNTL4aAoUSC3LkC9uX2Mp,451623452,1790679979,2,0,B7D3QTc9ZZgs41hjedgEA3zmmhCRMf2sPaK1atXWpump,TokenzQdBNbLqP5VEhdkAS6EPFLC1PHnBqCXEpPxuEb,https://ipfs.io/ipfs/QmUpL2utEFv48bfNCwk8RngDvmmuV8jKRaqFicEDG3Ufuk,pumpfun-create-borsh-v1,success
solana:PQouTtGnKDHmYo9VGJxWyJF79B28KEiKwmXY8tgEunn1tfoVz5C18S7hRb7GThEJpZRsxoZ9dRMrVZuthjaSTH2:2:0,solana-mainnet,pump.fun,PQouTtGnKDHmYo9VGJxWyJF79B28KEiKwmXY8tgEunn1tfoVz5C18S7hRb7GThEJpZRsxoZ9dRMrVZuthjaSTH2,451623446,1790679978,2,0,3qwJVDcdp3fXadRGtz1vLLuMJLNdy3FbjiZB3MARpump,TokenzQdBNbLqP5VEhdkAS6EPFLC1PHnBqCXEpPxuEb,https://ipfs.io/ipfs/bafkreiakbnq6psbyyj6jssxvafkesdnpmnxogjbjn4jnobfrqauwnhnc3u,pumpfun-create-borsh-v1,success
solana:4y3aqUEbjKbMzyAj2EcCqY7cu9unvQixRSPnfAkynbVtUnXrDYYcM3nmHA4ybJaLMg9ygH2r3A1vrHuWzhzoUxzi:2:0,solana-mainnet,pump.fun,4y3aqUEbjKbMzyAj2EcCqY7cu9unvQixRSPnfAkynbVtUnXrDYYcM3nmHA4ybJaLMg9ygH2r3A1vrHuWzhzoUxzi,451623445,1790679978,2,0,9n9fLUC3uBPAsh6q1rHPf5ZKFd6T9gf93A2sWaTBpump,TokenzQdBNbLqP5VEhdkAS6EPFLC1PHnBqCXEpPxuEb,https://ipfs.io/ipfs/bafkreih6yurk7v2ml4dyueck4pg76tavnqvyly47pi2rhcdenlqrymrk6e,pumpfun-create-borsh-v1,success
solana:4J9wFsEdLiKs2Zdbt6MckDwwM5GysFxRYCY8tgQzEKNdVdzQWwGzrhJN182tWP6J2fdKU7CdxwsTxVK4LFd7hnCF:2:0,solana-mainnet,pump.fun,4J9wFsEdLiKs2Zdbt6MckDwwM5GysFxRYCY8tgQzEKNdVdzQWwGzrhJN182tWP6J2fdKU7CdxwsTxVK4LFd7hnCF,451623437,1790679975,2,0,4wTV1YmiEkRvAtNtsSGPtUrqRYQMe5SKy2uB4Jjaxnjf,ATokenGPvbdGVxr1b2hvZbsiqW5xWH25efTNsLJA8knL,"                   ",pumpfun-create-borsh-v1,success
solana:485eCLfb91SaHtivyhmuLED1KZYx3U6q1mdPsznhFK1VEcEdwsoBd1itJ5rCjMigapWQnH8dmcH5epaDcy3RHmr4:0:0,solana-mainnet,pump.fun,485eCLfb91SaHtivyhmuLED1KZYx3U6q1mdPsznhFK1VEcEdwsoBd1itJ5rCjMigapWQnH8dmcH5epaDcy3RHmr4,451623437,1790679975,0,0,4EaroEA6De1GTsPpzcUMGzpFWyxA2thDMrQPskpQmQLQ,TokenzQdBNbLqP5VEhdkAS6EPFLC1PHnBqCXEpPxuEb,https://metadata.j7tracker.io/metadata/757d9f459ccf4b58.json,pumpfun-create-borsh-v1,success
solana:64UThwT6mRYkmYebY3cc693fwLcUsYXwk4nuv4xc5cT17CwVVPNYsLr29JFR7ZQLhAEvse1Dr6nPcDHv9Q7h9iJn:0:0,solana-mainnet,pump.fun,64UThwT6mRYkmYebY3cc693fwLcUsYXwk4nuv4xc5cT17CwVVPNYsLr29JFR7ZQLhAEvse1Dr6nPcDHv9Q7h9iJn,451623437,1790679975,0,0,6JGNnYyXLjZYh6zGRBYHwSjLKmDP4ybofmSjcYKFpy91,TokenzQdBNbLqP5VEhdkAS6EPFLC1PHnBqCXEpPxuEb,https://metadata.j7tracker.io/metadata/757d9f459ccf4b58.json,pumpfun-create-borsh-v1,success
solana:57tXMdpbx1peQWdavBsekrG7b2CDefLigupdRctKnSL4Tgf7mqJgp6rYVZCc6EaYRhFxw9RBYhPF3k5pq23oWvtW:0:0,solana-mainnet,pump.fun,57tXMdpbx1peQWdavBsekrG7b2CDefLigupdRctKnSL4Tgf7mqJgp6rYVZCc6EaYRhFxw9RBYhPF3k5pq23oWvtW,451623437,1790679975,0,0,3SSaa7kdFQbewedSdySAbrppnHrWqdENWH17ZRBt9Jfa,TokenzQdBNbLqP5VEhdkAS6EPFLC1PHnBqCXEpPxuEb,https://metadata.j7tracker.io/metadata/757d9f459ccf4b58.json,pumpfun-create-borsh-v1,success
solana:3hDyExBdePHZ1jtNMmpYoSbiQHLQKyhPrqs2FUWVN6ARRvTLNEMx8RWUXmqnmKExMUghwnHYGp6vK2MbVdomCjDh:2:0,solana-mainnet,pump.fun,3hDyExBdePHZ1jtNMmpYoSbiQHLQKyhPrqs2FUWVN6ARRvTLNEMx8RWUXmqnmKExMUghwnHYGp6vK2MbVdomCjDh,451623429,1790679973,2,0,6gLCiF6ajq6koctzfbQovoN22eZcLDe8cuZQ2fGoKyou,TokenzQdBNbLqP5VEhdkAS6EPFLC1PHnBqCXEpPxuEb,https://metadata.j7tracker.io/metadata/ed096f771b914765.json,pumpfun-create-borsh-v1,success
solana:4cTFhq5bwAHmyXHpnL3tQ8bYTDcSy2oaBkimkzziNnRqPKyxPKe58hdH13caACPPrpd7rCduMNMkVdLCzFGbDx57:0:0,solana-mainnet,pump.fun,4cTFhq5bwAHmyXHpnL3tQ8bYTDcSy2oaBkimkzziNnRqPKyxPKe58hdH13caACPPrpd7rCduMNMkVdLCzFGbDx57,451623423,1790679972,0,0,67HZyTYePP2zhPsPgR3xFpWJhB2onpYFiybZsvVPpump,TokenzQdBNbLqP5VEhdkAS6EPFLC1PHnBqCXEpPxuEb,https://ipfs.io/ipfs/bafkreicdp2xrhwuoqjdb6vgmdav6tkesupjbn45bphi2b7qyen5gfb67zq,pumpfun-create-borsh-v1,success
solana:2Nr78Jbdi2hnp3SGSkEQFJN5DT2NBZE158EPW4LcDRqteZYG76vPwnkBqP5zRZadFf3VWxd34ArCMrd2Vj16xaXp:2:0,solana-mainnet,pump.fun,2Nr78Jbdi2hnp3SGSkEQFJN5DT2NBZE158EPW4LcDRqteZYG76vPwnkBqP5zRZadFf3VWxd34ArCMrd2Vj16xaXp,451623408,1790679968,2,0,4wTV1YmiEkRvAtNtsSGPtUrqRYQMe5SKy2uB4Jjaxnjf,ATokenGPvbdGVxr1b2hvZbsiqW5xWH25efTNsLJA8knL,"     ",pumpfun-create-borsh-v1,success
solana:2wTA8KgKEE7h2aJ4uXLx8jtNuTfmiZcNQ8qSDLX84KxrLzw8VRHwom3cYqnYXovePNNRakuJVyjvfCTuhsboXxTU:2:0,solana-mainnet,pump.fun,2wTA8KgKEE7h2aJ4uXLx8jtNuTfmiZcNQ8qSDLX84KxrLzw8VRHwom3cYqnYXovePNNRakuJVyjvfCTuhsboXxTU,451623408,1790679968,2,0,4wTV1YmiEkRvAtNtsSGPtUrqRYQMe5SKy2uB4Jjaxnjf,ATokenGPvbdGVxr1b2hvZbsiqW5xWH25efTNsLJA8knL,"    ?    ",pumpfun-create-borsh-v1,success
solana:5E4qVURYXmGBhTtd9oHhcQMMJ7VC7sTp2EjpHRMcnGqw2FuHsnDysfsSSrh26kzMw2QVQNWGv65rE8jGKj4vEYTG:2:0,solana-mainnet,pump.fun,5E4qVURYXmGBhTtd9oHhcQMMJ7VC7sTp2EjpHRMcnGqw2FuHsnDysfsSSrh26kzMw2QVQNWGv65rE8jGKj4vEYTG,451623400,1790679966,2,0,4wTV1YmiEkRvAtNtsSGPtUrqRYQMe5SKy2uB4Jjaxnjf,ATokenGPvbdGVxr1b2hvZbsiqW5xWH25efTNsLJA8knL,"       ",pumpfun-create-borsh-v1,success
solana:571RFi8LEgEFQuXgpR2bueLxohQBV95wSC7GwFd7T9Qo7bAsuqKUoeyEuZZNQqVVFt5PF6ncoqjESQidr2YyECJ2:2:0,solana-mainnet,pump.fun,571RFi8LEgEFQuXgpR2bueLxohQBV95wSC7GwFd7T9Qo7bAsuqKUoeyEuZZNQqVVFt5PF6ncoqjESQidr2YyECJ2,451623397,1790679965,2,0,HRRFDtRpfhsnwFvR6CYVLcvEM3jFASb4ekCFdxYa3u7K,TokenzQdBNbLqP5VEhdkAS6EPFLC1PHnBqCXEpPxuEb,https://metadata.j7tracker.io/metadata/Md7oGAawj1.json,pumpfun-create-borsh-v1,success
solana:4vmqGTj67Avm1vf75jdkAEMavboepsRLrgquC163b2KfSDusyj6dZYXb72MQbtFAJNTYwatxLLUEVMvMENx5U1R8:2:0,solana-mainnet,pump.fun,4vmqGTj67Avm1vf75jdkAEMavboepsRLrgquC163b2KfSDusyj6dZYXb72MQbtFAJNTYwatxLLUEVMvMENx5U1R8,451623388,1790679963,2,0,HKM5zfXh4DNNQX1MJ71dRPG3nA9gi53KtGMEEJ2Zpump,TokenzQdBNbLqP5VEhdkAS6EPFLC1PHnBqCXEpPxuEb,https://ipfs.io/ipfs/QmRhG3VNBK1Kct2HYP6A6UGrvpUNy4vGMSe4UMduEbyLSs,pumpfun-create-borsh-v1,success
solana:9pkWgPjrxoGaQpt7ycRC5iZyU87tC7qCQjNDG12DwywnHL3DsNbo2JFJiUFtBP5i8Fna7eQX2CSpcqKUWLcWCU6:0:0,solana-mainnet,pump.fun,9pkWgPjrxoGaQpt7ycRC5iZyU87tC7qCQjNDG12DwywnHL3DsNbo2JFJiUFtBP5i8Fna7eQX2CSpcqKUWLcWCU6,451623384,1790679962,0,0,GCUMDRAHuQ3nZ7pFinZR9CrtmWg3xmtH6ZvqQwNFWQK6,TokenzQdBNbLqP5VEhdkAS6EPFLC1PHnBqCXEpPxuEb,https://ipfs.io/ipfs/bafkreidukfkozp6ko3tm35chmxkwi3rklyu5sm3racg7vleps257k6otcq,pumpfun-create-borsh-v1,success
solana:2eeDB9Mu7DLcE11PpXgeNpXDKqWjc7HriqVCYmKdiUvvx9JxHLBpdD2ML9YCfbUkhUHdTbBZ67KNk3s3YdpLuUqp:2:0,solana-mainnet,pump.fun,2eeDB9Mu7DLcE11PpXgeNpXDKqWjc7HriqVCYmKdiUvvx9JxHLBpdD2ML9YCfbUkhUHdTbBZ67KNk3s3YdpLuUqp,451623382,1790679961,2,0,8rbAzhho8nQm3hNirJxEcczuupT7ZtRPNaPyLpWiZKQN,TokenzQdBNbLqP5VEhdkAS6EPFLC1PHnBqCXEpPxuEb,https://project--e0ebd022-b0a1-4155-9818-bc1d4934ae9a.lovable.app/api/public/token-meta/e39d9108-fd89-4236-96d7-1327c616f3fd.json,pumpfun-create-borsh-v1,success
solana:3DW1K8nRqWRKhGCwcwhL2ZdMxzZPuJVGbZq5pg54ejy2JH3pR5JFff7pjfiyUq3SdZoWrFFwtjesfZs6ArCkdJMq:2:0,solana-mainnet,pump.fun,3DW1K8nRqWRKhGCwcwhL2ZdMxzZPuJVGbZq5pg54ejy2JH3pR5JFff7pjfiyUq3SdZoWrFFwtjesfZs6ArCkdJMq,451623379,1790679960,2,0,6fJ22PjH6T14WRam5sxnxz5Prc9re8xakmZHBxZgpump,TokenzQdBNbLqP5VEhdkAS6EPFLC1PHnBqCXEpPxuEb,https://ipfs.io/ipfs/bafkreihhd2m6lcltmj5mwh5alnw6njsk3fh2ynmdb5ovorqucozbcoqheq,pumpfun-create-borsh-v1,success
solana:nRftmyz2atda7To47pAsDKBMdSDCH7RKuQUkwYK1H82eZT184G9QFJXTenLDR17E32anX1GDFZbqVi1M77FEZs9:2:0,solana-mainnet,pump.fun,nRftmyz2atda7To47pAsDKBMdSDCH7RKuQUkwYK1H82eZT184G9QFJXTenLDR17E32anX1GDFZbqVi1M77FEZs9,451623373,1790679959,2,0,CsdU7i59TAy2YnaG91SDFCuiz3YVLMkugpae78sipump,TokenzQdBNbLqP5VEhdkAS6EPFLC1PHnBqCXEpPxuEb,https://ipfs.io/ipfs/QmRYsgpb6YBbTyXLfbdFsqn77xzveY6wyFirf7wCPaHYSq,pumpfun-create-borsh-v1,success
solana:3bqxLEgUfNEuYdDN53Jg5To5DLeQ8X2ecyLnAPmvdsysty4iyHiL9mGjwKARAPGiFscvVNaYVBfp4r3b731GccYg:0:0,solana-mainnet,pump.fun,3bqxLEgUfNEuYdDN53Jg5To5DLeQ8X2ecyLnAPmvdsysty4iyHiL9mGjwKARAPGiFscvVNaYVBfp4r3b731GccYg,451623354,1790679953,0,0,4ZVEBirzNi4rgvEMYSCb58zJAVtQFomZSmoN1c5YRtGx,TokenzQdBNbLqP5VEhdkAS6EPFLC1PHnBqCXEpPxuEb,https://ipfs.io/ipfs/bafkreiebwgeeektjiwughaqnjcbhebj3kkz4tpro35yntvabgx7kpdioxa,pumpfun-create-borsh-v1,success
solana:TynnFYwBGYyHpCnXjps3wDfbAgrDXW6sgMY5C85xv4XABhFuUxZUTNmS4WYxJXnHuLeZMtrYka81STnP3sr2Z3T:2:0,solana-mainnet,pump.fun,TynnFYwBGYyHpCnXjps3wDfbAgrDXW6sgMY5C85xv4XABhFuUxZUTNmS4WYxJXnHuLeZMtrYka81STnP3sr2Z3T,451623352,1790679953,2,0,4wTV1YmiEkRvAtNtsSGPtUrqRYQMe5SKy2uB4Jjaxnjf,ATokenGPvbdGVxr1b2hvZbsiqW5xWH25efTNsLJA8knL," ",pumpfun-create-borsh-v1,success
solana:49TunX9QazS6P2nffugDo1i1qXKuPEs9CYbm7YCTLwWQPyXnxfFzcBM55PWxby3yYrY93jwE9EmFWALcbJLfkDcr:2:0,solana-mainnet,pump.fun,49TunX9QazS6P2nffugDo1i1qXKuPEs9CYbm7YCTLwWQPyXnxfFzcBM55PWxby3yYrY93jwE9EmFWALcbJLfkDcr,451623348,1790679952,2,0,HyACteLar7wn5BMCqPjqXyv2W2bKhjKVW7KgEM2Fpump,TokenzQdBNbLqP5VEhdkAS6EPFLC1PHnBqCXEpPxuEb,https://ipfs.io/ipfs/QmYdFjcxCZ2oiBHMN4oeFTHY36LrwfSFkvEhNsMvdNgJDq,pumpfun-create-borsh-v1,success
solana:4UwqgnSvbYT38V6j66CddzazDaoD46k22XzB9trnmnB3uV577oWhP2anX6aWKgU9Mj5GYVGDE2MEKHYjn998ow2F:2:0,solana-mainnet,pump.fun,4UwqgnSvbYT38V6j66CddzazDaoD46k22XzB9trnmnB3uV577oWhP2anX6aWKgU9Mj5GYVGDE2MEKHYjn998ow2F,451623346,1790679951,2,0,AN7gAw3e2iFRWddqYzrtqwWvUEkwsodMZ2vMEtA7pump,TokenzQdBNbLqP5VEhdkAS6EPFLC1PHnBqCXEpPxuEb,https://ipfs.io/ipfs/QmYJhUPhHXjR2MXgsBGTMua4DEef3DQkRSrWnP7cFubDYT,pumpfun-create-borsh-v1,success
solana:2NXU1iwCaUmBqgjAL43wZXCMWK1SGiu4kspnFRXYYnhhkMSRpg8Hr6E6yBx8DhgB6h5x4214nJ1suUfCcvwdeiDC:2:0,solana-mainnet,pump.fun,2NXU1iwCaUmBqgjAL43wZXCMWK1SGiu4kspnFRXYYnhhkMSRpg8Hr6E6yBx8DhgB6h5x4214nJ1suUfCcvwdeiDC,451623336,1790679949,2,0,nUPhaSwtsxNsUGGAy9FXxpDSA3z4kX1wzRSjbby9GtU,TokenzQdBNbLqP5VEhdkAS6EPFLC1PHnBqCXEpPxuEb,https://project--e0ebd022-b0a1-4155-9818-bc1d4934ae9a.lovable.app/api/public/token-meta/7c6d41db-41d9-4a2d-be4d-d9c01cb4509e.json,pumpfun-create-borsh-v1,success
solana:puh6K1orWTpHzjdedAycFQsojzwmb7kt5uX9nMdZb7Tveo8EdmCj4CPe4p4qaHhNQgqD8C7w9DCgJC2osy2QgBZ:2:0,solana-mainnet,pump.fun,puh6K1orWTpHzjdedAycFQsojzwmb7kt5uX9nMdZb7Tveo8EdmCj4CPe4p4qaHhNQgqD8C7w9DCgJC2osy2QgBZ,451623334,1790679948,2,0,DDY2Kij9DSKg95Yy3m2ANQVSeXqn5NfKRk164FF4pump,TokenzQdBNbLqP5VEhdkAS6EPFLC1PHnBqCXEpPxuEb,https://ipfs.io/ipfs/bafkreifvfjfrrz73lwell4xsge2dypqsclbltz6wkjirwcpfis4sjxtvzi,pumpfun-create-borsh-v1,success
solana:4V2ZzcKGrPLJ57vpGF6XvoenjtaicbsFWg4Ck32HvpasH5LG1bEM3dSJiBUFfJy7pbjbhFyCyBftbv2FvRkN8LGs:2:0,solana-mainnet,pump.fun,4V2ZzcKGrPLJ57vpGF6XvoenjtaicbsFWg4Ck32HvpasH5LG1bEM3dSJiBUFfJy7pbjbhFyCyBftbv2FvRkN8LGs,451623316,1790679944,2,0,3uixkV2m2MnGi1d7yYNzYazaeezyZm1gk2gFxfQ2pump,TokenzQdBNbLqP5VEhdkAS6EPFLC1PHnBqCXEpPxuEb,https://ipfs.io/ipfs/bafkreifaxkx2r2glyhgml2nnqj5i7yrkcgksasui234yhw3g52nnyfy4rq,pumpfun-create-borsh-v1,success
solana:YL1AtpzwZy6ZfC8N6xNjchJwV8g8LCPrBPCT59amiZrJLwsajeW3ejydQXYxeeVftfnwNZviJU9TDBevsL9oUMY:2:0,solana-mainnet,pump.fun,YL1AtpzwZy6ZfC8N6xNjchJwV8g8LCPrBPCT59amiZrJLwsajeW3ejydQXYxeeVftfnwNZviJU9TDBevsL9oUMY,451623295,1790679938,2,0,Ggjo4XrxfUBriBnqW1cMQUxkmQJtxKU7389VayMjvQWq,TokenzQdBNbLqP5VEhdkAS6EPFLC1PHnBqCXEpPxuEb,https://metadata.j7tracker.io/metadata/CRi74yGu7p.json,pumpfun-create-borsh-v1,success
solana:5ZvUocyN4KB8tEGtmP34bcENZzcFiPeRR3GtvC2ehR7zosuVRgJqgMuwnZuQGsyYuAxFNWFVdkBfRYSXFhBvfEtk:2:0,solana-mainnet,pump.fun,5ZvUocyN4KB8tEGtmP34bcENZzcFiPeRR3GtvC2ehR7zosuVRgJqgMuwnZuQGsyYuAxFNWFVdkBfRYSXFhBvfEtk,451623281,1790679934,2,0,Azzegzbdh7GS6K5ihaokqqd9GSVHbnMDxkAm71L5Md8F,TokenzQdBNbLqP5VEhdkAS6EPFLC1PHnBqCXEpPxuEb,https://ipfs.io/ipfs/QmZSbC6uKDfrizwmhG3cZKqYjch7Zi9Fds7caUvfaXDWnc,pumpfun-create-borsh-v1,success
solana:4gNM1TwX2UQAGRutVyciquNXyo2Qtti87dNtYQmsvcbMBPPU5a3cSmJzo5qvQtTQaae32WcvoqU3veGpHFXQwcP6:2:0,solana-mainnet,pump.fun,4gNM1TwX2UQAGRutVyciquNXyo2Qtti87dNtYQmsvcbMBPPU5a3cSmJzo5qvQtTQaae32WcvoqU3veGpHFXQwcP6,451623271,1790679932,2,0,5YDaU8sFANCEpaN62JHb1yg9aFric7Ps3RwD2GWUpump,TokenzQdBNbLqP5VEhdkAS6EPFLC1PHnBqCXEpPxuEb,https://ipfs.io/ipfs/bafkreiclnh3bb26woss2ew6cx4jwyogszeqeohgnk66dgswmuvnpgimdsi,pumpfun-create-borsh-v1,success
solana:fBAdH8aMpebNCt7dKXW2ZPjCASqefBFdTZrsEwXnwT6ocYrLbvAY3c7a1qdAoRi4nq4YyzmgFn6o8RWL7T9UqBL:2:0,solana-mainnet,pump.fun,fBAdH8aMpebNCt7dKXW2ZPjCASqefBFdTZrsEwXnwT6ocYrLbvAY3c7a1qdAoRi4nq4YyzmgFn6o8RWL7T9UqBL,451623260,1790679929,2,0,6DkTtSSUPrzK9iEWGVNDa6syXokzmhD6SDmLxVQi87sZ,TokenzQdBNbLqP5VEhdkAS6EPFLC1PHnBqCXEpPxuEb,https://project--e0ebd022-b0a1-4155-9818-bc1d4934ae9a.lovable.app/api/public/token-meta/3a451995-439d-4c69-b148-2f0a27701edc.json,pumpfun-create-borsh-v1,success
solana:3XpFvoBx5He5B3HSCW8o4124u7xqgSA9dniaUe1rpL98dp3kufychkNf7rLGMiydZiGrgCqstYMj5AL8anWxUmUo:2:0,solana-mainnet,pump.fun,3XpFvoBx5He5B3HSCW8o4124u7xqgSA9dniaUe1rpL98dp3kufychkNf7rLGMiydZiGrgCqstYMj5AL8anWxUmUo,451623258,1790679928,2,0,9yAJM1uLvUahfjgkgDXmSJ51SnNHSKco7an2Lf5iE5Zf,TokenzQdBNbLqP5VEhdkAS6EPFLC1PHnBqCXEpPxuEb,https://project--e0ebd022-b0a1-4155-9818-bc1d4934ae9a.lovable.app/api/public/token-meta/95046714-bd7e-4ffd-b2ad-96d208365cce.json,pumpfun-create-borsh-v1,success
solana:64B6APfS5H9vQ7TM6LzbDydrCiRFHWQy7d6MjmEorHQdM3GnVnBvCr3woGH2PT3k4HQZKA8YnEchoc27pNn6Phk7:2:0,solana-mainnet,pump.fun,64B6APfS5H9vQ7TM6LzbDydrCiRFHWQy7d6MjmEorHQdM3GnVnBvCr3woGH2PT3k4HQZKA8YnEchoc27pNn6Phk7,451623251,1790679927,2,0,FScrAVjytzNnHeXFuG5PaYBNMizBVc2ZH3bRP5o1pump,TokenzQdBNbLqP5VEhdkAS6EPFLC1PHnBqCXEpPxuEb,https://ipfs.io/ipfs/bafkreiggi6doi5fstmohpfzlszbmugirgcztei6uhgpesenm2uducqglpa,pumpfun-create-borsh-v1,success
solana:5etDFVWMYBJde5tpP1nuq2xWccfKurfcBZFoDygmKerkNhB8W3Z882SHDh4AhRXNac3Gz7AaFYyjrSKph7MNVNnk:2:0,solana-mainnet,pump.fun,5etDFVWMYBJde5tpP1nuq2xWccfKurfcBZFoDygmKerkNhB8W3Z882SHDh4AhRXNac3Gz7AaFYyjrSKph7MNVNnk,451623239,1790679924,2,0,BirA5Yso8iMW95FAEPfboDpqYogzKVCPqVZGvKGapump,TokenzQdBNbLqP5VEhdkAS6EPFLC1PHnBqCXEpPxuEb,https://ipfs.io/ipfs/QmWRj8PSBTt8AFbUNv7PhiPJ1LPpAsFuF2yJh9jJwLeeKx,pumpfun-create-borsh-v1,success
solana:2YGRncYrbA82GwWxfsU9SRMLQUGJastogqZdQmTP99Y76RiBYZJQMxR4To97nP99zRUTruMrPv7HJTGFjm6Xd1sN:2:0,solana-mainnet,pump.fun,2YGRncYrbA82GwWxfsU9SRMLQUGJastogqZdQmTP99Y76RiBYZJQMxR4To97nP99zRUTruMrPv7HJTGFjm6Xd1sN,451623234,1790679923,2,0,HfdjwXxYYsm5Lifr3EmSHNtr6GfLrEpjBcC6ipbEpump,TokenzQdBNbLqP5VEhdkAS6EPFLC1PHnBqCXEpPxuEb,https://ipfs.io/ipfs/Qmb6B1MQzx9PJ1PbVDUZkAvrAYXGttzgYu3SGmzHLSnQd2,pumpfun-create-borsh-v1,success
solana:3YzMNbhif1j1EwNpbSpf5VMa9DjbJgxFqGZ5kGdFBEvSrERTNfoUA21k7m3C9qUZDZrkCMNeZ7PBgAa5oerqLVdM:2:0,solana-mainnet,pump.fun,3YzMNbhif1j1EwNpbSpf5VMa9DjbJgxFqGZ5kGdFBEvSrERTNfoUA21k7m3C9qUZDZrkCMNeZ7PBgAa5oerqLVdM,451623222,1790679919,2,0,Arxm6VvaNWZp1QwE2isSjHmgwQKjGr19GAAJGLRYpump,TokenzQdBNbLqP5VEhdkAS6EPFLC1PHnBqCXEpPxuEb,https://ipfs.io/ipfs/QmdX53gv7amiurVeAnsWzfGq7pPqwBogQ7f2syievBdGve,pumpfun-create-borsh-v1,success
solana:XKU9W4FsbHNbGsb3cfayRHx4NXDCgRohMvG2aYi7WfTKjjMRMH5iskFKTDA735nEjpyhmmnMWEBAYzFD9WgauPB:2:0,solana-mainnet,pump.fun,XKU9W4FsbHNbGsb3cfayRHx4NXDCgRohMvG2aYi7WfTKjjMRMH5iskFKTDA735nEjpyhmmnMWEBAYzFD9WgauPB,451623221,1790679919,2,0,4D4RjX7zEso2v19KH1CURcvHAY1DZcdBq5JS1gBUpump,TokenzQdBNbLqP5VEhdkAS6EPFLC1PHnBqCXEpPxuEb,https://ipfs.io/ipfs/bafkreidi72p7jsrvlzb3i7h7ggbxangfosjcs5277r2slf7ihrjoqeumti,pumpfun-create-borsh-v1,success
solana:4tw1dkLzQHUq8sXXK6MZXRKRiLsstp5VXkd6aJ5uiKugD8nPMj8mVfKi78fHt6LCr4tdrngSiwA5E7VNSa7FcBu3:2:0,solana-mainnet,pump.fun,4tw1dkLzQHUq8sXXK6MZXRKRiLsstp5VXkd6aJ5uiKugD8nPMj8mVfKi78fHt6LCr4tdrngSiwA5E7VNSa7FcBu3,451623214,1790679917,2,0,4ZELdXs5F1kkDcdL1yCjsYSTZSRSR5sU3wbLeh4hdeUt,TokenzQdBNbLqP5VEhdkAS6EPFLC1PHnBqCXEpPxuEb,https://www.usepayday.xyz/api/public/launches/launch_3dd8d9ee-2022-4ffa-8994-0e6639fd4c3c/metadata.json,pumpfun-create-borsh-v1,success
solana:5zCRc5nKoxSfTJMSDBY8Zx6QhwnoTWyScVFe3j1krmVJe39bS4eCCC1oq3d7BmHGc3a2L7Sv9Z5SpDqr57r4PNQY:0:0,solana-mainnet,pump.fun,5zCRc5nKoxSfTJMSDBY8Zx6QhwnoTWyScVFe3j1krmVJe39bS4eCCC1oq3d7BmHGc3a2L7Sv9Z5SpDqr57r4PNQY,451623214,1790679917,0,0,6UBY8Yg6vB2JRtZ71xzKQLs9tNv4KCv3Nar5Qekf2Zq6,TokenzQdBNbLqP5VEhdkAS6EPFLC1PHnBqCXEpPxuEb,https://metadata.j7tracker.io/metadata/lnyAPHtB3E.json,pumpfun-create-borsh-v1,success
solana:4H9MMJYj9S5pZuHnxVy3TXh6DxmF4FrimXcYxMJKi1Vw8z64CFngD2KFctfwcJL877VAAvaEgiZsyXCeThfrJj8M:0:0,solana-mainnet,pump.fun,4H9MMJYj9S5pZuHnxVy3TXh6DxmF4FrimXcYxMJKi1Vw8z64CFngD2KFctfwcJL877VAAvaEgiZsyXCeThfrJj8M,451623211,1790679916,0,0,GtQ2ziEwCaiuda4bAQ9pSukNtj19htwp1n2gM63hxfAz,TokenzQdBNbLqP5VEhdkAS6EPFLC1PHnBqCXEpPxuEb,https://metadata.j7tracker.io/metadata/46210b76159a4575.json,pumpfun-create-borsh-v1,success
solana:5LB64GxRisCEjAPXxfvSq21aHFAsP3wNyC2cfoNhijSiuspHxPDVcccnonw1v6C1Ef4udqR5oZ5yFjN1PmLec6xq:0:0,solana-mainnet,pump.fun,5LB64GxRisCEjAPXxfvSq21aHFAsP3wNyC2cfoNhijSiuspHxPDVcccnonw1v6C1Ef4udqR5oZ5yFjN1PmLec6xq,451623211,1790679916,0,0,3KCE6NDrEwymw1vXdeMNhTgCT5narvAVFU823r4ogfZS,TokenzQdBNbLqP5VEhdkAS6EPFLC1PHnBqCXEpPxuEb,https://metadata.j7tracker.io/metadata/46210b76159a4575.json,pumpfun-create-borsh-v1,success
solana:1RjPzWASgmWb2jRYHrwvMf33bvAnjaTLxPmbb8bf1n2epg12Jmxj25YXyLUwxS1BM8whbm8aBSeDyYLEbPXpC3J:0:0,solana-mainnet,pump.fun,1RjPzWASgmWb2jRYHrwvMf33bvAnjaTLxPmbb8bf1n2epg12Jmxj25YXyLUwxS1BM8whbm8aBSeDyYLEbPXpC3J,451623209,1790679916,0,0,58t6tgftmULznVKMtavLTmqWTjDMwSTEVBij7rQmcNgi,TokenzQdBNbLqP5VEhdkAS6EPFLC1PHnBqCXEpPxuEb,https://metadata.j7tracker.io/metadata/46210b76159a4575.json,pumpfun-create-borsh-v1,success
solana:5w92GKk18jRUL1WUmBUkJ3HSz8VqwfSSxHmJSj34JvvGWcsMvoi5YqecUiXEpNo5YenKjrtLMKrMzN7nwtSf9ymk:2:0,solana-mainnet,pump.fun,5w92GKk18jRUL1WUmBUkJ3HSz8VqwfSSxHmJSj34JvvGWcsMvoi5YqecUiXEpNo5YenKjrtLMKrMzN7nwtSf9ymk,451623203,1790679914,2,0,J5xN64oH1XZ4ocqoVToA2tcTNGnHF8WtazVk4yY9pump,TokenzQdBNbLqP5VEhdkAS6EPFLC1PHnBqCXEpPxuEb,https://ipfs.io/ipfs/QmSra2tXHkHWe6QsAN8f5xaCn4rkrc4mabrV1wUxKW2oQ1,pumpfun-create-borsh-v1,success
solana:KnjtDmzfPRxzuffmneitNzZzQ4QE1Knd3yyaDsGWX62KWPeqaJuSYCJJs8c7sreDFrZErLbzuKpg8MnmApSz94T:2:0,solana-mainnet,pump.fun,KnjtDmzfPRxzuffmneitNzZzQ4QE1Knd3yyaDsGWX62KWPeqaJuSYCJJs8c7sreDFrZErLbzuKpg8MnmApSz94T,451623188,1790679910,2,0,HvmuJoNFtB4fq7YUowEs8yYe2soZUf7NcgV8VQjLHUah,TokenzQdBNbLqP5VEhdkAS6EPFLC1PHnBqCXEpPxuEb,https://project--e0ebd022-b0a1-4155-9818-bc1d4934ae9a.lovable.app/api/public/token-meta/a31370fc-ae3d-490d-8bc4-48a724cfd56e.json,pumpfun-create-borsh-v1,success
solana:22XEib3P6Hq2gxKjD9Jo6iw3UfEZKgpqD35NziVd3ftXTir22ddWk5o2AcL4a9ZNsY5AMBXkVKS5KS1n6Cxayg5x:2:0,solana-mainnet,pump.fun,22XEib3P6Hq2gxKjD9Jo6iw3UfEZKgpqD35NziVd3ftXTir22ddWk5o2AcL4a9ZNsY5AMBXkVKS5KS1n6Cxayg5x,451623165,1790679904,2,0,2vSBCY8Jy8DusXTomdEjqoZmgDmiS96EnM7ahk2upump,TokenzQdBNbLqP5VEhdkAS6EPFLC1PHnBqCXEpPxuEb,https://ipfs.io/ipfs/bafkreibo6tq6pz7qlesyg4u2f6kh34iuu3xqqy3iklhvtpbsufint2q7ue,pumpfun-create-borsh-v1,success
solana:4GGt3z2xjTttAnJk2JPPkzVD74AtprNxN58wqJACYbZxcY95amTbtnnuyYfw2CYUd1RpYEtCVEkLy741qtegc3Ns:2:0,solana-mainnet,pump.fun,4GGt3z2xjTttAnJk2JPPkzVD74AtprNxN58wqJACYbZxcY95amTbtnnuyYfw2CYUd1RpYEtCVEkLy741qtegc3Ns,451623147,1790679899,2,0,9qo9N8HGYAhn62tvrtaNCMWSMZwxC1yPfv9iKLzFpump,TokenzQdBNbLqP5VEhdkAS6EPFLC1PHnBqCXEpPxuEb,https://ipfs.io/ipfs/QmRYsgpb6YBbTyXLfbdFsqn77xzveY6wyFirf7wCPaHYSq,pumpfun-create-borsh-v1,success
solana:39BKXGp2w5DomPMuSZWA7PrEhu2ehYt13Db2rHzEnNoeptaDJ8kcf82y2JHkm75A5yi1vKzsxqY8DoyM8GbH5MTv:0:0,solana-mainnet,pump.fun,39BKXGp2w5DomPMuSZWA7PrEhu2ehYt13Db2rHzEnNoeptaDJ8kcf82y2JHkm75A5yi1vKzsxqY8DoyM8GbH5MTv,451623143,1790679898,0,0,7jcCKc6kURiczngNyptpkUgq8khzXTwxfpco54MoZfa3,TokenzQdBNbLqP5VEhdkAS6EPFLC1PHnBqCXEpPxuEb,https://metadata.j7tracker.io/metadata/1df16b2426854c5b.json,pumpfun-create-borsh-v1,success
solana:DMqApgo3BWqokoHDRxyTUyDvTZ3vg1TDA369fy51MvPLRWjyz68jH9R3kwYeCytPSD4QuFY3hjinTAL2E4pbZfC:0:0,solana-mainnet,pump.fun,DMqApgo3BWqokoHDRxyTUyDvTZ3vg1TDA369fy51MvPLRWjyz68jH9R3kwYeCytPSD4QuFY3hjinTAL2E4pbZfC,451623143,1790679898,0,0,GX36v8LitQBhSaunBSg3PWJYhHWkrKeKyhEGADUhoPdb,TokenzQdBNbLqP5VEhdkAS6EPFLC1PHnBqCXEpPxuEb,https://metadata.j7tracker.io/metadata/1df16b2426854c5b.json,pumpfun-create-borsh-v1,success
solana:26uXE8XiqyTZQWgtTjagYpykoCQU68xeAa7hFkqZBgKKrTDZDHHaXoj6rB6YX3i7jtb8BhKpuEZGGdUkZz2pk6fv:0:0,solana-mainnet,pump.fun,26uXE8XiqyTZQWgtTjagYpykoCQU68xeAa7hFkqZBgKKrTDZDHHaXoj6rB6YX3i7jtb8BhKpuEZGGdUkZz2pk6fv,451623143,1790679898,0,0,2c19Cs8QQY6D6WNUFYyb4Hs1ehZd4viM62YbeU3zMxiH,TokenzQdBNbLqP5VEhdkAS6EPFLC1PHnBqCXEpPxuEb,https://metadata.j7tracker.io/metadata/1df16b2426854c5b.json,pumpfun-create-borsh-v1,success
solana:4dsVXrpfqYggDyxU4hgT3WCZMfb6nWuxu9hgp1tJ7jKRzDETS7NM3oqEwXQiFHHJDoJDFvzNRvs2VHraFyKZyuk2:2:0,solana-mainnet,pump.fun,4dsVXrpfqYggDyxU4hgT3WCZMfb6nWuxu9hgp1tJ7jKRzDETS7NM3oqEwXQiFHHJDoJDFvzNRvs2VHraFyKZyuk2,451623142,1790679897,2,0,4wTV1YmiEkRvAtNtsSGPtUrqRYQMe5SKy2uB4Jjaxnjf,ATokenGPvbdGVxr1b2hvZbsiqW5xWH25efTNsLJA8knL," ",pumpfun-create-borsh-v1,success
solana:2sbf5cLQKWCMu1k7hkVuLECEeLXBzo4Lv7aUtw8aAVpWwMLjjzoQdVkCrzwXtKJevwk2JQ8Zqzi2Fe6EPcXGy7Jk:2:0,solana-mainnet,pump.fun,2sbf5cLQKWCMu1k7hkVuLECEeLXBzo4Lv7aUtw8aAVpWwMLjjzoQdVkCrzwXtKJevwk2JQ8Zqzi2Fe6EPcXGy7Jk,451623136,1790679896,2,0,9eMgNpLkepdyLEqx4V31A8YAfgYszxw3bg1Q1qGrYvZ,TokenzQdBNbLqP5VEhdkAS6EPFLC1PHnBqCXEpPxuEb,https://project--e0ebd022-b0a1-4155-9818-bc1d4934ae9a.lovable.app/api/public/token-meta/f120b470-915d-4497-8697-7d4ba5347625.json,pumpfun-create-borsh-v1,success
solana:5vvEPF63S9NyAVi5iBT3DSnMS9T3NfH4dTH2M48fkA3te8BFUjy3qZ4sCiXGeev25hLV9GYQJ41j16pMKqmCM9f3:2:0,solana-mainnet,pump.fun,5vvEPF63S9NyAVi5iBT3DSnMS9T3NfH4dTH2M48fkA3te8BFUjy3qZ4sCiXGeev25hLV9GYQJ41j16pMKqmCM9f3,451623105,1790679888,2,0,DPiZS5WNDf8RFCZa3tw7DDSNsi91uou9KQ9f8yrFAwZq,TokenzQdBNbLqP5VEhdkAS6EPFLC1PHnBqCXEpPxuEb,https://metadata.j7tracker.io/metadata/5996a352a1784b2c.json,pumpfun-create-borsh-v1,success
solana:2Tytn3hhnXmtCRrQ8DDmm6aSC6TTNoNGwV8WZCaBHy6duPnxQ6Hh1U7P1xDvdnaoy1zQut4yeT6mB2WuJa7sV7vs:2:0,solana-mainnet,pump.fun,2Tytn3hhnXmtCRrQ8DDmm6aSC6TTNoNGwV8WZCaBHy6duPnxQ6Hh1U7P1xDvdnaoy1zQut4yeT6mB2WuJa7sV7vs,451623081,1790679881,2,0,HHTR9MU8m7he7G6iyBk2Ko73XbTUWicKYbSrnif6pump,TokenzQdBNbLqP5VEhdkAS6EPFLC1PHnBqCXEpPxuEb,https://ipfs.io/ipfs/QmS35ZeLbPpJqfuT6c5a7kz312V77aWuGo18Y7qUSkKJGX,pumpfun-create-borsh-v1,success
solana:LxJdTHwniYkU6MBieWwa9viEcuYUFx241cmuMKaiHrsyn84AENnyy7ZFh1v5CskRgf2tRDwAKcUxFs9tCMQKaVE:2:0,solana-mainnet,pump.fun,LxJdTHwniYkU6MBieWwa9viEcuYUFx241cmuMKaiHrsyn84AENnyy7ZFh1v5CskRgf2tRDwAKcUxFs9tCMQKaVE,451623079,1790679880,2,0,4wTV1YmiEkRvAtNtsSGPtUrqRYQMe5SKy2uB4Jjaxnjf,ATokenGPvbdGVxr1b2hvZbsiqW5xWH25efTNsLJA8knL,"    /       (      @       V      b      4c",pumpfun-create-borsh-v1,success
solana:2cBZkrPKgoupLzemfiM3gLUasfUfzqKe3chpCXWqAL9wLqJrP34WYjsL4LJJVx2A3VyExJaqnZyqYYvJyQn165pj:2:0,solana-mainnet,pump.fun,2cBZkrPKgoupLzemfiM3gLUasfUfzqKe3chpCXWqAL9wLqJrP34WYjsL4LJJVx2A3VyExJaqnZyqYYvJyQn165pj,451623079,1790679880,2,0,9eqgATACNm4tukbxdkcEASa3zhSETBHQjGMTo9YPpump,TokenzQdBNbLqP5VEhdkAS6EPFLC1PHnBqCXEpPxuEb,https://ipfs.io/ipfs/QmRYsgpb6YBbTyXLfbdFsqn77xzveY6wyFirf7wCPaHYSq,pumpfun-create-borsh-v1,success
solana:5Uz7MFb9b84ib29VfgMj4fsj4LCGSyb6YeTeu5LFd66GQVfjm84MoknUNkedZkjBGvTJXh2qJcAPqiwVAx3Utve5:0:0,solana-mainnet,pump.fun,5Uz7MFb9b84ib29VfgMj4fsj4LCGSyb6YeTeu5LFd66GQVfjm84MoknUNkedZkjBGvTJXh2qJcAPqiwVAx3Utve5,451623059,1790679875,0,0,5ebN3yHEjKYXYz9DEY2GFnxPjziRp8Y9qNSDzD6Epump,TokenzQdBNbLqP5VEhdkAS6EPFLC1PHnBqCXEpPxuEb,https://gateway.irys.xyz/2WlLG87Ur_AnwTIsGqANDk4BWJUevEe51vWoddQDC7c,pumpfun-create-borsh-v1,success
solana:2FP6U5p7dn5JgsyxNjNgQy25ucBitrU6ULdyd6or9UCYbpAhxppr4btz1Yfufd932D5tehTPiTUnWAxYNnXNpt3y:1:0,solana-mainnet,pump.fun,2FP6U5p7dn5JgsyxNjNgQy25ucBitrU6ULdyd6or9UCYbpAhxppr4btz1Yfufd932D5tehTPiTUnWAxYNnXNpt3y,451623056,1790679873,1,0,2kpf4SdQr3ab25NuKre4WnZeGmfDyHiswCXhw4Udpump,TokenzQdBNbLqP5VEhdkAS6EPFLC1PHnBqCXEpPxuEb,https://ipfs.io/ipfs/bafkreiczjl277ji7hzwt2glvxprugyxa3skm72mscfjnezjguovdzq5cyy,pumpfun-create-borsh-v1,success
solana:2WMKjwkHHJQDd7mhDvvCU5aPg6CWJBrsTtXy8FLZu3ukkDujsFd73ChzWVX8k2BMRq6B55BM2QRWFsBCbRASSnRn:2:0,solana-mainnet,pump.fun,2WMKjwkHHJQDd7mhDvvCU5aPg6CWJBrsTtXy8FLZu3ukkDujsFd73ChzWVX8k2BMRq6B55BM2QRWFsBCbRASSnRn,451623051,1790679872,2,0,4foB8VhiAKfnF2CMDJMe9dBLqcw948rY87sKL1wLpump,TokenzQdBNbLqP5VEhdkAS6EPFLC1PHnBqCXEpPxuEb,https://ipfs.io/ipfs/bafkreiclneew3cqhnhsnwpx4bptj3ungxzzwnrprwqvasrbxyhjkivcjoy,pumpfun-create-borsh-v1,success
solana:5F39EKgbx74DcXfLG5Eis3a8JpjS3vTjXXEVZ2AUVhR8K4huZAyZsBAZGJe54zbxdFdgieXHhcxNowxUfzvUkUGK:2:0,solana-mainnet,pump.fun,5F39EKgbx74DcXfLG5Eis3a8JpjS3vTjXXEVZ2AUVhR8K4huZAyZsBAZGJe54zbxdFdgieXHhcxNowxUfzvUkUGK,451623043,1790679870,2,0,4SCJgZgTAKdPTRgG2Z4cFby8KyQXdHwoKyfVVRtHpump,TokenzQdBNbLqP5VEhdkAS6EPFLC1PHnBqCXEpPxuEb,https://ipfs.io/ipfs/QmW8EoRu13NBHP5wp78L5xEQKwCHnR5WxTNdwaYTmwYxN8,pumpfun-create-borsh-v1,success
solana:RvSvx2aXa83p5n7QgxbPEwtVaYc7hTP9nny647ss1oc1UsPvbLtL3kbuCqGi3Aje6vMhN4JXBiSwKiGbbjHAFbs:2:0,solana-mainnet,pump.fun,RvSvx2aXa83p5n7QgxbPEwtVaYc7hTP9nny647ss1oc1UsPvbLtL3kbuCqGi3Aje6vMhN4JXBiSwKiGbbjHAFbs,451623026,1790679866,2,0,HzsSSW8tHDjpZaLvYcDYibLu6H15V8vD5RKKoSM7AAtx,TokenzQdBNbLqP5VEhdkAS6EPFLC1PHnBqCXEpPxuEb,https://project--e0ebd022-b0a1-4155-9818-bc1d4934ae9a.lovable.app/api/public/token-meta/a0ac1ad6-eb62-4b4b-9068-318a2ee80334.json,pumpfun-create-borsh-v1,success
solana:2AXnVZHbYWZsN8YptBqYKrb8BTaa1cCHbvao5fUuqQHAtjpt7WXsafecqNBF8rW1MfXrPZPzgEGREtdfoGFh9neP:2:0,solana-mainnet,pump.fun,2AXnVZHbYWZsN8YptBqYKrb8BTaa1cCHbvao5fUuqQHAtjpt7WXsafecqNBF8rW1MfXrPZPzgEGREtdfoGFh9neP,451623025,1790679866,2,0,GxBBHTt2vciSh7KS38QY2UKWpbVmRo9upZ7fdRUPxtWY,TokenzQdBNbLqP5VEhdkAS6EPFLC1PHnBqCXEpPxuEb,https://project--e0ebd022-b0a1-4155-9818-bc1d4934ae9a.lovable.app/api/public/token-meta/4b95f125-d29d-488d-bafc-7c538b7fb8f8.json,pumpfun-create-borsh-v1,success
solana:ctm2U4ZcLekmnojrTh5z6ssJjeBKLMFZES994Yp8CiZjcALpjXYM9KMPJfgTZYeNY8D3aw6C3A59xhLon5mTM3w:2:0,solana-mainnet,pump.fun,ctm2U4ZcLekmnojrTh5z6ssJjeBKLMFZES994Yp8CiZjcALpjXYM9KMPJfgTZYeNY8D3aw6C3A59xhLon5mTM3w,451623012,1790679862,2,0,6zxYCxx9FAZWaFRaiugPhsqgCvyn1hmRNBpJxZLXpump,TokenzQdBNbLqP5VEhdkAS6EPFLC1PHnBqCXEpPxuEb,https://ipfs.io/ipfs/bafkreiez4ubsp3vodslmviblnkv5n2yqwr6ix4mtxyqlcm3gfaz2zdrz4a,pumpfun-create-borsh-v1,success
solana:65Z6uFFDdCCns6ecZXSLAEd92DYyvW9Leh6bt2D9n1tKYFKvrC6zrpqcE8jLDQoe7TL1387Bw1aiv32CfayYsBCd:1:0,solana-mainnet,pump.fun,65Z6uFFDdCCns6ecZXSLAEd92DYyvW9Leh6bt2D9n1tKYFKvrC6zrpqcE8jLDQoe7TL1387Bw1aiv32CfayYsBCd,451622988,1790679856,1,0,pSzgQLvswVTQgge577VNqWxM198Z5qGKSi6Mtz6pump,TokenzQdBNbLqP5VEhdkAS6EPFLC1PHnBqCXEpPxuEb,https://m.rapidlaunch.io/m/QGcKxzFPX,pumpfun-create-borsh-v1,success
solana:3KXXpKuTG28GM92Armgf9LD1uNu25cVYkECKV7ufiqucRKEWXL12UbcnMY1RiUZehnJ6hvHxtWv9y88buscuHive:2:0,solana-mainnet,pump.fun,3KXXpKuTG28GM92Armgf9LD1uNu25cVYkECKV7ufiqucRKEWXL12UbcnMY1RiUZehnJ6hvHxtWv9y88buscuHive,451622966,1790679850,2,0,8HPCpLsQvCqXBHctrWe2ocX2wiUXF3nNEiMWiyXuopKm,TokenzQdBNbLqP5VEhdkAS6EPFLC1PHnBqCXEpPxuEb,https://project--e0ebd022-b0a1-4155-9818-bc1d4934ae9a.lovable.app/api/public/token-meta/e41d3179-e8c3-450c-944b-ad305c34a3b3.json,pumpfun-create-borsh-v1,success
solana:38UuxMgDPHYn1DBJVsnP7dzk8iFvo8Byvc2Rs3k6j8PU6qL7e2F2d5FAsLJrfnqTjW1L4tU4BLqU3Dr1Nm3fjtms:2:0,solana-mainnet,pump.fun,38UuxMgDPHYn1DBJVsnP7dzk8iFvo8Byvc2Rs3k6j8PU6qL7e2F2d5FAsLJrfnqTjW1L4tU4BLqU3Dr1Nm3fjtms,451622966,1790679850,2,0,F144m1pds9M7R2QTV1ZCXweMMz6r2ShBunNvVZmUpump,TokenzQdBNbLqP5VEhdkAS6EPFLC1PHnBqCXEpPxuEb,https://ipfs.io/ipfs/QmS35ZeLbPpJqfuT6c5a7kz312V77aWuGo18Y7qUSkKJGX,pumpfun-create-borsh-v1,success
solana:5qvdTEmn46ZmJtLUZhAdbAZeLFRWuVgJ42j7JLCooK7xFEF7twssScbXfythRw8YCPwv7xRkx4kzSYBfAYjP9EYE:2:0,solana-mainnet,pump.fun,5qvdTEmn46ZmJtLUZhAdbAZeLFRWuVgJ42j7JLCooK7xFEF7twssScbXfythRw8YCPwv7xRkx4kzSYBfAYjP9EYE,451622952,1790679846,2,0,9QegeRcMrLXrLFp6QUGaRRqi5ij3NMoHdrWDegBLpump,TokenzQdBNbLqP5VEhdkAS6EPFLC1PHnBqCXEpPxuEb,https://ipfs.io/ipfs/bafkreiawv4iruulnbuvsuhj2thsbu3isjcyb44krhm3akpb22zec3ie2zu,pumpfun-create-borsh-v1,success
solana:xb2kxMoULxWMqR78zeqQxKpBCagND3wZdXTjEjJWanXnAPPaL9gcuJLRSwaeNmCYG7YWhSoX2YBaxxtxCrT2fJm:2:0,solana-mainnet,pump.fun,xb2kxMoULxWMqR78zeqQxKpBCagND3wZdXTjEjJWanXnAPPaL9gcuJLRSwaeNmCYG7YWhSoX2YBaxxtxCrT2fJm,451622926,1790679839,2,0,9W8VTBrqaZ7TJXHQSkMCddz7eAfGKcxCsz4vsZEu6ddd,TokenzQdBNbLqP5VEhdkAS6EPFLC1PHnBqCXEpPxuEb,https://ipfs.io/ipfs/QmVipi6M2CgtqqDTp5uk2Tg1zqkmKXKSEkr5mE585jb2Qs,pumpfun-create-borsh-v1,success
solana:3o2pgVPZHGqmBCktTgd8s1o46TcHLDVkyAT4fXMSXqk7ogfkboHic5rh4kvV2V9Q5BHBmtJjbqSXKiUqLFedjXXG:2:0,solana-mainnet,pump.fun,3o2pgVPZHGqmBCktTgd8s1o46TcHLDVkyAT4fXMSXqk7ogfkboHic5rh4kvV2V9Q5BHBmtJjbqSXKiUqLFedjXXG,451622926,1790679839,2,0,7ERQBTrYSJ4pLc9ncrjV8iBf9xrvyedk9rXJMuPYpump,TokenzQdBNbLqP5VEhdkAS6EPFLC1PHnBqCXEpPxuEb,https://ipfs.io/ipfs/QmRYsgpb6YBbTyXLfbdFsqn77xzveY6wyFirf7wCPaHYSq,pumpfun-create-borsh-v1,success
solana:2XqTYJqoRgj8Yp67JAyGD9G1NPVqmM57xxHPpFQR1p2CJShi8QckHvdN7dYP1kJJRopybMDcE1LVqYEB4bBSTmkt:2:0,solana-mainnet,pump.fun,2XqTYJqoRgj8Yp67JAyGD9G1NPVqmM57xxHPpFQR1p2CJShi8QckHvdN7dYP1kJJRopybMDcE1LVqYEB4bBSTmkt,451622917,1790679837,2,0,9u5uYG52Vd4E4YYRQxEFD117wsLcaqTB1YUQbJbppump,TokenzQdBNbLqP5VEhdkAS6EPFLC1PHnBqCXEpPxuEb,https://ipfs.io/ipfs/QmPyT5Kd9PAtqZvZmf6hMpQ41hBMaQdL4UiZNNFZUSvpLW,pumpfun-create-borsh-v1,success
solana:5dWcQ4DPsGRgxweZEsXh8HCe2vkhrQUZYi3BpKhc53miaTqZtPAFBEEJkAKrAxT1JrjCGbbdPYrVJhXVbPfGn1Ww:2:0,solana-mainnet,pump.fun,5dWcQ4DPsGRgxweZEsXh8HCe2vkhrQUZYi3BpKhc53miaTqZtPAFBEEJkAKrAxT1JrjCGbbdPYrVJhXVbPfGn1Ww,451622905,1790679833,2,0,AieLVy8VW7pqU3k3UNxAR964rfvDFDN6yJvwgCazpump,TokenzQdBNbLqP5VEhdkAS6EPFLC1PHnBqCXEpPxuEb,https://ipfs.io/ipfs/QmW2HweDFgPazQvX9BUKUJDxwwVKo6Fwv7mVo7DDhhG6tA,pumpfun-create-borsh-v1,success
solana:9JcdH1CTH9J73aXLCVyUejgv6J7f5KNNpG9duPty1NTLBJQ84NHFDqVfCzzi5zgtJMbkSoWLrELB3MgLbZE4uwt:2:0,solana-mainnet,pump.fun,9JcdH1CTH9J73aXLCVyUejgv6J7f5KNNpG9duPty1NTLBJQ84NHFDqVfCzzi5zgtJMbkSoWLrELB3MgLbZE4uwt,451622879,1790679826,2,0,9XQPQZYFxyKAwrPaEEFj6adygaSRvwtUVxGoCdjvpump,TokenzQdBNbLqP5VEhdkAS6EPFLC1PHnBqCXEpPxuEb,https://ipfs.io/ipfs/bafkreiaoyzft22o5kejmd253vtuca7cfalc24di4z5q5gptasyqkktcbqq,pumpfun-create-borsh-v1,success
solana:2862Pqqueeef9ex2CGoZpo2pV5xZoMX6Yp25Qbfi7VM4hGKxYa1Ssnm7MjkJ7cQt7tAMLPZbMSkK1dyB83BqHmmZ:2:0,solana-mainnet,pump.fun,2862Pqqueeef9ex2CGoZpo2pV5xZoMX6Yp25Qbfi7VM4hGKxYa1Ssnm7MjkJ7cQt7tAMLPZbMSkK1dyB83BqHmmZ,451622853,1790679819,2,0,5cQuT43DAPBzHfjE4dm9w8eXnSvK73DkC1ALUxqdpump,TokenzQdBNbLqP5VEhdkAS6EPFLC1PHnBqCXEpPxuEb,https://ipfs.io/ipfs/QmRYsgpb6YBbTyXLfbdFsqn77xzveY6wyFirf7wCPaHYSq,pumpfun-create-borsh-v1,success
solana:577XrW9kj3LJ2e44z1NYASGYn6TK2dNXBNNWym6xLFMrQ9yoUe1hfdmimnmZiBYMYxZLZ8h5aQ8rQxdY9wVgTUHS:2:0,solana-mainnet,pump.fun,577XrW9kj3LJ2e44z1NYASGYn6TK2dNXBNNWym6xLFMrQ9yoUe1hfdmimnmZiBYMYxZLZ8h5aQ8rQxdY9wVgTUHS,451622848,1790679818,2,0,3yAyrRiyuMe6J9BUzAQWJ52ubR2H3yXNrY8Ky84Zpump,TokenzQdBNbLqP5VEhdkAS6EPFLC1PHnBqCXEpPxuEb,https://ipfs.io/ipfs/bafkreigzgqhvcz5i6vtcqqkszmtwkhjwva63plhyynh4ik2t37fg2gca6q,pumpfun-create-borsh-v1,success
solana:3rVUwqfiC3yPG5gUW6uDopfMvg78MffVs1HHKNe94gcnKTh1dryKKDEeQgnPShHiC9tzLcAWnVECFsx3CVEWCkHt:1:0,solana-mainnet,pump.fun,3rVUwqfiC3yPG5gUW6uDopfMvg78MffVs1HHKNe94gcnKTh1dryKKDEeQgnPShHiC9tzLcAWnVECFsx3CVEWCkHt,451622818,1790679810,1,0,EDCKeUhqct66fESQMHwuFGBiPNXLaTGvE8bw63pGjBgK,TokenzQdBNbLqP5VEhdkAS6EPFLC1PHnBqCXEpPxuEb,https://ipfs.io/ipfs/bafkreihoml2vfa67zetnh5s4jh3xjak4ibsji4wknmuxh2p64a7gjf4ugq,pumpfun-create-borsh-v1,success
solana:2WxTXezwpXEgVtSovaogWBTCSCV56pE128ULxFHNAteLomdZsW4guDUjrM7HrfZRduWExwhjdTYKFtaj3ZX3anaz:2:0,solana-mainnet,pump.fun,2WxTXezwpXEgVtSovaogWBTCSCV56pE128ULxFHNAteLomdZsW4guDUjrM7HrfZRduWExwhjdTYKFtaj3ZX3anaz,451622816,1790679810,2,0,9NJdCuLSitjPt9bwJaU841Tn5Z6pp4qoENGYWq5Cpump,TokenzQdBNbLqP5VEhdkAS6EPFLC1PHnBqCXEpPxuEb,https://ipfs.io/ipfs/bafkreihxmuzl7l6adpm3dtsch6jvuefnk5ob254a3vzkcc4cna5ykjtzwu,pumpfun-create-borsh-v1,success
solana:31EX4YfjXb6Uc9sAdaBaJNJ7Qn4DJY5TwyQp31VfpBjRRV511y3n2NvVLpWZryP8aYrSvh11WnVVtV8DzbvTpbU3:2:0,solana-mainnet,pump.fun,31EX4YfjXb6Uc9sAdaBaJNJ7Qn4DJY5TwyQp31VfpBjRRV511y3n2NvVLpWZryP8aYrSvh11WnVVtV8DzbvTpbU3,451622808,1790679808,2,0,5DgrT6v8Jcdv2u1vngUQWG4hde3s3bLdw6xPZWeepump,TokenzQdBNbLqP5VEhdkAS6EPFLC1PHnBqCXEpPxuEb,https://ipfs.io/ipfs/QmRYsgpb6YBbTyXLfbdFsqn77xzveY6wyFirf7wCPaHYSq,pumpfun-create-borsh-v1,success
solana:uK78Gz9HNVujxA6SKFh2uJFDfUWBvVu2ias3CRdxvpHXtzDnfZDc9BxUHbdg5EUbdDfY3VhjjSuiyQTwGPdzmmr:2:0,solana-mainnet,pump.fun,uK78Gz9HNVujxA6SKFh2uJFDfUWBvVu2ias3CRdxvpHXtzDnfZDc9BxUHbdg5EUbdDfY3VhjjSuiyQTwGPdzmmr,451622792,1790679804,2,0,9Ge43uJ9N6kgAAUzyDikpF1Zysqq4DPVySkbAdSEpump,TokenzQdBNbLqP5VEhdkAS6EPFLC1PHnBqCXEpPxuEb,https://ipfs.io/ipfs/bafkreifjmjjyabww2vai3k7uffoatamebv7vgkex3imrgpjrlyi23f5q3i,pumpfun-create-borsh-v1,success
solana:3KfWs8QbQ7UbqGaB1fhk9hjp4jbz3Mv3rVdjiumvgHLZqLqux59uAJxJ5yz18iRy2qUYUWg6SPe2wVbwWHKRoiDV:0:0,solana-mainnet,pump.fun,3KfWs8QbQ7UbqGaB1fhk9hjp4jbz3Mv3rVdjiumvgHLZqLqux59uAJxJ5yz18iRy2qUYUWg6SPe2wVbwWHKRoiDV,451622788,1790679803,0,0,H78k6tbhaQfqQaBWTdh9goG7KCf9FVmSxuZhZR1Tpump,TokenzQdBNbLqP5VEhdkAS6EPFLC1PHnBqCXEpPxuEb,https://ipfs.io/ipfs/bafkreiee26lss65pyghgbcs3ztb2lx3brg5pqeanbinuugk6xi3rfjaeya,pumpfun-create-borsh-v1,success
solana:5YNftRG5gwoZDysLPv9oFpTkve5nZtfZkDZNcMhW37x8X73GKZA9yiGQKuEu1W7ifA2k5iyzyeyb5FP1j9K4GTRp:2:0,solana-mainnet,pump.fun,5YNftRG5gwoZDysLPv9oFpTkve5nZtfZkDZNcMhW37x8X73GKZA9yiGQKuEu1W7ifA2k5iyzyeyb5FP1j9K4GTRp,451622787,1790679802,2,0,sX4vk7FVRHXWdEucLFBqSAK2YWDm4GihLbQwhPFFYir,TokenzQdBNbLqP5VEhdkAS6EPFLC1PHnBqCXEpPxuEb,https://metadata.j7tracker.io/metadata/idMcLjOw4O.json,pumpfun-create-borsh-v1,success
solana:XceeHnJiGLZUmcfKzyzPPpbHC6VQUiF7UwdTToQKYhcbXVrDtPNRdj8EBu1kA4PZuhxpJPkmTo6hQGkhMAEvPQ5:2:0,solana-mainnet,pump.fun,XceeHnJiGLZUmcfKzyzPPpbHC6VQUiF7UwdTToQKYhcbXVrDtPNRdj8EBu1kA4PZuhxpJPkmTo6hQGkhMAEvPQ5,451622780,1790679801,2,0,7HWnU4gYzCat55KGHrAPnMWjumTG8qvCgehsbjJDpump,TokenzQdBNbLqP5VEhdkAS6EPFLC1PHnBqCXEpPxuEb,https://ipfs.io/ipfs/bafkreid64ae6a2lefz6p2z3hp23igc24zmimigtfg7kiyoylpupqt2cepe,pumpfun-create-borsh-v1,success
solana:3mwRDiEHYWnHrzyngbCsD4gMik6BC2TbYjuYBf1cP23z7ZjqNBUbDWmkPQkp3LLh4SEUrfRRHnuAs36SBL2a9NZe:2:0,solana-mainnet,pump.fun,3mwRDiEHYWnHrzyngbCsD4gMik6BC2TbYjuYBf1cP23z7ZjqNBUbDWmkPQkp3LLh4SEUrfRRHnuAs36SBL2a9NZe,451622769,1790679798,2,0,HaEHT11DetevPG7uAA8F3kBExT3SYumk1d7rPg5cpump,TokenzQdBNbLqP5VEhdkAS6EPFLC1PHnBqCXEpPxuEb,https://ipfs.io/ipfs/bafkreieeucjwvsqsej4zokhige6cyut552g37t5kkndbk2racfjgnb62vq,pumpfun-create-borsh-v1,success
solana:jcdTzU6Q42eruU2sAT5nejEzvP1WDY5bdh5YaKmiZC3bhvsuw3uSAcfM7L6bFWhWBmxtg3w8eGj5uJ3ZpksK2QR:0:0,solana-mainnet,pump.fun,jcdTzU6Q42eruU2sAT5nejEzvP1WDY5bdh5YaKmiZC3bhvsuw3uSAcfM7L6bFWhWBmxtg3w8eGj5uJ3ZpksK2QR,451622757,1790679794,0,0,E9PaLWJPkz8znDvrMoMu3K7zYtTr2DEwPkEeSAFD4RWp,TokenzQdBNbLqP5VEhdkAS6EPFLC1PHnBqCXEpPxuEb,https://ipfs.io/ipfs/bafkreiewb67blwqu6ct5bh63veqytbrhb7khszhyqxgdfekf5hx2vxkuuu,pumpfun-create-borsh-v1,success
solana:5a2S7TbqnEZeZHmqsVqtJ8qpurFrgtaDE1pUjbzuwh82SgReNUsTwBdHJ2u72hmX31mSZEB533u22Pb123afLd12:2:0,solana-mainnet,pump.fun,5a2S7TbqnEZeZHmqsVqtJ8qpurFrgtaDE1pUjbzuwh82SgReNUsTwBdHJ2u72hmX31mSZEB533u22Pb123afLd12,451622747,1790679792,2,0,73WsfQjnrnYWrtVA1opcCUR6de6f2z2RjuYuf7Avpump,TokenzQdBNbLqP5VEhdkAS6EPFLC1PHnBqCXEpPxuEb,https://ipfs.io/ipfs/QmPXFbaWGjeMi8B4GZAFKEgP8QiwGAGzwHofGybecShjTR,pumpfun-create-borsh-v1,success
solana:45yvRsNVCy7qC8RCsrGjmRfeMAwD3saScxT89nrVXgZdrs2nw7SMoeprn5nQnBvKKaH9Hw29KxjkWpqiLtvgTHkb:2:0,solana-mainnet,pump.fun,45yvRsNVCy7qC8RCsrGjmRfeMAwD3saScxT89nrVXgZdrs2nw7SMoeprn5nQnBvKKaH9Hw29KxjkWpqiLtvgTHkb,451622743,1790679790,2,0,Cx16fjwCSUBczYZc3tn8CbLcPbCBwwNnpssughZGpump,TokenzQdBNbLqP5VEhdkAS6EPFLC1PHnBqCXEpPxuEb,https://meta.uxento.io/data/8288ac90-7291-433e-9145-f0aa70d6a14d,pumpfun-create-borsh-v1,success
solana:5jYXNM16o8UYTNhy3JnY8ydx6RyGUqfb1o8zhcHfTEu2c7yHnHcCEGFsTDXkgsZ8Vhw25yPM5oMtRfh29wdrTiU7:2:0,solana-mainnet,pump.fun,5jYXNM16o8UYTNhy3JnY8ydx6RyGUqfb1o8zhcHfTEu2c7yHnHcCEGFsTDXkgsZ8Vhw25yPM5oMtRfh29wdrTiU7,451622697,1790679778,2,0,8V3jLXzQtzbyLzgEdSm2u3cG6HxzaeZwb6aK3LxEpump,TokenzQdBNbLqP5VEhdkAS6EPFLC1PHnBqCXEpPxuEb,https://ipfs.io/ipfs/bafkreiezwfynnqf7x4a3k3abukbkrz7myhzbd4jlexpbwrdkhhy3kqfjye,pumpfun-create-borsh-v1,success
solana:wUvKc93YEo1a8MHiAUVPZrDbUhqwJPzfKq1xgBp58AyyhnfCsJe6VCwaAP78Zfu9UhZeAUcKdrb1jrGvoAyPtUg:2:0,solana-mainnet,pump.fun,wUvKc93YEo1a8MHiAUVPZrDbUhqwJPzfKq1xgBp58AyyhnfCsJe6VCwaAP78Zfu9UhZeAUcKdrb1jrGvoAyPtUg,451622696,1790679778,2,0,4vb1c1ofTaqKS6bpSg1prijNE6rAvgyHwodn6uKDpump,TokenzQdBNbLqP5VEhdkAS6EPFLC1PHnBqCXEpPxuEb,https://ipfs.io/ipfs/QmNeLDgv75iFgZLDeKdGT3T3vYkoejTMKStJgfWBRRhrce,pumpfun-create-borsh-v1,success
solana:46ByRXBfbEXXVcKb42mgwjnt7HamcZTtdf94JxU2vpBz1bnAms9za3HY538REFyAafWGzRXPFGz1F8fG1oGu8yDq:2:0,solana-mainnet,pump.fun,46ByRXBfbEXXVcKb42mgwjnt7HamcZTtdf94JxU2vpBz1bnAms9za3HY538REFyAafWGzRXPFGz1F8fG1oGu8yDq,451622688,1790679776,2,0,14GwsTGV8pfvdtoJ82x7pSNW3veXwrUacXjLg3n4pump,TokenzQdBNbLqP5VEhdkAS6EPFLC1PHnBqCXEpPxuEb,https://ipfs.io/ipfs/bafkreiclneew3cqhnhsnwpx4bptj3ungxzzwnrprwqvasrbxyhjkivcjoy,pumpfun-create-borsh-v1,success
solana:JL1qwgozBTvan8jXfD5ZrY9aeU7vctj4Fwe5T3f8TZkN73gHGfWxYjvPLYket23ieg2vG5UJeRAXsX9Q4YVpgg1:2:0,solana-mainnet,pump.fun,JL1qwgozBTvan8jXfD5ZrY9aeU7vctj4Fwe5T3f8TZkN73gHGfWxYjvPLYket23ieg2vG5UJeRAXsX9Q4YVpgg1,451622672,1790679772,2,0,2BPo1hnNdvbbiY2QaL9213Gqey5jti9qbXP2KjMSpump,TokenzQdBNbLqP5VEhdkAS6EPFLC1PHnBqCXEpPxuEb,https://ipfs.io/ipfs/QmSpHBnxsjKwKi7WXhonB94ufNyGSuX2tjSTxcN9nQbVGS,pumpfun-create-borsh-v1,success
solana:2Hy8rj9U3y9GAxK4saKZogdPuSaTkG8mFQK362tHieuW6ghedMsUwFY6TRr14rvgendiD7i3j4rjGLvch5R8Ucio:2:0,solana-mainnet,pump.fun,2Hy8rj9U3y9GAxK4saKZogdPuSaTkG8mFQK362tHieuW6ghedMsUwFY6TRr14rvgendiD7i3j4rjGLvch5R8Ucio,451622670,1790679771,2,0,BD5hbng5NVse5qZuHJHQRuFKpnSt7rPLtPYvNAgNSid,TokenzQdBNbLqP5VEhdkAS6EPFLC1PHnBqCXEpPxuEb,https://metadata.j7tracker.io/metadata/PQffeJwSR2.json,pumpfun-create-borsh-v1,success
solana:5m9ZSrWMhgiVmc6ZJs2EdVBpezexnnCnNNnWrT5yB7Bf2SsTKqtvmsBpdSjHXtzLYXTAgajZNJaEURp2sR2L5cRy:2:0,solana-mainnet,pump.fun,5m9ZSrWMhgiVmc6ZJs2EdVBpezexnnCnNNnWrT5yB7Bf2SsTKqtvmsBpdSjHXtzLYXTAgajZNJaEURp2sR2L5cRy,451622663,1790679770,2,0,BK2XDGRzu4B5s3XHRp5pscZujSaiaztKBKdiFQDFpump,TokenzQdBNbLqP5VEhdkAS6EPFLC1PHnBqCXEpPxuEb,https://ipfs.io/ipfs/bafkreia3wun22mmajd7vx52cbqurhfxxn7gsxtkbdsgzeko5htljkaeanm,pumpfun-create-borsh-v1,success
solana:5uJybC57QjoqjpVXH1t5miuU4Mv5TpGNFxPnrbPQmFfsz7BeA2ZaoWXdFgHN36pVVndk31MbVNmp8veJxsCZvCs8:2:0,solana-mainnet,pump.fun,5uJybC57QjoqjpVXH1t5miuU4Mv5TpGNFxPnrbPQmFfsz7BeA2ZaoWXdFgHN36pVVndk31MbVNmp8veJxsCZvCs8,451622656,1790679768,2,0,9gW8CZwER3nH2ys78srhJyHcy4e1FkKzQDsXNwbhpump,TokenzQdBNbLqP5VEhdkAS6EPFLC1PHnBqCXEpPxuEb,https://ipfs.io/ipfs/bafkreie5ds5yq5gzwqapfa6yrd27cwsqalh75zwewpwwa3a7igopqkvkb4,pumpfun-create-borsh-v1,success
solana:2kXxNK1ri6pWeuEE7qUSv6aLdhfLSgpWpaP7BhXQ4wiRLPqWHsmqQ3MAdGmNWPLgk6nom8PTpsgBQDkSoT3K6Y9w:2:0,solana-mainnet,pump.fun,2kXxNK1ri6pWeuEE7qUSv6aLdhfLSgpWpaP7BhXQ4wiRLPqWHsmqQ3MAdGmNWPLgk6nom8PTpsgBQDkSoT3K6Y9w,451622650,1790679766,2,0,H6J8ZUZRuP3TQqbyKgAkDB2x3Gp7CaEgwTSEFWR5pump,TokenzQdBNbLqP5VEhdkAS6EPFLC1PHnBqCXEpPxuEb,https://ipfs.io/ipfs/QmRYsgpb6YBbTyXLfbdFsqn77xzveY6wyFirf7wCPaHYSq,pumpfun-create-borsh-v1,success
solana:3f8JMQ5zoAr7Qxa813NkZzqw6P4RzsmmFzqXA5EaR4UV2aTtKswtj7gYMyouL9FkHXCi1yPMm4oZSmSaNcGUQYtv:2:1,solana-mainnet,pump.fun,3f8JMQ5zoAr7Qxa813NkZzqw6P4RzsmmFzqXA5EaR4UV2aTtKswtj7gYMyouL9FkHXCi1yPMm4oZSmSaNcGUQYtv,451622647,1790679765,2,1,AbXQLN8Q7iHEvZrw6QdCZZD4LL36iGgDoyUH5ZZvpump,TokenzQdBNbLqP5VEhdkAS6EPFLC1PHnBqCXEpPxuEb,https://ipfs.io/ipfs/QmVd4ymmEk8opDTFJs5Liy1xqDqnrEKdhPTgojv3uJp3io,pumpfun-create-borsh-v1,success
solana:2UzVgzFydcuKHMDavAGC2RvdtW146N3dxCMsK1ZbZSAa5CMTnjgzk2S4C3niXwQP9EmrA2dWXCmVsqBaTHfgmUF8:2:0,solana-mainnet,pump.fun,2UzVgzFydcuKHMDavAGC2RvdtW146N3dxCMsK1ZbZSAa5CMTnjgzk2S4C3niXwQP9EmrA2dWXCmVsqBaTHfgmUF8,451622641,1790679764,2,0,22AoxMTTowjTrmbzTeR1RP5CsnyNZh3DiV9JZXaXpump,TokenzQdBNbLqP5VEhdkAS6EPFLC1PHnBqCXEpPxuEb,https://ipfs.io/ipfs/bafkreigpm777isyqqtabaguwiaow3o4ctrlpfk2s2bmnu2g54gcdy3wxmy,pumpfun-create-borsh-v1,success
solana:5GD3Lp6SBhkZN1hQmnfStVt8yXyv49pAVKrsyEHYb98AWKF2Ypu7hKZiQEr3X26Au2whrejcw4S4RZ6ZS56h8Vka:0:0,solana-mainnet,pump.fun,5GD3Lp6SBhkZN1hQmnfStVt8yXyv49pAVKrsyEHYb98AWKF2Ypu7hKZiQEr3X26Au2whrejcw4S4RZ6ZS56h8Vka,451622628,1790679760,0,0,27cEjVM3PaRQ7or4MWEnHD8tEwvHPBZti2AqGdfbkDBy,TokenzQdBNbLqP5VEhdkAS6EPFLC1PHnBqCXEpPxuEb,https://metadata.j7tracker.io/metadata/b12640d2596642b0.json,pumpfun-create-borsh-v1,success
solana:55ReqTyKSmD4PmdKzTHjfZBAvRytweMDExWyLQRU6hRpHD7fnUKmoUYESPfAMMvkidSWU7H1BB8Mf4LRsdi5rqpU:2:0,solana-mainnet,pump.fun,55ReqTyKSmD4PmdKzTHjfZBAvRytweMDExWyLQRU6hRpHD7fnUKmoUYESPfAMMvkidSWU7H1BB8Mf4LRsdi5rqpU,451622619,1790679757,2,0,ANCs6iDiCTwgLfTgu8f57M25zg9K4b7aXW4WQaggpump,TokenzQdBNbLqP5VEhdkAS6EPFLC1PHnBqCXEpPxuEb,https://ipfs.io/ipfs/bafkreigbc3dziflkdlsmaoesppbbgzafqkc5tymfpyhjjgeeguonbc355e,pumpfun-create-borsh-v1,success
solana:4yB9RLi5GSdWDwPJTFumidUfAahTxwm98tJbgrg7u8d35KfY1u8Y1NfD26Uj7TKuJPvdQL14nAX2mZvtoVQS1BfM:2:0,solana-mainnet,pump.fun,4yB9RLi5GSdWDwPJTFumidUfAahTxwm98tJbgrg7u8d35KfY1u8Y1NfD26Uj7TKuJPvdQL14nAX2mZvtoVQS1BfM,451622615,1790679756,2,0,EVqqRAMoiQBAk9oW3kmDXj2CyfzEQMBi3NkypFc4pump,TokenzQdBNbLqP5VEhdkAS6EPFLC1PHnBqCXEpPxuEb,https://ipfs.io/ipfs/QmS35ZeLbPpJqfuT6c5a7kz312V77aWuGo18Y7qUSkKJGX,pumpfun-create-borsh-v1,success
solana:2gokwypf5rv3t5H9QSbnc2gLH1Cm3J4JMHXoATzimHgporDLyejFMvPKM9H4aJgw9JDyMtqGbANoVmpSZRsQ8s1z:2:0,solana-mainnet,pump.fun,2gokwypf5rv3t5H9QSbnc2gLH1Cm3J4JMHXoATzimHgporDLyejFMvPKM9H4aJgw9JDyMtqGbANoVmpSZRsQ8s1z,451622598,1790679752,2,0,DRPyqQN2siYaAGH7gV1AiRYu1jga7xGdYeqnHmKmpump,TokenzQdBNbLqP5VEhdkAS6EPFLC1PHnBqCXEpPxuEb,https://ipfs.io/ipfs/QmRYsgpb6YBbTyXLfbdFsqn77xzveY6wyFirf7wCPaHYSq,pumpfun-create-borsh-v1,success
solana:2ypXbW8fzpqvnF7W8jcgFrGeyBBpdVQZzcHsbmETEGoHEDRddV9JQzzEaZf2VTinuaQxY5X4vogg5tP5u5WbDUPg:2:0,solana-mainnet,pump.fun,2ypXbW8fzpqvnF7W8jcgFrGeyBBpdVQZzcHsbmETEGoHEDRddV9JQzzEaZf2VTinuaQxY5X4vogg5tP5u5WbDUPg,451622590,1790679750,2,0,F9YbYkZkz24ecPvYFjcFd4wbkdVsEJ4UfGqBzLptpump,TokenzQdBNbLqP5VEhdkAS6EPFLC1PHnBqCXEpPxuEb,https://ipfs.io/ipfs/bafkreifsmycf7plhhtzkop7ypxel3xascuqhz5nf6dcqvo6rasprxroc4y,pumpfun-create-borsh-v1,success
solana:5Gu1GrHuMCRzQLJSqrayifsfuqUdoqVC9Dj8ZjUJQHFCHuiYnufahBAmXx7Z2AFBS2tgVL9GUimLm9yeTh9mrLTN:2:0,solana-mainnet,pump.fun,5Gu1GrHuMCRzQLJSqrayifsfuqUdoqVC9Dj8ZjUJQHFCHuiYnufahBAmXx7Z2AFBS2tgVL9GUimLm9yeTh9mrLTN,451622553,1790679740,2,0,GDGCW5Fp39daZ7rq1RztCPQ84ckAyf5TjaQqKbxZpump,TokenzQdBNbLqP5VEhdkAS6EPFLC1PHnBqCXEpPxuEb,https://meta.uxento.io/data/1e098b02-0b6e-4159-af6d-287339a0998c,pumpfun-create-borsh-v1,success
solana:5raaR7sw8aA5SeDXWEqyZvo9jjVi9MXBV8uJFUmSSa5pMMvycWq9k1RYduZxaiwbV8EXstoEvRtu6PFMp9qSRxeQ:2:0,solana-mainnet,pump.fun,5raaR7sw8aA5SeDXWEqyZvo9jjVi9MXBV8uJFUmSSa5pMMvycWq9k1RYduZxaiwbV8EXstoEvRtu6PFMp9qSRxeQ,451622544,1790679738,2,0,DVFWZ3kYCfAVMJpz7tTHK6osgMwvGWNwLe2apStX57CD,TokenzQdBNbLqP5VEhdkAS6EPFLC1PHnBqCXEpPxuEb,https://metadata.j7tracker.io/metadata/LVfXG9I5SB.json,pumpfun-create-borsh-v1,success
solana:5j3z6WBy56yhHX3DeXyPKnGXftZZUia3ePhuifcLxVDTnr4kcNST9YrtGv6EFpouE2qDpzy7ZgpPNv3DWrF4VXbJ:2:0,solana-mainnet,pump.fun,5j3z6WBy56yhHX3DeXyPKnGXftZZUia3ePhuifcLxVDTnr4kcNST9YrtGv6EFpouE2qDpzy7ZgpPNv3DWrF4VXbJ,451622537,1790679736,2,0,GdqG4i587t7XnZaTxQaoo6kRMaQGN4R5bJpvwMSQVZUo,TokenzQdBNbLqP5VEhdkAS6EPFLC1PHnBqCXEpPxuEb,https://ipfs.io/ipfs/bafkreieldc4pi7dlnlywtnihvuhkojtzvfdtq4m252gpfvkmgcfmn4fmqm,pumpfun-create-borsh-v1,success
solana:5UQxBAvwVCxjaDFg3W1Gygfs4VSU8BSX7XaF5LvzAQARxdafNJyoHzSpqvbSQyV7F2YtUEKTLGnsLb3Ht2SipSKp:2:0,solana-mainnet,pump.fun,5UQxBAvwVCxjaDFg3W1Gygfs4VSU8BSX7XaF5LvzAQARxdafNJyoHzSpqvbSQyV7F2YtUEKTLGnsLb3Ht2SipSKp,451622520,1790679730,2,0,5R6nHnWpX9X99syPKWgBBNEUPnB6K9fz5YzFMtbypump,TokenzQdBNbLqP5VEhdkAS6EPFLC1PHnBqCXEpPxuEb,https://ipfs.io/ipfs/bafkreibueehplafxh3uocnptj7tdk7ui5hytqthhednth42c2teeuftbba,pumpfun-create-borsh-v1,success
solana:degDgkkRmHTHD8mC9nJFKQg1tRrcKCaBeYMa6XG9o8EVNcPCZzk2HuTGi8nvCE4ZCBkeKevZGWJ91QBqy4DwJxP:2:0,solana-mainnet,pump.fun,degDgkkRmHTHD8mC9nJFKQg1tRrcKCaBeYMa6XG9o8EVNcPCZzk2HuTGi8nvCE4ZCBkeKevZGWJ91QBqy4DwJxP,451622519,1790679730,2,0,Boaq6MJVNLVnLik1U7tjzceHJm3pJMgB8RZVMHNp7poy,TokenzQdBNbLqP5VEhdkAS6EPFLC1PHnBqCXEpPxuEb,https://ipfs.io/ipfs/bafkreics2vc7pdqzaxb7juso52tk5xlycwfjrdonvl3l6jo4frcdd3dyf4,pumpfun-create-borsh-v1,success
solana:22yxQ1Ue32xBfeBg7dWeMXxBY1FoDd6Fcg99xyQpPENcwVpuCLZuNqc64crjcF45vm3K8tPeAqxAJZgswv9P7SXd:2:0,solana-mainnet,pump.fun,22yxQ1Ue32xBfeBg7dWeMXxBY1FoDd6Fcg99xyQpPENcwVpuCLZuNqc64crjcF45vm3K8tPeAqxAJZgswv9P7SXd,451622511,1790679728,2,0,8n66bpQK4fi1m7VETWjLqJKexohoSkzNVXz5GVrmpump,TokenzQdBNbLqP5VEhdkAS6EPFLC1PHnBqCXEpPxuEb,https://pump.mypinata.cloud/ipfs/bafkreiekk5bvnubfg3rybxzdqgpetk7o6jkggxvfzt47ef3lt7qk6linby,pumpfun-create-borsh-v1,success
solana:3kvZE4gkwBGw7zDt4spADU6XTZYJ6rdygP4WvpXWprFFmnBxa9KndS6XrB2Gt3XcCwtMdzrhYksCSVYFi4GhRvSH:2:0,solana-mainnet,pump.fun,3kvZE4gkwBGw7zDt4spADU6XTZYJ6rdygP4WvpXWprFFmnBxa9KndS6XrB2Gt3XcCwtMdzrhYksCSVYFi4GhRvSH,451622508,1790679727,2,0,2P5dt7j2SwokijTELaJzG5CNpF1A4gAHfzSp4bt8pump,TokenzQdBNbLqP5VEhdkAS6EPFLC1PHnBqCXEpPxuEb,https://ipfs.io/ipfs/QmRYsgpb6YBbTyXLfbdFsqn77xzveY6wyFirf7wCPaHYSq,pumpfun-create-borsh-v1,success
solana:5WyQdNL4x9PyttWdCRSFDCBW3QBc3bWXZiFeio3FCoNnu5RRocNkEpu5PiCZFon5qydnzVhcRATrS474vBD7PfLM:2:0,solana-mainnet,pump.fun,5WyQdNL4x9PyttWdCRSFDCBW3QBc3bWXZiFeio3FCoNnu5RRocNkEpu5PiCZFon5qydnzVhcRATrS474vBD7PfLM,451622481,1790679720,2,0,4H7wQXanHZUktFMMU9nskXgmkidvrS2CZqG4493ipump,TokenzQdBNbLqP5VEhdkAS6EPFLC1PHnBqCXEpPxuEb,https://ipfs.io/ipfs/bafkreibbcot2kqotnfkq3siqvaxynssojjire3wzmsby6xhleml2zmxn3q,pumpfun-create-borsh-v1,success
solana:3X2HntakFNP9MZJPNDtKGV9fFSyDhSsdxGN8Mwcz1vU8LJ9jM65YGGFWSKdV8nXTN34Hj49QLiLA8nh4VX2kQKzk:2:0,solana-mainnet,pump.fun,3X2HntakFNP9MZJPNDtKGV9fFSyDhSsdxGN8Mwcz1vU8LJ9jM65YGGFWSKdV8nXTN34Hj49QLiLA8nh4VX2kQKzk,451622475,1790679719,2,0,J5WXYXmVreaMUnaGsfwiv9YDMo6QLE6AE28vJdHwpump,TokenzQdBNbLqP5VEhdkAS6EPFLC1PHnBqCXEpPxuEb,https://ipfs.io/ipfs/bafkreiar64oqbvbjqy7v7i5fndgynj4k27rhctbbco5gmqt5im6wfhugv4,pumpfun-create-borsh-v1,success
solana:3NXweUSPHsztWP2qnsq1pcMR7mq3dkZZGocpaYt8kXZd9DDYM4MDRmE75P7L8my34ZPb5swEfXrueM9CTwQTVXqP:2:1,solana-mainnet,pump.fun,3NXweUSPHsztWP2qnsq1pcMR7mq3dkZZGocpaYt8kXZd9DDYM4MDRmE75P7L8my34ZPb5swEfXrueM9CTwQTVXqP,451622471,1790679718,2,1,55UbmHQJRqPNyQTYoTvySNVM8cr4X3tu6MfDGVJJpump,TokenzQdBNbLqP5VEhdkAS6EPFLC1PHnBqCXEpPxuEb,https://ipfs.io/ipfs/QmbLVY1HpPL2aNb7MH1L77GPjw3Mx12rewRWGgJGwhavzA,pumpfun-create-borsh-v1,success
solana:3hh9EBYBBbEm6dMCVu2zGmyrtEGE9SYYyNtyrgDKS6e7FMpd463vqkXap8UB7yco6VkkhCE3vckHNwt54fttYADZ:2:0,solana-mainnet,pump.fun,3hh9EBYBBbEm6dMCVu2zGmyrtEGE9SYYyNtyrgDKS6e7FMpd463vqkXap8UB7yco6VkkhCE3vckHNwt54fttYADZ,451622464,1790679716,2,0,Dj1idCepcb1PahHtqHqPdLwhZpAfcM2Jt5UuAxS6pump,TokenzQdBNbLqP5VEhdkAS6EPFLC1PHnBqCXEpPxuEb,https://ipfs.io/ipfs/QmPzcCcBc2T29WRLuc6KXdjSrKWLxzkJGomMEkK5bra4k2,pumpfun-create-borsh-v1,success
solana:3EpfD3FnRbg7fdN1CwX1QuNJSAj2W2AQhQLxBjANg5eHqAEMjAMuKerVwwUiU1BfDaBrvPdeFKbWDYatR4H7d54B:2:0,solana-mainnet,pump.fun,3EpfD3FnRbg7fdN1CwX1QuNJSAj2W2AQhQLxBjANg5eHqAEMjAMuKerVwwUiU1BfDaBrvPdeFKbWDYatR4H7d54B,451622451,1790679712,2,0,AZLzK5n8PXEAXRbbNFwLWjsAq5FgSCvoR41QGyvqpump,TokenzQdBNbLqP5VEhdkAS6EPFLC1PHnBqCXEpPxuEb,https://meta.uxento.io/data/1e5541f8-a59a-40d0-b456-b5501c702f3b,pumpfun-create-borsh-v1,success
solana:21u4pXWhi7kEez6v5yp2y5ZJ3S1YcEq4i4FHiKAzgpN7LYSeaRmk5YzUQiJQTBKEwymbS887mob8ZkH98tVzqY9C:2:0,solana-mainnet,pump.fun,21u4pXWhi7kEez6v5yp2y5ZJ3S1YcEq4i4FHiKAzgpN7LYSeaRmk5YzUQiJQTBKEwymbS887mob8ZkH98tVzqY9C,451622450,1790679712,2,0,2R8sGC4dkJiJqnBokPqTyjvh8kRZAsXUBCGmQ8rGJZpv,TokenzQdBNbLqP5VEhdkAS6EPFLC1PHnBqCXEpPxuEb,https://metadata.j7tracker.io/metadata/8cS5jpakpX.json,pumpfun-create-borsh-v1,success
solana:5JkhKR8ExovKXGHfsrSR92iYCM1kHGKPLL8NDEnwZBMiXdBSa46r3TnPdp4G4xpLf6nK6R89jELjrgiMFtTibRDP:2:0,solana-mainnet,pump.fun,5JkhKR8ExovKXGHfsrSR92iYCM1kHGKPLL8NDEnwZBMiXdBSa46r3TnPdp4G4xpLf6nK6R89jELjrgiMFtTibRDP,451622450,1790679712,2,0,2CrdaH31CTWDkCn3RmxWHtAfGHZshAPy8cMiczFwpump,TokenzQdBNbLqP5VEhdkAS6EPFLC1PHnBqCXEpPxuEb,https://ipfs.io/ipfs/bafkreiaoj5vn7hfvzxy3bn4b6akw34esws3shk5glt25pxn56tcqa7vv3m,pumpfun-create-borsh-v1,success
solana:D18rnizqsaqsHR3F2EZjqqj9PJtxaQ7ja4XvZjpmmdQioZbsP2WjB7NP8tHttdUQcUvyLywZC3kDvnPsmp9kQ1t:2:0,solana-mainnet,pump.fun,D18rnizqsaqsHR3F2EZjqqj9PJtxaQ7ja4XvZjpmmdQioZbsP2WjB7NP8tHttdUQcUvyLywZC3kDvnPsmp9kQ1t,451622439,1790679709,2,0,J5494SQfBAWFDpChtKFBmDdHqjcGQgaoTwk7wteppump,TokenzQdBNbLqP5VEhdkAS6EPFLC1PHnBqCXEpPxuEb,https://meta.uxento.io/data/606881ca-f72f-4a59-9743-494387109873,pumpfun-create-borsh-v1,success
solana:5qPrfaSRwC83AZRNcbXSFFh7Ytro1JXg1phgeUN8U8eDfM2iBsauJZFwKz9xpWGUvNCkFXxzohiTWikFE84s9jf5:2:0,solana-mainnet,pump.fun,5qPrfaSRwC83AZRNcbXSFFh7Ytro1JXg1phgeUN8U8eDfM2iBsauJZFwKz9xpWGUvNCkFXxzohiTWikFE84s9jf5,451622433,1790679708,2,0,EzQ33p36KYRoxDgxwryDVFEPunCJcPRdqBTXtePmpump,TokenzQdBNbLqP5VEhdkAS6EPFLC1PHnBqCXEpPxuEb,https://meta.uxento.io/data/3c3f367e-57df-4168-961d-f039971717c6,pumpfun-create-borsh-v1,success
solana:2eaWx8VEEB8nUwfxivuc2pDEa5zHHy5zFXAWjRdfYjzHogcTyEm9BR997HEJ6hfj3S3k6chsg4Jcg3C7Un9bXDkE:0:0,solana-mainnet,pump.fun,2eaWx8VEEB8nUwfxivuc2pDEa5zHHy5zFXAWjRdfYjzHogcTyEm9BR997HEJ6hfj3S3k6chsg4Jcg3C7Un9bXDkE,451622409,1790679701,0,0,GfViDovzGtZzmtUSPLzuXVK9VBtXRXa2tQXFNNgzpump,TokenzQdBNbLqP5VEhdkAS6EPFLC1PHnBqCXEpPxuEb,https://pump.mypinata.cloud/ipfs/bafkreiekk5bvnubfg3rybxzdqgpetk7o6jkggxvfzt47ef3lt7qk6linby,pumpfun-create-borsh-v1,success
solana:5Eh2tKw68mqpTVPnECwh8vqT8ccEcduyYoPH9HnJQcW6jgTf6n2KzMM1vrvYzRqMV8yrYt9d5r15ZKNtzGMEe8Wb:2:0,solana-mainnet,pump.fun,5Eh2tKw68mqpTVPnECwh8vqT8ccEcduyYoPH9HnJQcW6jgTf6n2KzMM1vrvYzRqMV8yrYt9d5r15ZKNtzGMEe8Wb,451622404,1790679700,2,0,HL3RA1oozs1tFg9m4JEvfi132F8w4PkRhtySDorFpump,TokenzQdBNbLqP5VEhdkAS6EPFLC1PHnBqCXEpPxuEb,https://ipfs.io/ipfs/bafkreic7aqyzaqppgtjnnntaq2owau72sxapzyws5fdzrr2uwt2inuys44,pumpfun-create-borsh-v1,success
solana:5vFqTY6jTSNvjqdvMXqupvCEwsnGk7L6s3aheVmVkvoz7s6GogLMw4Zrh2SaA1yMYJ9tvMRE91UEov8WGAK2haK1:1:0,solana-mainnet,pump.fun,5vFqTY6jTSNvjqdvMXqupvCEwsnGk7L6s3aheVmVkvoz7s6GogLMw4Zrh2SaA1yMYJ9tvMRE91UEov8WGAK2haK1,451622399,1790679698,1,0,6JtuehUzjKXzYHp5xjMu7AbvBwZm8wJuVg1Wq52bcc1Y,TokenzQdBNbLqP5VEhdkAS6EPFLC1PHnBqCXEpPxuEb,https://ipfs.io/ipfs/bafkreigwoa77tygwwu3erur7kqflqivaqjuwcywitnltry242hsghlbo4a,pumpfun-create-borsh-v1,success
solana:gjxsP61R6Wpofid8a6hhsgwQw8njQqsevfSmuRJZpMESzDmLb7cThAzKoLeidDfmkKoVFYioLasH8VxTo3uveCK:2:0,solana-mainnet,pump.fun,gjxsP61R6Wpofid8a6hhsgwQw8njQqsevfSmuRJZpMESzDmLb7cThAzKoLeidDfmkKoVFYioLasH8VxTo3uveCK,451622386,1790679695,2,0,FmMKNy7pHRovWhnUrhiCtZV1CzdwdYe3nw2MCftQpump,TokenzQdBNbLqP5VEhdkAS6EPFLC1PHnBqCXEpPxuEb,https://pump.mypinata.cloud/ipfs/bafkreigna6xrpe6lriqiob5x37gzly36rvwq3bqd5q6fzbzzkh55qtp2pm,pumpfun-create-borsh-v1,success
solana:26Rmd223Pa8WQzh3712jksTMz1mDQTeQsiPbJ39FPJBJjsr7Nmtb3WxczFT9pG3bv2N44DgJo45yu6iLNYKBP8sj:2:0,solana-mainnet,pump.fun,26Rmd223Pa8WQzh3712jksTMz1mDQTeQsiPbJ39FPJBJjsr7Nmtb3WxczFT9pG3bv2N44DgJo45yu6iLNYKBP8sj,451622377,1790679692,2,0,Fdpi26ThLUTHTEnkGUtxjHDyQ93Jozx222T9gNHNpump,TokenzQdBNbLqP5VEhdkAS6EPFLC1PHnBqCXEpPxuEb,https://ipfs.io/ipfs/bafkreidzgrm56gbp5vd6rzbani3gm5dm2h5ru7is6dbmo32svohv2cl44y,pumpfun-create-borsh-v1,success
solana:5r9pYxzqjTj3GBPvgNFBQzzpyD2L3bGYAtwbKkvcZyLEnd75ZV8kmx1CbqgLoLLHNWP8TVcov1TSZgkfSyV7vLSH:0:0,solana-mainnet,pump.fun,5r9pYxzqjTj3GBPvgNFBQzzpyD2L3bGYAtwbKkvcZyLEnd75ZV8kmx1CbqgLoLLHNWP8TVcov1TSZgkfSyV7vLSH,451622376,1790679692,0,0,DkjcgyPMzWieMKANQFg5PgsPYPUiSNyQh7JimVHvbD3h,TokenzQdBNbLqP5VEhdkAS6EPFLC1PHnBqCXEpPxuEb,https://metadata.j7tracker.io/metadata/0ac83kDMpY.json,pumpfun-create-borsh-v1,success
solana:3KASY3iYsWUU6pjq2VAgdS6T8zTthaSfhamDJUqQETt3pxz32LnSuTZYSeg69X4BRfTwKMeT17bzC52SoQqBaAAz:2:0,solana-mainnet,pump.fun,3KASY3iYsWUU6pjq2VAgdS6T8zTthaSfhamDJUqQETt3pxz32LnSuTZYSeg69X4BRfTwKMeT17bzC52SoQqBaAAz,451622363,1790679689,2,0,AGLc4PZZBxu8ZtzP8okiAjLv4KXpZ8HTs9cDmDHKpump,TokenzQdBNbLqP5VEhdkAS6EPFLC1PHnBqCXEpPxuEb,https://ipfs.io/ipfs/QmS35ZeLbPpJqfuT6c5a7kz312V77aWuGo18Y7qUSkKJGX,pumpfun-create-borsh-v1,success
solana:37j38oRWhQeHaNNPgny4A6ntLYbKkmpWaHB3h19qfHXmGD38kSviwwSFkaizXhoJrpJw5UM88MUVgzzrsTzBPXRx:2:0,solana-mainnet,pump.fun,37j38oRWhQeHaNNPgny4A6ntLYbKkmpWaHB3h19qfHXmGD38kSviwwSFkaizXhoJrpJw5UM88MUVgzzrsTzBPXRx,451622355,1790679687,2,0,BxS7rUme1qNz42EtKziNddnD7qUEgvCPdG9WZNDNpump,TokenzQdBNbLqP5VEhdkAS6EPFLC1PHnBqCXEpPxuEb,https://ipfs.io/ipfs/QmRYsgpb6YBbTyXLfbdFsqn77xzveY6wyFirf7wCPaHYSq,pumpfun-create-borsh-v1,success
solana:2zXMUziAi5rDD8N3izvLfyRVuNcsyLWLbi1tK67sYmkfaxURwvqLR4bg9hyGNfwVvoWwvBb2z7FzMdR2hkeVeh14:2:0,solana-mainnet,pump.fun,2zXMUziAi5rDD8N3izvLfyRVuNcsyLWLbi1tK67sYmkfaxURwvqLR4bg9hyGNfwVvoWwvBb2z7FzMdR2hkeVeh14,451622345,1790679684,2,0,3wLcgQaHLJ7DDgVkw133B1e4pUMUMNS3WZLkFnoknivs,TokenzQdBNbLqP5VEhdkAS6EPFLC1PHnBqCXEpPxuEb,https://metadata.j7tracker.io/metadata/9f93fb938395423d.json,pumpfun-create-borsh-v1,success
solana:tKmzHbzLEGrJBZXVB1GdD5ZTNmC4ynnWzzQksaeh8VYCyEuiGbaN4cDedBfLHkujeBdM5KteHMQuR3TQi42BbXm:2:0,solana-mainnet,pump.fun,tKmzHbzLEGrJBZXVB1GdD5ZTNmC4ynnWzzQksaeh8VYCyEuiGbaN4cDedBfLHkujeBdM5KteHMQuR3TQi42BbXm,451622331,1790679680,2,0,BHCmrsR9S1DRah6Bts1kP4uBcPnDEdNNy4DydPiVpump,TokenzQdBNbLqP5VEhdkAS6EPFLC1PHnBqCXEpPxuEb,https://ipfs.io/ipfs/QmcaZjrZzAvrLpkfJsaksCGwVWdXEQ2QwRMChf4sYLTncx,pumpfun-create-borsh-v1,success
solana:4k8YBva4A5YhNdZ2Wz9htMVyxfA9qd3LpkysSyG8y96Mzq76ZLrniqCqoEy9YHAYoccK8ANevViAu3V8RKP4rbYW:2:0,solana-mainnet,pump.fun,4k8YBva4A5YhNdZ2Wz9htMVyxfA9qd3LpkysSyG8y96Mzq76ZLrniqCqoEy9YHAYoccK8ANevViAu3V8RKP4rbYW,451622324,1790679678,2,0,G2DEfc2AQDy3rKESggSUGtWkSKW3AuCxfEfu2eCVpump,TokenzQdBNbLqP5VEhdkAS6EPFLC1PHnBqCXEpPxuEb,https://ipfs.io/ipfs/bafkreic6grmn6ugwerfhorkohk73a5yvreikyz7ext2qko5or4hzayfag4,pumpfun-create-borsh-v1,success
solana:9G74Eq9CzvgkWZxWcPa6PWJ662WVKYN1BQ1tRDF5m79QWAAYGFAUi2mS6K6avbGDyDqMLoeXYRZyyVaMdPztmCE:2:0,solana-mainnet,pump.fun,9G74Eq9CzvgkWZxWcPa6PWJ662WVKYN1BQ1tRDF5m79QWAAYGFAUi2mS6K6avbGDyDqMLoeXYRZyyVaMdPztmCE,451622311,1790679675,2,0,DdERiKQSmt5FKNWkobW5xt7eCrKiFEfnSzcaGExjpump,TokenzQdBNbLqP5VEhdkAS6EPFLC1PHnBqCXEpPxuEb,https://ipfs.io/ipfs/bafkreia4dzcqrrg4p6363mijp3nfmv3daiqscsi2y3j7ofplbcghhiyotq,pumpfun-create-borsh-v1,success
solana:3eSL7rAEunpfoT9UuU5uXWzV4W6BCuarDiMJFFG1tqaoRPmxdfcFnZqpBMzbbXdaNxywERH9aLWNai61e5U7vFvB:2:0,solana-mainnet,pump.fun,3eSL7rAEunpfoT9UuU5uXWzV4W6BCuarDiMJFFG1tqaoRPmxdfcFnZqpBMzbbXdaNxywERH9aLWNai61e5U7vFvB,451622309,1790679674,2,0,Ge9X7EmoAz8TfaTfEHX7C8z5fu7FCemwcRwo3uAY3sss,TokenzQdBNbLqP5VEhdkAS6EPFLC1PHnBqCXEpPxuEb,https://ipfs.io/ipfs/bafkreif3qlqf4aqlbvldnhohe2fuu4sajzj2ribdg4f6dwm4eaubhub7i4,pumpfun-create-borsh-v1,success
solana:5mqQxNHoTKhtrgHfGV1V9kSK3eL2ScyywTHoCTixUxa4go1eTroFn9qbxSaehQ9x1GKK7bcTxbFTMMPSDgrMW7m9:2:0,solana-mainnet,pump.fun,5mqQxNHoTKhtrgHfGV1V9kSK3eL2ScyywTHoCTixUxa4go1eTroFn9qbxSaehQ9x1GKK7bcTxbFTMMPSDgrMW7m9,451622303,1790679672,2,0,Cvhy4k7xr2AskB8vAnh92KewQhB7jNLcMkxw3t3TTiME,TokenzQdBNbLqP5VEhdkAS6EPFLC1PHnBqCXEpPxuEb,https://pump.mypinata.cloud/ipfs/bafkreifujk7e5pkvznhw2ycq2kvntmmlxrfq4s46aqjnbfjhmpqyywzp3y,pumpfun-create-borsh-v1,success
solana:2nFg67XzuUA7RCznhNSW7cWZT8niiXDu6ubkQ9g5J1bKHiTp3NUA5YRqTZgdi56kFS3D8xnDzRqZGk65ySfvD2pC:2:0,solana-mainnet,pump.fun,2nFg67XzuUA7RCznhNSW7cWZT8niiXDu6ubkQ9g5J1bKHiTp3NUA5YRqTZgdi56kFS3D8xnDzRqZGk65ySfvD2pC,451622297,1790679671,2,0,EPyGAtttVGnNVwgZrvhin7ZswjGsVJQKP5v2xmTbpump,TokenzQdBNbLqP5VEhdkAS6EPFLC1PHnBqCXEpPxuEb,https://ipfs.io/ipfs/QmeQ7YgvXLPbsZRgofGYyJHquLXLP7ENVyrMKYrRkUio5f,pumpfun-create-borsh-v1,success
solana:MC3E4CDH529NVXnbPm7HjfM8mqK8ferg7FfTkjiinekzm8776d27n7dFyVn6LKBHmeUU6cESsTyUjWMT2Z9PVNY:2:0,solana-mainnet,pump.fun,MC3E4CDH529NVXnbPm7HjfM8mqK8ferg7FfTkjiinekzm8776d27n7dFyVn6LKBHmeUU6cESsTyUjWMT2Z9PVNY,451622272,1790679664,2,0,3WCAKXh2W9TVh9FkFsgZH7SMkCTkivuyd3dFhktqpump,TokenzQdBNbLqP5VEhdkAS6EPFLC1PHnBqCXEpPxuEb,https://ipfs.io/ipfs/QmWHNXS2Aht3ypxowEojhUf1fEzHeMHDSwJG2xSb29Czuw,pumpfun-create-borsh-v1,success
solana:5kzpuofsM6aRTbp1RJRbDahR7R7rewLjtzh3NEB2wa2WJCEFNPuNztkAtvWB6UFd8zJn5ZrxujXLJSqhyqvbRvGj:2:0,solana-mainnet,pump.fun,5kzpuofsM6aRTbp1RJRbDahR7R7rewLjtzh3NEB2wa2WJCEFNPuNztkAtvWB6UFd8zJn5ZrxujXLJSqhyqvbRvGj,451622272,1790679664,2,0,CC6vHppEyAedcR3QhXfMZokPjv6tE2qnvzmXXCZjpump,TokenzQdBNbLqP5VEhdkAS6EPFLC1PHnBqCXEpPxuEb,https://ipfs.io/ipfs/bafkreicl4sdzmu7tt3zpvlqkc4iy6vcippzo67lpbrmk3bs5i5uany3wri,pumpfun-create-borsh-v1,success
solana:58Ernp7dSAKUmMBFs1dee2F9CANi1X8f1Vx9L1V4q1VJbAFjwfaPjvdcQs79zNtN4wqrkEuJyAXkSM4JtEeaHRdN:2:0,solana-mainnet,pump.fun,58Ernp7dSAKUmMBFs1dee2F9CANi1X8f1Vx9L1V4q1VJbAFjwfaPjvdcQs79zNtN4wqrkEuJyAXkSM4JtEeaHRdN,451622253,1790679659,2,0,4wTV1YmiEkRvAtNtsSGPtUrqRYQMe5SKy2uB4Jjaxnjf,ATokenGPvbdGVxr1b2hvZbsiqW5xWH25efTNsLJA8knL," ",pumpfun-create-borsh-v1,success
solana:nUVFVV8xhEjhmmhZZ2CBahHLwHrr6vjZwxoXhYVPzg5ktZmbhGoPRyDS48p1FQhPEN98Vh7n25hqNa7PVtVv8r4:2:0,solana-mainnet,pump.fun,nUVFVV8xhEjhmmhZZ2CBahHLwHrr6vjZwxoXhYVPzg5ktZmbhGoPRyDS48p1FQhPEN98Vh7n25hqNa7PVtVv8r4,451622253,1790679659,2,0,4wTV1YmiEkRvAtNtsSGPtUrqRYQMe5SKy2uB4Jjaxnjf,ATokenGPvbdGVxr1b2hvZbsiqW5xWH25efTNsLJA8knL,"                  ]           ",pumpfun-create-borsh-v1,success
solana:5wLFwhG7GDjZKoCQdt25ZqcUjyNhdxt1SwDJDbLAqrzgAXf8ohu4yfrUG5mt29NfE226njwDMVdNUAaK9sWpNj6i:2:0,solana-mainnet,pump.fun,5wLFwhG7GDjZKoCQdt25ZqcUjyNhdxt1SwDJDbLAqrzgAXf8ohu4yfrUG5mt29NfE226njwDMVdNUAaK9sWpNj6i,451622253,1790679659,2,0,4wTV1YmiEkRvAtNtsSGPtUrqRYQMe5SKy2uB4Jjaxnjf,ATokenGPvbdGVxr1b2hvZbsiqW5xWH25efTNsLJA8knL,"     ",pumpfun-create-borsh-v1,success
solana:2NXwPa3EXLh3SAamuwm1ebX1Pdo1RivQvi1ESnLbg8RCY932eG3xmqM1UvMRcuZZNi6JKSaieGjBQ2cvNeqg3HZ6:2:0,solana-mainnet,pump.fun,2NXwPa3EXLh3SAamuwm1ebX1Pdo1RivQvi1ESnLbg8RCY932eG3xmqM1UvMRcuZZNi6JKSaieGjBQ2cvNeqg3HZ6,451622245,1790679657,2,0,AxW7hNuup1qs64iwjgpxxPx6YpyG4Hk7yxvYnX6C3S1s,TokenzQdBNbLqP5VEhdkAS6EPFLC1PHnBqCXEpPxuEb,https://metadata.j7tracker.io/metadata/dc1d31c255654af8.json,pumpfun-create-borsh-v1,success
solana:4zqV3unS4mWbbXXngWxsZYrpnScExAS9qcnMa69YcjuiPwL9UgurEHPa47cVVRDDRsPF8XpeKYSFJ9Bg8ZF6LBYN:2:0,solana-mainnet,pump.fun,4zqV3unS4mWbbXXngWxsZYrpnScExAS9qcnMa69YcjuiPwL9UgurEHPa47cVVRDDRsPF8XpeKYSFJ9Bg8ZF6LBYN,451622232,1790679654,2,0,AvhgLF8bb6wDF9n1q2dQLmLFDqF2GASDPj4zDy5jzpad,TokenzQdBNbLqP5VEhdkAS6EPFLC1PHnBqCXEpPxuEb,https://ipfs.io/ipfs/bafkreiak6d6at47zj35zqldvl4wyjdm62nqka3xqd7vqyca3ozpgzim5g4,pumpfun-create-borsh-v1,success
solana:4EKgqDCxtdihXmhbfuudYzaNUaxQ3XRCeoFD8QsDKqTM3TvtMRZaHJcpsTKt8JBfJvLews3tsVB6TiciEMtba9w6:2:0,solana-mainnet,pump.fun,4EKgqDCxtdihXmhbfuudYzaNUaxQ3XRCeoFD8QsDKqTM3TvtMRZaHJcpsTKt8JBfJvLews3tsVB6TiciEMtba9w6,451622225,1790679652,2,0,8jWd2vSAfo7CVotAczDrnNvLB6zZrFeve3mYXLoBpump,TokenzQdBNbLqP5VEhdkAS6EPFLC1PHnBqCXEpPxuEb,https://ipfs.io/ipfs/QmWJEkxdoGyLkhjVZVgWzEXeTaovyznnnK3deiMY13Uw2d,pumpfun-create-borsh-v1,success
solana:4HrGcmHW9RE6MogDdx1mo9B4SMtBJgotXqr2xyaKsDSrS3MTPbYkxgBAigjgezBgbZF5J7RtCNERoWTT4Ma1Cpev:2:0,solana-mainnet,pump.fun,4HrGcmHW9RE6MogDdx1mo9B4SMtBJgotXqr2xyaKsDSrS3MTPbYkxgBAigjgezBgbZF5J7RtCNERoWTT4Ma1Cpev,451622224,1790679652,2,0,77XkL3wzg3bzmSHPVjS6rzZ7s9kct6jWz3RmzwjJpump,TokenzQdBNbLqP5VEhdkAS6EPFLC1PHnBqCXEpPxuEb,https://ipfs.io/ipfs/bafkreicxtcjyniwd6ruezknnbsh4gmf7zk5ba4ta6qkp3sv4ahnhzcgwie,pumpfun-create-borsh-v1,success
solana:613WX6YvxwWFrNtNpdNArj2K9wMHrr3YRv6LV1kWicwWuwMG9EH8x4LzRcgbrCXFwWx7YJzgFVthqcSinGUAu48y:1:0,solana-mainnet,pump.fun,613WX6YvxwWFrNtNpdNArj2K9wMHrr3YRv6LV1kWicwWuwMG9EH8x4LzRcgbrCXFwWx7YJzgFVthqcSinGUAu48y,451622222,1790679651,1,0,58FUWJYcGWbeyXnUZKNBKCCuFFdqQyHpJSnRVhuyj1Dq,TokenzQdBNbLqP5VEhdkAS6EPFLC1PHnBqCXEpPxuEb,https://metadata.pumployer.fun/metadata/Z2C-2GJDMDA7,pumpfun-create-borsh-v1,success
solana:gGLzfcpoubCA16u5ViMgLn2fcqehUB1omp93J94Eyp7hW2Er9egXYeMb7qmd6tBusyeCPWwLXACpU538EciWgJ1:2:0,solana-mainnet,pump.fun,gGLzfcpoubCA16u5ViMgLn2fcqehUB1omp93J94Eyp7hW2Er9egXYeMb7qmd6tBusyeCPWwLXACpU538EciWgJ1,451622218,1790679650,2,0,DDhkLLoeWR7kqutxCaFthGQFK12VkUMbsE8TQHxJpump,TokenzQdBNbLqP5VEhdkAS6EPFLC1PHnBqCXEpPxuEb,https://ipfs.io/ipfs/QmRYsgpb6YBbTyXLfbdFsqn77xzveY6wyFirf7wCPaHYSq,pumpfun-create-borsh-v1,success
solana:56gjGJrdCpt2C6KcG3u7FiQBUp7EcgjZcCHuFGyTEaoj4ZQWEEa8bP3uZVMdfwYgCP9FmrVfjW5fdrmh9PY5jnP2:2:0,solana-mainnet,pump.fun,56gjGJrdCpt2C6KcG3u7FiQBUp7EcgjZcCHuFGyTEaoj4ZQWEEa8bP3uZVMdfwYgCP9FmrVfjW5fdrmh9PY5jnP2,451622213,1790679649,2,0,4wTV1YmiEkRvAtNtsSGPtUrqRYQMe5SKy2uB4Jjaxnjf,ATokenGPvbdGVxr1b2hvZbsiqW5xWH25efTNsLJA8knL," ",pumpfun-create-borsh-v1,success
solana:1nbsi3qM8MtroUZq838H8UA3w7hBdCzADuLgnpuU5jeNfyxnpZoKpkbue7fnXujJiKLVF253eRymJZ8PfPXcpkK:2:0,solana-mainnet,pump.fun,1nbsi3qM8MtroUZq838H8UA3w7hBdCzADuLgnpuU5jeNfyxnpZoKpkbue7fnXujJiKLVF253eRymJZ8PfPXcpkK,451622213,1790679649,2,0,4wTV1YmiEkRvAtNtsSGPtUrqRYQMe5SKy2uB4Jjaxnjf,ATokenGPvbdGVxr1b2hvZbsiqW5xWH25efTNsLJA8knL,"   ",pumpfun-create-borsh-v1,success
solana:5uTGCZKe2HBC5hMVGER1AyjW12S1ybzBtZt9vNHza38mQfFc2wFMfrFd1WaQTp1HWPT4PHVX9mruaYxc2yNaWAxM:2:0,solana-mainnet,pump.fun,5uTGCZKe2HBC5hMVGER1AyjW12S1ybzBtZt9vNHza38mQfFc2wFMfrFd1WaQTp1HWPT4PHVX9mruaYxc2yNaWAxM,451622213,1790679649,2,0,4wTV1YmiEkRvAtNtsSGPtUrqRYQMe5SKy2uB4Jjaxnjf,ATokenGPvbdGVxr1b2hvZbsiqW5xWH25efTNsLJA8knL,"      ",pumpfun-create-borsh-v1,success
solana:58njhx9Anc2Mn7KJHUzZZRdASmazA6gowiydoxbdRUfbMqEJNbJH3ZpCYYQUAMZMgW7BXH9uh4AvjNTTjsEPmhGW:2:0,solana-mainnet,pump.fun,58njhx9Anc2Mn7KJHUzZZRdASmazA6gowiydoxbdRUfbMqEJNbJH3ZpCYYQUAMZMgW7BXH9uh4AvjNTTjsEPmhGW,451622205,1790679646,2,0,cFtf9REABAWNDgKAH4rW9JUeJh8qRSeoPrGtwZEpump,TokenzQdBNbLqP5VEhdkAS6EPFLC1PHnBqCXEpPxuEb,https://ipfs.io/ipfs/bafkreiapdv4izen3nkcekf5jqajsj352tayhdcep4yfp7qqwshhpi4k5yi,pumpfun-create-borsh-v1,success
solana:5wKpF2kCYaixGph3XqJwJi9xQF69Zgs8C2wJMiEGGWBzDjFKmNLJGWC4dGzQ6Y5sJtPwhsM6uASpmWBLVLYbKcEY:2:0,solana-mainnet,pump.fun,5wKpF2kCYaixGph3XqJwJi9xQF69Zgs8C2wJMiEGGWBzDjFKmNLJGWC4dGzQ6Y5sJtPwhsM6uASpmWBLVLYbKcEY,451622202,1790679646,2,0,GsytbvFPoakZf2xCLk6cSHsEYFPC37ys9EhBtmENpump,TokenzQdBNbLqP5VEhdkAS6EPFLC1PHnBqCXEpPxuEb,https://ipfs.io/ipfs/bafkreieqcxrgya5dbjblibqupdruenw56x5betw6p35w2yacxqyfgol5em,pumpfun-create-borsh-v1,success
solana:5ndYhY6maxy5dc4tXYvPUX4qxQBjLhs5Kk1X61Y9s8bh98HTNJVANZHsE4FFA1zF4koXBCnSfMHrPS8GLUVo9e9Y:2:0,solana-mainnet,pump.fun,5ndYhY6maxy5dc4tXYvPUX4qxQBjLhs5Kk1X61Y9s8bh98HTNJVANZHsE4FFA1zF4koXBCnSfMHrPS8GLUVo9e9Y,451622193,1790679643,2,0,FmZcPAFrcxiAQKwtTckzqfQeG7cRuBHvsZzUZ9Fvpump,TokenzQdBNbLqP5VEhdkAS6EPFLC1PHnBqCXEpPxuEb,https://ipfs.io/ipfs/QmceLo9ttCv9E9BRdRGSiBibASNTJYs2KFd8nYZmpCJvm5,pumpfun-create-borsh-v1,success
solana:NAfrja2bRwM4tNQTaAxsNTGaxRnTTSnzR8b1eZuUpiBpMNLLPEwRBbihqfnaCZjdkJ9iZMiRpb7oiimwxoo1USs:2:0,solana-mainnet,pump.fun,NAfrja2bRwM4tNQTaAxsNTGaxRnTTSnzR8b1eZuUpiBpMNLLPEwRBbihqfnaCZjdkJ9iZMiRpb7oiimwxoo1USs,451622156,1790679634,2,0,51TbfvneyFMwvdfupy3Nio3dCHsQUeBzweMNkWQhMwT1,TokenzQdBNbLqP5VEhdkAS6EPFLC1PHnBqCXEpPxuEb,https://metadata.j7tracker.io/metadata/UZGX7rker6.json,pumpfun-create-borsh-v1,success
solana:cXsyBKRkL1uXPU2EBvYgJ3TEr2sDNawec6wDjQ1johHCVB8C6LZHbDngzFGUzVKwtahNn6QZw27doyKiLfuYC73:2:0,solana-mainnet,pump.fun,cXsyBKRkL1uXPU2EBvYgJ3TEr2sDNawec6wDjQ1johHCVB8C6LZHbDngzFGUzVKwtahNn6QZw27doyKiLfuYC73,451622150,1790679632,2,0,8kvUn59yZDPbtkZMDExiqLa63a1JtQs3kFQg1ob7pump,TokenzQdBNbLqP5VEhdkAS6EPFLC1PHnBqCXEpPxuEb,https://ipfs.io/ipfs/bafkreid46s37qp4kvshqiv2a2umdlt6mmxi7yehstppyzzqado6wtpixce,pumpfun-create-borsh-v1,success
solana:2qQpBgKdqrCaXZM6oV4HK98TmAuWS7kw659MNQbTBFSLJh43he8T3CoUqxAgkCwdNQjJKp363bhX1LKqitUgr6V:2:1,solana-mainnet,pump.fun,2qQpBgKdqrCaXZM6oV4HK98TmAuWS7kw659MNQbTBFSLJh43he8T3CoUqxAgkCwdNQjJKp363bhX1LKqitUgr6V,451622121,1790679625,2,1,F4c4WFDVraNjPDq8ihRks5aaMHmFkfN5A37XEq2spump,TokenzQdBNbLqP5VEhdkAS6EPFLC1PHnBqCXEpPxuEb,https://ipfs.io/ipfs/QmWGcGR47vmo5j5bTUNUajvXCvRB1SzHe66rfVPp2LumYw,pumpfun-create-borsh-v1,success
solana:4QQAcW5wqJNrCeeo6Ptb3k416ZKEhEhnmQ3aRFG1HAWHvctM5zkgQkve8NKFc8VfhKUEoR7BfRYniAwpXXby3roe:0:0,solana-mainnet,pump.fun,4QQAcW5wqJNrCeeo6Ptb3k416ZKEhEhnmQ3aRFG1HAWHvctM5zkgQkve8NKFc8VfhKUEoR7BfRYniAwpXXby3roe,451622120,1790679624,0,0,57qSRYHjmnVsP7nq6r9GcaP4dSemH3vKw6ZCaNyupump,TokenzQdBNbLqP5VEhdkAS6EPFLC1PHnBqCXEpPxuEb,https://ipfs.io/ipfs/bafkreiaxjkt5wv6umbno3nmzfmpi5tyvm5z3tf5rdksucm4wuxet5etzcq,pumpfun-create-borsh-v1,success
solana:4xZSy8GZUEUMsDnUMSwushEYVFps3aeXH3mEWANoQf16mbthYPN9bHiMTmxYVDmAyqAQZYALdNtAdcQMCHSmGDmc:2:0,solana-mainnet,pump.fun,4xZSy8GZUEUMsDnUMSwushEYVFps3aeXH3mEWANoQf16mbthYPN9bHiMTmxYVDmAyqAQZYALdNtAdcQMCHSmGDmc,451622108,1790679621,2,0,r24i826VNbzwmnZmGTTjKPi8pGZBH5pcFXxTwt4pump,TokenzQdBNbLqP5VEhdkAS6EPFLC1PHnBqCXEpPxuEb,https://ipfs.io/ipfs/QmQ1VQaVtZ3vtfvU2KUDbeFJ1oupreDJ3AgzmVStXqurSk,pumpfun-create-borsh-v1,success
solana:4o78GHDnCSVrnfvmP87w997nUppWneufz1xc432HZArWexSSEatPLTppCPuq5ViqE3pu6nY2yZCEFZ4jziVF16rW:2:0,solana-mainnet,pump.fun,4o78GHDnCSVrnfvmP87w997nUppWneufz1xc432HZArWexSSEatPLTppCPuq5ViqE3pu6nY2yZCEFZ4jziVF16rW,451622088,1790679616,2,0,DsTAjnwDcWi9pioehM762AX1zMv3e41K8g3Z5Qi6Pe6X,TokenzQdBNbLqP5VEhdkAS6EPFLC1PHnBqCXEpPxuEb,https://ipfs.io/ipfs/bafkreifrw5ov3whhyvjfeoq653sh4c74ubdwpqlxwnupuzbdxsf23r2bo4,pumpfun-create-borsh-v1,success
solana:2oN7AfqoqbA6pmX2HbW6gskfVHaB1hShCWLjd6UkwFxgp3nD4Z3zUBSWEEzdMSWBNNiqXUwopbdkx1GF8iHW8WUj:2:0,solana-mainnet,pump.fun,2oN7AfqoqbA6pmX2HbW6gskfVHaB1hShCWLjd6UkwFxgp3nD4Z3zUBSWEEzdMSWBNNiqXUwopbdkx1GF8iHW8WUj,451622074,1790679612,2,0,A1aUbdPQ1GFbH1WHCtW4yCSenxTq8Agt1UddTd25pump,TokenzQdBNbLqP5VEhdkAS6EPFLC1PHnBqCXEpPxuEb,https://meta.uxento.io/data/60d05738-55e3-4bae-81a8-722b6c152fa3,pumpfun-create-borsh-v1,success
solana:3Hu3b2gUrGjAjwPdG4WRttCzn79nkWAzDUTHkHf6nfffoDi4T6KMouUqZ6HjySASwQuxJnBF92Fvj3c9souEi4V5:2:0,solana-mainnet,pump.fun,3Hu3b2gUrGjAjwPdG4WRttCzn79nkWAzDUTHkHf6nfffoDi4T6KMouUqZ6HjySASwQuxJnBF92Fvj3c9souEi4V5,451622070,1790679611,2,0,EfcDbRFGZHURnURURAp8aeZULaitpGVYXfGdTWc5pump,TokenzQdBNbLqP5VEhdkAS6EPFLC1PHnBqCXEpPxuEb,https://ipfs.io/ipfs/bafkreiapo7anuct2bun3ausdmxkhbrcfr5vb7lfeo5hpmx47c73goxqok4,pumpfun-create-borsh-v1,success
solana:5u5Yha1XfRnkCCLnaDGf7NLbnPC6GazppUNJdTuAMjtK7wtw4UQoYjuNhkENQxUin7sw2kdSCiCb9MohF5SkAVwc:2:0,solana-mainnet,pump.fun,5u5Yha1XfRnkCCLnaDGf7NLbnPC6GazppUNJdTuAMjtK7wtw4UQoYjuNhkENQxUin7sw2kdSCiCb9MohF5SkAVwc,451622062,1790679609,2,0,HzAgsNnGaCPGhssYi6Kno1xgXKHFbQdDYnCW3bRApump,TokenzQdBNbLqP5VEhdkAS6EPFLC1PHnBqCXEpPxuEb,https://ipfs.io/ipfs/QmUqnu74Y11jaETM9rdk1LG1rHtwe2PMpT32VjiGQcpCaZ,pumpfun-create-borsh-v1,success
solana:5XRCoGxW5daFTsUW37TsRsssLMKgBxPumEYVjsmS6DqQvb2GMoz6bUZCYCdi3fA4x51P9zC8rgw4QbjCaFevECgp:0:0,solana-mainnet,pump.fun,5XRCoGxW5daFTsUW37TsRsssLMKgBxPumEYVjsmS6DqQvb2GMoz6bUZCYCdi3fA4x51P9zC8rgw4QbjCaFevECgp,451622023,1790679598,0,0,GbENDrSyRwmVHpeVjkDCdewMHbFpMirddcuSYVMxdrx1,TokenzQdBNbLqP5VEhdkAS6EPFLC1PHnBqCXEpPxuEb,https://metadata.j7tracker.io/metadata/6d5784ebae8e4811.json,pumpfun-create-borsh-v1,success
solana:22aJyGbvY2JAdU3fpoxmorWwNwV1riAW3EiQoP41hg8Jh8Y17mm61Gtzv1Lh11RpC4D5vUjMnQBWj7dgu46hY4nw:0:0,solana-mainnet,pump.fun,22aJyGbvY2JAdU3fpoxmorWwNwV1riAW3EiQoP41hg8Jh8Y17mm61Gtzv1Lh11RpC4D5vUjMnQBWj7dgu46hY4nw,451622023,1790679598,0,0,CP4vK1hvMkMHcNennRYng8wuczMhz169UHyFWBVnZC2H,TokenzQdBNbLqP5VEhdkAS6EPFLC1PHnBqCXEpPxuEb,https://metadata.j7tracker.io/metadata/6d5784ebae8e4811.json,pumpfun-create-borsh-v1,success
solana:4VzbgXhYgMMwuuhWggiuGNfUPupG5mXm9pQgFZC7GTNXjbzahJSbjACFVyaEcFUThkriH3SJ4HV8tG7QEPizfJa8:0:0,solana-mainnet,pump.fun,4VzbgXhYgMMwuuhWggiuGNfUPupG5mXm9pQgFZC7GTNXjbzahJSbjACFVyaEcFUThkriH3SJ4HV8tG7QEPizfJa8,451622023,1790679598,0,0,C5kXS1wpatiZQqVWCpcqVBwvkeD72QdD6tg4PAXetBVY,TokenzQdBNbLqP5VEhdkAS6EPFLC1PHnBqCXEpPxuEb,https://metadata.j7tracker.io/metadata/6d5784ebae8e4811.json,pumpfun-create-borsh-v1,success
solana:5oiGcDfnCxYSpjjkdkyU55SNFemC9Z9m1zx9TaYPVw6YPTvChBTmGztJWmBNmNH9xvwukk2ifrsrq17L4VijznmU:0:0,solana-mainnet,pump.fun,5oiGcDfnCxYSpjjkdkyU55SNFemC9Z9m1zx9TaYPVw6YPTvChBTmGztJWmBNmNH9xvwukk2ifrsrq17L4VijznmU,451622013,1790679596,0,0,8jm7pmv1ups1FAsSApEdAwCqiPoDzhTudC3nycPMN2zc,TokenzQdBNbLqP5VEhdkAS6EPFLC1PHnBqCXEpPxuEb,https://metadata.j7tracker.io/metadata/e8cec39fbd034c73.json,pumpfun-create-borsh-v1,success
solana:4dSwrWXBRZeV7qnd1cRxHovctB1dtk7MvbXzQ6Mp8wbrLyuV8dSvtw1CW557GJkj7QicjesYtuoHgQiKZdFYd6zY:2:0,solana-mainnet,pump.fun,4dSwrWXBRZeV7qnd1cRxHovctB1dtk7MvbXzQ6Mp8wbrLyuV8dSvtw1CW557GJkj7QicjesYtuoHgQiKZdFYd6zY,451622010,1790679595,2,0,AqArS362NucvSqckR5GYnxvdihB7MBoCges891jmqfRr,TokenzQdBNbLqP5VEhdkAS6EPFLC1PHnBqCXEpPxuEb,https://metadata.j7tracker.io/metadata/e8cec39fbd034c73.json,pumpfun-create-borsh-v1,success
solana:3PofnujJDDihxJ8fwA8soj5v6qT9BgXnAnQm7x1mdZmQBqFbsWyfLnkk9x1fy961rAz91SsybRTuLZ7U3vbZp3gE:2:1,solana-mainnet,pump.fun,3PofnujJDDihxJ8fwA8soj5v6qT9BgXnAnQm7x1mdZmQBqFbsWyfLnkk9x1fy961rAz91SsybRTuLZ7U3vbZp3gE,451621998,1790679592,2,1,2CcFLe9iYvEWcqzNSmZz5uayZUzHTYPhdhdWra3Fpump,TokenzQdBNbLqP5VEhdkAS6EPFLC1PHnBqCXEpPxuEb,https://ipfs.io/ipfs/QmXBiV7S2PaLqr8cke2TUaZnWKvbG4c8bdg9PniiqoQy6j,pumpfun-create-borsh-v1,success
solana:4JbqMwHfk6MfB1yemm5dHVHJAjrQQ5exv6bmQN4akYzsZ1eNuerWbL3pnKvxi91aoJyt2YsyJkUr7mq44SFeBcyJ:0:0,solana-mainnet,pump.fun,4JbqMwHfk6MfB1yemm5dHVHJAjrQQ5exv6bmQN4akYzsZ1eNuerWbL3pnKvxi91aoJyt2YsyJkUr7mq44SFeBcyJ,451621996,1790679591,0,0,6tyM6xGhL7gWcSqhTwyYRNtUGHdXmCWqyfaEyLvtKYqy,TokenzQdBNbLqP5VEhdkAS6EPFLC1PHnBqCXEpPxuEb,https://metadata.j7tracker.io/m/WGpIuwUP9n,pumpfun-create-borsh-v1,success
solana:4VefJEU5cn3A247vVTRMsL2mAcaniUBw691REJ8ehMoLV3df1epT5m2XoVH67aWoKzJYJoGZwQhY6WnCEGG4hhQd:0:0,solana-mainnet,pump.fun,4VefJEU5cn3A247vVTRMsL2mAcaniUBw691REJ8ehMoLV3df1epT5m2XoVH67aWoKzJYJoGZwQhY6WnCEGG4hhQd,451621993,1790679591,0,0,9TFf4EtHR2C6nEM19iBDhTSvmB8iux1vHwxP7TrNswUg,TokenzQdBNbLqP5VEhdkAS6EPFLC1PHnBqCXEpPxuEb,https://metadata.j7tracker.io/m/WGpIuwUP9n,pumpfun-create-borsh-v1,success
solana:4rtv4mNPUG2kauZwqWpdeqgk5eYywxJFtBgYqMZG6PrJL9w8TE8GjAcDmoJDFFFt3wyWyjWEDFcCJeJSfF3rFKRD:2:0,solana-mainnet,pump.fun,4rtv4mNPUG2kauZwqWpdeqgk5eYywxJFtBgYqMZG6PrJL9w8TE8GjAcDmoJDFFFt3wyWyjWEDFcCJeJSfF3rFKRD,451621988,1790679589,2,0,ASoN8w3e6KZ7j8sx7fACrVsdfwFqDcoWmyzs161apump,TokenzQdBNbLqP5VEhdkAS6EPFLC1PHnBqCXEpPxuEb,https://ipfs.io/ipfs/QmPHZFjSrJp1ozJTmpmtTiTCEgv3UgkSds5DUfYLXHnp4o,pumpfun-create-borsh-v1,success
solana:2R8io7jXcgnUYp18hzgSXQuitT1AQYALwTnfidfeDG4vou6wR1gzbhfDmTqNsACsRz6cBpH1k78PitEK2ikPmtuz:2:0,solana-mainnet,pump.fun,2R8io7jXcgnUYp18hzgSXQuitT1AQYALwTnfidfeDG4vou6wR1gzbhfDmTqNsACsRz6cBpH1k78PitEK2ikPmtuz,451621969,1790679584,2,0,Evse9HpaxHRDmjYnQyrhSC6wfyD839gsyg6wNuAvVseD,TokenzQdBNbLqP5VEhdkAS6EPFLC1PHnBqCXEpPxuEb,https://metadata.j7tracker.io/metadata/pWOKx0YSG7.json,pumpfun-create-borsh-v1,success
solana:oPGQXB5gYdZY5xEfR4VL8ex81Csg5God9RxLnTfMNcTsrptqVaxvaKUY6VUqvMvv6Cnh4ALFHsu2A2KvKqvwS8v:2:0,solana-mainnet,pump.fun,oPGQXB5gYdZY5xEfR4VL8ex81Csg5God9RxLnTfMNcTsrptqVaxvaKUY6VUqvMvv6Cnh4ALFHsu2A2KvKqvwS8v,451621956,1790679581,2,0,4wTV1YmiEkRvAtNtsSGPtUrqRYQMe5SKy2uB4Jjaxnjf,ATokenGPvbdGVxr1b2hvZbsiqW5xWH25efTNsLJA8knL,"    ",pumpfun-create-borsh-v1,success
solana:3KvZT3TvENNzu5LegjMgmoKSosDxbu4VQtx9pQ3VWwckFr1jWCk9Y2tW7femFUJaVE1sbNDYJiqj8KTtuGcvK5Mo:2:0,solana-mainnet,pump.fun,3KvZT3TvENNzu5LegjMgmoKSosDxbu4VQtx9pQ3VWwckFr1jWCk9Y2tW7femFUJaVE1sbNDYJiqj8KTtuGcvK5Mo,451621955,1790679581,2,0,4wTV1YmiEkRvAtNtsSGPtUrqRYQMe5SKy2uB4Jjaxnjf,ATokenGPvbdGVxr1b2hvZbsiqW5xWH25efTNsLJA8knL,"           3                           ",pumpfun-create-borsh-v1,success
solana:45QLSYQmtgT5N36XSU43qLofRaQb62RSdTpAE2wraRX9pEvKZYNvZUkLJBHPHZgTvBUBXoJEAXn2iknEY5v7bR2Z:2:0,solana-mainnet,pump.fun,45QLSYQmtgT5N36XSU43qLofRaQb62RSdTpAE2wraRX9pEvKZYNvZUkLJBHPHZgTvBUBXoJEAXn2iknEY5v7bR2Z,451621955,1790679581,2,0,GzhzSVeVNhFKsuhvrdBzQCcqvHxXbiHtAxHn3XQopump,TokenzQdBNbLqP5VEhdkAS6EPFLC1PHnBqCXEpPxuEb,https://ipfs.io/ipfs/bafkreiaprvudtcdti4zk3ponyp7cpzc52u3y72shhwfbtb7bkdj4oq46uq,pumpfun-create-borsh-v1,success
solana:5eWEKMqPcRK6YJjcy6C7wwtXxJY5XjKLdnwz5qp3vHA41C9fxtbex1Pv2CszXLT34n9CywDaoPhuo8SWDNZfCRUx:2:0,solana-mainnet,pump.fun,5eWEKMqPcRK6YJjcy6C7wwtXxJY5XjKLdnwz5qp3vHA41C9fxtbex1Pv2CszXLT34n9CywDaoPhuo8SWDNZfCRUx,451621936,1790679575,2,0,54ZfuwdCJTheNxHCABQP3d4ZAfBofr4AHfSzjgyBpump,TokenzQdBNbLqP5VEhdkAS6EPFLC1PHnBqCXEpPxuEb,https://ipfs.io/ipfs/bafkreieih2hfxc64n5tdt67ecpccknlntw37yvgihzv3wloxgp27p6pgqy,pumpfun-create-borsh-v1,success
solana:4Qc5nNn7pA4vN6t3BmeQHskoNDLSaDyfXPnAKNnLvdgUXbuQ9PP6h33QZYFgYEncKTDraVedkzc61i5DPpV8cuxN:2:0,solana-mainnet,pump.fun,4Qc5nNn7pA4vN6t3BmeQHskoNDLSaDyfXPnAKNnLvdgUXbuQ9PP6h33QZYFgYEncKTDraVedkzc61i5DPpV8cuxN,451621912,1790679569,2,0,Az12u9eB9B7pcSzXP7PBNoQ62bhW2t6py8D1RFr3pump,TokenzQdBNbLqP5VEhdkAS6EPFLC1PHnBqCXEpPxuEb,https://ipfs.io/ipfs/bafkreigeuavpipcug7hsap2mami6ambueprwtqvdvrxirnrem4lugn6ori,pumpfun-create-borsh-v1,success
solana:551Tier7ugQRTMBpYZkXR2THhyMoSarAkunWeq9X1hEm16e1aaFNyPCCMhjAQGAgbVtekKcC2RviTrrTHnQGmiyk:2:0,solana-mainnet,pump.fun,551Tier7ugQRTMBpYZkXR2THhyMoSarAkunWeq9X1hEm16e1aaFNyPCCMhjAQGAgbVtekKcC2RviTrrTHnQGmiyk,451621870,1790679558,2,0,8CPukFZ7jvm67a74oJ8uuEjqkkwRN5fq4cJNmE8gpump,TokenzQdBNbLqP5VEhdkAS6EPFLC1PHnBqCXEpPxuEb,https://ipfs.io/ipfs/QmceLo9ttCv9E9BRdRGSiBibASNTJYs2KFd8nYZmpCJvm5,pumpfun-create-borsh-v1,success
solana:3i79Qe1bgxqiZt3RbvZLv28LodtxBtoTN3ApTQwJeFaGpxda228cQuetuqXqAwvxVnbaE7EeApLw9WGM4U49X2Gm:2:0,solana-mainnet,pump.fun,3i79Qe1bgxqiZt3RbvZLv28LodtxBtoTN3ApTQwJeFaGpxda228cQuetuqXqAwvxVnbaE7EeApLw9WGM4U49X2Gm,451621869,1790679558,2,0,D1mUGP5uJLxFNPsknm5fRAXWyQoV1QxJ23hX13uJpump,TokenzQdBNbLqP5VEhdkAS6EPFLC1PHnBqCXEpPxuEb,https://ipfs.io/ipfs/QmPHZFjSrJp1ozJTmpmtTiTCEgv3UgkSds5DUfYLXHnp4o,pumpfun-create-borsh-v1,success
solana:3mwhmUgq2XjKxv5xNqDg4gVetkJWnp63kFX8FyLeedir7TYYQJ4QQCujo8cHXSCqMjCC8wAav2RNrkN5A1gmGX4k:0:0,solana-mainnet,pump.fun,3mwhmUgq2XjKxv5xNqDg4gVetkJWnp63kFX8FyLeedir7TYYQJ4QQCujo8cHXSCqMjCC8wAav2RNrkN5A1gmGX4k,451621851,1790679553,0,0,54q4whBdqYF441MmikhrRG3dUPbtayK1fHj8s3xXpump,TokenzQdBNbLqP5VEhdkAS6EPFLC1PHnBqCXEpPxuEb,https://ipfs.io/ipfs/bafkreia4dzcqrrg4p6363mijp3nfmv3daiqscsi2y3j7ofplbcghhiyotq,pumpfun-create-borsh-v1,success
solana:2xdWMJuoDa3U7izcKQgUQFLnjQLKZfWRfbACApFdBTowomywumrhW8Umw8j7SSDfMf9ACxySetNnux5WCm2YB3AT:0:0,solana-mainnet,pump.fun,2xdWMJuoDa3U7izcKQgUQFLnjQLKZfWRfbACApFdBTowomywumrhW8Umw8j7SSDfMf9ACxySetNnux5WCm2YB3AT,451621823,1790679546,0,0,D5m5HF2zzNNLwBAJYF99ostRRXVArHtjhjufZfAV4zj5,TokenzQdBNbLqP5VEhdkAS6EPFLC1PHnBqCXEpPxuEb,https://metadata.j7tracker.io/metadata/b0d070ce92bc4b7d.json,pumpfun-create-borsh-v1,success
solana:5fkm9QxuDTw1WBG7vTW9PHmzum8uYqbhiURaaw6aaAmVFRidob7W5GLvXsbjYi7FWmedmhCcPbXZUL5rkEGVJu6C:0:0,solana-mainnet,pump.fun,5fkm9QxuDTw1WBG7vTW9PHmzum8uYqbhiURaaw6aaAmVFRidob7W5GLvXsbjYi7FWmedmhCcPbXZUL5rkEGVJu6C,451621823,1790679546,0,0,5Y1wC5zbUALyoBa4q4qVGep13s2cn4udRDz9kKCqFtdU,TokenzQdBNbLqP5VEhdkAS6EPFLC1PHnBqCXEpPxuEb,https://metadata.j7tracker.io/metadata/b0d070ce92bc4b7d.json,pumpfun-create-borsh-v1,success
solana:4LFrQfSAM8kNN6jpq6mh737ZtzcoCkJjdZyJJ6ZXkZbNMLmmDkhojUKHaMrK8F93S2CgdueYagPrhytKH4iqnNMY:0:0,solana-mainnet,pump.fun,4LFrQfSAM8kNN6jpq6mh737ZtzcoCkJjdZyJJ6ZXkZbNMLmmDkhojUKHaMrK8F93S2CgdueYagPrhytKH4iqnNMY,451621822,1790679545,0,0,AV3JQCKzmHjBFjr1TZfAVrobTVSmE66YPTSEwPxWDjXo,TokenzQdBNbLqP5VEhdkAS6EPFLC1PHnBqCXEpPxuEb,https://metadata.j7tracker.io/metadata/b0d070ce92bc4b7d.json,pumpfun-create-borsh-v1,success
solana:5xJAMEeotW8LfzWHYtZwB2UMKGLXUc2DSkDUfoeyFHDP8A2vhj1b5sksqGa6CSkJxYdVBiiTsPBKAhVQQ2hBnYnL:2:0,solana-mainnet,pump.fun,5xJAMEeotW8LfzWHYtZwB2UMKGLXUc2DSkDUfoeyFHDP8A2vhj1b5sksqGa6CSkJxYdVBiiTsPBKAhVQQ2hBnYnL,451621786,1790679536,2,0,6F6rYNsVVFriiq5C3fCMnbzPKSXoYibAzX3TutRZpump,TokenzQdBNbLqP5VEhdkAS6EPFLC1PHnBqCXEpPxuEb,https://ipfs.io/ipfs/bafkreigmhjwednmprhtcunqepmuzzhq6fxk4certt5oy3cwcqhycxsb2ga,pumpfun-create-borsh-v1,success
solana:5o9hM3PSNVtSzXuvNJzotcCkAhSPEFx66y2RcS6F7JpV2pz5juNq7Q8gR9NmnRxJ1kLsoPZp3JWrSYfZpCjBc64L:0:0,solana-mainnet,pump.fun,5o9hM3PSNVtSzXuvNJzotcCkAhSPEFx66y2RcS6F7JpV2pz5juNq7Q8gR9NmnRxJ1kLsoPZp3JWrSYfZpCjBc64L,451621782,1790679535,0,0,52FrE1ctgCgKQybawGaVxeAUms4RghNTHYxWBShgp4Ab,TokenzQdBNbLqP5VEhdkAS6EPFLC1PHnBqCXEpPxuEb,https://metadata.j7tracker.io/m/lFyM0D2A5w,pumpfun-create-borsh-v1,success
solana:3K3i5suiWYjDULzu9oH5vtgJKzBj53RVKjMfcUyo3weqfpiWxzLGR8CBEPUrUDqaPmneR5rUyQUqLoW1wcoWt42T:2:0,solana-mainnet,pump.fun,3K3i5suiWYjDULzu9oH5vtgJKzBj53RVKjMfcUyo3weqfpiWxzLGR8CBEPUrUDqaPmneR5rUyQUqLoW1wcoWt42T,451621775,1790679533,2,0,B8SgVQ42pV1cZgctmTow5vczFMhkhFzi2YWdVPp7pump,TokenzQdBNbLqP5VEhdkAS6EPFLC1PHnBqCXEpPxuEb,https://ipfs.io/ipfs/QmYJhUPhHXjR2MXgsBGTMua4DEef3DQkRSrWnP7cFubDYT,pumpfun-create-borsh-v1,success
solana:3A4rEvAx3PjQCA93yp5UVqtS1wjYs65vKvBmqYaL8ZbESTCmy6JYe4KxN1xmWfzmZXJ5iU7DDwRVzXpmcNuYcokj:0:0,solana-mainnet,pump.fun,3A4rEvAx3PjQCA93yp5UVqtS1wjYs65vKvBmqYaL8ZbESTCmy6JYe4KxN1xmWfzmZXJ5iU7DDwRVzXpmcNuYcokj,451621739,1790679523,0,0,5y8GFAgc8DzNfCDEJuHuCPH15jVjB8qgZ2M7JsYRoLAT,TokenzQdBNbLqP5VEhdkAS6EPFLC1PHnBqCXEpPxuEb,https://metadata.j7tracker.io/metadata/1921a05f3bbd4364.json,pumpfun-create-borsh-v1,success
solana:6fr3cHpEtmdmmMBhW9vxDp3qm6CwxNfgjvAAhwdZvMqPXM6UJAWowg4ddjHZBbQADdpHQwBjFa6yPhUrAurwLf5:0:0,solana-mainnet,pump.fun,6fr3cHpEtmdmmMBhW9vxDp3qm6CwxNfgjvAAhwdZvMqPXM6UJAWowg4ddjHZBbQADdpHQwBjFa6yPhUrAurwLf5,451621738,1790679523,0,0,B91GCEBxovv6CbAsFevbbYM25YA1rqhC5W5E2gsQzG1D,TokenzQdBNbLqP5VEhdkAS6EPFLC1PHnBqCXEpPxuEb,https://metadata.j7tracker.io/metadata/1921a05f3bbd4364.json,pumpfun-create-borsh-v1,success
solana:z9bvzPUVGfd2JaFL8Pb7f3EvHkcULZZ2wfPnxMCFE9gjNNesmz98oEyGveada93LastcPtv48pQec2mvThMDcm6:2:0,solana-mainnet,pump.fun,z9bvzPUVGfd2JaFL8Pb7f3EvHkcULZZ2wfPnxMCFE9gjNNesmz98oEyGveada93LastcPtv48pQec2mvThMDcm6,451621712,1790679516,2,0,7ry8k2rYGeGGcZV4uCXzGucHYatCfeuhYJF5ZWAopump,TokenzQdBNbLqP5VEhdkAS6EPFLC1PHnBqCXEpPxuEb,https://metadata.bloombot.app/19f9fdee-6fab-43f7-8ced-b58149347bdd.json,pumpfun-create-borsh-v1,success
solana:yi6au8D4mXA2zNrSe3JUyzRVR9EsX9QihZdNUKYaZ4NEKBkkbS9gpFbkrPRGgjDJTcut8JruC8esMYtGsFMCLRr:2:0,solana-mainnet,pump.fun,yi6au8D4mXA2zNrSe3JUyzRVR9EsX9QihZdNUKYaZ4NEKBkkbS9gpFbkrPRGgjDJTcut8JruC8esMYtGsFMCLRr,451621711,1790679516,2,0,69T3mKoAas8qxhHpnbq1kToqeUsasR6nZfUJ2e6Upump,TokenzQdBNbLqP5VEhdkAS6EPFLC1PHnBqCXEpPxuEb,https://ipfs.io/ipfs/bafkreifehi5cmhmjnwmsffwfqwxkp35qexmrgu2nmtijpb2walamyl67iq,pumpfun-create-borsh-v1,success
solana:pfsEPsVS16ZugZjPzup7JVyHAUr9MRfVXfqBioewSp8WeVC54nVxSdyDHH7mjam1kBv3JrRk5cUTHPi9EKMWq17:1:0,solana-mainnet,pump.fun,pfsEPsVS16ZugZjPzup7JVyHAUr9MRfVXfqBioewSp8WeVC54nVxSdyDHH7mjam1kBv3JrRk5cUTHPi9EKMWq17,451621704,1790679514,1,0,8UBEhHZkJFQ5SSTuHVGGBCAHEBeJNnf2ZPgtN41ikZ6U,TokenzQdBNbLqP5VEhdkAS6EPFLC1PHnBqCXEpPxuEb,https://ipfs.io/ipfs/bafkreib2ysv4pr2kawxs6qqov7yopzsosjvmr4j6kbjufhzbmha24ldbii,pumpfun-create-borsh-v1,success
solana:dF8nBvbksAtt6sSDsKKwa9eQTbFcqRF68Ubkcbu8JLWtEE2YSCKZZP2ULJXyArb4BBzLbkhoJ7HugHACXTRHbEF:13:0,solana-mainnet,pump.fun,dF8nBvbksAtt6sSDsKKwa9eQTbFcqRF68Ubkcbu8JLWtEE2YSCKZZP2ULJXyArb4BBzLbkhoJ7HugHACXTRHbEF,451621685,1790679509,13,0,4wSDgNFZNaJW4kMtMN2tZNoyesEtFb2ZCdXWNCGmyu8G,TokenzQdBNbLqP5VEhdkAS6EPFLC1PHnBqCXEpPxuEb,https://viewlyapp.com/m/SL1t7,pumpfun-create-borsh-v1,success
solana:53co1GW7X58V5bJkT3A6T6nbBhtaEgFujSG1dtJnw74aGDxKneBE6LG13GihcgwUp6XNe5ZZ1okp8hsWUbaHzWwi:2:0,solana-mainnet,pump.fun,53co1GW7X58V5bJkT3A6T6nbBhtaEgFujSG1dtJnw74aGDxKneBE6LG13GihcgwUp6XNe5ZZ1okp8hsWUbaHzWwi,451621666,1790679504,2,0,GVBuX4Rs8cipmiCQJpqcFRWEoLx6ceLrxezVVxLvpump,TokenzQdBNbLqP5VEhdkAS6EPFLC1PHnBqCXEpPxuEb,https://ipfs.io/ipfs/QmPHZFjSrJp1ozJTmpmtTiTCEgv3UgkSds5DUfYLXHnp4o,pumpfun-create-borsh-v1,success
solana:5wjFAKMrD925AryE8DVKJAYtw1zLunjcNgCaZi3qb3BvAovG3xxZxvLra4eKZ5hHnFRixftsYnAMKe1ya1p6AjCJ:2:0,solana-mainnet,pump.fun,5wjFAKMrD925AryE8DVKJAYtw1zLunjcNgCaZi3qb3BvAovG3xxZxvLra4eKZ5hHnFRixftsYnAMKe1ya1p6AjCJ,451621657,1790679501,2,0,9dhkYLe7CRDmHpjTReqbkjLcgbMrkEhisSBcDuZypump,TokenzQdBNbLqP5VEhdkAS6EPFLC1PHnBqCXEpPxuEb,https://ipfs.io/ipfs/bafkreigvsmnj74bjob4qc6xciuyppwkvrnzkw3ybbyyglmi6mehqfxjmkm,pumpfun-create-borsh-v1,success
solana:5FeHDgWJBU4yEGjVYr1U6Gsw8xtpBR8EW1HpQNEy37Epz98PFoiJXw97jgmkUcovtEdaCYoEJNEAsDib7VjLd9bb:2:0,solana-mainnet,pump.fun,5FeHDgWJBU4yEGjVYr1U6Gsw8xtpBR8EW1HpQNEy37Epz98PFoiJXw97jgmkUcovtEdaCYoEJNEAsDib7VjLd9bb,451621648,1790679499,2,0,2wcnAspL7mvgQDQM4bVwVrhMhHtJCzakoqH8YojJpump,TokenzQdBNbLqP5VEhdkAS6EPFLC1PHnBqCXEpPxuEb,https://ipfs.io/ipfs/bafkreidancei6bbs5tusn7c23dgztpogdg2ewavlueaqerf36bop2tjv5a,pumpfun-create-borsh-v1,success
solana:3iRB2EUz9PQti8gffyTFLoaySXPVSP9JHEJuLfxmfibnhVESwdfTAoSepp3LJ6aNZ6T2dgUp3nczs2B9xomSt1cS:1:0,solana-mainnet,pump.fun,3iRB2EUz9PQti8gffyTFLoaySXPVSP9JHEJuLfxmfibnhVESwdfTAoSepp3LJ6aNZ6T2dgUp3nczs2B9xomSt1cS,451621633,1790679495,1,0,CR5Siz1rSHZeLru4qocjrDT3Xmxtkx8MVHPcVNGg3hBi,TokenzQdBNbLqP5VEhdkAS6EPFLC1PHnBqCXEpPxuEb,https://ipfs.io/ipfs/bafkreigxmeog46udmkujxmv4gvz3th5pgzbofuq4jj7nncqrkv2owcxiue,pumpfun-create-borsh-v1,success
solana:5r3YHWUxuGQX5RWKKWMw2oCvE9GGwentHztBjEXzcDN5vGjbui7ydqPwAs3vtjAY2pbYmp29dXo3zBgUkVLXWwMd:2:0,solana-mainnet,pump.fun,5r3YHWUxuGQX5RWKKWMw2oCvE9GGwentHztBjEXzcDN5vGjbui7ydqPwAs3vtjAY2pbYmp29dXo3zBgUkVLXWwMd,451621633,1790679495,2,0,G81McXtG5miTjrQF5ksUTtaZ6iCxFDjovEDWnhUKpump,TokenzQdBNbLqP5VEhdkAS6EPFLC1PHnBqCXEpPxuEb,https://ipfs.io/ipfs/QmTVawf6xN4mTVHp2pkncZf9oMRs4C9AKuFeo8Bdpj3UV2,pumpfun-create-borsh-v1,success
solana:4oc8QzJFv1UyBstmNkg94MPnCEGRC5M63b1rJ92JEDUfz7ZjwiCMyf2CE7TTG8ZDxqYzsoVvBiCos6V3fz6JphCc:0:0,solana-mainnet,pump.fun,4oc8QzJFv1UyBstmNkg94MPnCEGRC5M63b1rJ92JEDUfz7ZjwiCMyf2CE7TTG8ZDxqYzsoVvBiCos6V3fz6JphCc,451621607,1790679488,0,0,2dUsM9iBaNw289adB2KwR7wuHodKw41n8B1kfDfhpump,TokenzQdBNbLqP5VEhdkAS6EPFLC1PHnBqCXEpPxuEb,https://ipfs.io/ipfs/bafkreibvs5wcobysqmhpzhy5fubok2ydpxp623l3ntxbivcppmtixwt7vy,pumpfun-create-borsh-v1,success
solana:2z1vCD6LYcGaWpvJsooi7ks7dJev6M5GUoLit8jJW19moc918w3NXvoLoz6vJnHhPyDV9pYU13mAWkZkUsJmkj11:2:0,solana-mainnet,pump.fun,2z1vCD6LYcGaWpvJsooi7ks7dJev6M5GUoLit8jJW19moc918w3NXvoLoz6vJnHhPyDV9pYU13mAWkZkUsJmkj11,451621606,1790679488,2,0,FpSEx8HMy6nTY9DYXYNB89nApv36CYXvfnfiRpWaxDhf,TokenzQdBNbLqP5VEhdkAS6EPFLC1PHnBqCXEpPxuEb,https://www.usepayday.xyz/api/public/launches/launch_d98eb325-ccab-4102-b50d-58f630ac1250/metadata.json,pumpfun-create-borsh-v1,success
solana:2aRu2BJc8odJxVJUNBmbCHMQcaU9d2UKVbBw7L42Cke6XZg9pwNkZMDsQbMk5jz8nCXM5UptFQU4apQJ9Sa2iTTf:2:0,solana-mainnet,pump.fun,2aRu2BJc8odJxVJUNBmbCHMQcaU9d2UKVbBw7L42Cke6XZg9pwNkZMDsQbMk5jz8nCXM5UptFQU4apQJ9Sa2iTTf,451621601,1790679487,2,0,EACQ4cSbRxfxHLoyKeh5r2BSxdFsLGqh1f3HcTrupump,TokenzQdBNbLqP5VEhdkAS6EPFLC1PHnBqCXEpPxuEb,https://ipfs.io/ipfs/QmQMcDogGdzU7fCTZabmduy4NVq9zgUgPgHb3hMMbzxtFn,pumpfun-create-borsh-v1,success
solana:3bMh4qo8bHTqDJ6sysoYZ5rFL4XcPYJwGrQY8W4qHYXiDE4dRxKyzfXn3aBAP18qureCf5fryvS1zU9P4DhQKZtx:2:0,solana-mainnet,pump.fun,3bMh4qo8bHTqDJ6sysoYZ5rFL4XcPYJwGrQY8W4qHYXiDE4dRxKyzfXn3aBAP18qureCf5fryvS1zU9P4DhQKZtx,451621584,1790679482,2,0,vP28PmGb16Qfj9x6ztJu94nScGK7i2LcMcYW1Qnpump,TokenzQdBNbLqP5VEhdkAS6EPFLC1PHnBqCXEpPxuEb,https://ipfs.io/ipfs/bafkreic6c4s7ozcscntqrd4pmc5vyfpvu2qygab7abzdvlelabnyf5grvq,pumpfun-create-borsh-v1,success
solana:P2R3CKrHmUbcCE48HTwC5htxgiRQ9HP6GYuNUdD4NTyVwX5WV3HpyTwkf4v1ZkjFVbvjWxZHpCqwLfkb2zCpc1y:2:0,solana-mainnet,pump.fun,P2R3CKrHmUbcCE48HTwC5htxgiRQ9HP6GYuNUdD4NTyVwX5WV3HpyTwkf4v1ZkjFVbvjWxZHpCqwLfkb2zCpc1y,451621577,1790679480,2,0,7rDaND5Gc4FWC2cpn71Eo7fJnsMuavYRGUSPqxF8pump,TokenzQdBNbLqP5VEhdkAS6EPFLC1PHnBqCXEpPxuEb,https://ipfs.io/ipfs/QmPHZFjSrJp1ozJTmpmtTiTCEgv3UgkSds5DUfYLXHnp4o,pumpfun-create-borsh-v1,success
solana:u2tq9MCqm7DqqWK8kTPv3eWbQWhf7TK5LtqNvLRcwFphNFVvxzm827UfvKsymDb8RLgd2jDkgj49ry5QAcAFeeJ:2:0,solana-mainnet,pump.fun,u2tq9MCqm7DqqWK8kTPv3eWbQWhf7TK5LtqNvLRcwFphNFVvxzm827UfvKsymDb8RLgd2jDkgj49ry5QAcAFeeJ,451621527,1790679467,2,0,FxSQk1pztqTqYE7KVS84VBG3jZeDfp2GmSgYfbM8pump,TokenzQdBNbLqP5VEhdkAS6EPFLC1PHnBqCXEpPxuEb,https://ipfs.io/ipfs/QmPy41u5rNVnbAeJdMLjoHSJd7nkDbVENVBTcx7JhcZQny,pumpfun-create-borsh-v1,success
solana:4iXcdf6f45PccB2togWXx3GmLVCxAGRUFXfD9vkXz1gu8JtdYQ87Ks3zSV8Fno3g88mNxivptkK5vZeBjecGLbKe:2:0,solana-mainnet,pump.fun,4iXcdf6f45PccB2togWXx3GmLVCxAGRUFXfD9vkXz1gu8JtdYQ87Ks3zSV8Fno3g88mNxivptkK5vZeBjecGLbKe,451621526,1790679467,2,0,3hwRyF7dJUzLbjZF88xFEj3towakm1xVAER2Y6sHTiMe,TokenzQdBNbLqP5VEhdkAS6EPFLC1PHnBqCXEpPxuEb,https://pump.mypinata.cloud/ipfs/bafkreif5kmqecf27x25sgsrvp3wcz4rxpatsqhpu6odnflgl3l4opwksv4,pumpfun-create-borsh-v1,success
solana:2tYqwzZvDdmrURw4p5LCN7U3vVT9kiSEnkiL7Wgn9p5z7tL4NreWbzyi5s2a3pbVbYPEufo2B3PkgJzB8dHBD6Fe:2:0,solana-mainnet,pump.fun,2tYqwzZvDdmrURw4p5LCN7U3vVT9kiSEnkiL7Wgn9p5z7tL4NreWbzyi5s2a3pbVbYPEufo2B3PkgJzB8dHBD6Fe,451621513,1790679463,2,0,FNdRxhBt4thWVBJqr9UB5apqjtgFJWZ9W2SxhetJpump,TokenzQdBNbLqP5VEhdkAS6EPFLC1PHnBqCXEpPxuEb,https://ipfs.io/ipfs/QmcaZjrZzAvrLpkfJsaksCGwVWdXEQ2QwRMChf4sYLTncx,pumpfun-create-borsh-v1,success
solana:5ZmJXDBsbQw3QxhjcMBoAqdrbf4cJ4pJn5h3CJvFWisVUYTUdRy1LkRTC7j4yCFmRrfe5vsNNzkn9gvwWCFUacrk:2:0,solana-mainnet,pump.fun,5ZmJXDBsbQw3QxhjcMBoAqdrbf4cJ4pJn5h3CJvFWisVUYTUdRy1LkRTC7j4yCFmRrfe5vsNNzkn9gvwWCFUacrk,451621489,1790679457,2,0,BKz41eN9nD89jEVHGyGkihJwtJYbDZPzFSjkBjPxpump,TokenzQdBNbLqP5VEhdkAS6EPFLC1PHnBqCXEpPxuEb,https://ipfs.io/ipfs/QmbC95LwK6KD85ZECwgBxhq8wsorSPGhwKuLqTL2B7hWgw,pumpfun-create-borsh-v1,success
solana:4mrVR3qxsQvEHmbakWUkkC8j4PBPXrvpkxqamxfmh8R3KGncVhQR2pvPXypQ6DNAJLTKp2WyzoWmRCxcuBBqd5Ej:3:0,solana-mainnet,pump.fun,4mrVR3qxsQvEHmbakWUkkC8j4PBPXrvpkxqamxfmh8R3KGncVhQR2pvPXypQ6DNAJLTKp2WyzoWmRCxcuBBqd5Ej,451621472,1790679453,3,0,5yCCX9azHGJAsQKMTSzDptPSmnWMZ5hLXo7Jzz7Cpump,TokenzQdBNbLqP5VEhdkAS6EPFLC1PHnBqCXEpPxuEb,https://ipfs.io/ipfs/bafkreiaz6msnh7fbo3ggkfj4dne63xknz5njqfgqb44btuvsp52ky63b7u,pumpfun-create-borsh-v1,success
solana:3skVoB3RetbLu4ZV5uny5m9jHDTVEjJp2ijqCJoEVPj9GbP2bYPR4QKxdSyiXVu3VW89hpNeb9Pu1L2KNVR7QGwt:2:0,solana-mainnet,pump.fun,3skVoB3RetbLu4ZV5uny5m9jHDTVEjJp2ijqCJoEVPj9GbP2bYPR4QKxdSyiXVu3VW89hpNeb9Pu1L2KNVR7QGwt,451621455,1790679448,2,0,FAxPu1GoajV7Fd6hMYV8BuYd23LqhTiePQcgijBqpump,TokenzQdBNbLqP5VEhdkAS6EPFLC1PHnBqCXEpPxuEb,https://metadata.bloombot.app/5f5fb67a-ee93-41e0-aef8-6ea791027f10.json,pumpfun-create-borsh-v1,success
solana:2BTaTfD1abMq4isdvuTiUUezpf1uquwDfSuL1hvfEBhzBfUrG1DhbsR7ucE9MVVdfwboRfHwq8SfJUPYSGHLkcXi:2:0,solana-mainnet,pump.fun,2BTaTfD1abMq4isdvuTiUUezpf1uquwDfSuL1hvfEBhzBfUrG1DhbsR7ucE9MVVdfwboRfHwq8SfJUPYSGHLkcXi,451621452,1790679447,2,0,2kMxFP5ps6vLJrsUKBG5qiceu4PpYe2QAUaPah5upump,TokenzQdBNbLqP5VEhdkAS6EPFLC1PHnBqCXEpPxuEb,https://ipfs.io/ipfs/bafkreibrjitp352qcphsnrr6u6vscrlmhtusu4aydpe4bwes7zy3gmsgy4,pumpfun-create-borsh-v1,success
solana:5yep1BTXQAEZa2ekeacvb6QWk8AheYTaQcHLPYqy51wKn6EWLXEGAkKknTNb1PiZYETqdcqvGpCdmxviu2eDRT7e:2:0,solana-mainnet,pump.fun,5yep1BTXQAEZa2ekeacvb6QWk8AheYTaQcHLPYqy51wKn6EWLXEGAkKknTNb1PiZYETqdcqvGpCdmxviu2eDRT7e,451621450,1790679447,2,0,5Jt1N8PqsACkCDrMiGsmBzVTXt4BDWnSfbv87rFWpump,TokenzQdBNbLqP5VEhdkAS6EPFLC1PHnBqCXEpPxuEb,https://ipfs.io/ipfs/bafkreifpgrxzpvy2yd5mxoyvprvmz4xffwjzpn2yw2ph34vfceso76dn74,pumpfun-create-borsh-v1,success
solana:5wT1ABGDNzB9gkUKjoqbSS1CYDmUekDJr1sWkMYcGvQtC6SkqxsFA2Wg7KHLF4fxpSPABRoK2ZPQYBiZkgP6DarT:2:0,solana-mainnet,pump.fun,5wT1ABGDNzB9gkUKjoqbSS1CYDmUekDJr1sWkMYcGvQtC6SkqxsFA2Wg7KHLF4fxpSPABRoK2ZPQYBiZkgP6DarT,451621436,1790679443,2,0,9NKmTzVodMJJGc4fkAeTf2umN6NpZtUw7Swt6p8Jpump,TokenzQdBNbLqP5VEhdkAS6EPFLC1PHnBqCXEpPxuEb,https://metadata.j7tracker.io/metadata/jxSRSQNvwU.json,pumpfun-create-borsh-v1,success
solana:3NsS2bRFuQ33Z5psnneufKfnxjXcd34DJx52ooZwh59TY9p1MysfcLpUUirBhV8g5nN8Rrfz1wVwdFcw3y47ZA7a:2:0,solana-mainnet,pump.fun,3NsS2bRFuQ33Z5psnneufKfnxjXcd34DJx52ooZwh59TY9p1MysfcLpUUirBhV8g5nN8Rrfz1wVwdFcw3y47ZA7a,451621413,1790679437,2,0,4wTV1YmiEkRvAtNtsSGPtUrqRYQMe5SKy2uB4Jjaxnjf,ATokenGPvbdGVxr1b2hvZbsiqW5xWH25efTNsLJA8knL,"  ",pumpfun-create-borsh-v1,success
solana:itzNLqHtXvH4tPLpWb5KPtatZavC2RpMenG22XUwJR24MCmuMTStdLX3p9zUQ8kBa7qB2htYmuX3YAU6YmWGRD2:2:0,solana-mainnet,pump.fun,itzNLqHtXvH4tPLpWb5KPtatZavC2RpMenG22XUwJR24MCmuMTStdLX3p9zUQ8kBa7qB2htYmuX3YAU6YmWGRD2,451621387,1790679430,2,0,Ejkn6d1peEfBZJsQisVRnG1SpVb66KwXqMR2GhfMpump,TokenzQdBNbLqP5VEhdkAS6EPFLC1PHnBqCXEpPxuEb,https://ipfs.io/ipfs/QmdhXHaZHQpzVnW4gCJ3AEbziDVHJV4SvdSTVyqboHaB3A,pumpfun-create-borsh-v1,success
solana:4LPTiyfAUXeJijGhHkbhrtoSG7nfJnVux57R83eS1k3zs9ooTTvYwWuseZX2R7uZPmnx8szbchh2mZFpvTa9tXD2:2:0,solana-mainnet,pump.fun,4LPTiyfAUXeJijGhHkbhrtoSG7nfJnVux57R83eS1k3zs9ooTTvYwWuseZX2R7uZPmnx8szbchh2mZFpvTa9tXD2,451621384,1790679429,2,0,FxuXvbzvXiYZW3a34LtEW221HwjDBbyY57Vdu7mJpump,TokenzQdBNbLqP5VEhdkAS6EPFLC1PHnBqCXEpPxuEb,https://ipfs.io/ipfs/bafkreia4vcwbyjn4l6q2imtleb3xets23kwcgx3y544qa4xqjrl7g3so3e,pumpfun-create-borsh-v1,success
solana:5u9Udv3Li98X3TgtEqVJ1FGXJaGGsyyLiQpHA5NhhSyNcoEw1m5g7Ga7C4f8sSvBcfSt5M9sZiymQUeiArQ7VJDF:2:0,solana-mainnet,pump.fun,5u9Udv3Li98X3TgtEqVJ1FGXJaGGsyyLiQpHA5NhhSyNcoEw1m5g7Ga7C4f8sSvBcfSt5M9sZiymQUeiArQ7VJDF,451621381,1790679428,2,0,Hjx1ze9U8wvXQuj4r9NKhTNVr8XBuJJsq3eK21b3pump,TokenzQdBNbLqP5VEhdkAS6EPFLC1PHnBqCXEpPxuEb,https://ipfs.io/ipfs/QmPHZFjSrJp1ozJTmpmtTiTCEgv3UgkSds5DUfYLXHnp4o,pumpfun-create-borsh-v1,success
solana:549aM7uPyw1ifTE9yJFNE12jxDQrk1CWG6s4xwcf1u1wUaETqFZ3wHCTBX48w2w8XEk8KjGKBExyby84tigRnNVP:0:0,solana-mainnet,pump.fun,549aM7uPyw1ifTE9yJFNE12jxDQrk1CWG6s4xwcf1u1wUaETqFZ3wHCTBX48w2w8XEk8KjGKBExyby84tigRnNVP,451621378,1790679427,0,0,Ckhwb4rNwTdURa1P4aBwJDqUN5NCw9zxfBnWcCpB5ohD,TokenzQdBNbLqP5VEhdkAS6EPFLC1PHnBqCXEpPxuEb,https://metadata.j7tracker.io/metadata/YUP7QJZTLB.json,pumpfun-create-borsh-v1,success
solana:3UnRaEBtDxRJcmZZ3s4cY3KNfzhoqnbJa5Y9d4Wjw68v17MNTUEpMnhNDQg591oNBzcwZJJK2UtyGZce6UbZUE7S:2:0,solana-mainnet,pump.fun,3UnRaEBtDxRJcmZZ3s4cY3KNfzhoqnbJa5Y9d4Wjw68v17MNTUEpMnhNDQg591oNBzcwZJJK2UtyGZce6UbZUE7S,451621378,1790679427,2,0,2tqQnCDQCNu9bNprVJyQ5NjsK4NXuHMFbzMdRUXDpump,TokenzQdBNbLqP5VEhdkAS6EPFLC1PHnBqCXEpPxuEb,https://ipfs.io/ipfs/QmdaepiR3tLibgdLQEorobCuCwq4UfUGBk3NV2j7f9ofGq,pumpfun-create-borsh-v1,success
solana:ANMVQ1FPUQzZGV8QP4vBQ2ZU62sZ3eowjWoM5MjCXWAg4NCxFiGk8ZKaypUqTczoSVe8p7bMgTDpJwcMK3rGxAK:2:0,solana-mainnet,pump.fun,ANMVQ1FPUQzZGV8QP4vBQ2ZU62sZ3eowjWoM5MjCXWAg4NCxFiGk8ZKaypUqTczoSVe8p7bMgTDpJwcMK3rGxAK,451621376,1790679427,2,0,ChtWk9g3MyJ8QdXL8Eekp1n7YvJ8DCGbYemkbJH4he1M,TokenzQdBNbLqP5VEhdkAS6EPFLC1PHnBqCXEpPxuEb,https://metadata.j7tracker.io/metadata/YUP7QJZTLB.json,pumpfun-create-borsh-v1,success
solana:3dsoQgfWq9GQVXvAjWqB6GNvEpbvYuwrzRi95p2AQB4crvKVQN28K8abEWEikESUxwNCQW1wgGER13VAYDnFsdWM:2:0,solana-mainnet,pump.fun,3dsoQgfWq9GQVXvAjWqB6GNvEpbvYuwrzRi95p2AQB4crvKVQN28K8abEWEikESUxwNCQW1wgGER13VAYDnFsdWM,451621332,1790679415,2,0,8zxEBY5Jvm5oBt1dPSc4dsK1ZwVvtWN87sgEkCB8rUcq,TokenzQdBNbLqP5VEhdkAS6EPFLC1PHnBqCXEpPxuEb,https://ipfs.io/ipfs/bafkreihm2qpwle73vvs2gb3kxfhkl7t6y2x6qxyguwht2ybdybtssktloq,pumpfun-create-borsh-v1,success
solana:3ewTA2qKKm1VPQRBQXt5DUpLgfpENwP4R3imbgw9xrjp81tXu4cQpJZxnRBqZhVofmpEus6HEN2qnbP21bw8paZT:2:0,solana-mainnet,pump.fun,3ewTA2qKKm1VPQRBQXt5DUpLgfpENwP4R3imbgw9xrjp81tXu4cQpJZxnRBqZhVofmpEus6HEN2qnbP21bw8paZT,451621324,1790679412,2,0,7MWf56yd1Kq6VUAp5h7cTdd8j1E2x8c8TpZrKGRwpump,TokenzQdBNbLqP5VEhdkAS6EPFLC1PHnBqCXEpPxuEb,https://ipfs.io/ipfs/bafkreihugmcx2li3ixwc5r6clm3srbpzqrfaskgwfyxs5jpxrlo5ocp5o4,pumpfun-create-borsh-v1,success
solana:5UkWMuTUiyiBjBFs2wvUACiCKzHWpncUudGZAzCvsixRH4mqYoxHfCCAKBbqxe13e9YhkFifXkeaW9X7sxgQCRLJ:2:0,solana-mainnet,pump.fun,5UkWMuTUiyiBjBFs2wvUACiCKzHWpncUudGZAzCvsixRH4mqYoxHfCCAKBbqxe13e9YhkFifXkeaW9X7sxgQCRLJ,451621324,1790679412,2,0,KGHvimKE87d3Ths9mtE3CbdJzz2z89oiz6h3YGWK2Gk,TokenzQdBNbLqP5VEhdkAS6EPFLC1PHnBqCXEpPxuEb,https://ipfs.io/ipfs/bafkreietamzotlonnvrfwfwem6w2wqebaoey35lc6bmhy75qn3rn3sdz34,pumpfun-create-borsh-v1,success
solana:77YkXV6XbJxkShJSuGxGEB8FEWeqNMv6wcLDEvA9Q1wx9RKVN9XgkoaPuNhabctjbguVydLnFbHbxzi14oTr77D:2:0,solana-mainnet,pump.fun,77YkXV6XbJxkShJSuGxGEB8FEWeqNMv6wcLDEvA9Q1wx9RKVN9XgkoaPuNhabctjbguVydLnFbHbxzi14oTr77D,451621294,1790679405,2,0,FiJGfpuTEJh66A8wutoM44aimFMwDqM3QC3ZVJeHpump,TokenzQdBNbLqP5VEhdkAS6EPFLC1PHnBqCXEpPxuEb,https://ipfs.io/ipfs/QmVQ8WZ1oZEhuVgV99vwrPC9L5JAdcd39Ct5MTDf9CeEN6,pumpfun-create-borsh-v1,success
solana:5wagJLwF8LTzq6vR3JrSdFJHYy7PuYmeybqKrcibSDK8nePjwXrhyLzESZrVcLtDxHUPBnWCuf3GRDqUTMuRK4Wy:2:0,solana-mainnet,pump.fun,5wagJLwF8LTzq6vR3JrSdFJHYy7PuYmeybqKrcibSDK8nePjwXrhyLzESZrVcLtDxHUPBnWCuf3GRDqUTMuRK4Wy,451621276,1790679400,2,0,Fw85RLrupzhC4pFhbCT4onGsny4NsqawFV4H1bdxqLq2,TokenzQdBNbLqP5VEhdkAS6EPFLC1PHnBqCXEpPxuEb,https://ipfs.io/ipfs/bafkreig322dwpocpxlz74cv7mrnsipbl4i5qhltifkxth6g7rugyd6m63i,pumpfun-create-borsh-v1,success
solana:JCcuUZqtfZcrrsSyisjnEaLuBghbFgNFrvHZ8jrtW6znEP63cXwyUZTkS5hC9sUQBHTLRyfwU4aSNuU9oDw1hgp:2:0,solana-mainnet,pump.fun,JCcuUZqtfZcrrsSyisjnEaLuBghbFgNFrvHZ8jrtW6znEP63cXwyUZTkS5hC9sUQBHTLRyfwU4aSNuU9oDw1hgp,451621227,1790679387,2,0,BrQ7rxNegNBqSrfnVNafJdFifWWwbtirT6KwHrH9pump,TokenzQdBNbLqP5VEhdkAS6EPFLC1PHnBqCXEpPxuEb,https://ipfs.io/ipfs/QmNZtDikEoL3Cf3diYELigwoLP3AtdwzqE6dAi4R5HcBkA,pumpfun-create-borsh-v1,success
solana:2TvRfeoXTrS4vzk7utU3kpXRojLejr2fXgpy9bGtQayyvfnFsxvL8eYvCJUaLB3dDCcVv8VAXhDy7A9NjknY5hkt:2:0,solana-mainnet,pump.fun,2TvRfeoXTrS4vzk7utU3kpXRojLejr2fXgpy9bGtQayyvfnFsxvL8eYvCJUaLB3dDCcVv8VAXhDy7A9NjknY5hkt,451621219,1790679385,2,0,4Co8rmfxMtDZqf4riQc9QfPqTFDjZnu4aLUQZJRPbiQa,TokenzQdBNbLqP5VEhdkAS6EPFLC1PHnBqCXEpPxuEb,https://metadata.j7tracker.io/metadata/c40QrSq5LZ.json,pumpfun-create-borsh-v1,success
solana:56Q3zycgEVJKKbL1RrnewRY2wVLZEw6tt6Kj6dS2zLyJFWdNE6r1Nkj6rwGs3ipgp5SeWAnbJggvSUeqE6HFaUQy:0:0,solana-mainnet,pump.fun,56Q3zycgEVJKKbL1RrnewRY2wVLZEw6tt6Kj6dS2zLyJFWdNE6r1Nkj6rwGs3ipgp5SeWAnbJggvSUeqE6HFaUQy,451621197,1790679379,0,0,ntT6SrZrQCwVX1dcpRNgDXsh5E63eGpuXcp2gEfpump,TokenzQdBNbLqP5VEhdkAS6EPFLC1PHnBqCXEpPxuEb,https://ipfs.io/ipfs/bafkreihdyqnwvf6cbpraz6tngpl5cfzaljtwnd2i7avb2uqhksseyaxok4,pumpfun-create-borsh-v1,success
solana:43y8aspd6oDCWg7RgeW8R2SQZp8giJrz48Qnoqy96WzAqxhTACYiocuHuSdBHDuVoNAvP4gkJzwGp3QT5foHm5LC:2:0,solana-mainnet,pump.fun,43y8aspd6oDCWg7RgeW8R2SQZp8giJrz48Qnoqy96WzAqxhTACYiocuHuSdBHDuVoNAvP4gkJzwGp3QT5foHm5LC,451621173,1790679372,2,0,3LSjtQSPZ78oWJVbWBVazt5cDXn6wYoRLnpr3uA7pump,TokenzQdBNbLqP5VEhdkAS6EPFLC1PHnBqCXEpPxuEb,https://ipfs.io/ipfs/QmeBcKCFNFkiKQce6139vwpgorbN4LbNYXCkJMMaDi1UQm,pumpfun-create-borsh-v1,success
solana:ECVAkXDVbkN41Ryht5tmf7EjNbk5homDhMq12ADJyKkL6d9DUafjyFntnghx3mhRuK5kFHiWV1PD2cfVUjnVwnA:2:0,solana-mainnet,pump.fun,ECVAkXDVbkN41Ryht5tmf7EjNbk5homDhMq12ADJyKkL6d9DUafjyFntnghx3mhRuK5kFHiWV1PD2cfVUjnVwnA,451621165,1790679370,2,0,Ax7AMkJ3UxwBWs2WKGpcNDqoq49R9PXRZZnp9sX1pump,TokenzQdBNbLqP5VEhdkAS6EPFLC1PHnBqCXEpPxuEb,https://ipfs.io/ipfs/bafkreic6lwtwx3n6eo5d3egycqnwq4h7xxb5sc2jqu3qyqxgd62a5abmia,pumpfun-create-borsh-v1,success
solana:3dyns7wfLpzQ9uWfBguVB17PUoxynvUYP4U8BvYVgaZ7U5wnzgp1G9TUabQHL727Vktr67UU58KbUSPZ1xAiGPHD:2:0,solana-mainnet,pump.fun,3dyns7wfLpzQ9uWfBguVB17PUoxynvUYP4U8BvYVgaZ7U5wnzgp1G9TUabQHL727Vktr67UU58KbUSPZ1xAiGPHD,451621152,1790679366,2,0,Fqc9meNCs1B5dKFXka1bq7757qDNdkwxxfv1DVJpump,TokenzQdBNbLqP5VEhdkAS6EPFLC1PHnBqCXEpPxuEb,https://ipfs.io/ipfs/QmSdLawV4RpHE2mTLUrZwb3nbDdZTVtaAxj9MDQ8mu3nqT,pumpfun-create-borsh-v1,success
solana:3PBFfiN8TqixxTMDo5XFunRsgAf4mHELKXeLWcFRKJ3UV5PoLRcrnr1tMx3Jvu2ynrfvFnVmUdwLCMYLRBFHzAoj:2:0,solana-mainnet,pump.fun,3PBFfiN8TqixxTMDo5XFunRsgAf4mHELKXeLWcFRKJ3UV5PoLRcrnr1tMx3Jvu2ynrfvFnVmUdwLCMYLRBFHzAoj,451621147,1790679365,2,0,AFiHL9tnHaaHgGr7nWuHoKPd8ZjhFuP4UZwwo6sypump,TokenzQdBNbLqP5VEhdkAS6EPFLC1PHnBqCXEpPxuEb,https://ipfs.io/ipfs/bafkreie5orydmxceaktvtd26nbggfh3vrw3sv34v3ynzddpibyo2rgsw4u,pumpfun-create-borsh-v1,success
solana:3yQq759T3DeJgPdm8j4bS32Znxzn2bgQZeip4oSFJHushsSTXQ4i5jnrui5UApfBXoSKbbxZ4ChhyoSveyxEz4Y3:2:0,solana-mainnet,pump.fun,3yQq759T3DeJgPdm8j4bS32Znxzn2bgQZeip4oSFJHushsSTXQ4i5jnrui5UApfBXoSKbbxZ4ChhyoSveyxEz4Y3,451621101,1790679352,2,0,4wTV1YmiEkRvAtNtsSGPtUrqRYQMe5SKy2uB4Jjaxnjf,ATokenGPvbdGVxr1b2hvZbsiqW5xWH25efTNsLJA8knL,"                         O       y      	  ",pumpfun-create-borsh-v1,success
solana:2ikBc7dfhRKxSmFQ8s6isYj5HcxjGMSLp9agjFLf61mXEgbPiPQfEnWNUAegMr5xnx7EKe87WbGVi9nLJUqbAGPk:2:0,solana-mainnet,pump.fun,2ikBc7dfhRKxSmFQ8s6isYj5HcxjGMSLp9agjFLf61mXEgbPiPQfEnWNUAegMr5xnx7EKe87WbGVi9nLJUqbAGPk,451621096,1790679351,2,0,14XGMb1r2yzTGYRbBYUCKJN5gthFLcRD2sz294CWpump,TokenzQdBNbLqP5VEhdkAS6EPFLC1PHnBqCXEpPxuEb,https://ipfs.io/ipfs/bafkreiagytyiqb2q3srhsbje7tuhc6rfczsplddndgz6s3umsac2svekm4,pumpfun-create-borsh-v1,success
solana:vATdnRBRpjXGfg4gBZmN9jn889LJTZB19AmFtThk8dBa33gCEuZBuZASB4xEAGtazTMESD5E9MiioMkCGmYpQ4Q:2:0,solana-mainnet,pump.fun,vATdnRBRpjXGfg4gBZmN9jn889LJTZB19AmFtThk8dBa33gCEuZBuZASB4xEAGtazTMESD5E9MiioMkCGmYpQ4Q,451621087,1790679348,2,0,fFqdxgcedYf3Qf5LA1oDnAQCA8oRQNE4uNPYPJYpump,TokenzQdBNbLqP5VEhdkAS6EPFLC1PHnBqCXEpPxuEb,https://ipfs.io/ipfs/QmWEyMbgtEffv1BxrS73ZEnbHmH287VBHjS4yPU3scgH6M,pumpfun-create-borsh-v1,success
solana:PwZ7iWpuBJgmThAFHDxcw8eYdKEEW7K4tqPycj7wBuecRpW2m6fi8G1nVUAhB2gWCmUwFtrp6bBF3yNmvvqNFLN:0:0,solana-mainnet,pump.fun,PwZ7iWpuBJgmThAFHDxcw8eYdKEEW7K4tqPycj7wBuecRpW2m6fi8G1nVUAhB2gWCmUwFtrp6bBF3yNmvvqNFLN,451621082,1790679347,0,0,46DfgSzYYL9TR37emwLsnvKUrPGaMvK17qNvVXvCpump,TokenzQdBNbLqP5VEhdkAS6EPFLC1PHnBqCXEpPxuEb,https://pump.mypinata.cloud/ipfs/bafkreigap3hd6i6ro5tiaottyf3x4vo6gnp3pskqdejw4spjeqdr36wqjm,pumpfun-create-borsh-v1,success
solana:62K6evjhfJwqQUFtxWrXsRQ5Nu2XSPZ3Fq9WCWwshzwnn3u1xXjEGrDqf9HFDsDb9jNTm5WpbytjN8H1kfvgzYPw:2:0,solana-mainnet,pump.fun,62K6evjhfJwqQUFtxWrXsRQ5Nu2XSPZ3Fq9WCWwshzwnn3u1xXjEGrDqf9HFDsDb9jNTm5WpbytjN8H1kfvgzYPw,451621075,1790679345,2,0,8JqTQHAu47Xr2wTduimvx5jbe4XaU7CmkbxeMztUpump,TokenzQdBNbLqP5VEhdkAS6EPFLC1PHnBqCXEpPxuEb,https://ipfs.io/ipfs/bafkreigxhk6wbu4u75ilbb436im7hjcinkdnva6eiq5nz3tbf3ure44h6m,pumpfun-create-borsh-v1,success
solana:HmKGRkFRxg8YV3Hq9LAZRWo1uBZBKDF9ESc8UE8NqMBh3jmNQuVSrjYRJ9Nmdw9hGp2K48xsgNi99RbgvwYYMqJ:2:0,solana-mainnet,pump.fun,HmKGRkFRxg8YV3Hq9LAZRWo1uBZBKDF9ESc8UE8NqMBh3jmNQuVSrjYRJ9Nmdw9hGp2K48xsgNi99RbgvwYYMqJ,451621040,1790679336,2,0,J7grhH8daYQ2Pny13H54Xmqu1yK33qNtjJitT6gBpump,TokenzQdBNbLqP5VEhdkAS6EPFLC1PHnBqCXEpPxuEb,https://ipfs.io/ipfs/QmPHZFjSrJp1ozJTmpmtTiTCEgv3UgkSds5DUfYLXHnp4o,pumpfun-create-borsh-v1,success
solana:3H37bCt7DD83fD9ghDzoqqPLBwoEnfJyh4BBexvbYvJZtZtmmjktAqoZagYs1epFFkbVNpoLx5UoLuHtnG5WV6BU:2:0,solana-mainnet,pump.fun,3H37bCt7DD83fD9ghDzoqqPLBwoEnfJyh4BBexvbYvJZtZtmmjktAqoZagYs1epFFkbVNpoLx5UoLuHtnG5WV6BU,451621018,1790679330,2,0,C2d4rzLejk82gtLy4oXrcH54E41birU4uhH5SaV4pump,TokenzQdBNbLqP5VEhdkAS6EPFLC1PHnBqCXEpPxuEb,https://ipfs.io/ipfs/QmefULKzTt3cTZHG5RoU2r4ZtzMASWXASHsWHiFVJawsPj,pumpfun-create-borsh-v1,success
solana:3hpiYnUSomJ42YM925a7GHsw3Di7bD4fgmUorxctT6csUsxGxp7tzGwMSorhumt6Gc5xSgEFejZ2tdXM5Wd9qEBv:0:0,solana-mainnet,pump.fun,3hpiYnUSomJ42YM925a7GHsw3Di7bD4fgmUorxctT6csUsxGxp7tzGwMSorhumt6Gc5xSgEFejZ2tdXM5Wd9qEBv,451621009,1790679328,0,0,4EzcmdrYRHTphn6tTSKnLVawT52mQ4uZYdStbuPQFXgS,TokenzQdBNbLqP5VEhdkAS6EPFLC1PHnBqCXEpPxuEb,https://ipfs.io/ipfs/bafkreih33sy3jnxzrvj2hx6qkvgu6hejjpepud4ewnsuzzkhtkcmr6g3au,pumpfun-create-borsh-v1,success
solana:8ZsLBoF65kfo7mJ5FQ8aYc75p3cVQPBFEg3GT27Nudc7eiZ15BkMSxf5H3MhzEb5Mvpqr83xMBDhderiUoBEpDC:2:0,solana-mainnet,pump.fun,8ZsLBoF65kfo7mJ5FQ8aYc75p3cVQPBFEg3GT27Nudc7eiZ15BkMSxf5H3MhzEb5Mvpqr83xMBDhderiUoBEpDC,451620987,1790679322,2,0,ELvfQydq4t6zzrGVBfjGWsTQ3aZPsNZY4avB95Sjpump,TokenzQdBNbLqP5VEhdkAS6EPFLC1PHnBqCXEpPxuEb,https://ipfs.io/ipfs/Qmcn5y2X6Aq5ZQMauFTA848g2hixGq5dPL9JPt8y9ZFe4N,pumpfun-create-borsh-v1,success
solana:4tbUdryNtmoVCDc5zGeshcVakCrFECApaFTeAT6ZPWWn1ddThZ42UW4HPEZZ71LP5cifYXjsEvi1ZHCVEdGQpwWx:1:0,solana-mainnet,pump.fun,4tbUdryNtmoVCDc5zGeshcVakCrFECApaFTeAT6ZPWWn1ddThZ42UW4HPEZZ71LP5cifYXjsEvi1ZHCVEdGQpwWx,451620984,1790679321,1,0,GpgSZooC29LGhTDgBJwXQdFEDek68wkrkGV2sNEfvyAH,TokenzQdBNbLqP5VEhdkAS6EPFLC1PHnBqCXEpPxuEb,https://ipfs.io/ipfs/bafkreiafmvoocwkvopifpizgbmijqpd54cy4i7d53qx6a2mpydw67xrgeu,pumpfun-create-borsh-v1,success
solana:5Sk3T8uPoGrcx9sAfZPv7FwzwpUJq1HiM5Yn1N2eHNQPZTLRNRAfpS6dr8cbnSNvWPqRaz1isXQms2xmHnGXr7mD:2:0,solana-mainnet,pump.fun,5Sk3T8uPoGrcx9sAfZPv7FwzwpUJq1HiM5Yn1N2eHNQPZTLRNRAfpS6dr8cbnSNvWPqRaz1isXQms2xmHnGXr7mD,451620972,1790679318,2,0,A9zKSxoPXPs1HzMpwyrdPMNkLBiBnWXgWNcPEgzfpump,TokenzQdBNbLqP5VEhdkAS6EPFLC1PHnBqCXEpPxuEb,https://ipfs.io/ipfs/bafkreib4k5egzwskqrebctrzwdrz4byjfsdh6blvj5t5uf3wfkkbvh5p2y,pumpfun-create-borsh-v1,success
solana:3fLQfRA45PDLki8mzgdb17sS91qsVJUNQbaZs7bQsafvZYn5M2FwJ9sGCp9Ax7oig7wBRTqH7Lidga7uciHd62YN:0:0,solana-mainnet,pump.fun,3fLQfRA45PDLki8mzgdb17sS91qsVJUNQbaZs7bQsafvZYn5M2FwJ9sGCp9Ax7oig7wBRTqH7Lidga7uciHd62YN,451620963,1790679316,0,0,FPAZiNgBaWGC3dc7WCJJUvYky3Y6yymLusECEkpopump,TokenzQdBNbLqP5VEhdkAS6EPFLC1PHnBqCXEpPxuEb,https://ipfs.io/ipfs/bafkreifbrcrwc4ud4uxxeyq2turfhuns4mvz62hha5nsyv4w5ecvbhzmny,pumpfun-create-borsh-v1,success
solana:37NjDdKzebuM9qfre5Rwu9Yrih2U9GuerE2Fk4iDaDbCcejPo4FQAwjnMwpEZSRvYtPQy7iD9irRio3cFu3W38jo:2:0,solana-mainnet,pump.fun,37NjDdKzebuM9qfre5Rwu9Yrih2U9GuerE2Fk4iDaDbCcejPo4FQAwjnMwpEZSRvYtPQy7iD9irRio3cFu3W38jo,451620962,1790679315,2,0,G16LhE7XSQszB29WcMPQvYQRrcKZXnYb2EuvChiMpump,TokenzQdBNbLqP5VEhdkAS6EPFLC1PHnBqCXEpPxuEb,https://ipfs.io/ipfs/QmdDnWfSurau724nqy96tUNNEaEZcXH8SaGdDD3ft5GsGq,pumpfun-create-borsh-v1,success
solana:3eKyrtkJRhRgGa1L3jPqaHYnc2mmWXSzzeP1xUKLjr5UyaeY6E8JUif5quj9TQeh4PEk3WXvz8oB25gp9UsqNgAu:2:0,solana-mainnet,pump.fun,3eKyrtkJRhRgGa1L3jPqaHYnc2mmWXSzzeP1xUKLjr5UyaeY6E8JUif5quj9TQeh4PEk3WXvz8oB25gp9UsqNgAu,451620959,1790679315,2,0,8xFqN36fzHBRM9cPja4iN7fiBBYokzBAVfx5M6Ncpump,TokenzQdBNbLqP5VEhdkAS6EPFLC1PHnBqCXEpPxuEb,https://ipfs.io/ipfs/QmUDKmvs8Seeg5YkDe1MJSrMbpKU6GaateLCh1WrRFwcdc,pumpfun-create-borsh-v1,success
solana:3cHZQsmPfzxh77vQZg16BZMks7kSkNACdUXapmywvY2zKxMhqmrchstnSBym2w9QBfsPXRhQ5ZhtRDZTxb9SHps3:2:0,solana-mainnet,pump.fun,3cHZQsmPfzxh77vQZg16BZMks7kSkNACdUXapmywvY2zKxMhqmrchstnSBym2w9QBfsPXRhQ5ZhtRDZTxb9SHps3,451620919,1790679304,2,0,nCZUwW4UtBufy3GikmgEVwiabQ3WTMdmZnp9Sqepump,TokenzQdBNbLqP5VEhdkAS6EPFLC1PHnBqCXEpPxuEb,https://ipfs.io/ipfs/QmZg9jBiceyo7Mhy3EmpqvVczQCFGhBJXYagxFQtWdroHN,pumpfun-create-borsh-v1,success
solana:3h1rgnfA95uaKVwn6SGxmrFgbhmdndqMuZoy6WY3S3Vc1vV36SSrXC9WJJJqTGwbEp3YzPiPoBe14KWMTqtrumyJ:2:0,solana-mainnet,pump.fun,3h1rgnfA95uaKVwn6SGxmrFgbhmdndqMuZoy6WY3S3Vc1vV36SSrXC9WJJJqTGwbEp3YzPiPoBe14KWMTqtrumyJ,451620906,1790679301,2,0,5QayVXNujVdDtcgsG6BuKZ2XK7XqqZ6eoBFLiBqNpump,TokenzQdBNbLqP5VEhdkAS6EPFLC1PHnBqCXEpPxuEb,https://ipfs.io/ipfs/QmXMh1MeEM7o8V1DqpbgEca8hxQYQ466YpvTe4AEZrdDTp,pumpfun-create-borsh-v1,success
solana:6ACptVd5f7noaAYKz71LtD39zZi7csWa6KXye2CbYB2osm7jdtSG4mUJTzzSeFbb9uiKmRq2h87GAkjdq8BWqSM:2:0,solana-mainnet,pump.fun,6ACptVd5f7noaAYKz71LtD39zZi7csWa6KXye2CbYB2osm7jdtSG4mUJTzzSeFbb9uiKmRq2h87GAkjdq8BWqSM,451620905,1790679300,2,0,EHzJxhcMF2aYCsAjiDrr79CeowaHQUunLinLajvEpump,TokenzQdBNbLqP5VEhdkAS6EPFLC1PHnBqCXEpPxuEb,https://ipfs.io/ipfs/QmPHZFjSrJp1ozJTmpmtTiTCEgv3UgkSds5DUfYLXHnp4o,pumpfun-create-borsh-v1,success
solana:2o9FWQzK3SsiH4G3Bf7SoXsKj3Mnh4GYLmpKyNrK6KGBg2WBHjrgcYx1yGo8TDw7vzu2yNRUcVrhXFHXJkL1CrFd:2:0,solana-mainnet,pump.fun,2o9FWQzK3SsiH4G3Bf7SoXsKj3Mnh4GYLmpKyNrK6KGBg2WBHjrgcYx1yGo8TDw7vzu2yNRUcVrhXFHXJkL1CrFd,451620893,1790679297,2,0,Ch2oHDxqaC6Xt2AY8bb9mLLxP9UEH1mv54yvxNJZpump,TokenzQdBNbLqP5VEhdkAS6EPFLC1PHnBqCXEpPxuEb,https://ipfs.io/ipfs/QmVz3NxTmzh59R1Lsjb7NPwpZBg3kgFcMBxis9qJpD3sBr,pumpfun-create-borsh-v1,success
solana:N4dRLM4XxJHyoeC9ntAJLdfV1T8n5syRFGkQLeMg7SKxS7RrC1vTcA1udunJCTvfNVUZBuUjXbYu4tmkMx2t4jr:2:0,solana-mainnet,pump.fun,N4dRLM4XxJHyoeC9ntAJLdfV1T8n5syRFGkQLeMg7SKxS7RrC1vTcA1udunJCTvfNVUZBuUjXbYu4tmkMx2t4jr,451620862,1790679289,2,0,4wTV1YmiEkRvAtNtsSGPtUrqRYQMe5SKy2uB4Jjaxnjf,ATokenGPvbdGVxr1b2hvZbsiqW5xWH25efTNsLJA8knL,"    [      ",pumpfun-create-borsh-v1,success
solana:Z7sFcMT586ZrDxQdYtZhEZGw1gfCw8k1P1ayPjonasUYVm1gVLuEhZRxj3Yjv2LaLgknxw4Krk5KTZ1RoVCMLVp:2:0,solana-mainnet,pump.fun,Z7sFcMT586ZrDxQdYtZhEZGw1gfCw8k1P1ayPjonasUYVm1gVLuEhZRxj3Yjv2LaLgknxw4Krk5KTZ1RoVCMLVp,451620824,1790679279,2,0,1vSamUboR6TXekKpZ18WZ6sV4jRjcX7vU5u4mJepump,TokenzQdBNbLqP5VEhdkAS6EPFLC1PHnBqCXEpPxuEb,https://ipfs.io/ipfs/bafkreiebddh7rvepmjbfkgisqln5pt4krgdzjj6u3miyiqqwddqoqnj7va,pumpfun-create-borsh-v1,success
solana:SuQicFSRWCQwFh9noSh2m1eMyDrnrJafXc2hb6aeruyB9NxmubJsYTvcH1UtM5xrZRQ4Pa64qRuHvntXTW2fF2w:2:0,solana-mainnet,pump.fun,SuQicFSRWCQwFh9noSh2m1eMyDrnrJafXc2hb6aeruyB9NxmubJsYTvcH1UtM5xrZRQ4Pa64qRuHvntXTW2fF2w,451620813,1790679276,2,0,2sJTVGgHnDVh9qGT5Rsn2rci8oN7Mia54rwCShkhpump,TokenzQdBNbLqP5VEhdkAS6EPFLC1PHnBqCXEpPxuEb,https://ipfs.io/ipfs/bafkreie33wvxt4j6ffb3nffzmij5lm7vdhm57fcedug2urg3idgb7rpuwu,pumpfun-create-borsh-v1,success
solana:xnhL57mSLZKYVoV9XJcWrRdksBVbqmAemroFmVjUrJzsPpvtJjojXpCwApaiQSnnz5GL8VY23zkrMhRzvu17EY6:1:0,solana-mainnet,pump.fun,xnhL57mSLZKYVoV9XJcWrRdksBVbqmAemroFmVjUrJzsPpvtJjojXpCwApaiQSnnz5GL8VY23zkrMhRzvu17EY6,451620742,1790679258,1,0,4YJ1MHwhMgh4SRvcDscHyPxg4yie6ws1vUEZWDXqpump,TokenzQdBNbLqP5VEhdkAS6EPFLC1PHnBqCXEpPxuEb,https://m.rapidlaunch.io/m/iKAvGtSst,pumpfun-create-borsh-v1,success
solana:38QYWpmrFwpDgrAJWosseTBAYaKiPgwm4576XwqFMEQtgcRdDXjqqnTHkQRzJUqQCYEx4SHiEGonhS3zHLv5kBDJ:2:0,solana-mainnet,pump.fun,38QYWpmrFwpDgrAJWosseTBAYaKiPgwm4576XwqFMEQtgcRdDXjqqnTHkQRzJUqQCYEx4SHiEGonhS3zHLv5kBDJ,451620738,1790679257,2,0,2bjAWjNkxo7yP8BPpCGjZei3UcpprxvGNgHkDgM5pump,TokenzQdBNbLqP5VEhdkAS6EPFLC1PHnBqCXEpPxuEb,https://meta.uxento.io/data/ade5abef-2742-4674-88ac-eb22d48f36a3,pumpfun-create-borsh-v1,success
solana:AZEDZw97FgyLnC6WgbgZ2EYzMvXbZE7M1RYH6QafyZ81u7LTC2As3oaKFFEhzDV71bvfbv5Dzgm4ZvLnCJXenU7:0:0,solana-mainnet,pump.fun,AZEDZw97FgyLnC6WgbgZ2EYzMvXbZE7M1RYH6QafyZ81u7LTC2As3oaKFFEhzDV71bvfbv5Dzgm4ZvLnCJXenU7,451620736,1790679256,0,0,26Q7Bqqo85BJM4z14EQHf13DNGcconeCXLdZjjhcpump,TokenzQdBNbLqP5VEhdkAS6EPFLC1PHnBqCXEpPxuEb,https://storage.googleapis.com/padre-user-content-store/coin-launch-metadata-jVEUGWss15S3OSnQGeDqK9QOJbq1-47bb37af-964d-4b30-9fcb-6a9d48316b69,pumpfun-create-borsh-v1,success
solana:4dxko1PPHYv1WBd2ygs6WNJv7nhP3gVLqvCQuMnPrd9dmgYfP9aj1rjWWNCuDq14G25mrFapKVF8YUSML6yhnD1A:2:0,solana-mainnet,pump.fun,4dxko1PPHYv1WBd2ygs6WNJv7nhP3gVLqvCQuMnPrd9dmgYfP9aj1rjWWNCuDq14G25mrFapKVF8YUSML6yhnD1A,451620709,1790679249,2,0,2SJ2M3irhdJ7CS5BbeZBMvMNQ3X6mNtDSCz3WPHgpump,TokenzQdBNbLqP5VEhdkAS6EPFLC1PHnBqCXEpPxuEb,https://ipfs.io/ipfs/bafkreiba6stej25zodyvo3con36punrkne3o7zdkqdxlqi6pncfimetbue,pumpfun-create-borsh-v1,success
solana:5GmRxwjpmbY5N3ZjATdzJHtQ4tKKXyGYRrdumPvMYsLMALZosW3WY7k4seV2BXGt3VJNuwkEdVwyRr9UDULggVz6:2:0,solana-mainnet,pump.fun,5GmRxwjpmbY5N3ZjATdzJHtQ4tKKXyGYRrdumPvMYsLMALZosW3WY7k4seV2BXGt3VJNuwkEdVwyRr9UDULggVz6,451620705,1790679248,2,0,En7w7CnC38sZZcpWxsUbn3o8tgarNvBNaydGFQFnpump,TokenzQdBNbLqP5VEhdkAS6EPFLC1PHnBqCXEpPxuEb,https://ipfs.io/ipfs/bafkreicu2zj42eorx6a2gsbfv4sn56gvztg2ypgaut3khndqaf5d5uqz3q,pumpfun-create-borsh-v1,success
solana:2F2deQWMZkHu46AoPYqMnQQSFPvXXZjgCGC9YHa8MdDEWhj8iDsMm5ueCbysXZiE6UkJ4jA6uGmLKJ2F5trgs8sY:2:0,solana-mainnet,pump.fun,2F2deQWMZkHu46AoPYqMnQQSFPvXXZjgCGC9YHa8MdDEWhj8iDsMm5ueCbysXZiE6UkJ4jA6uGmLKJ2F5trgs8sY,451620703,1790679247,2,0,9XrTir8sJ4YFUqXEk3HvFi6cw974QYrJC5uj9ckbpump,TokenzQdBNbLqP5VEhdkAS6EPFLC1PHnBqCXEpPxuEb,https://ipfs.io/ipfs/QmNqc6urxhCyKtArcxMUiBMujnTyQbxZUBFpYKTZMBxEcK,pumpfun-create-borsh-v1,success
solana:2wPpDtujpKhHYXpWy7zLx1NSdyC3ayVm5WYFyXVS5tJumxbwLmRyLkvntrcDFob4Ff1PoqZNFuojzfqvBner7Adv:2:0,solana-mainnet,pump.fun,2wPpDtujpKhHYXpWy7zLx1NSdyC3ayVm5WYFyXVS5tJumxbwLmRyLkvntrcDFob4Ff1PoqZNFuojzfqvBner7Adv,451620701,1790679247,2,0,45B98apwHHZYq2uXoq8x4V3KCG3eHKprzTm7QiENpump,TokenzQdBNbLqP5VEhdkAS6EPFLC1PHnBqCXEpPxuEb,https://ipfs.io/ipfs/bafkreiha6foweqpc46lp7fhvssgdwq6rbzkssf5hycegbvyx4fxz4beze4,pumpfun-create-borsh-v1,success
solana:5kgsfRGRwd5Aim2UNXkTQV5UoV2K7uiUKn1DMWa7AAe2j2fZzEfrTFhDeT4hDLDEuNDHm5TwDDtNqRKvF7LovMHL:2:0,solana-mainnet,pump.fun,5kgsfRGRwd5Aim2UNXkTQV5UoV2K7uiUKn1DMWa7AAe2j2fZzEfrTFhDeT4hDLDEuNDHm5TwDDtNqRKvF7LovMHL,451620676,1790679240,2,0,3gW9iNUhd1Dpi7daKFj6MJMqFRJddFWoYXdBzFFhpump,TokenzQdBNbLqP5VEhdkAS6EPFLC1PHnBqCXEpPxuEb,https://ipfs.io/ipfs/bafkreibeht32r6jodixr4ruwyny4f36armzfylbw4yjbspddrchyjj3rc4,pumpfun-create-borsh-v1,success
solana:Ts7i5ZNSUmFbxFudPRJDd3DTDST3MnhxRJ2ep2sgSAzADposxQ5CmtCWzjmbS5vGARSUfUvwHWPpKHvWVztCQ8s:2:0,solana-mainnet,pump.fun,Ts7i5ZNSUmFbxFudPRJDd3DTDST3MnhxRJ2ep2sgSAzADposxQ5CmtCWzjmbS5vGARSUfUvwHWPpKHvWVztCQ8s,451620651,1790679233,2,0,6TpCYuvmLF2yHstA2UmUgXCZUhwNtWHjVPxNWFKPpump,TokenzQdBNbLqP5VEhdkAS6EPFLC1PHnBqCXEpPxuEb,https://ipfs.io/ipfs/bafkreicj7sbsk7gpvu6vwo2ix65fsooztibltgktletbibni6gnzk7cdoa,pumpfun-create-borsh-v1,success
solana:4ujqa45pBZHhS25XtMiJhpDMXy3v2jUHbAM7e5CrecqkiXUyUvKp4HYGyoJ6G8UY7ry5H835bBiHAzVWJ2cdztAG:2:0,solana-mainnet,pump.fun,4ujqa45pBZHhS25XtMiJhpDMXy3v2jUHbAM7e5CrecqkiXUyUvKp4HYGyoJ6G8UY7ry5H835bBiHAzVWJ2cdztAG,451620646,1790679232,2,0,3wXjc1aLKe1jaN15tZ36XooSHqugzSjUHEhcvNk8pump,TokenzQdBNbLqP5VEhdkAS6EPFLC1PHnBqCXEpPxuEb,https://ipfs.io/ipfs/QmZv8yhJkKEAZ7AfDNtKVA66G6oHKysGtgFCjDBFP8CbsG,pumpfun-create-borsh-v1,success
solana:4R87MebUJydHGMzGkWP7VQra6BQWEP2QzJaD1DkdGoixuBubgwQy55pAUVKMcZPy4c1n9cvLa8NbqFqv4D84x2rg:2:0,solana-mainnet,pump.fun,4R87MebUJydHGMzGkWP7VQra6BQWEP2QzJaD1DkdGoixuBubgwQy55pAUVKMcZPy4c1n9cvLa8NbqFqv4D84x2rg,451620643,1790679231,2,0,7juCaSbY2cnJ7sz7WqqKNa3KhGTCsm8KnyB2N9cCpump,TokenzQdBNbLqP5VEhdkAS6EPFLC1PHnBqCXEpPxuEb,https://ipfs.io/ipfs/bafkreibbcj7rloz24e63aeuudc23ca22wcny5e4gp5ouhz3e57fplsohiu,pumpfun-create-borsh-v1,success
solana:4mZufn5H9qLrUwxBkRkMPp6uk8W6ss3nFZWHBVUCpDkDzBCQwidW1MpFDzJSvHPKvCsfLWNvK8eFEpif15DCa3BW:2:0,solana-mainnet,pump.fun,4mZufn5H9qLrUwxBkRkMPp6uk8W6ss3nFZWHBVUCpDkDzBCQwidW1MpFDzJSvHPKvCsfLWNvK8eFEpif15DCa3BW,451620626,1790679226,2,0,Bd8isLJc66zB5SwUFH3UbtjXVSJuBRGvrZCCqc66pump,TokenzQdBNbLqP5VEhdkAS6EPFLC1PHnBqCXEpPxuEb,https://ipfs.io/ipfs/bafkreiabhehapebfdzapb4hly43nh45zp37dbdbkoialo2yysqamhhwqxq,pumpfun-create-borsh-v1,success
solana:4b3qeBwAakHUnwNsmivXNdwxejb8iVYMrvNdJrXfzXaDxMJepUZS474eHseAU3RTmHGdare4y8DMaMm8nmptAc3q:2:0,solana-mainnet,pump.fun,4b3qeBwAakHUnwNsmivXNdwxejb8iVYMrvNdJrXfzXaDxMJepUZS474eHseAU3RTmHGdare4y8DMaMm8nmptAc3q,451620603,1790679220,2,0,4JsTnSqPUVKysfRnqpSx5CVZp5urHevu7VAG7owGpump,TokenzQdBNbLqP5VEhdkAS6EPFLC1PHnBqCXEpPxuEb,https://meta.uxento.io/data/ed079cfc-9260-4268-83a4-bb502fadf9f9,pumpfun-create-borsh-v1,success
solana:5RWeb1sjwX3kgVbopMZyypDZtjsv9QRaAagsdNxro4r2TVTykHhFfWv12j4RH8zVVrJhNBwXxXQaHP6xcBBvXXaF:2:0,solana-mainnet,pump.fun,5RWeb1sjwX3kgVbopMZyypDZtjsv9QRaAagsdNxro4r2TVTykHhFfWv12j4RH8zVVrJhNBwXxXQaHP6xcBBvXXaF,451620600,1790679220,2,0,4J2Sgaw4CF8Aqd2JTSXp7PGToYQxFfdhmV6bZcAHpump,TokenzQdBNbLqP5VEhdkAS6EPFLC1PHnBqCXEpPxuEb,https://ipfs.io/ipfs/QmVR6EBypUeRBC5HXWfB6s4ZH3A7ihyQazGyxhp4NBzCko,pumpfun-create-borsh-v1,success
solana:hGHibRQu9fJmSFBTHnLbmmTkLDY7SG4GotDncmu8Eb9uhF3si4Zq7LhRHzhyPNRDL3pxrfT2jje4izT1uk2jziu:2:0,solana-mainnet,pump.fun,hGHibRQu9fJmSFBTHnLbmmTkLDY7SG4GotDncmu8Eb9uhF3si4Zq7LhRHzhyPNRDL3pxrfT2jje4izT1uk2jziu,451620585,1790679216,2,0,4wTV1YmiEkRvAtNtsSGPtUrqRYQMe5SKy2uB4Jjaxnjf,ATokenGPvbdGVxr1b2hvZbsiqW5xWH25efTNsLJA8knL,"    ",pumpfun-create-borsh-v1,success
solana:3cVLDczKsCRpUdkiw4xoPDqAgg26uqBPK1zoFkdqYiVuVXZifMH5xoqyqhzRmEAWKxSS1VfsxF6Cwewz8tV1UVcu:2:0,solana-mainnet,pump.fun,3cVLDczKsCRpUdkiw4xoPDqAgg26uqBPK1zoFkdqYiVuVXZifMH5xoqyqhzRmEAWKxSS1VfsxF6Cwewz8tV1UVcu,451620581,1790679215,2,0,EqnFZ7Fc5QBH4jnpYCBxWLCRyQhJdMux2dePGUq8dv7H,TokenzQdBNbLqP5VEhdkAS6EPFLC1PHnBqCXEpPxuEb,https://www.usepayday.xyz/api/public/launches/launch_d0f33c39-c32d-43da-a538-1a56b7d1fb98/metadata.json,pumpfun-create-borsh-v1,success
solana:2aSdZS9dS9kGaUpS8E7YHSgiBhUo8UaSt1RkNPdqaJ9fYLPyqNpHasRpEy8HomshWMaaPLWcmHCFnda4S4edMP1k:0:0,solana-mainnet,pump.fun,2aSdZS9dS9kGaUpS8E7YHSgiBhUo8UaSt1RkNPdqaJ9fYLPyqNpHasRpEy8HomshWMaaPLWcmHCFnda4S4edMP1k,451620566,1790679211,0,0,5MEwkFtCcMyxgzaA4V8WiLQz9ZvQKnjfcBSfxZu66YN6,TokenzQdBNbLqP5VEhdkAS6EPFLC1PHnBqCXEpPxuEb,https://metadata.j7tracker.io/m/GrteHqErqb,pumpfun-create-borsh-v1,success
solana:4SLsocWSBK27azF2zNyb72NV5JnivkgipuKHqro7BjYQhGNur7tapJBkRQqECwTSeZNvXTP5Uzny4xQ467N6Bmg9:2:0,solana-mainnet,pump.fun,4SLsocWSBK27azF2zNyb72NV5JnivkgipuKHqro7BjYQhGNur7tapJBkRQqECwTSeZNvXTP5Uzny4xQ467N6Bmg9,451620558,1790679208,2,0,6fHNhg5HFiz6nketfcHjJtZCBfgWyVEjVRsaUaVnpump,TokenzQdBNbLqP5VEhdkAS6EPFLC1PHnBqCXEpPxuEb,https://ipfs.io/ipfs/bafkreid5fuqmxr4g4krbip5tnkf5fp4vgdykogqdu3vle7xgjd6rfeerre,pumpfun-create-borsh-v1,success
solana:UmFGupGYcaQzJFKDd8t2wX29hzf4GNcGL7VuJQm6dXCpH9GbBAz4AQfo4KJXa51Tqr9wnQw7n72hhKuPekCzGAq:2:0,solana-mainnet,pump.fun,UmFGupGYcaQzJFKDd8t2wX29hzf4GNcGL7VuJQm6dXCpH9GbBAz4AQfo4KJXa51Tqr9wnQw7n72hhKuPekCzGAq,451620556,1790679208,2,0,BLFwugeFWeAih5mn84ZCuMjYXjRhog7C73w58Ba9cMkC,TokenzQdBNbLqP5VEhdkAS6EPFLC1PHnBqCXEpPxuEb,https://metadata.j7tracker.io/metadata/d611c4a2c9f54477.json,pumpfun-create-borsh-v1,success
solana:2CBPrJHeV5UZ7HbpnYSSLE5gq4Utgt5rYPBznYndMh3Dxvenp1jiJVVBqPp82u5pNQV4Yf16NxtWbMthLKsAS5SG:2:0,solana-mainnet,pump.fun,2CBPrJHeV5UZ7HbpnYSSLE5gq4Utgt5rYPBznYndMh3Dxvenp1jiJVVBqPp82u5pNQV4Yf16NxtWbMthLKsAS5SG,451620538,1790679203,2,0,8GJANGPKmfJrtc8N4R3QeoLxKqVgGFbD5dysLefnpump,TokenzQdBNbLqP5VEhdkAS6EPFLC1PHnBqCXEpPxuEb,https://ipfs.io/ipfs/bafkreigz57zdeefvgzxm5ghlkgfkrb66ofoxdazjcmccwkwqqrlln6nfem,pumpfun-create-borsh-v1,success
solana:5vT9Kdohoqf5wk69X9ykQUYngCLirexgvVRdSCR4mS5iXZxXRQAQzJNyEvDNMehBS9dGmdivU3kXb59ByNZXNz8E:2:0,solana-mainnet,pump.fun,5vT9Kdohoqf5wk69X9ykQUYngCLirexgvVRdSCR4mS5iXZxXRQAQzJNyEvDNMehBS9dGmdivU3kXb59ByNZXNz8E,451620513,1790679196,2,0,GWsdTAWpygK4brpsUpApp66FwkhQKC9hyAgk6c2Tpump,TokenzQdBNbLqP5VEhdkAS6EPFLC1PHnBqCXEpPxuEb,https://meta.uxento.io/data/348b1c0f-b603-43e5-8054-748ac4f302e0,pumpfun-create-borsh-v1,success
solana:5tntHfaV81cTaPoAD3LT2tVro3DX1E9hw3bYR2LsK82NczPbmzdfrwXKb1biTsifg7ZSBYLP2xoaUTFzD2ve1hWk:2:0,solana-mainnet,pump.fun,5tntHfaV81cTaPoAD3LT2tVro3DX1E9hw3bYR2LsK82NczPbmzdfrwXKb1biTsifg7ZSBYLP2xoaUTFzD2ve1hWk,451620512,1790679196,2,0,4wTV1YmiEkRvAtNtsSGPtUrqRYQMe5SKy2uB4Jjaxnjf,ATokenGPvbdGVxr1b2hvZbsiqW5xWH25efTNsLJA8knL,"       ",pumpfun-create-borsh-v1,success
solana:2QLuX1fq92ysncPJPDPiwkmCuf8QRYi1Gq2anuwPdyyVH8wBZcVJcsZKQjRZ2M4MnHj3ubCP68ZDuAsPjh94UDgU:2:1,solana-mainnet,pump.fun,2QLuX1fq92ysncPJPDPiwkmCuf8QRYi1Gq2anuwPdyyVH8wBZcVJcsZKQjRZ2M4MnHj3ubCP68ZDuAsPjh94UDgU,451620505,1790679194,2,1,HaBGJ2vi1FTxSYNsSqbb74Gw6qLzC6NAENRDaAGUpump,TokenzQdBNbLqP5VEhdkAS6EPFLC1PHnBqCXEpPxuEb,https://ipfs.io/ipfs/QmdbFdwEhB8LdDrUx133mFZ5TaCq2HFqfuawXDwgP26CBD,pumpfun-create-borsh-v1,success
solana:3fdDWEgrEhSDJafmmLBT7MAn17BQ9EPYWGvvtJhuRSCC2bXSbMTCazSkJKTVhAyuFCqay7KDM13BPpFmbmhAV9TQ:2:0,solana-mainnet,pump.fun,3fdDWEgrEhSDJafmmLBT7MAn17BQ9EPYWGvvtJhuRSCC2bXSbMTCazSkJKTVhAyuFCqay7KDM13BPpFmbmhAV9TQ,451620469,1790679185,2,0,47KNZNNNGggymc3RRmyPPYGzKNuHQwnUPjdM9VBApump,TokenzQdBNbLqP5VEhdkAS6EPFLC1PHnBqCXEpPxuEb,https://ipfs.io/ipfs/QmQ1VQaVtZ3vtfvU2KUDbeFJ1oupreDJ3AgzmVStXqurSk,pumpfun-create-borsh-v1,success
solana:2QD3QV3jhaeSMHQhSMFBHTJedcso2riYV4jHp1RYaruXEc7hydY2cCXqc8DCmaoVvUwkJquh89mDxwyQ6DnCYkbY:2:0,solana-mainnet,pump.fun,2QD3QV3jhaeSMHQhSMFBHTJedcso2riYV4jHp1RYaruXEc7hydY2cCXqc8DCmaoVvUwkJquh89mDxwyQ6DnCYkbY,451620467,1790679184,2,0,GnUCUyctRGfDy7MdjNcNDk97Dgw1hsaNhcjd5VEyiv9w,TokenzQdBNbLqP5VEhdkAS6EPFLC1PHnBqCXEpPxuEb,https://metadata.j7tracker.io/metadata/WTBp51aBrm.json,pumpfun-create-borsh-v1,success
solana:v1BDp7x13yPqp26z8qQMn58beRAKGXqmdcfFhzdM3eCdKk3Er5MLvdbygLvySQh3qRYc2ZLB9Jr1zNx3BHaaSkF:0:0,solana-mainnet,pump.fun,v1BDp7x13yPqp26z8qQMn58beRAKGXqmdcfFhzdM3eCdKk3Er5MLvdbygLvySQh3qRYc2ZLB9Jr1zNx3BHaaSkF,451620464,1790679184,0,0,4dgbroWfzXGhvrLszaozTvUNDq6zr7PAsfQHpfoNoTrx,TokenzQdBNbLqP5VEhdkAS6EPFLC1PHnBqCXEpPxuEb,https://ipfs.io/ipfs/bafkreiebwgeeektjiwughaqnjcbhebj3kkz4tpro35yntvabgx7kpdioxa,pumpfun-create-borsh-v1,success
solana:66ZBrT5FXaQ112AukKRzKCvKjAU7gyFwAumHkM717Ewg21Sfk4UKnAH2twv5pwjbzFh1uURTiMUKGYeWUWjF3TKQ:2:0,solana-mainnet,pump.fun,66ZBrT5FXaQ112AukKRzKCvKjAU7gyFwAumHkM717Ewg21Sfk4UKnAH2twv5pwjbzFh1uURTiMUKGYeWUWjF3TKQ,451620462,1790679183,2,0,8NF64itoMiudicMedjsAoM9St3tCmbbnYjpU6qsvN4QC,TokenzQdBNbLqP5VEhdkAS6EPFLC1PHnBqCXEpPxuEb,https://www.usepayday.xyz/api/public/launches/launch_6a88b50e-e680-4118-82a4-75a5a29eb13d/metadata.json,pumpfun-create-borsh-v1,success
solana:3LAo9KuhYa4MZ82FP4VjEhKtByKvarti6LELuMXtgbQJTox6i3aW2um55n4jxqVy3bFUcGaVdDrgjdpCXztjHAeZ:2:0,solana-mainnet,pump.fun,3LAo9KuhYa4MZ82FP4VjEhKtByKvarti6LELuMXtgbQJTox6i3aW2um55n4jxqVy3bFUcGaVdDrgjdpCXztjHAeZ,451620455,1790679181,2,0,CsWDXTCQEqoct33gBP3rKrq8NJvdSBcmeh6ntAr5pump,TokenzQdBNbLqP5VEhdkAS6EPFLC1PHnBqCXEpPxuEb,https://ipfs.io/ipfs/Qmf5KSGN4H8gFoPJfAEJGuZ4VpmRRkmi6BmdfQHYmmtxea,pumpfun-create-borsh-v1,success
solana:2Xem6QA8Bb8BpNqZebGZifxsb8vcvUakxt2NFtaCqiZh4FZJ6F1K1qkiwoAULDu1tYU7c1HFWgNRnctjzBcznvTv:2:0,solana-mainnet,pump.fun,2Xem6QA8Bb8BpNqZebGZifxsb8vcvUakxt2NFtaCqiZh4FZJ6F1K1qkiwoAULDu1tYU7c1HFWgNRnctjzBcznvTv,451620451,1790679180,2,0,BRdcFUsVbhte2j6pGocFB6Sy6U116UGMWjSz82Akpump,TokenzQdBNbLqP5VEhdkAS6EPFLC1PHnBqCXEpPxuEb,https://ipfs.io/ipfs/QmQu4WpH6yZrix3aBuZuFNjs63wqY1QT5KqK6G85MxRc5G,pumpfun-create-borsh-v1,success
solana:2vpZBKqZZRTbEmFaAykvGm9uKrr2vZVjg9UzUoSwQT6mCibQ9Dmti4iQw61bjTdq8mDvGSwHcMu4x5e4dwZgAp5t:2:0,solana-mainnet,pump.fun,2vpZBKqZZRTbEmFaAykvGm9uKrr2vZVjg9UzUoSwQT6mCibQ9Dmti4iQw61bjTdq8mDvGSwHcMu4x5e4dwZgAp5t,451620436,1790679176,2,0,AQbHCTvwiw18qWbByqHEnPHD2XtFQGNjvwCHVdt2pump,TokenzQdBNbLqP5VEhdkAS6EPFLC1PHnBqCXEpPxuEb,https://ipfs.io/ipfs/bafkreid7l54gj4grwgw7wm4hhdw3g6cmtev3gds45vkzf6ngisl7dxkkge,pumpfun-create-borsh-v1,success
solana:4jckr4DHACaofpPbJWGLNxgk6PY144yCKk7i5byRPGsPywUWQsgdKDVtBgTeFPS12vzk8TqKbnxek26SSNjZ8Ume:2:0,solana-mainnet,pump.fun,4jckr4DHACaofpPbJWGLNxgk6PY144yCKk7i5byRPGsPywUWQsgdKDVtBgTeFPS12vzk8TqKbnxek26SSNjZ8Ume,451620432,1790679175,2,0,4wTV1YmiEkRvAtNtsSGPtUrqRYQMe5SKy2uB4Jjaxnjf,ATokenGPvbdGVxr1b2hvZbsiqW5xWH25efTNsLJA8knL,"    D              G       ",pumpfun-create-borsh-v1,success
solana:5sHxMJ3YaZKHsyHa4LtNdXQSjNFunLPq6B5zrg5f6QAz2wJZrPNPvmJ27xgne3RnUq9E3LoakTexHxEqDPbse1BY:2:0,solana-mainnet,pump.fun,5sHxMJ3YaZKHsyHa4LtNdXQSjNFunLPq6B5zrg5f6QAz2wJZrPNPvmJ27xgne3RnUq9E3LoakTexHxEqDPbse1BY,451620405,1790679168,2,0,DqDyXS1xEDrA7e326ZjCzvcjdRpuk75uKxSQKPGqpump,TokenzQdBNbLqP5VEhdkAS6EPFLC1PHnBqCXEpPxuEb,https://ipfs.io/ipfs/QmR54wHFcZkFZeRN2xTKQ2TdUKdaK4R61tCcG6a2N8PqYo,pumpfun-create-borsh-v1,success
solana:3AZcFLhe1xafWHoiV1gYAfsJ92QNa8oihNJpN9xf33kx8Cqs6nfobyefRErv62fJoJ6Nxe2KX8AAe6p296Db9qmx:2:0,solana-mainnet,pump.fun,3AZcFLhe1xafWHoiV1gYAfsJ92QNa8oihNJpN9xf33kx8Cqs6nfobyefRErv62fJoJ6Nxe2KX8AAe6p296Db9qmx,451620391,1790679164,2,0,4wTV1YmiEkRvAtNtsSGPtUrqRYQMe5SKy2uB4Jjaxnjf,ATokenGPvbdGVxr1b2hvZbsiqW5xWH25efTNsLJA8knL,"    ",pumpfun-create-borsh-v1,success
solana:2em851WttTn9arXWtiQfXcbsaoBNWpV4RUTqNrRG4uJ6EW9HhKvG4MLiUFUoT7d94WPaHxRt9AzQVFx4RiFgGB4f:2:0,solana-mainnet,pump.fun,2em851WttTn9arXWtiQfXcbsaoBNWpV4RUTqNrRG4uJ6EW9HhKvG4MLiUFUoT7d94WPaHxRt9AzQVFx4RiFgGB4f,451620391,1790679164,2,0,4wTV1YmiEkRvAtNtsSGPtUrqRYQMe5SKy2uB4Jjaxnjf,ATokenGPvbdGVxr1b2hvZbsiqW5xWH25efTNsLJA8knL,"    0       G      ",pumpfun-create-borsh-v1,success
solana:vszrriATmiK6KuQGNW9dgDLBzfVM1DJHxXRLdCQtX3dr6to6YmwMn3ZgHSAsWGC96TMdk93kmw7fssH3R92YjnE:2:0,solana-mainnet,pump.fun,vszrriATmiK6KuQGNW9dgDLBzfVM1DJHxXRLdCQtX3dr6to6YmwMn3ZgHSAsWGC96TMdk93kmw7fssH3R92YjnE,451620390,1790679164,2,0,4wTV1YmiEkRvAtNtsSGPtUrqRYQMe5SKy2uB4Jjaxnjf,ATokenGPvbdGVxr1b2hvZbsiqW5xWH25efTNsLJA8knL,"    5              ",pumpfun-create-borsh-v1,success
solana:46KvgSMVG9PciopQdntJih8YZJ8Whn2RSdspiNRbxRXgfd4n4XrBrBrRhTHstLhms1psnjDiL7E47hXdknFCtR36:2:0,solana-mainnet,pump.fun,46KvgSMVG9PciopQdntJih8YZJ8Whn2RSdspiNRbxRXgfd4n4XrBrBrRhTHstLhms1psnjDiL7E47hXdknFCtR36,451620388,1790679163,2,0,GowjCXFQmWDbdHG7vLsET2VjawuWusGRStUcH9FLpump,TokenzQdBNbLqP5VEhdkAS6EPFLC1PHnBqCXEpPxuEb,https://ipfs.io/ipfs/QmNXwiaUS22vGFCUmwy2FNXTcKLzTgSoRzKaEvbwo5Fr4w,pumpfun-create-borsh-v1,success
solana:YzjwhMQ5dFyGMeTJLwdPFTWCx1QfvAzBZhYbnDZYeKZtrFkVK8XszYvzFNVTSwpS7RaZQXaCPUBct1A3bvF916Y:2:0,solana-mainnet,pump.fun,YzjwhMQ5dFyGMeTJLwdPFTWCx1QfvAzBZhYbnDZYeKZtrFkVK8XszYvzFNVTSwpS7RaZQXaCPUBct1A3bvF916Y,451620385,1790679162,2,0,4wTV1YmiEkRvAtNtsSGPtUrqRYQMe5SKy2uB4Jjaxnjf,ATokenGPvbdGVxr1b2hvZbsiqW5xWH25efTNsLJA8knL,"    
              [q",pumpfun-create-borsh-v1,success
solana:MDXNTDiVpJsTVhcG2v6copuX9rRTPhaaZfVZnon8NuvkWgJ4vjCDcAYSyo9Hp71hkhEADDpSHqYDEtXWubnGNKN:2:0,solana-mainnet,pump.fun,MDXNTDiVpJsTVhcG2v6copuX9rRTPhaaZfVZnon8NuvkWgJ4vjCDcAYSyo9Hp71hkhEADDpSHqYDEtXWubnGNKN,451620374,1790679159,2,0,DUb72t2WSdnfKKym734BLqBZHptTcwzT5tYWJ8vNpump,TokenzQdBNbLqP5VEhdkAS6EPFLC1PHnBqCXEpPxuEb,https://ipfs.io/ipfs/QmPHZFjSrJp1ozJTmpmtTiTCEgv3UgkSds5DUfYLXHnp4o,pumpfun-create-borsh-v1,success
solana:Fi9disG58wUUHgntg5XyGJiB1cvTRiXgKGo2bxQZkMqrKuw8PfAW9Ty2PTexNgxYUHSB1JzefRG9mi1iBTU25e2:2:0,solana-mainnet,pump.fun,Fi9disG58wUUHgntg5XyGJiB1cvTRiXgKGo2bxQZkMqrKuw8PfAW9Ty2PTexNgxYUHSB1JzefRG9mi1iBTU25e2,451620373,1790679159,2,0,81LcdxQDgVcFTUscp1hMZjTS6fxJjmEJ18oJtQE4pump,TokenzQdBNbLqP5VEhdkAS6EPFLC1PHnBqCXEpPxuEb,https://ipfs.io/ipfs/QmWVnktzzu5n8rHezwGayS3qo3uxQbXkMpQ9ZCQSGve5au,pumpfun-create-borsh-v1,success
solana:3ao6Xnj1Afzwhe2SkFCRztYuN95prcnTsN5Y1wf5QpnpLd7PZgvDtfAVoVRRYm65xkJDBAFPnzVPHEYJSq3EDAQa:0:0,solana-mainnet,pump.fun,3ao6Xnj1Afzwhe2SkFCRztYuN95prcnTsN5Y1wf5QpnpLd7PZgvDtfAVoVRRYm65xkJDBAFPnzVPHEYJSq3EDAQa,451620367,1790679158,0,0,FtQQmMcWSPYbs3nqZiKEGX6XUQpbzFjygEgjwWBzpump,TokenzQdBNbLqP5VEhdkAS6EPFLC1PHnBqCXEpPxuEb,https://pump.mypinata.cloud/ipfs/bafkreigcno4gmedbwc2htzdcd33zcz5olnxysemolhycfal3t2adn6tpze,pumpfun-create-borsh-v1,success
solana:2NGttgBCVihm515UD7M2CWerDHN47iJf8Dyxdpu3JNc7ymgEtyzZxEx9Uso5zhgi6cP6xS33gLb9E8vkNK8zF6vs:2:0,solana-mainnet,pump.fun,2NGttgBCVihm515UD7M2CWerDHN47iJf8Dyxdpu3JNc7ymgEtyzZxEx9Uso5zhgi6cP6xS33gLb9E8vkNK8zF6vs,451620362,1790679156,2,0,67hHHMsfyyEQk6FxKifsdG9r95fNxawxYNmbrzoppump,TokenzQdBNbLqP5VEhdkAS6EPFLC1PHnBqCXEpPxuEb,https://ipfs.io/ipfs/QmWLoHTjjCqhu8dwFdawoqzv6fNrwT45BJqfq2CtnRmTgt,pumpfun-create-borsh-v1,success
solana:5uJN5X7nf2kWHvMz8gY8ppuavoDqH9jekKkAmiZp1KmXU7LgX4DEczidJUEyKoDSa2AYRuwe4M5gNjuupv9t9BeG:2:0,solana-mainnet,pump.fun,5uJN5X7nf2kWHvMz8gY8ppuavoDqH9jekKkAmiZp1KmXU7LgX4DEczidJUEyKoDSa2AYRuwe4M5gNjuupv9t9BeG,451620335,1790679149,2,0,G1A6ctKTWBH1jZvyz1WYLUzQeGGL2GLWjAFnN1kxc5Y,TokenzQdBNbLqP5VEhdkAS6EPFLC1PHnBqCXEpPxuEb,https://www.usepayday.xyz/api/public/launches/launch_af5c2ce0-6279-4011-9b79-35af37c398bb/metadata.json,pumpfun-create-borsh-v1,success
solana:3nRCqQpWESQFVgk9uKxeXeJDWujeFEj5GfsVK5J9aPdJ2suvdizMc1hstfhJLpR8hcL3jKGzTPuQ3hauC15Jcvqo:2:0,solana-mainnet,pump.fun,3nRCqQpWESQFVgk9uKxeXeJDWujeFEj5GfsVK5J9aPdJ2suvdizMc1hstfhJLpR8hcL3jKGzTPuQ3hauC15Jcvqo,451620327,1790679147,2,0,EV8rMTUTdNvbTxgkrS5pjUWimE34k5noGiXMCGzqpump,TokenzQdBNbLqP5VEhdkAS6EPFLC1PHnBqCXEpPxuEb,https://meta.uxento.io/data/e1da68c4-b126-44a7-9ce2-6d85913ca9a3,pumpfun-create-borsh-v1,success
solana:3VXHfXkoFjPSxtGwZNrU12TU4ZRZzwbZaAmwrus9YWribdZQ6bCD79kmD52Ws3kGNMh7TUtFVVmGAhgUzZPMbuT1:2:0,solana-mainnet,pump.fun,3VXHfXkoFjPSxtGwZNrU12TU4ZRZzwbZaAmwrus9YWribdZQ6bCD79kmD52Ws3kGNMh7TUtFVVmGAhgUzZPMbuT1,451620322,1790679146,2,0,6a1XWrNgSvzq2gyiX8uhHeJh2pVuiRgCZSx3ruDppump,TokenzQdBNbLqP5VEhdkAS6EPFLC1PHnBqCXEpPxuEb,https://ipfs.io/ipfs/bafkreictv7j3hf46bbi42sd7boswlec6pxb66ch2ueko7lzc6vm6rgw3ky,pumpfun-create-borsh-v1,success
solana:5nnPueBKNjtyhGEd3xQMnz9TDnhLeuDfJ7JonGvQSb5UwWoQD4mHswf8FWQQPzXaUbqQubye56tM9je5CaacTEM8:2:0,solana-mainnet,pump.fun,5nnPueBKNjtyhGEd3xQMnz9TDnhLeuDfJ7JonGvQSb5UwWoQD4mHswf8FWQQPzXaUbqQubye56tM9je5CaacTEM8,451620316,1790679144,2,0,GX4KUJNfdkSoioXPxwyCBmab9b2FxicdpWpueSGapump,TokenzQdBNbLqP5VEhdkAS6EPFLC1PHnBqCXEpPxuEb,https://ipfs.io/ipfs/QmPBt6mwgfHbZvBSvT9v3Tb4EbBZgCDkkmYF31XtZfakkX,pumpfun-create-borsh-v1,success
solana:5a4o7NJi8Hbey3nJ6DEzcWzCCv3VEia9NyU8McovoZGnb2ep7vFMLV1yaAdQr1gKXdk8c87yYWTE8JKTZ7m3Ywx8:2:0,solana-mainnet,pump.fun,5a4o7NJi8Hbey3nJ6DEzcWzCCv3VEia9NyU8McovoZGnb2ep7vFMLV1yaAdQr1gKXdk8c87yYWTE8JKTZ7m3Ywx8,451620312,1790679143,2,0,4wTV1YmiEkRvAtNtsSGPtUrqRYQMe5SKy2uB4Jjaxnjf,ATokenGPvbdGVxr1b2hvZbsiqW5xWH25efTNsLJA8knL,"                  !              
                     }        ",pumpfun-create-borsh-v1,success
solana:2UVECT6cbYiaGc1zzsth6h69YrkuNSrXB3WjbAkSVadxNR5rZzyvwdnmjjq87YZdGfVf6x9KFFqz7hGNrFfdUBsE:2:0,solana-mainnet,pump.fun,2UVECT6cbYiaGc1zzsth6h69YrkuNSrXB3WjbAkSVadxNR5rZzyvwdnmjjq87YZdGfVf6x9KFFqz7hGNrFfdUBsE,451620305,1790679141,2,0,2VGE6nWpXJQYYfSZsTA1HhuZ92bwnKmg76bGXCj6pump,TokenzQdBNbLqP5VEhdkAS6EPFLC1PHnBqCXEpPxuEb,https://ipfs.io/ipfs/bafkreid7l54gj4grwgw7wm4hhdw3g6cmtev3gds45vkzf6ngisl7dxkkge,pumpfun-create-borsh-v1,success
solana:4K5GMbYvNvgGQAharF44hfM4CBZa1huvwTznvUZEDA3P2z1bmf7YAYbY9HGt9Wa16x6ZjPr2Thd9GMBDoLZsDnJX:2:0,solana-mainnet,pump.fun,4K5GMbYvNvgGQAharF44hfM4CBZa1huvwTznvUZEDA3P2z1bmf7YAYbY9HGt9Wa16x6ZjPr2Thd9GMBDoLZsDnJX,451620295,1790679138,2,0,CqweViUun8sNeHNc7qk9dxxvrTrQdfaSuAAt2Lmspump,TokenzQdBNbLqP5VEhdkAS6EPFLC1PHnBqCXEpPxuEb,https://ipfs.io/ipfs/QmSw5CkM2UewigR2anbcGMmadszShkzGAFEaUy2je8j6S9,pumpfun-create-borsh-v1,success
solana:46ipAkyURwM4fKuRkqcCNCjWtE6dLrQAW9MdQkAFp628NUQCZx3wQoeFByh4nrL4oKANsETsY6YreYzore9VKhqw:2:0,solana-mainnet,pump.fun,46ipAkyURwM4fKuRkqcCNCjWtE6dLrQAW9MdQkAFp628NUQCZx3wQoeFByh4nrL4oKANsETsY6YreYzore9VKhqw,451620264,1790679130,2,0,3zhFcwTHURc3qpmvyEEHuhaXLzLW3kcmXkrvjuUxpump,TokenzQdBNbLqP5VEhdkAS6EPFLC1PHnBqCXEpPxuEb,https://ipfs.io/ipfs/bafkreidm7vgix5ksgscdtaztnwexqfj2o6ollenlb4dtv7t4gmb4l6cpym,pumpfun-create-borsh-v1,success
solana:5Da2zK8oNG9y2qN4ndLjeBe7WttRY7q2VAoC6rUMXGaaDrVzZ9euDb3jw4GoUoJXQyngoffAPx4DoR3KPywoMDes:2:0,solana-mainnet,pump.fun,5Da2zK8oNG9y2qN4ndLjeBe7WttRY7q2VAoC6rUMXGaaDrVzZ9euDb3jw4GoUoJXQyngoffAPx4DoR3KPywoMDes,451620236,1790679122,2,0,4wTV1YmiEkRvAtNtsSGPtUrqRYQMe5SKy2uB4Jjaxnjf,ATokenGPvbdGVxr1b2hvZbsiqW5xWH25efTNsLJA8knL,"         ",pumpfun-create-borsh-v1,success
solana:48iy3X99E4y7f8QRdxaWvEZ6AS4f7FGgvumF7DHib6ft1naSZBxU5GHKXx2BMExxjpSn5S9EGY8F1TbkbfRfRtFB:2:0,solana-mainnet,pump.fun,48iy3X99E4y7f8QRdxaWvEZ6AS4f7FGgvumF7DHib6ft1naSZBxU5GHKXx2BMExxjpSn5S9EGY8F1TbkbfRfRtFB,451620236,1790679122,2,0,4wTV1YmiEkRvAtNtsSGPtUrqRYQMe5SKy2uB4Jjaxnjf,ATokenGPvbdGVxr1b2hvZbsiqW5xWH25efTNsLJA8knL,"    ",pumpfun-create-borsh-v1,success
solana:TsdqvA4aLd8VBT29cvbqzirKBVU9GHTQPg7KCbp4CEBSiJ94hCwTQgHL17DYzfjiwZTu8GQJLadJjsFB8QfDo6B:2:0,solana-mainnet,pump.fun,TsdqvA4aLd8VBT29cvbqzirKBVU9GHTQPg7KCbp4CEBSiJ94hCwTQgHL17DYzfjiwZTu8GQJLadJjsFB8QfDo6B,451620222,1790679119,2,0,HfDeRo4kqASCs1cQzq2hk5Yr1dRUPYbMkpYeCrQxpump,TokenzQdBNbLqP5VEhdkAS6EPFLC1PHnBqCXEpPxuEb,https://ipfs.io/ipfs/QmdX53gv7amiurVeAnsWzfGq7pPqwBogQ7f2syievBdGve,pumpfun-create-borsh-v1,success
solana:4G2CnzByZr174zA6gE2yH7Gv4WF6aBNuqtit7NpaUh7mXYcHVmQRfbiVhxfsUe44hsMQ5f4qptGKhHvfrCDAFqyR:2:0,solana-mainnet,pump.fun,4G2CnzByZr174zA6gE2yH7Gv4WF6aBNuqtit7NpaUh7mXYcHVmQRfbiVhxfsUe44hsMQ5f4qptGKhHvfrCDAFqyR,451620222,1790679119,2,0,6moPZFFUp8VazhLtHckY44KutpqGzcckJeg6uMhCpump,TokenzQdBNbLqP5VEhdkAS6EPFLC1PHnBqCXEpPxuEb,https://ipfs.io/ipfs/QmQ1VQaVtZ3vtfvU2KUDbeFJ1oupreDJ3AgzmVStXqurSk,pumpfun-create-borsh-v1,success
solana:3xtbPKggiqqwpNmJu495rYktQqWUSSszuiqifPuhrBaAarjCi5nLFNQdCFQJQYv6EAR866mNSWm4RKz58t1HVobx:2:0,solana-mainnet,pump.fun,3xtbPKggiqqwpNmJu495rYktQqWUSSszuiqifPuhrBaAarjCi5nLFNQdCFQJQYv6EAR866mNSWm4RKz58t1HVobx,451620220,1790679118,2,0,CdvoudADMsacz4jLHnaf8Do7gq7SpygRPTeMTg8Npump,TokenzQdBNbLqP5VEhdkAS6EPFLC1PHnBqCXEpPxuEb,https://ipfs.io/ipfs/bafkreieyputnde3fndoyxupctssbg2efsju65o54wvuiv2oi73r3bro6ie,pumpfun-create-borsh-v1,success
solana:5gNFsCrhhsxcFhnsuhUk8HLKsXtrxbkfGhC92xhM85NvD9Uh8NYiKYicUYwD5g7m3G1QomfZNXfn3tRbHGbFXPsL:2:0,solana-mainnet,pump.fun,5gNFsCrhhsxcFhnsuhUk8HLKsXtrxbkfGhC92xhM85NvD9Uh8NYiKYicUYwD5g7m3G1QomfZNXfn3tRbHGbFXPsL,451620213,1790679116,2,0,4CLY5Hku76wehQNUAkmVWTgUhk5bJhoecUsffWAcpump,TokenzQdBNbLqP5VEhdkAS6EPFLC1PHnBqCXEpPxuEb,https://ipfs.io/ipfs/QmcvN9tCopEyny9aC8zQuKYbCr1qnBzXozTRW87DbWcBVj,pumpfun-create-borsh-v1,success
solana:2SNNpXMS3P6Ymhi3f4vE8hLSciBH4fnHpJa91xkEdd9YfMBFcxoKxW2nq84PNfgYevQJXZ7JYsiwc7KFoittfeVy:2:0,solana-mainnet,pump.fun,2SNNpXMS3P6Ymhi3f4vE8hLSciBH4fnHpJa91xkEdd9YfMBFcxoKxW2nq84PNfgYevQJXZ7JYsiwc7KFoittfeVy,451620189,1790679110,2,0,4wTV1YmiEkRvAtNtsSGPtUrqRYQMe5SKy2uB4Jjaxnjf,ATokenGPvbdGVxr1b2hvZbsiqW5xWH25efTNsLJA8knL,"                  ",pumpfun-create-borsh-v1,success
solana:4RKhw8rW3WL1f2178rAbwZvnvHV57X5hw1JBpPP4DKeVpcsMPA9KDcEPT28n4jzkWPPBmBUr9HVNvoywgGre82xX:2:0,solana-mainnet,pump.fun,4RKhw8rW3WL1f2178rAbwZvnvHV57X5hw1JBpPP4DKeVpcsMPA9KDcEPT28n4jzkWPPBmBUr9HVNvoywgGre82xX,451620189,1790679110,2,0,4wTV1YmiEkRvAtNtsSGPtUrqRYQMe5SKy2uB4Jjaxnjf,ATokenGPvbdGVxr1b2hvZbsiqW5xWH25efTNsLJA8knL,"      ",pumpfun-create-borsh-v1,success
solana:672G9uogYykwy1BsBzXMcyn5ke7SGzyppcKiPt1oNMHdWnoNwQcZtasPHvHPdCtTrZchXZXsnPgiJUeMnDiYtawa:2:0,solana-mainnet,pump.fun,672G9uogYykwy1BsBzXMcyn5ke7SGzyppcKiPt1oNMHdWnoNwQcZtasPHvHPdCtTrZchXZXsnPgiJUeMnDiYtawa,451620170,1790679105,2,0,DQWZ6Y1Q7jXJntg4Lxn1MF1Rm8w2yYb34ohtHhHBpump,TokenzQdBNbLqP5VEhdkAS6EPFLC1PHnBqCXEpPxuEb,https://meta.uxento.io/data/cb9c5c90-7176-41f2-b91d-373245247073,pumpfun-create-borsh-v1,success
solana:22vxPox1KRPHDxDCa8xaymJiqR2JLxwiSVG8mXv3BNoYdFW45c8sjRbSsKmdYRvcfsUFNHo6XF7ZARzBE3KUywWq:2:0,solana-mainnet,pump.fun,22vxPox1KRPHDxDCa8xaymJiqR2JLxwiSVG8mXv3BNoYdFW45c8sjRbSsKmdYRvcfsUFNHo6XF7ZARzBE3KUywWq,451620156,1790679101,2,0,CzUCRNc9zuhRLqs8FTGf8uiDxQkxgpTSqcMvqyBpump,TokenzQdBNbLqP5VEhdkAS6EPFLC1PHnBqCXEpPxuEb,https://meta.uxento.io/data/0fbaf62a-34e0-4511-8e1c-5115542473ba,pumpfun-create-borsh-v1,success
solana:3Y59zeLxd7g1JSdWENRjms6KfViLiobm36qppiGJ3iriRgPhBpJS6zouS2icexZruPWz7CcLh6nhCT1Nex4juS8H:2:0,solana-mainnet,pump.fun,3Y59zeLxd7g1JSdWENRjms6KfViLiobm36qppiGJ3iriRgPhBpJS6zouS2icexZruPWz7CcLh6nhCT1Nex4juS8H,451620148,1790679099,2,0,5RLvbRaWEcmJywyvUkN9vEuf6bcuFXTzJQAcyVNgpump,TokenzQdBNbLqP5VEhdkAS6EPFLC1PHnBqCXEpPxuEb,https://ipfs.io/ipfs/QmapqFAPfMr4x8ESQ5qSTtN2TCuXAw7kzt3Y9H1TGzBKz8,pumpfun-create-borsh-v1,success
solana:3RGJVEBbmq1caD1h2WvWJpECXgnN6UXVMmfxFjn3nPntb2XwiStzMDBrYVHgWELvxipjKGgTEeB9tTt2hzpPvf2p:2:0,solana-mainnet,pump.fun,3RGJVEBbmq1caD1h2WvWJpECXgnN6UXVMmfxFjn3nPntb2XwiStzMDBrYVHgWELvxipjKGgTEeB9tTt2hzpPvf2p,451620146,1790679099,2,0,4wTV1YmiEkRvAtNtsSGPtUrqRYQMe5SKy2uB4Jjaxnjf,ATokenGPvbdGVxr1b2hvZbsiqW5xWH25efTNsLJA8knL,"             ",pumpfun-create-borsh-v1,success
solana:2g2DDdSTHiZFPaYNXNUQB4kd6Ha2MHnHdF322SfZRQeiEGK6EsLYxKTpjLrReXX8x2pSPoCW8ppKDru55yAj8gF5:2:0,solana-mainnet,pump.fun,2g2DDdSTHiZFPaYNXNUQB4kd6Ha2MHnHdF322SfZRQeiEGK6EsLYxKTpjLrReXX8x2pSPoCW8ppKDru55yAj8gF5,451620132,1790679095,2,0,j11Ezb7pRGJ7GA6vzRX7aVKCaiKWSgu9d38UYqFpump,TokenzQdBNbLqP5VEhdkAS6EPFLC1PHnBqCXEpPxuEb,https://ipfs.io/ipfs/bafkreia5ly6wum7gfbgh6v5ptfcq44nm777ryagbzrdl24yx4cschtuggm,pumpfun-create-borsh-v1,success
solana:3o25BDCBM2QwVztkewjQnoeDj1YFhMwoyeS1bwpMbLuhnFuysEH2tt7sfZj4PrnJN2YkXNsggxDCm4kW4eVi38qL:2:0,solana-mainnet,pump.fun,3o25BDCBM2QwVztkewjQnoeDj1YFhMwoyeS1bwpMbLuhnFuysEH2tt7sfZj4PrnJN2YkXNsggxDCm4kW4eVi38qL,451620129,1790679094,2,0,8vu1kL2vda1cjTi8yKeeBDiptWGYTVRCNKCtaAJJeuGX,TokenzQdBNbLqP5VEhdkAS6EPFLC1PHnBqCXEpPxuEb,https://www.usepayday.xyz/api/public/launches/launch_a6b47ebf-62b0-4a28-ac42-3748e3e19eb9/metadata.json,pumpfun-create-borsh-v1,success
solana:2gzrKnY7zNSzPwm2Hqpu6kU5F6yUKpuv4GQs62NbAJtLcDrtQoQ5ntTAK2JTyziDLkXkpJzqsM5MdyZEtfvQ5xPW:2:0,solana-mainnet,pump.fun,2gzrKnY7zNSzPwm2Hqpu6kU5F6yUKpuv4GQs62NbAJtLcDrtQoQ5ntTAK2JTyziDLkXkpJzqsM5MdyZEtfvQ5xPW,451620122,1790679092,2,0,DjkUHENrLqdmRAV3pAuooBumgAa1RZepZq6a4yKvpump,TokenzQdBNbLqP5VEhdkAS6EPFLC1PHnBqCXEpPxuEb,https://meta.uxento.io/data/fa6a9c57-7e8a-493c-a4f5-e4ded6d7c76b,pumpfun-create-borsh-v1,success
solana:3WAKFS9uYhABwjBR6QzvG8NezxUPm1nqv1EFoLr6XY2PsmMGC65vrw3gcpprrzU5rAQKbh8GxRFRXcgdSyiVDATR:0:0,solana-mainnet,pump.fun,3WAKFS9uYhABwjBR6QzvG8NezxUPm1nqv1EFoLr6XY2PsmMGC65vrw3gcpprrzU5rAQKbh8GxRFRXcgdSyiVDATR,451620113,1790679090,0,0,6C3dDKUUmQX7293cfLBXfUAANd5PqYAE7FG1NdGTFexy,TokenzQdBNbLqP5VEhdkAS6EPFLC1PHnBqCXEpPxuEb,https://metadata.j7tracker.io/metadata/2nYrBF5xmd.json,pumpfun-create-borsh-v1,success
solana:5CWbqTEBYfb5ddsgDyw4gdLX9aoaaXpr45uDAWCPMyfQqjKjc6jetrrjfoVXsKqcNCRnHHGzhMAYJPTy8LqSGkpk:2:0,solana-mainnet,pump.fun,5CWbqTEBYfb5ddsgDyw4gdLX9aoaaXpr45uDAWCPMyfQqjKjc6jetrrjfoVXsKqcNCRnHHGzhMAYJPTy8LqSGkpk,451620100,1790679086,2,0,4wTV1YmiEkRvAtNtsSGPtUrqRYQMe5SKy2uB4Jjaxnjf,ATokenGPvbdGVxr1b2hvZbsiqW5xWH25efTNsLJA8knL,"       ",pumpfun-create-borsh-v1,success
solana:nv3BFjKjAKz8X3VFunc7XRvkPR2MD9BE6sfUL3bq6pGsVUCEG7jvDMV2fFRM9a9kT4R4wABZD1tStUG8xbTpKzS:2:0,solana-mainnet,pump.fun,nv3BFjKjAKz8X3VFunc7XRvkPR2MD9BE6sfUL3bq6pGsVUCEG7jvDMV2fFRM9a9kT4R4wABZD1tStUG8xbTpKzS,451620022,1790679065,2,0,4wTV1YmiEkRvAtNtsSGPtUrqRYQMe5SKy2uB4Jjaxnjf,ATokenGPvbdGVxr1b2hvZbsiqW5xWH25efTNsLJA8knL," ",pumpfun-create-borsh-v1,success
solana:4gP7GKXDJ6Spxh5vtBRJfmC27QGyPBowDK8yzwkjp9WAdHUqWbYQitGY4MqfGuYppxxjtetQvKbBpRX2hFPBqcpR:2:0,solana-mainnet,pump.fun,4gP7GKXDJ6Spxh5vtBRJfmC27QGyPBowDK8yzwkjp9WAdHUqWbYQitGY4MqfGuYppxxjtetQvKbBpRX2hFPBqcpR,451620022,1790679065,2,0,4wTV1YmiEkRvAtNtsSGPtUrqRYQMe5SKy2uB4Jjaxnjf,ATokenGPvbdGVxr1b2hvZbsiqW5xWH25efTNsLJA8knL,"          
   ",pumpfun-create-borsh-v1,success
solana:4ZRhxoUo8YMGajwWCnNKrZ1cn7zKvGgCm4sftYi7xkrZbHTAvZV2vwnFmKRY62cufvC1BMjL7eT32NGhd1VJQzpo:2:0,solana-mainnet,pump.fun,4ZRhxoUo8YMGajwWCnNKrZ1cn7zKvGgCm4sftYi7xkrZbHTAvZV2vwnFmKRY62cufvC1BMjL7eT32NGhd1VJQzpo,451620016,1790679064,2,0,38iFEmhLH6WEm9qaKAsQFT2CiWgvm7PWDZhkJ93Y8fLL,TokenzQdBNbLqP5VEhdkAS6EPFLC1PHnBqCXEpPxuEb,https://ipfs.io/ipfs/bafkreigz5inqprzqb5gl2s2n4yuqfztiyvmwkbuhiufrcqkvtylgde5b5y,pumpfun-create-borsh-v1,success
solana:HkEztw2JjQR1vThr95uwvVVnVbsUVTgtKt776S7c19d14pS7KbcYesm1dwhp6az6hD9rdyfPzPErTJpaQyuhByt:2:0,solana-mainnet,pump.fun,HkEztw2JjQR1vThr95uwvVVnVbsUVTgtKt776S7c19d14pS7KbcYesm1dwhp6az6hD9rdyfPzPErTJpaQyuhByt,451620015,1790679063,2,0,H6rwVbZW5BqAWkgYy65CQhCq2odEiznhCKvwC53qpump,TokenzQdBNbLqP5VEhdkAS6EPFLC1PHnBqCXEpPxuEb,https://ipfs.io/ipfs/bafkreig266iqczphfgdt266due4honnjsd7u6oi3xp6fkhxhpvmpc6xnme,pumpfun-create-borsh-v1,success
solana:3PyMZRSL3TNxshhvF3H9icRNp1cp6836gwodhE3aSrbWj1FhYwNvs3m6gMjzCg9bgNpQse8pQHXo2hvau8R1hKsr:2:0,solana-mainnet,pump.fun,3PyMZRSL3TNxshhvF3H9icRNp1cp6836gwodhE3aSrbWj1FhYwNvs3m6gMjzCg9bgNpQse8pQHXo2hvau8R1hKsr,451620013,1790679063,2,0,A5tN5KJEa9gA8AFRL9h1mDN3VRq8xD8fP66JHYtmpump,TokenzQdBNbLqP5VEhdkAS6EPFLC1PHnBqCXEpPxuEb,https://ipfs.io/ipfs/QmUagRfNKZ1euHSuo2WLw1vtVkm7KqGJY9MTb2Kcxa3CXw,pumpfun-create-borsh-v1,success
solana:36boVAm1tmbETJXCsCa5UmGUhSRCA89yYpDsHshGdj5ijAsJZk87BUb16vsCQTGXaM33CBKc8ZboR5Vkd7RnUcjF:2:0,solana-mainnet,pump.fun,36boVAm1tmbETJXCsCa5UmGUhSRCA89yYpDsHshGdj5ijAsJZk87BUb16vsCQTGXaM33CBKc8ZboR5Vkd7RnUcjF,451619995,1790679058,2,0,3B3xeLeK9rizZrsZC2HmpDHWgPP2LXYcXt2miJh8pump,TokenzQdBNbLqP5VEhdkAS6EPFLC1PHnBqCXEpPxuEb,https://ipfs.io/ipfs/QmQ1VQaVtZ3vtfvU2KUDbeFJ1oupreDJ3AgzmVStXqurSk,pumpfun-create-borsh-v1,success
solana:2NiXhAhxQHDVUYxaRQTWwKH3kddfd9Lz2jRdo4hyf6m8ZVukNyL1W8vHFiobx9nqeCwzQohhq6DU1hYTjhvChzJZ:2:0,solana-mainnet,pump.fun,2NiXhAhxQHDVUYxaRQTWwKH3kddfd9Lz2jRdo4hyf6m8ZVukNyL1W8vHFiobx9nqeCwzQohhq6DU1hYTjhvChzJZ,451619983,1790679055,2,0,4WgtC5DptV92LGKmWzMi9WMy3kEi7ogxHBPJbNjxpump,TokenzQdBNbLqP5VEhdkAS6EPFLC1PHnBqCXEpPxuEb,https://ipfs.io/ipfs/QmSvXeCS9pNL8YDE9CzheiKLc84wcHQaUVZTnqMnQZydTX,pumpfun-create-borsh-v1,success
solana:3p8TN3LNGszNVqV7e6CFpx2bdDHc4md5xj7yZ7bWx7tes6JFXTksQT7F131VfSqraPmQfAMAnC2pWx7Ks8z63iYz:2:0,solana-mainnet,pump.fun,3p8TN3LNGszNVqV7e6CFpx2bdDHc4md5xj7yZ7bWx7tes6JFXTksQT7F131VfSqraPmQfAMAnC2pWx7Ks8z63iYz,451619982,1790679055,2,0,Ev6W15wqUC86dSNTSBNF3PSB1u5pHCHX1dCGXCcnpump,TokenzQdBNbLqP5VEhdkAS6EPFLC1PHnBqCXEpPxuEb,https://ipfs.io/ipfs/bafkreibzdhp5yynstx5r7f4ehxxfotw3vsv4awtlaw6tgi4cj6rtuljglm,pumpfun-create-borsh-v1,success
solana:5HfUfuZY3Reg2mWdbrWXLeWgknM9MkkNGJ48pVsZguijQRRKEy2zMDRidvEMSv62vXFGPs31v8WdRwa7Z51HZD2Q:2:0,solana-mainnet,pump.fun,5HfUfuZY3Reg2mWdbrWXLeWgknM9MkkNGJ48pVsZguijQRRKEy2zMDRidvEMSv62vXFGPs31v8WdRwa7Z51HZD2Q,451619959,1790679049,2,0,478EmbWzkitDiyqBkmC6fAJydAaaW6AdHtr8ZFvvpump,TokenzQdBNbLqP5VEhdkAS6EPFLC1PHnBqCXEpPxuEb,https://ipfs.io/ipfs/QmdGMazvUCpPdW6rhFSSxBBhpUCxPkm2CfW3gwy3yTJNGj,pumpfun-create-borsh-v1,success
solana:2vTPGFC4Vz7wSGn9ySUQmQ3GRfcH8tfRrmEnmzLhc1jPvJvs6PE3VzXSYnUcHCuMS5tkiPUQi7fkJpsEbcu7Svqp:2:0,solana-mainnet,pump.fun,2vTPGFC4Vz7wSGn9ySUQmQ3GRfcH8tfRrmEnmzLhc1jPvJvs6PE3VzXSYnUcHCuMS5tkiPUQi7fkJpsEbcu7Svqp,451619952,1790679047,2,0,HrjkmKeGsdrABhd23XCLoLz4Fg1SSbFRSDuQixeSpump,TokenzQdBNbLqP5VEhdkAS6EPFLC1PHnBqCXEpPxuEb,https://ipfs.io/ipfs/bafkreibduvzwvnabljzsbt4ixuttujrf6jnr4ndwysxelzodz3dpoe6j5y,pumpfun-create-borsh-v1,success
solana:3dgtc7eJjKf8bfEc4D8hvTL2dzn4VoraUHLcCQiTS8EVytKhZMC1fKGxcwSkkcjuTobyLViqcjJc6dqLpzjk6k7h:2:0,solana-mainnet,pump.fun,3dgtc7eJjKf8bfEc4D8hvTL2dzn4VoraUHLcCQiTS8EVytKhZMC1fKGxcwSkkcjuTobyLViqcjJc6dqLpzjk6k7h,451619919,1790679038,2,0,DGx7XzCHgi3moFhNd7Dz8bt6uCpSUe3Uwfo74b2opump,TokenzQdBNbLqP5VEhdkAS6EPFLC1PHnBqCXEpPxuEb,https://meta.uxento.io/data/16943d22-5226-4867-b7c0-ac2d7a30ce99,pumpfun-create-borsh-v1,success
solana:2X6AcRRvc1PRYkCtmZnFfX3VLR6y7fmmMMtTQrctfEMJSyN8Z2yjLCoATaw8JVqMKs6yEn35hUJCgV8U2AJSDZD2:2:0,solana-mainnet,pump.fun,2X6AcRRvc1PRYkCtmZnFfX3VLR6y7fmmMMtTQrctfEMJSyN8Z2yjLCoATaw8JVqMKs6yEn35hUJCgV8U2AJSDZD2,451619911,1790679036,2,0,4CEbgo44mAiFAmWSUweMv7ADtbTRG7rVqJrn1SKBpump,TokenzQdBNbLqP5VEhdkAS6EPFLC1PHnBqCXEpPxuEb,https://ipfs.io/ipfs/QmR54wHFcZkFZeRN2xTKQ2TdUKdaK4R61tCcG6a2N8PqYo,pumpfun-create-borsh-v1,success
solana:4Ujo1RsoGv56B3dfcr4pKxfdgEPnkB8mVaScHKxK3U1tznEhSWFLzWWcGXQ8XARbeC3NhbnUGPWkWFBBteDrTyff:2:1,solana-mainnet,pump.fun,4Ujo1RsoGv56B3dfcr4pKxfdgEPnkB8mVaScHKxK3U1tznEhSWFLzWWcGXQ8XARbeC3NhbnUGPWkWFBBteDrTyff,451619878,1790679027,2,1,FzAVd75Bf1eYVBF8b77WUhJDuyQ49qEC9R8TRPX6pump,TokenzQdBNbLqP5VEhdkAS6EPFLC1PHnBqCXEpPxuEb,https://ipfs.io/ipfs/QmfZX8A5Ga6W3SBBBjjoanLjnCJqN7CJSMyFskCZLoEcgR,pumpfun-create-borsh-v1,success
solana:2dHrP3YQRkHu5jUcJGMQm4toJF9uLRY5qfedvwqHbLxnYfazbJLinD7yq4ru3pHLKxEFYXfFRH1t8s2V2Djxcds1:2:0,solana-mainnet,pump.fun,2dHrP3YQRkHu5jUcJGMQm4toJF9uLRY5qfedvwqHbLxnYfazbJLinD7yq4ru3pHLKxEFYXfFRH1t8s2V2Djxcds1,451619877,1790679027,2,0,E43j9MqhHtuStDXvd1EHFy5Ka3vZjuvdZYmDkqmHpump,TokenzQdBNbLqP5VEhdkAS6EPFLC1PHnBqCXEpPxuEb,https://ipfs.io/ipfs/QmNXwiaUS22vGFCUmwy2FNXTcKLzTgSoRzKaEvbwo5Fr4w,pumpfun-create-borsh-v1,success
solana:2tiJdA81H8hcWBdPhAQFPNdGk9xZvgcSKVGNMH77DDUtEmxEfG3JNzrQt1CH9wNoheRY2su83A77Kvn31W1N8ajx:2:0,solana-mainnet,pump.fun,2tiJdA81H8hcWBdPhAQFPNdGk9xZvgcSKVGNMH77DDUtEmxEfG3JNzrQt1CH9wNoheRY2su83A77Kvn31W1N8ajx,451619868,1790679025,2,0,EC2G2gu1xHideWfsYhE5F7bHp9hnzC3iMGxWBMxvpump,TokenzQdBNbLqP5VEhdkAS6EPFLC1PHnBqCXEpPxuEb,https://ipfs.io/ipfs/QmTFDBzJTy1h1pUW2rKKR7s1H6GGpubuGsfvMbynTLc8jQ,pumpfun-create-borsh-v1,success
solana:3f5c15EMtZ32Gy66efrkjwF2B1p4YKvq3oPEUBXKxSVnYhDCSg51eEWeLHDSC48M48gPDFhz2ybeeuh8s7gZBK1P:2:0,solana-mainnet,pump.fun,3f5c15EMtZ32Gy66efrkjwF2B1p4YKvq3oPEUBXKxSVnYhDCSg51eEWeLHDSC48M48gPDFhz2ybeeuh8s7gZBK1P,451619847,1790679019,2,0,Hp79jSSE6AUy7uNhJEAxfsKK49D9139QfFCuQfmCpump,TokenzQdBNbLqP5VEhdkAS6EPFLC1PHnBqCXEpPxuEb,https://ipfs.io/ipfs/bafkreiaff6fm2e3r6ko33y2uyl3ehbalxt46nxkyzxqhe344xjzm2rqloy,pumpfun-create-borsh-v1,success
solana:2LihCEjDE9suYjQCr5sVvS6yvpW1abtNzcjjrKNc5nF7GNGRBtEDu2nNi1iiocwr2WTPrM2FttFc3tz2zPTdncCQ:2:0,solana-mainnet,pump.fun,2LihCEjDE9suYjQCr5sVvS6yvpW1abtNzcjjrKNc5nF7GNGRBtEDu2nNi1iiocwr2WTPrM2FttFc3tz2zPTdncCQ,451619825,1790679013,2,0,2Nk6c1NNbE8AW1ipMJd33A3pDMHF6x4kaeou9JUopump,TokenzQdBNbLqP5VEhdkAS6EPFLC1PHnBqCXEpPxuEb,https://ipfs.io/ipfs/bafkreifjqq5fnsmezlxcfigiccfowc3izwrxqrqrygo7jfpoeg7xjwekaq,pumpfun-create-borsh-v1,success
solana:5kdm2FYUTo18J5vfqCaqsiye8zKasQA8rxCNqpvzMkdbe6bXWFiukk399i9zZ9B3q5R41H5pZ2vQHLxdkGruEJVe:2:0,solana-mainnet,pump.fun,5kdm2FYUTo18J5vfqCaqsiye8zKasQA8rxCNqpvzMkdbe6bXWFiukk399i9zZ9B3q5R41H5pZ2vQHLxdkGruEJVe,451619799,1790679007,2,0,zUiGfL2YHpqHBXT4pjQPNkRAEB6hVzXX48bHWNRpump,TokenzQdBNbLqP5VEhdkAS6EPFLC1PHnBqCXEpPxuEb,https://ipfs.io/ipfs/bafkreigzjmi3ujwpsh34bnfdxjvdmc5jv7wk6wovrhifqwhr2g44oaufme,pumpfun-create-borsh-v1,success
solana:Ar9XpFmxxZJKKW2jBqaVgtVUv2cr7wAUa6jqpLYBkVAjQUJRMMEc2ity6uSWWN7FhQifUpJbfsh1zWXfUCpPxdZ:2:0,solana-mainnet,pump.fun,Ar9XpFmxxZJKKW2jBqaVgtVUv2cr7wAUa6jqpLYBkVAjQUJRMMEc2ity6uSWWN7FhQifUpJbfsh1zWXfUCpPxdZ,451619796,1790679006,2,0,jCaLbY32xWqDbVdhWRXBEGyYar7uvULKc8EYhh6pump,TokenzQdBNbLqP5VEhdkAS6EPFLC1PHnBqCXEpPxuEb,https://ipfs.io/ipfs/QmWLoHTjjCqhu8dwFdawoqzv6fNrwT45BJqfq2CtnRmTgt,pumpfun-create-borsh-v1,success
solana:3hmquLAoW2VWrNp5A3KMQ8javpxG91oQhuUEpq5uL6j8BcNfitwr7CzyM8NL1vAvdg7S1aKce25apV9DGQGiaikf:2:0,solana-mainnet,pump.fun,3hmquLAoW2VWrNp5A3KMQ8javpxG91oQhuUEpq5uL6j8BcNfitwr7CzyM8NL1vAvdg7S1aKce25apV9DGQGiaikf,451619792,1790679005,2,0,HkLQ2RqxcBbcaGXvkSqGkjmkX9itVwNXaWP4zT7ypump,TokenzQdBNbLqP5VEhdkAS6EPFLC1PHnBqCXEpPxuEb,https://ipfs.io/ipfs/bafkreihgimac67bl6dcdr7kebhtgkcanzt5jisg4ewgimsbrwmznvsdaju,pumpfun-create-borsh-v1,success
solana:jSQLzhwmH9FWBhQuh7pU1aPDxEbDWBn1kV8i5KWi74mwLtu6gmTkPdVveGaKhVPdb4VeB2K84iBaN8P1LApo2sH:2:0,solana-mainnet,pump.fun,jSQLzhwmH9FWBhQuh7pU1aPDxEbDWBn1kV8i5KWi74mwLtu6gmTkPdVveGaKhVPdb4VeB2K84iBaN8P1LApo2sH,451619780,1790679002,2,0,GZPBMC9J8wCTaqsPaKvQQ7Bf1fPciKpmBoxdnftppump,TokenzQdBNbLqP5VEhdkAS6EPFLC1PHnBqCXEpPxuEb,https://ipfs.io/ipfs/bafkreifz5u5phpgndyyiovvoxytdaczux243762pttbhksmqcjgi5csy5i,pumpfun-create-borsh-v1,success
solana:4ZQncc2FbZWkwbeHwAGWKDEXSjAQUg4TEEiu65UpMTYu6nzksC671CCLwL4DUm6hwe6Y4Pdovepz46v8fcQ1Kpsg:2:0,solana-mainnet,pump.fun,4ZQncc2FbZWkwbeHwAGWKDEXSjAQUg4TEEiu65UpMTYu6nzksC671CCLwL4DUm6hwe6Y4Pdovepz46v8fcQ1Kpsg,451619774,1790679000,2,0,8Wy8WaJ1ZhYn4W1P49kvH6hsrysnHaVVYCznzUVepump,TokenzQdBNbLqP5VEhdkAS6EPFLC1PHnBqCXEpPxuEb,https://ipfs.io/ipfs/QmdM36QGH9NvkYXECH4feCwSCFY4pfmvhhm2wMhDdpiXtR,pumpfun-create-borsh-v1,success
solana:4TMKsRks8A8GQtMbgxkKfm2nL9vbq9SfaTdgU4sCijWknLjokxHdJjdaXj1x5ffnmXWYJwxRQyMpDnnhAyQ3Ejcr:2:0,solana-mainnet,pump.fun,4TMKsRks8A8GQtMbgxkKfm2nL9vbq9SfaTdgU4sCijWknLjokxHdJjdaXj1x5ffnmXWYJwxRQyMpDnnhAyQ3Ejcr,451619753,1790678995,2,0,8jtdJFYG1PWBiYdmP6hoqHhWojgKdYb28P1yCxL8pump,TokenzQdBNbLqP5VEhdkAS6EPFLC1PHnBqCXEpPxuEb,https://meta.uxento.io/data/851986e8-a73a-4fff-a578-dce8619a9ebd,pumpfun-create-borsh-v1,success
solana:4rG5dNWQjWykSeTpyBtxod5fwE1VUkyZdwBxfeSdL9ynLu1w7gExfQgY91NXPwbb9c8ethVAxtAUwaSBpwenm8Ua:2:0,solana-mainnet,pump.fun,4rG5dNWQjWykSeTpyBtxod5fwE1VUkyZdwBxfeSdL9ynLu1w7gExfQgY91NXPwbb9c8ethVAxtAUwaSBpwenm8Ua,451619748,1790678994,2,0,FRmGXjm2YvHA8ZfY1jfCrebi41QdfydcqePp3k9Hpump,TokenzQdBNbLqP5VEhdkAS6EPFLC1PHnBqCXEpPxuEb,https://ipfs.io/ipfs/QmbxEu5efNv9byLwvabJ3dxzyJTi7uRUUimhpZ4icCUZYJ,pumpfun-create-borsh-v1,success
solana:2nBc7TzNfQQtcnaGVQT2nKYoiXNrT5Z6LLcsjDXS4XokoN8NV5xapedHqHhEfp2GPRkR3b1hXAwcXdS6pfh6nnni:2:0,solana-mainnet,pump.fun,2nBc7TzNfQQtcnaGVQT2nKYoiXNrT5Z6LLcsjDXS4XokoN8NV5xapedHqHhEfp2GPRkR3b1hXAwcXdS6pfh6nnni,451619747,1790678993,2,0,Ge6S5WubDJQszU1koD6UKAjAyQBBsRAwiX5ZjM7xpump,TokenzQdBNbLqP5VEhdkAS6EPFLC1PHnBqCXEpPxuEb,https://ipfs.io/ipfs/QmW9xtn7bvix1oDeeqYiYKrecfctCPxmP6qsRPkXoNhVtE,pumpfun-create-borsh-v1,success
solana:4Lk9a4vQmmVoEBRLxQd1BM1dyuvu7KLQphpAR12D1wnJEPMw9CaSmLgN7KbihjLvMo7Am5PzV2gJNkKD35qaWaWu:2:0,solana-mainnet,pump.fun,4Lk9a4vQmmVoEBRLxQd1BM1dyuvu7KLQphpAR12D1wnJEPMw9CaSmLgN7KbihjLvMo7Am5PzV2gJNkKD35qaWaWu,451619743,1790678992,2,0,ApZAQWEXEvUJQUqcjC2F2LMrdY4dNGhCPf6CGpFspump,TokenzQdBNbLqP5VEhdkAS6EPFLC1PHnBqCXEpPxuEb,https://ipfs.io/ipfs/bafkreigph7hqriqsio4xgn4k3qhh4j7iqy7ks76otjt2silivkyqzjjyg4,pumpfun-create-borsh-v1,success
solana:2cWJ4fFaqE5Z8pUuVscrBvTUjZk4VeDnT6dGWaobaBZX32Yf6Tv8jt9HBiqU8pWKWcQiEJ5Y2V3x848TkXEgVoGy:2:0,solana-mainnet,pump.fun,2cWJ4fFaqE5Z8pUuVscrBvTUjZk4VeDnT6dGWaobaBZX32Yf6Tv8jt9HBiqU8pWKWcQiEJ5Y2V3x848TkXEgVoGy,451619735,1790678990,2,0,CaceDCsznEHQiHrpqp3AjNExKThTvSArsJz8N5Lwpump,TokenzQdBNbLqP5VEhdkAS6EPFLC1PHnBqCXEpPxuEb,https://ipfs.io/ipfs/QmXXzkZLFG1aNv4pn4HDDJ9Z2LbNErfR94TxnE99Cb6HUp,pumpfun-create-borsh-v1,success
solana:3JqCwUg9HUP7awNhFzWjhBXv2uAYSsP5q1RLSFJggiLcRJZyUcxkGKoF4eZjPJPT5dovWcRJrBTuSYLDHa1kaHfK:2:0,solana-mainnet,pump.fun,3JqCwUg9HUP7awNhFzWjhBXv2uAYSsP5q1RLSFJggiLcRJZyUcxkGKoF4eZjPJPT5dovWcRJrBTuSYLDHa1kaHfK,451619729,1790678988,2,0,HChm7E7bzgrhsgpZXcoTFnCEGKGjmNfMrLeh119SjvBS,TokenzQdBNbLqP5VEhdkAS6EPFLC1PHnBqCXEpPxuEb,https://gateway.pinata.cloud/ipfs/bafkreiazs26gcg5qxweouplwq4yd4lnymv7kuw5qamg4rcqsk7abdeml5i,pumpfun-create-borsh-v1,success
solana:21Qq9teabVaUGsff7pM6iJnbfaqHn8i6DrDi9axEVVhVoveJKXM7efj8EWh2winqFg3pUVaY916Y3JgpEfqynqb6:3:0,solana-mainnet,pump.fun,21Qq9teabVaUGsff7pM6iJnbfaqHn8i6DrDi9axEVVhVoveJKXM7efj8EWh2winqFg3pUVaY916Y3JgpEfqynqb6,451619712,1790678984,3,0,9eevUseWdvPUVsDwbeU26GJs9M3n5aJhK7WEpr7cpump,TokenzQdBNbLqP5VEhdkAS6EPFLC1PHnBqCXEpPxuEb,https://pump.mypinata.cloud/ipfs/bafkreibohswf545hkirfaajx4dnxiwbuknyafmps4sbtokxgyar556dszq,pumpfun-create-borsh-v1,success
solana:2sbFcQYKeMucZej2RAcHKVNoDj9HakzRW3mUcDonX6PV9SCk9LMmiwJxDepH9sWLivPKVXvaqsJexb5ph7L78dEh:2:0,solana-mainnet,pump.fun,2sbFcQYKeMucZej2RAcHKVNoDj9HakzRW3mUcDonX6PV9SCk9LMmiwJxDepH9sWLivPKVXvaqsJexb5ph7L78dEh,451619686,1790678977,2,0,5ewadCM3t67UEeoqwBradq4rjJyPkWUJR1AzAQXCpump,TokenzQdBNbLqP5VEhdkAS6EPFLC1PHnBqCXEpPxuEb,https://ipfs.io/ipfs/Qme2Mkm4m9aBeGkAhpDDKKyYkUfLgE9dt1BBZVkWVw9FvZ,pumpfun-create-borsh-v1,success
solana:3jevR2ueTND18CPuiQWvDQK1Y2rJuPqyeJmvpkLPcsZf1avSY1cuGmDsqaZUCJ9fozgubUUkLa35MkQhtQVzdf4F:2:0,solana-mainnet,pump.fun,3jevR2ueTND18CPuiQWvDQK1Y2rJuPqyeJmvpkLPcsZf1avSY1cuGmDsqaZUCJ9fozgubUUkLa35MkQhtQVzdf4F,451619678,1790678975,2,0,2RYdj92VNzwicxRf597NPENhPAAvZ3fDXUCSnsaBpump,TokenzQdBNbLqP5VEhdkAS6EPFLC1PHnBqCXEpPxuEb,https://ipfs.io/ipfs/QmbcRRswnEQxeAUgRZA7mtFPoLQipkYL96vpiUSgjdSrLH,pumpfun-create-borsh-v1,success
solana:5WMPMjJ2NPhb7okuraPhamTBxVgd4zqiwRBogcoWFTHvkKP2r8wDcJCVRfZiTzK1aewGTXaFHdcZ5k66AVyH9eEX:1:0,solana-mainnet,pump.fun,5WMPMjJ2NPhb7okuraPhamTBxVgd4zqiwRBogcoWFTHvkKP2r8wDcJCVRfZiTzK1aewGTXaFHdcZ5k66AVyH9eEX,451619673,1790678973,1,0,8w381SLTZ4FhPpP5ggi8UboFQy7jToGUmoQXzsm442gT,TokenzQdBNbLqP5VEhdkAS6EPFLC1PHnBqCXEpPxuEb,https://ipfs.io/ipfs/bafkreigtltq7upnw65t75p6rrlkiyuqvtc7vtc56ege5fj6a7d4nbgoyqm,pumpfun-create-borsh-v1,success
solana:62P3oHxJwEeC2TxF46BHriGtGeaNVf1RYzGCq1CBrzVkuv3jYh42a1kJmJoRGTWD8daczcY3gW9W1RXHo6vvy7bJ:0:0,solana-mainnet,pump.fun,62P3oHxJwEeC2TxF46BHriGtGeaNVf1RYzGCq1CBrzVkuv3jYh42a1kJmJoRGTWD8daczcY3gW9W1RXHo6vvy7bJ,451619653,1790678968,0,0,9e19tpVXcwDkzTgvicEghR8WRDHeTWb58Xne3MXRQLsw,TokenzQdBNbLqP5VEhdkAS6EPFLC1PHnBqCXEpPxuEb,https://ipfs.io/ipfs/bafkreie5z5sk6g26p6p67gsovcwzo53l33iqm3ilen36xts4sxbvhzpuxm,pumpfun-create-borsh-v1,success
solana:5s1V1n4Gpm4HE2bKSLhdY1eFpB6A6Jcq97KLnGnLASxzNxFQmyC6oyf7bsojQwpfLkQnFNxPAtHQScYa6WYBYqWZ:2:0,solana-mainnet,pump.fun,5s1V1n4Gpm4HE2bKSLhdY1eFpB6A6Jcq97KLnGnLASxzNxFQmyC6oyf7bsojQwpfLkQnFNxPAtHQScYa6WYBYqWZ,451619648,1790678967,2,0,D7HSycPA4oSw33dFdggrWmSo7Uh2iA4KyqeFURNopump,TokenzQdBNbLqP5VEhdkAS6EPFLC1PHnBqCXEpPxuEb,https://ipfs.io/ipfs/QmS8tLVwaNyFUNFNTEtq7Ms2h2Q7qiPMUKAGtBrKQYKAb8,pumpfun-create-borsh-v1,success
solana:2dTKyQV6peNkFEksAiSXEVB5YMmZgZtjf8YeYURGH8ivVreM8o81uL7yekfcqZi9cbjsjoY1EG1JoAEmo2i5kyZH:2:0,solana-mainnet,pump.fun,2dTKyQV6peNkFEksAiSXEVB5YMmZgZtjf8YeYURGH8ivVreM8o81uL7yekfcqZi9cbjsjoY1EG1JoAEmo2i5kyZH,451619644,1790678966,2,0,FoT7AmnxCyq95oq5K235VS38eVMbfqFRWwpiFiUrpump,TokenzQdBNbLqP5VEhdkAS6EPFLC1PHnBqCXEpPxuEb,https://ipfs.io/ipfs/bafkreigp6hx2xclhb3abwpugegjjafmbm2mmspgjm7ziqb5madmeyrkqti,pumpfun-create-borsh-v1,success
solana:53jpDTBWgw5fQWHcgHwAAFu6bGZK9CvvFMVr3SRRiqx2wX8bZ7ZK57vW3C3j1oWmCKr4jMHaG4RsPh5VTExQMbA5:2:0,solana-mainnet,pump.fun,53jpDTBWgw5fQWHcgHwAAFu6bGZK9CvvFMVr3SRRiqx2wX8bZ7ZK57vW3C3j1oWmCKr4jMHaG4RsPh5VTExQMbA5,451619641,1790678965,2,0,8yXcD33WNARfBBpCGYynNn8ooEJueqqYhBApENMfpump,TokenzQdBNbLqP5VEhdkAS6EPFLC1PHnBqCXEpPxuEb,https://ipfs.io/ipfs/QmSuEbX1og7FLVUMXcomQKXfJjC8cyofQvWriWXz8fEXXX,pumpfun-create-borsh-v1,success
solana:3ByfgjYzycju6tvkdyARzryciHjpGNhTL1zxeeRyix6jJdWL5cBMm56HryML7ov9C2Rv9JJCB8oG17De1eRmSwef:2:0,solana-mainnet,pump.fun,3ByfgjYzycju6tvkdyARzryciHjpGNhTL1zxeeRyix6jJdWL5cBMm56HryML7ov9C2Rv9JJCB8oG17De1eRmSwef,451619635,1790678963,2,0,9WuZ4eg9fBqhJDoqgq4RuPaYb2qs3wwYx16WQRtejVMi,TokenzQdBNbLqP5VEhdkAS6EPFLC1PHnBqCXEpPxuEb,https://ipfs2.extraction.live/ipfs/9WuZ4eg9fBqhJDoqgq4RuPaYb2qs3wwYx16WQRtejVMi,pumpfun-create-borsh-v1,success
solana:2KtwoSjh3Z8Vj9q4MjjwUV9hwfW7orAsZ9TYPSvSdHcpg4rPRs7XWDSWU1BZ2dBajVw3zCxRo36X9KD3BmQP4cub:2:0,solana-mainnet,pump.fun,2KtwoSjh3Z8Vj9q4MjjwUV9hwfW7orAsZ9TYPSvSdHcpg4rPRs7XWDSWU1BZ2dBajVw3zCxRo36X9KD3BmQP4cub,451619632,1790678962,2,0,kiFZU5gQzPuNxpkPN2xkAPuKGnxe1q8h692gT5ZYjZe,TokenzQdBNbLqP5VEhdkAS6EPFLC1PHnBqCXEpPxuEb,https://ipfs2.extraction.live/ipfs/kiFZU5gQzPuNxpkPN2xkAPuKGnxe1q8h692gT5ZYjZe,pumpfun-create-borsh-v1,success
solana:4813Du8p2FoajiUDXKQ9tBHjZQZpYjyyDBJy7kSqdvmQcxmJA3QDnt2g27Wm8rcRMqjn36TC7epSJaNog5PxSFR8:2:0,solana-mainnet,pump.fun,4813Du8p2FoajiUDXKQ9tBHjZQZpYjyyDBJy7kSqdvmQcxmJA3QDnt2g27Wm8rcRMqjn36TC7epSJaNog5PxSFR8,451619630,1790678962,2,0,FosxwTo67vChhXBxFqeqCgcyTK7qTUXwXW1Ttr3v2q4r,TokenzQdBNbLqP5VEhdkAS6EPFLC1PHnBqCXEpPxuEb,https://ipfs2.extraction.live/ipfs/FosxwTo67vChhXBxFqeqCgcyTK7qTUXwXW1Ttr3v2q4r,pumpfun-create-borsh-v1,success
solana:3f9KTSpZkPKqjLiPGmo3nuPiJu3pSUKEdMxyeQhBPGF1CHbyTa1TctjThyUVT8Bi7FRhAsvrU2tLdN3rDcFiGfQC:2:0,solana-mainnet,pump.fun,3f9KTSpZkPKqjLiPGmo3nuPiJu3pSUKEdMxyeQhBPGF1CHbyTa1TctjThyUVT8Bi7FRhAsvrU2tLdN3rDcFiGfQC,451619627,1790678961,2,0,7GqarBrAU6WguKoZBNDyKjpLFsLwQsLDChaKeVtnqKeP,TokenzQdBNbLqP5VEhdkAS6EPFLC1PHnBqCXEpPxuEb,https://ipfs2.extraction.live/ipfs/7GqarBrAU6WguKoZBNDyKjpLFsLwQsLDChaKeVtnqKeP,pumpfun-create-borsh-v1,success
solana:4zTAS9ooUEjW74pcHrgjM3WnP2kkEmQgbJMgJfDrxU1sF2y1dztkqQ5j12pb1d2spQXDstyKy5byy9BA4jEbfwht:2:0,solana-mainnet,pump.fun,4zTAS9ooUEjW74pcHrgjM3WnP2kkEmQgbJMgJfDrxU1sF2y1dztkqQ5j12pb1d2spQXDstyKy5byy9BA4jEbfwht,451619625,1790678960,2,0,ANZ4EaA9ETxHpaYyNGAorLN96BGsRMd3CMK5zHxKfER1,TokenzQdBNbLqP5VEhdkAS6EPFLC1PHnBqCXEpPxuEb,https://ipfs2.extraction.live/ipfs/ANZ4EaA9ETxHpaYyNGAorLN96BGsRMd3CMK5zHxKfER1,pumpfun-create-borsh-v1,success
solana:3ZuSFV6ZbykBhPY8jM5XBEP9f1wSV4tLhLiGvoR75rMvRjYKgpP9o3K4g1BQRKxUAG6bT9PWCRhSwH5SWYbDMY6c:2:0,solana-mainnet,pump.fun,3ZuSFV6ZbykBhPY8jM5XBEP9f1wSV4tLhLiGvoR75rMvRjYKgpP9o3K4g1BQRKxUAG6bT9PWCRhSwH5SWYbDMY6c,451619611,1790678957,2,0,DmTqpNvV8k9MhBjetC4yDo1msgogv2mBS6hFuJQWpump,TokenzQdBNbLqP5VEhdkAS6EPFLC1PHnBqCXEpPxuEb,https://ipfs.io/ipfs/QmQ1VQaVtZ3vtfvU2KUDbeFJ1oupreDJ3AgzmVStXqurSk,pumpfun-create-borsh-v1,success
solana:hFTtQCA1n2nN3DfVVXNApKi2QCLHn9RZPy44a3e4BpJ88QkGctwPno2rJeMYETerjpwNNi1zhqk4GxsBWax17uT:2:0,solana-mainnet,pump.fun,hFTtQCA1n2nN3DfVVXNApKi2QCLHn9RZPy44a3e4BpJ88QkGctwPno2rJeMYETerjpwNNi1zhqk4GxsBWax17uT,451619598,1790678953,2,0,HTjnSCrz7q8pZDBL6f1TE3EvRb1w8qJDJiGtZGqcpump,TokenzQdBNbLqP5VEhdkAS6EPFLC1PHnBqCXEpPxuEb,https://ipfs.io/ipfs/QmVbFEPwVMAZwAa5oFT8BGv6AkMDGETnWBQ2ss3mzbaxDd,pumpfun-create-borsh-v1,success
solana:2c6ZCC9vbyfzKPaP6BY4QMfT8gE3TaGh9eT7vCVRwKJpfPfFCVmMGFnQtDTvzAeSFpBKtgEUusTgFxtxtVgu7skq:2:0,solana-mainnet,pump.fun,2c6ZCC9vbyfzKPaP6BY4QMfT8gE3TaGh9eT7vCVRwKJpfPfFCVmMGFnQtDTvzAeSFpBKtgEUusTgFxtxtVgu7skq,451619588,1790678951,2,0,dZdgo8EcU21HAhWfDZJpvPJjA7RGnBJy3g3GpwYpump,TokenzQdBNbLqP5VEhdkAS6EPFLC1PHnBqCXEpPxuEb,https://ipfs.io/ipfs/QmYzjZbhK4AVbYCHD4UogFhird8eDR69t5ejrCngLuKY4h,pumpfun-create-borsh-v1,success
solana:2PaXzfxAEEeZyaMXxXFjjeC3nWNSoSjNNwNdTUZW4NvT4ryMyMAJEvrvLE4hC5LMBVhwGZZhiGcmLyBp3kRAtAit:2:0,solana-mainnet,pump.fun,2PaXzfxAEEeZyaMXxXFjjeC3nWNSoSjNNwNdTUZW4NvT4ryMyMAJEvrvLE4hC5LMBVhwGZZhiGcmLyBp3kRAtAit,451619564,1790678944,2,0,FY84ugW2kSY753jxQ7wQxAqaUCzNrUYtVa6GcGcL4hto,TokenzQdBNbLqP5VEhdkAS6EPFLC1PHnBqCXEpPxuEb,https://metadata.j7tracker.io/metadata/b5f10188b75a41c7.json,pumpfun-create-borsh-v1,success
solana:4TKsPNQMWay59avLz8bpbdysS5CpDAKFBZi8vJuRXGjdBUsAkXWNQpgrkzHonCEuDegve9qzijvG2H7JNA4R8FX5:2:0,solana-mainnet,pump.fun,4TKsPNQMWay59avLz8bpbdysS5CpDAKFBZi8vJuRXGjdBUsAkXWNQpgrkzHonCEuDegve9qzijvG2H7JNA4R8FX5,451619562,1790678944,2,0,DdZzpKTj2sUjRTRp7jvVf4pV4ecb4AwQPUAWP2opump,TokenzQdBNbLqP5VEhdkAS6EPFLC1PHnBqCXEpPxuEb,https://ipfs.io/ipfs/bafkreihajoc2s5h3l2yiy3apsavarr4rvunahcm53or6zcflktaftc7u6a,pumpfun-create-borsh-v1,success
solana:2kjsNQe9xPbFwZWF5qUHZi8Sjq7Wb851ipc9jXZXYdJq2LiV6FX9H2qKsBAiePBB1scjjtCqRfvUwLgzg37tZJCv:2:0,solana-mainnet,pump.fun,2kjsNQe9xPbFwZWF5qUHZi8Sjq7Wb851ipc9jXZXYdJq2LiV6FX9H2qKsBAiePBB1scjjtCqRfvUwLgzg37tZJCv,451619494,1790678926,2,0,J3ZTZHibVcbxReFMJi5zETo2ZrS8RWieUkU4SUsDpump,TokenzQdBNbLqP5VEhdkAS6EPFLC1PHnBqCXEpPxuEb,https://ipfs.io/ipfs/QmUh1CqqgMUSDmJPsyxaJTvNbDbaWjXAUtzRn46v5RFaF1,pumpfun-create-borsh-v1,success
solana:Hie1ngdMhGE8iKicKKSorCTvSu1HjSkCHqZ2xKmQNajpoV6CJCqf5zKM1mG2nLvJERGxrmm4XsHREjRXEAzifNH:2:0,solana-mainnet,pump.fun,Hie1ngdMhGE8iKicKKSorCTvSu1HjSkCHqZ2xKmQNajpoV6CJCqf5zKM1mG2nLvJERGxrmm4XsHREjRXEAzifNH,451619479,1790678922,2,0,2hAwLoZHGqaXJgiLfVRaGGjJhKjndabiDahZGEAKpump,TokenzQdBNbLqP5VEhdkAS6EPFLC1PHnBqCXEpPxuEb,https://ipfs.io/ipfs/QmQ1VQaVtZ3vtfvU2KUDbeFJ1oupreDJ3AgzmVStXqurSk,pumpfun-create-borsh-v1,success
solana:2bgNJF68pyFJXnMg2Rsh51AQCSwHyeSAYZ3Pyzx7SQ4CM51QdvvD5FZPacKV2wFMbLgmxfbLvPWghPgKCg31u224:2:0,solana-mainnet,pump.fun,2bgNJF68pyFJXnMg2Rsh51AQCSwHyeSAYZ3Pyzx7SQ4CM51QdvvD5FZPacKV2wFMbLgmxfbLvPWghPgKCg31u224,451619477,1790678922,2,0,5kwK6d9sTSvK2WZw9F6jELn9XgLrZMRueuP1A5oHVyap,TokenzQdBNbLqP5VEhdkAS6EPFLC1PHnBqCXEpPxuEb,https://gateway.pinata.cloud/ipfs/QmaGXAdasLTrXigJLRJ5c3VMmCoq1QMv9fJRhMcAjNo57W,pumpfun-create-borsh-v1,success
solana:59YqJyQK7KRxzruhKrLEkE2YaruSeFqbkd4yvoqU34PMvfbYu3K86ZPrqhccT7aJQ9uPHsWQcM4afMQecFuAhKKY:2:0,solana-mainnet,pump.fun,59YqJyQK7KRxzruhKrLEkE2YaruSeFqbkd4yvoqU34PMvfbYu3K86ZPrqhccT7aJQ9uPHsWQcM4afMQecFuAhKKY,451619475,1790678921,2,0,AVDqEmQzmuurNrEpNaRhy1i6YLcas2vDf615XS1NSZAZ,TokenzQdBNbLqP5VEhdkAS6EPFLC1PHnBqCXEpPxuEb,https://metadata.j7tracker.io/metadata/V09ifBnf6N.json,pumpfun-create-borsh-v1,success
solana:5Z3jZp2urDknGFdasQn98L2NtgNA2Fs9nwd6oF8sLfjTYt2ihB2BjezCAyej4dz38E7QVMRHrsKWPfWAPP9myzEC:2:0,solana-mainnet,pump.fun,5Z3jZp2urDknGFdasQn98L2NtgNA2Fs9nwd6oF8sLfjTYt2ihB2BjezCAyej4dz38E7QVMRHrsKWPfWAPP9myzEC,451619475,1790678921,2,0,HAzyvEQN9rbfC96V9bHHgQTtsMqZy4dmW2C8muk5pump,TokenzQdBNbLqP5VEhdkAS6EPFLC1PHnBqCXEpPxuEb,https://ipfs.io/ipfs/QmUsJPyyYNVrBaRFRS7KfWWuYoSPsowDsGbdsi8BPN55V7,pumpfun-create-borsh-v1,success
solana:36FpDwyW7wfkpyNP5iM3Xm3r5fVRHeA98TAN1w6i5EAuNuJUkC7FMJpBfSkK3y8a2wByQnUFgqp48jxhfwj4CM7t:2:0,solana-mainnet,pump.fun,36FpDwyW7wfkpyNP5iM3Xm3r5fVRHeA98TAN1w6i5EAuNuJUkC7FMJpBfSkK3y8a2wByQnUFgqp48jxhfwj4CM7t,451619467,1790678919,2,0,C9eptWwukSg2jYgQhCc8Ligx2BK6s2kCFUqfbeXypump,TokenzQdBNbLqP5VEhdkAS6EPFLC1PHnBqCXEpPxuEb,https://ipfs.io/ipfs/QmbRi6D4ehx9wYsH1cgfgwxvGwzUZpGGH1WEFQJK3TpD53,pumpfun-create-borsh-v1,success
solana:2Rof3yFKQ99tGA8k9hkhHxLHvUC6FkHMDYuPuJoFqopHDs1fjrZVKxuS5J7KzUfgePyu6p21Y5dhSLZFArmW3HFw:2:0,solana-mainnet,pump.fun,2Rof3yFKQ99tGA8k9hkhHxLHvUC6FkHMDYuPuJoFqopHDs1fjrZVKxuS5J7KzUfgePyu6p21Y5dhSLZFArmW3HFw,451619467,1790678919,2,0,9Kp5UJWUC5b7xdx6QiTNSZatib4pDCq28snjWMEypump,TokenzQdBNbLqP5VEhdkAS6EPFLC1PHnBqCXEpPxuEb,https://ipfs.launchblitz.ai/async/9Kp5UJWUC5b7xdx6QiTNSZatib4pDCq28snjWMEypump.json,pumpfun-create-borsh-v1,success
solana:2WmXacbEB1mXFstPXmpU7956XcUvzwx6oJhvENAmv7UUMV4XPZ5t3BXwaWJYSS8JBmJDKFweahtu7uEiLEFBypRV:2:1,solana-mainnet,pump.fun,2WmXacbEB1mXFstPXmpU7956XcUvzwx6oJhvENAmv7UUMV4XPZ5t3BXwaWJYSS8JBmJDKFweahtu7uEiLEFBypRV,451619465,1790678918,2,1,Gbd3Vjc6RgS7XggvH5CUXdA7FX19bS3dyH5oZaUPpump,TokenzQdBNbLqP5VEhdkAS6EPFLC1PHnBqCXEpPxuEb,https://ipfs.io/ipfs/QmWGup8rzi4RJT1psC22FTrVYfYQZPdMUevVpvAo7trrTb,pumpfun-create-borsh-v1,success
solana:QDEPYnpyBn7ZSyzbGeFe9rEHfCnnT4YZzoL6aCmr4zRn7imPApH9LAiFf6ntEePk7wkuLM7tXzdn65AHTGUqjTh:2:0,solana-mainnet,pump.fun,QDEPYnpyBn7ZSyzbGeFe9rEHfCnnT4YZzoL6aCmr4zRn7imPApH9LAiFf6ntEePk7wkuLM7tXzdn65AHTGUqjTh,451619453,1790678915,2,0,Hpxzb1ZXSb4BFjD1Ujce646Su6tDeLSvB3MT6BR6wk1Y,TokenzQdBNbLqP5VEhdkAS6EPFLC1PHnBqCXEpPxuEb,https://metadata.j7tracker.io/metadata/057f0f5939804f33.json,pumpfun-create-borsh-v1,success
solana:4yiL7faiHZ9JHEgVg5X5AAQAWoD3NXNxJCHygYFfDdT5V96kbqypGjH6KaX337R6SE1zX7S9QLDKwMzXN3zGfCEJ:2:0,solana-mainnet,pump.fun,4yiL7faiHZ9JHEgVg5X5AAQAWoD3NXNxJCHygYFfDdT5V96kbqypGjH6KaX337R6SE1zX7S9QLDKwMzXN3zGfCEJ,451619450,1790678914,2,0,4S5YDNb1oSXAxhtMoYb7RyNbyytFZoQtbMfa8DtQpump,TokenzQdBNbLqP5VEhdkAS6EPFLC1PHnBqCXEpPxuEb,https://ipfs.io/ipfs/Qmd57ANHxjo1NgPjXEQE1Z2TdiCxLuJTYbNVf5yNFbQju8,pumpfun-create-borsh-v1,success
solana:3gw92ATvHnDsm4B2okb8dRpqan81eyMZnRQpnKWK6xT3NzRcoAoHVbEd1MnXS19qwfQfoB2CQixLxDdV7y9qyhWG:2:0,solana-mainnet,pump.fun,3gw92ATvHnDsm4B2okb8dRpqan81eyMZnRQpnKWK6xT3NzRcoAoHVbEd1MnXS19qwfQfoB2CQixLxDdV7y9qyhWG,451619446,1790678913,2,0,3Sp1HPBCRZcree3CFafLbeixQma1tmtSmYD1xsGTpump,TokenzQdBNbLqP5VEhdkAS6EPFLC1PHnBqCXEpPxuEb,https://ipfs.io/ipfs/QmbpGyFShpxKRWYViZwAcewa5W3d2zS86RPiXnxABDYTKn,pumpfun-create-borsh-v1,success
solana:2h1mcVipLSusmPbLK3SMx74HPb4moq8nBPqaZdGzCG9FBUXkWVxFL9V2Cdred85rL5nAu9HHURvM92PRWrAhzcL3:2:0,solana-mainnet,pump.fun,2h1mcVipLSusmPbLK3SMx74HPb4moq8nBPqaZdGzCG9FBUXkWVxFL9V2Cdred85rL5nAu9HHURvM92PRWrAhzcL3,451619428,1790678909,2,0,94JrRzua7nnwGN9aXvxejmMEyoF2ZKB9z73ezVikpump,TokenzQdBNbLqP5VEhdkAS6EPFLC1PHnBqCXEpPxuEb,https://meta.uxento.io/data/f0730048-fb4e-4db6-99b7-b3135c85a327,pumpfun-create-borsh-v1,success
solana:3rXeccvSpjdHn7dvf8xNi1CajzDderbZwgp8mNifYBCSXpjdjzEzyFXWKHPf9wFBwRTh4sATQjVKHqZyAQUxKCK1:2:0,solana-mainnet,pump.fun,3rXeccvSpjdHn7dvf8xNi1CajzDderbZwgp8mNifYBCSXpjdjzEzyFXWKHPf9wFBwRTh4sATQjVKHqZyAQUxKCK1,451619412,1790678904,2,0,CSU2NsZhqhzpd1LH2DvtUxxfoC8xyC8NujTG4JaDpump,TokenzQdBNbLqP5VEhdkAS6EPFLC1PHnBqCXEpPxuEb,https://ipfs.io/ipfs/QmZq5CAoTWCrq2Cubdptf3cimoJjHk9dMkwCYMvafHsnoH,pumpfun-create-borsh-v1,success
solana:3CkxgCqJj5aoQMZoRDuHruFXqFxissTeUXyav78RmgZtUjHcVCd7yLRRzgwVZcmJD8TpjaQVTQod66XEre42kkjG:2:0,solana-mainnet,pump.fun,3CkxgCqJj5aoQMZoRDuHruFXqFxissTeUXyav78RmgZtUjHcVCd7yLRRzgwVZcmJD8TpjaQVTQod66XEre42kkjG,451619393,1790678899,2,0,E4szdD4itsJpWR2KRYrkisX7nbd3Bs3Fs3txmjpXjsEZ,TokenzQdBNbLqP5VEhdkAS6EPFLC1PHnBqCXEpPxuEb,https://metadata.j7tracker.io/metadata/PvHLeZbb4I.json,pumpfun-create-borsh-v1,success
solana:3u3KEi6uBzkDyzt5rKD4vFdFyri6NLS8ixD1KfJCeA4iPU9tjftQ3drjszUnMMxEjZguwaHEUe3hFpcWcqw7c8Xa:2:0,solana-mainnet,pump.fun,3u3KEi6uBzkDyzt5rKD4vFdFyri6NLS8ixD1KfJCeA4iPU9tjftQ3drjszUnMMxEjZguwaHEUe3hFpcWcqw7c8Xa,451619391,1790678899,2,0,Ffq8nY2dnAKu188eSY9HsMtQEVM2ALvHD36ojf4B5MMB,TokenzQdBNbLqP5VEhdkAS6EPFLC1PHnBqCXEpPxuEb,https://ipfs.io/ipfs/bafkreia6hcowy52lhz3akzsazrbbqs53d4im5bchjusdw3xyxvrtuw5qfi,pumpfun-create-borsh-v1,success
solana:5tq9Zn5F8yqq8e6igv3hdF6rcUEqrzoURoMzyusACcLQia8aqTKwf4qQN48N5PmEVtKYZETaVPvJi7L4D1tpySTF:2:0,solana-mainnet,pump.fun,5tq9Zn5F8yqq8e6igv3hdF6rcUEqrzoURoMzyusACcLQia8aqTKwf4qQN48N5PmEVtKYZETaVPvJi7L4D1tpySTF,451619386,1790678897,2,0,3cpiofcTinKXAYXqK3PZuhrGsFoa3E2CqMBCSoctpump,TokenzQdBNbLqP5VEhdkAS6EPFLC1PHnBqCXEpPxuEb,https://ipfs.io/ipfs/QmdfB4MpLMQe7B2ZCtqn97XDQ39RGud2uAk11v47kiykCW,pumpfun-create-borsh-v1,success
solana:3SAvcpSJhzvebXFc7L4urD6SHE6igshHt3qGxaCsmrou9AaMDoTsuiQofD4dHKXQg5KXKZVW8wpcYK5ograyApmn:2:0,solana-mainnet,pump.fun,3SAvcpSJhzvebXFc7L4urD6SHE6igshHt3qGxaCsmrou9AaMDoTsuiQofD4dHKXQg5KXKZVW8wpcYK5ograyApmn,451619383,1790678896,2,0,3dHsapndniiaDHSA2AkhUF4QBYERkGdsJAKcssjvpump,TokenzQdBNbLqP5VEhdkAS6EPFLC1PHnBqCXEpPxuEb,https://ipfs.io/ipfs/QmNY6e3sjVxNksU7k5QvL1A4TzuYPD2tMM7A3dMhAtVjca,pumpfun-create-borsh-v1,success
solana:3KkJV1qv4KBhTFxngoPXShPwNHBhXUHQUhaPAGugeEuV2xHUo6gqF15dYH3GPFqgTM7ze9SJKmJZ2Rzx7RaF7rat:0:0,solana-mainnet,pump.fun,3KkJV1qv4KBhTFxngoPXShPwNHBhXUHQUhaPAGugeEuV2xHUo6gqF15dYH3GPFqgTM7ze9SJKmJZ2Rzx7RaF7rat,451619371,1790678893,0,0,BxDxX5S8VV1hsZFH54fAQebFMu5eLmaBQ7W8nMsHa16p,TokenzQdBNbLqP5VEhdkAS6EPFLC1PHnBqCXEpPxuEb,https://metadata.j7tracker.io/m/agdgxgeUr7,pumpfun-create-borsh-v1,success
solana:5YHRBRybuubUvuDGSqr2NgFK7o17Q9DkBkmNQpWBvX5jPijBreNc1WW9Z6X84ncYkQgokZqChjMsLUBLPqnPtm2Y:2:0,solana-mainnet,pump.fun,5YHRBRybuubUvuDGSqr2NgFK7o17Q9DkBkmNQpWBvX5jPijBreNc1WW9Z6X84ncYkQgokZqChjMsLUBLPqnPtm2Y,451619366,1790678892,2,0,53r3LRf96wfSNNDnpVFVUXjdbgJQ4CYiHgLT18Lcpump,TokenzQdBNbLqP5VEhdkAS6EPFLC1PHnBqCXEpPxuEb,https://ipfs.io/ipfs/bafkreid64gfjcx3vbxm3rdhdfthzunz6f3vwazebfw4bbuico7r5zl553i,pumpfun-create-borsh-v1,success
solana:58ZYmPnV9TogQPve2LGjhJng9qetZtGdqpkGXCf1viwJ1mn6aQrDCxmjxAh9rFQJxGfHiF5zYyhnpuPgcV6gFXGk:2:0,solana-mainnet,pump.fun,58ZYmPnV9TogQPve2LGjhJng9qetZtGdqpkGXCf1viwJ1mn6aQrDCxmjxAh9rFQJxGfHiF5zYyhnpuPgcV6gFXGk,451619362,1790678891,2,0,7Z8rnZmsdFzfx27XPA14XjXDQqNGgcPw1DdUsuyHpump,TokenzQdBNbLqP5VEhdkAS6EPFLC1PHnBqCXEpPxuEb,https://ipfs.io/ipfs/bafkreieem52ztxvph6u3cjrql7khlu47y57dfyduvxw6ffudxwxyefer2e,pumpfun-create-borsh-v1,success
solana:hFe69WuwGZH8dd8MuBMuZfDgQfQQTadPmAzvi1GA1dp3iNTC5Nfcube2vz84uFyByLTBhX4qKGbwc3ZEdtcrYGH:2:0,solana-mainnet,pump.fun,hFe69WuwGZH8dd8MuBMuZfDgQfQQTadPmAzvi1GA1dp3iNTC5Nfcube2vz84uFyByLTBhX4qKGbwc3ZEdtcrYGH,451619358,1790678890,2,0,87ob75BzVcu2XAbHGgX6QSeCT62ipaVjgT8MVq15pump,TokenzQdBNbLqP5VEhdkAS6EPFLC1PHnBqCXEpPxuEb,https://ipfs.io/ipfs/bafkreih55td2mzdperjjvxhedteee6ua22jjpzcvxssv5gd4i374aw7sfu,pumpfun-create-borsh-v1,success
solana:4PXgUqds2nW5XEEQw1NLXQ6Jh7uCnV1hh8VVMbFJjTBFUnZV8MQEaQDsqdFPhEmvTJvBsq9opAvFy3Nf9b3vCXTa:2:0,solana-mainnet,pump.fun,4PXgUqds2nW5XEEQw1NLXQ6Jh7uCnV1hh8VVMbFJjTBFUnZV8MQEaQDsqdFPhEmvTJvBsq9opAvFy3Nf9b3vCXTa,451619344,1790678886,2,0,BWNMdB7o5XArKNqX5sWU8s7aB1XQXd7md8X7yoTNpump,TokenzQdBNbLqP5VEhdkAS6EPFLC1PHnBqCXEpPxuEb,https://ipfs.io/ipfs/QmZohiBLjR6Bds4o3vb9nKPLQ3NHaUYMNMS5YQLYSSgH9h,pumpfun-create-borsh-v1,success
solana:4Z3AmceodcQmP418wG6P1RK3Kv6TjQMLg5798J5LVKcJsMCGaJAquieYQoiZMn65b6nJXCCBwzTwGuyWEa4xaZdp:2:0,solana-mainnet,pump.fun,4Z3AmceodcQmP418wG6P1RK3Kv6TjQMLg5798J5LVKcJsMCGaJAquieYQoiZMn65b6nJXCCBwzTwGuyWEa4xaZdp,451619335,1790678884,2,0,9Ax1bFHpQxrpEDroeHwz8Ryhux15XNKM4nLa4pq7pump,TokenzQdBNbLqP5VEhdkAS6EPFLC1PHnBqCXEpPxuEb,https://ipfs.io/ipfs/bafkreifioz73bp4jggjqasbkf5q6nkk4zsozcs6lciqdlcyxnntoutgk5u,pumpfun-create-borsh-v1,success
solana:3KTxqcxA4t34WycDNDNLqvr2tnG3faB1HTPUYHdKWiwpED5hyf9kBkozstDEDdfFkyQsYgtbHkiPRLYkKdnNeTAY:2:0,solana-mainnet,pump.fun,3KTxqcxA4t34WycDNDNLqvr2tnG3faB1HTPUYHdKWiwpED5hyf9kBkozstDEDdfFkyQsYgtbHkiPRLYkKdnNeTAY,451619311,1790678877,2,0,BjE4wLmq1jt6BjJfznnzQVG9kB7jmBqPvrDKoQaMpGQy,TokenzQdBNbLqP5VEhdkAS6EPFLC1PHnBqCXEpPxuEb,https://metadata.j7tracker.io/metadata/IGCUH7VmxT.json,pumpfun-create-borsh-v1,success
solana:3XqpvAeZwHcNdp7ZJ9hKAfynbCBHGB43zUTVsTBHp1nSdvDGTUwN7xwdgUSJ8Sm3EBW7qba4T3pEJ6spXzTtL5pe:2:0,solana-mainnet,pump.fun,3XqpvAeZwHcNdp7ZJ9hKAfynbCBHGB43zUTVsTBHp1nSdvDGTUwN7xwdgUSJ8Sm3EBW7qba4T3pEJ6spXzTtL5pe,451619278,1790678869,2,0,4zbjD5VaYEx6PgbzjvWzNZbi7cwxycXBMTmPd26R2UNq,TokenzQdBNbLqP5VEhdkAS6EPFLC1PHnBqCXEpPxuEb,https://metadata.j7tracker.io/metadata/390f0f0e76964eb1.json,pumpfun-create-borsh-v1,success
solana:4oMvMJJY2VbAMQXXJX7g3e4Xdegk4StwzcAYycLNtCBdAprMAefoWKkTC7LciNLDigjHW3EKY8rVYiGKm8iszLNo:0:0,solana-mainnet,pump.fun,4oMvMJJY2VbAMQXXJX7g3e4Xdegk4StwzcAYycLNtCBdAprMAefoWKkTC7LciNLDigjHW3EKY8rVYiGKm8iszLNo,451619276,1790678868,0,0,86Qz8HK9wRWuofby1a65YM1MopLszzQMHBkbkKUYpump,TokenzQdBNbLqP5VEhdkAS6EPFLC1PHnBqCXEpPxuEb,https://ipfs.io/ipfs/bafkreieejjqhue5vyrkwwed6polfvgkiwqktgnbmblsw6luhd2mfntbjje,pumpfun-create-borsh-v1,success
solana:2aMLJWPdXHnUYmyShmtCrEfRMuWHoBihCSz2W6p5AtuEU3uFo6skpu7eYwKCz74XSjfaLztTXoxuoVj99jEv5pka:2:0,solana-mainnet,pump.fun,2aMLJWPdXHnUYmyShmtCrEfRMuWHoBihCSz2W6p5AtuEU3uFo6skpu7eYwKCz74XSjfaLztTXoxuoVj99jEv5pka,451619255,1790678862,2,0,G1MVyudsjbCFiu2VeHwQAcJJbDTgBHxVJe4t4J4hpump,TokenzQdBNbLqP5VEhdkAS6EPFLC1PHnBqCXEpPxuEb,https://ipfs.io/ipfs/QmQYzzgNtFEADEYKQRdFhAUFKSkky2kiHMKyiKeUBDvBKK,pumpfun-create-borsh-v1,success
solana:4TD1u3Ffi8PmwzvTTGCcPQYvyqfPGVjcwZYANYU28SYf6ed1pn2QYi9Xd8x7BZQidtcu2WPhSGDeRo7PMcxofvMN:2:0,solana-mainnet,pump.fun,4TD1u3Ffi8PmwzvTTGCcPQYvyqfPGVjcwZYANYU28SYf6ed1pn2QYi9Xd8x7BZQidtcu2WPhSGDeRo7PMcxofvMN,451619243,1790678859,2,0,9SD9zgutATb8mQny7VZWiRQDkG5HXmg8zDcuNn68pump,TokenzQdBNbLqP5VEhdkAS6EPFLC1PHnBqCXEpPxuEb,https://ipfs.io/ipfs/QmcDXFcaS5Gp12nVGpkbqoh8NkAaS6rLvmyhE8QzmjoZzh,pumpfun-create-borsh-v1,success
solana:2KvckS37dzf3funYMY3A5t28MCAy5M33MNDYkt6L1idXr7DnekcoMZ6WqDTSPaf7sLYBp5DLTfB3zPhyRm5e7HcK:2:0,solana-mainnet,pump.fun,2KvckS37dzf3funYMY3A5t28MCAy5M33MNDYkt6L1idXr7DnekcoMZ6WqDTSPaf7sLYBp5DLTfB3zPhyRm5e7HcK,451619239,1790678858,2,0,6Sjtepmjuqc316zLFJXPXfEw3Nh14uRN7zf6uYQ2AGpD,TokenzQdBNbLqP5VEhdkAS6EPFLC1PHnBqCXEpPxuEb,https://ipfs2.extraction.live/ipfs/6Sjtepmjuqc316zLFJXPXfEw3Nh14uRN7zf6uYQ2AGpD,pumpfun-create-borsh-v1,success
solana:5FaC8HwzPqXaHH4jhZe14fV6HzjkKoZAas3hw24TyaHh5ekK5jJxsjrU9siaYLhMx8WbRofnmnixL9vpSaFpvLtM:2:0,solana-mainnet,pump.fun,5FaC8HwzPqXaHH4jhZe14fV6HzjkKoZAas3hw24TyaHh5ekK5jJxsjrU9siaYLhMx8WbRofnmnixL9vpSaFpvLtM,451619238,1790678858,2,0,4LSxy5c9RTC8NmR6EKt4m6CBPUSypS5GsRCKaTJtu9PF,TokenzQdBNbLqP5VEhdkAS6EPFLC1PHnBqCXEpPxuEb,https://ipfs2.extraction.live/ipfs/4LSxy5c9RTC8NmR6EKt4m6CBPUSypS5GsRCKaTJtu9PF,pumpfun-create-borsh-v1,success
solana:7EQsGkML2McEsTThibQzpn3ueoas3brr9YWjQrqzn3SvVGE5uRNWYgsUfpGexGp6fnQC3xXxdmupj3NvgPmJvmz:0:0,solana-mainnet,pump.fun,7EQsGkML2McEsTThibQzpn3ueoas3brr9YWjQrqzn3SvVGE5uRNWYgsUfpGexGp6fnQC3xXxdmupj3NvgPmJvmz,451619237,1790678857,0,0,YLQErmP2avLy5REPN7awc4hvwrV1iQnxFeB8qVXpump,TokenzQdBNbLqP5VEhdkAS6EPFLC1PHnBqCXEpPxuEb,https://ipfs.io/ipfs/QmSVeKxu2mRRRCum52hEdZdCgAyfCTbg9mUtEHdWxcPUrd,pumpfun-create-borsh-v1,success
solana:33i13wfUqiHCNvD6TuLA89q5NDqisCNbTEyZb65rV9efzcrSmoUwqUm7E4VReXWjwcqUrYPSMRekSxwPs2ty514N:2:0,solana-mainnet,pump.fun,33i13wfUqiHCNvD6TuLA89q5NDqisCNbTEyZb65rV9efzcrSmoUwqUm7E4VReXWjwcqUrYPSMRekSxwPs2ty514N,451619234,1790678857,2,0,HgwwF6kxB4Xr4tk6e8kaZ2TnXx6gMAZ3E9ZiL1j8pump,TokenzQdBNbLqP5VEhdkAS6EPFLC1PHnBqCXEpPxuEb,https://ipfs.io/ipfs/QmQ1VQaVtZ3vtfvU2KUDbeFJ1oupreDJ3AgzmVStXqurSk,pumpfun-create-borsh-v1,success
solana:4A12U2MydcRSS8YsKRhZ9S7fN7E3dQMtAMhCuTxFz26MFScuPqCsB5U2VthwJn5ydCBMjJ5pYURQN8FigGW5zzBu:2:0,solana-mainnet,pump.fun,4A12U2MydcRSS8YsKRhZ9S7fN7E3dQMtAMhCuTxFz26MFScuPqCsB5U2VthwJn5ydCBMjJ5pYURQN8FigGW5zzBu,451619227,1790678855,2,0,79dCfPr1Hkh85hRAWXpbZkVQDMJ3u77HLhDsFqUPpump,TokenzQdBNbLqP5VEhdkAS6EPFLC1PHnBqCXEpPxuEb,https://ipfs.io/ipfs/QmTcxLW1rQofWCeBHPi7o3RZa4ncFr5VdQ3DbBd72tUrvR,pumpfun-create-borsh-v1,success
solana:49ePGM7afsrswLyEXoRd97jGfcv5wauCCt9TbKyf4zsyG8Qfrg34EVdFaKTXu2kqDd7mHTHNLD4FdJrXaoCCGxQr:2:0,solana-mainnet,pump.fun,49ePGM7afsrswLyEXoRd97jGfcv5wauCCt9TbKyf4zsyG8Qfrg34EVdFaKTXu2kqDd7mHTHNLD4FdJrXaoCCGxQr,451619224,1790678854,2,0,2SmPGcm2MyGp5AxWYWVsqim8MzHTwYmQqu6x9PL5pump,TokenzQdBNbLqP5VEhdkAS6EPFLC1PHnBqCXEpPxuEb,https://ipfs.io/ipfs/QmXVUQc8FhevKQCqVNGi2TDvCVVbbKu6CdQK92GdXFCk7e,pumpfun-create-borsh-v1,success
solana:2Hdh2KJ3tftqiEvxD2ea3uJb21R79k57FojuepXJpJjzEdMn8SNzpUktKjUiMxC53H88ymgRdX77VtGoq7JfdnaN:2:0,solana-mainnet,pump.fun,2Hdh2KJ3tftqiEvxD2ea3uJb21R79k57FojuepXJpJjzEdMn8SNzpUktKjUiMxC53H88ymgRdX77VtGoq7JfdnaN,451619223,1790678854,2,0,9zjHxpJwb9H8HDdEqkdPRAurXNk2LPVDTBYDyhyPJpYi,TokenzQdBNbLqP5VEhdkAS6EPFLC1PHnBqCXEpPxuEb,https://ipfs2.extraction.live/ipfs/9zjHxpJwb9H8HDdEqkdPRAurXNk2LPVDTBYDyhyPJpYi,pumpfun-create-borsh-v1,success
solana:4F7GmoZTtaToBZAtzZPqti6WFSq7MKgJ4S1SaUWdCDUum6etcmZQ2Y8amFyX4snCouu1J26sXYenQGmCdbhjnE1H:2:0,solana-mainnet,pump.fun,4F7GmoZTtaToBZAtzZPqti6WFSq7MKgJ4S1SaUWdCDUum6etcmZQ2Y8amFyX4snCouu1J26sXYenQGmCdbhjnE1H,451619222,1790678853,2,0,FnAxaPLYH72nQNmfKwmRNB9n4kptbJ7biF42GURypump,TokenzQdBNbLqP5VEhdkAS6EPFLC1PHnBqCXEpPxuEb,https://ipfs.io/ipfs/QmfHuBVVUBoFzzEDUt4AcZEaNj6imTk8U1eLa39EYtX48w,pumpfun-create-borsh-v1,success
solana:2RW3XSR7mNceA2iCWxpLZCoBSiLnV2zxRKazfZREeZXcuu6E1zriT4YCGRsTNoUbo5ynXJyyvEvV4LNhfpedtCVD:2:0,solana-mainnet,pump.fun,2RW3XSR7mNceA2iCWxpLZCoBSiLnV2zxRKazfZREeZXcuu6E1zriT4YCGRsTNoUbo5ynXJyyvEvV4LNhfpedtCVD,451619221,1790678853,2,0,8cjt4qjZov67Lfyj9vHkW8DbooVd1D879ykWAjpfm4pr,TokenzQdBNbLqP5VEhdkAS6EPFLC1PHnBqCXEpPxuEb,https://ipfs2.extraction.live/ipfs/8cjt4qjZov67Lfyj9vHkW8DbooVd1D879ykWAjpfm4pr,pumpfun-create-borsh-v1,success
solana:369B7XFkzofQCBE3hhZWGmRn712j6iSzZ2ZHFFqNpufeYj66TZm4nUWUsfpSiDS73Mi4azM1wUqqr4PareKdyDs6:2:0,solana-mainnet,pump.fun,369B7XFkzofQCBE3hhZWGmRn712j6iSzZ2ZHFFqNpufeYj66TZm4nUWUsfpSiDS73Mi4azM1wUqqr4PareKdyDs6,451619216,1790678852,2,0,2huGhqNTJ9LDy7yh2N6Z3yVyiqjjHTmfNdrH8hfCpump,TokenzQdBNbLqP5VEhdkAS6EPFLC1PHnBqCXEpPxuEb,https://ipfs.io/ipfs/bafkreihddb2tyqv3ufkvhlotlyvy2tvr2pj3efunosriwu5xkuil5sgelm,pumpfun-create-borsh-v1,success
solana:5QdCJkU8yH3XmayvZUhDEx7YQg9Dc2obLKSBLpbm7uD7GiveMfwYDqq8vFjNnjmsdijXPwdBQnUVhh855DRfwNFX:2:0,solana-mainnet,pump.fun,5QdCJkU8yH3XmayvZUhDEx7YQg9Dc2obLKSBLpbm7uD7GiveMfwYDqq8vFjNnjmsdijXPwdBQnUVhh855DRfwNFX,451619212,1790678851,2,0,7fUpfrnvbWYR5esB5M4eSWZBNegTFsKRzQnV45qqpump,TokenzQdBNbLqP5VEhdkAS6EPFLC1PHnBqCXEpPxuEb,https://ipfs.io/ipfs/bafkreicx2ou2bgivhmdhxdhgyq7u7xzsz6unqysovady5iu7ssmadea734,pumpfun-create-borsh-v1,success
solana:5sNdBrR1i3LTNxrsCzsPFQrH7hYF1mFfpsFHCEHejPUvaJSTqSMxa4mWe4UksqrJJ72rkF2tAJ215yGjkHR6W8fM:2:0,solana-mainnet,pump.fun,5sNdBrR1i3LTNxrsCzsPFQrH7hYF1mFfpsFHCEHejPUvaJSTqSMxa4mWe4UksqrJJ72rkF2tAJ215yGjkHR6W8fM,451619202,1790678848,2,0,5P4nBTU7q43Zryyt1pLtDL7WdjkrGV5H55KgWwVTpump,TokenzQdBNbLqP5VEhdkAS6EPFLC1PHnBqCXEpPxuEb,https://ipfs.io/ipfs/QmdX53gv7amiurVeAnsWzfGq7pPqwBogQ7f2syievBdGve,pumpfun-create-borsh-v1,success
solana:4h1teYuDQunAEpLMNypRtT3sjJ2q9L3XW3rbMYdxe8Y7Vcfmt5wjyUhKWRVhkCG2xv1MuEZYyk9RN4437f2n44Q6:2:0,solana-mainnet,pump.fun,4h1teYuDQunAEpLMNypRtT3sjJ2q9L3XW3rbMYdxe8Y7Vcfmt5wjyUhKWRVhkCG2xv1MuEZYyk9RN4437f2n44Q6,451619193,1790678846,2,0,BUj7VVVsWH3ex1CLEEyhCYPJWEPUmMhf2Mkov5UVr7jm,TokenzQdBNbLqP5VEhdkAS6EPFLC1PHnBqCXEpPxuEb,https://metadata.j7tracker.io/metadata/4b5aa36e43e94962.json,pumpfun-create-borsh-v1,success
solana:3AP1oGNHTRGXqXqNvrz4kdT4ZVYyP585m9Jqq4PQuHzoDJt2VFdgfwnqyHgQ4hKi25hRoB8UWj9jKMMZZ7JGqr86:2:0,solana-mainnet,pump.fun,3AP1oGNHTRGXqXqNvrz4kdT4ZVYyP585m9Jqq4PQuHzoDJt2VFdgfwnqyHgQ4hKi25hRoB8UWj9jKMMZZ7JGqr86,451619191,1790678845,2,0,5ZGTTZr35sdjMkkiqZTiUX8wkipdGUW8sQ4g9KU3pump,TokenzQdBNbLqP5VEhdkAS6EPFLC1PHnBqCXEpPxuEb,https://ipfs.io/ipfs/bafkreifb263ry26qncoeagkcvbyvcu4hfsrng33m4ii6vydkmcbxqsdsqq,pumpfun-create-borsh-v1,success
solana:5HuBXoFRkLnpjhFwX32ZtnrXrftwake1wBWePcgEm1GqBuu1zR8RPuSe1R6grEmNriaFCsqf3pVAgvytJY5LcHLK:2:0,solana-mainnet,pump.fun,5HuBXoFRkLnpjhFwX32ZtnrXrftwake1wBWePcgEm1GqBuu1zR8RPuSe1R6grEmNriaFCsqf3pVAgvytJY5LcHLK,451619164,1790678838,2,0,GETVmFXi2qMKF85KLSrPQFQbe1YujogGUBg9opp5qFJc,TokenzQdBNbLqP5VEhdkAS6EPFLC1PHnBqCXEpPxuEb,https://metadata.j7tracker.io/metadata/3cddf9b3f6b84215.json,pumpfun-create-borsh-v1,success
solana:5jdAAczyArakmXD3SrVX9kBQQbMkDXwyPsKQurV8M8dtEiUYudN9g6HUHMD5ANEbYb8Sph5Hx1ewC5RaUeT8hhD6:2:0,solana-mainnet,pump.fun,5jdAAczyArakmXD3SrVX9kBQQbMkDXwyPsKQurV8M8dtEiUYudN9g6HUHMD5ANEbYb8Sph5Hx1ewC5RaUeT8hhD6,451619155,1790678836,2,0,J4tCzWA5B9Ap4b4hbySdeR57ob3f8TSbTBoTPh7Epump,TokenzQdBNbLqP5VEhdkAS6EPFLC1PHnBqCXEpPxuEb,https://ipfs.io/ipfs/QmW1QZi1ty7gaHSCEuBZaEnnen8KaWH2z5JhRh2GTVBP9s,pumpfun-create-borsh-v1,success
solana:43qbySnStrq1SitwnNWY2uChiHrnEKy2mRKRkmqaCLsMAfKamkrHUfdo1YzxTSyB4CitWkm3rAHvPwUhmZNk7C49:2:0,solana-mainnet,pump.fun,43qbySnStrq1SitwnNWY2uChiHrnEKy2mRKRkmqaCLsMAfKamkrHUfdo1YzxTSyB4CitWkm3rAHvPwUhmZNk7C49,451619153,1790678835,2,0,EiL9EpALdX8TN9Ry8GhnsB58zezYJPUVm3Cw7ZeTpump,TokenzQdBNbLqP5VEhdkAS6EPFLC1PHnBqCXEpPxuEb,https://ipfs.io/ipfs/QmYk3f3VnoVJS8zPGfDS4X6S6YYPLwgfRHN6ttFgGkh5kR,pumpfun-create-borsh-v1,success
solana:4omQWhhNHWHDsHPsS6YNoyVeTVBDhGKUXKzXZde8xfRARtGuQdAPJwM6k88Y6FHR3RYXj1eMeNRSWLEWFycjCM5Y:2:0,solana-mainnet,pump.fun,4omQWhhNHWHDsHPsS6YNoyVeTVBDhGKUXKzXZde8xfRARtGuQdAPJwM6k88Y6FHR3RYXj1eMeNRSWLEWFycjCM5Y,451619143,1790678832,2,0,8nENZ1tFd1UB6sQWWBrZwZYZwSaRR3BMU3wiGigoQDHN,TokenzQdBNbLqP5VEhdkAS6EPFLC1PHnBqCXEpPxuEb,https://ipfs.io/ipfs/bafkreiffsd6c5ssoj6icnqphrzfkfotxsdxhotad7tisfbyscnon22ffey,pumpfun-create-borsh-v1,success
solana:1FThwHfH75b1rSVWkecKubtmbt9RUmSvkUkHrL61WZPggkN7kRUVbVtk7U6dJeDVjMDnbALHr1QexpUwBviCFzw:2:0,solana-mainnet,pump.fun,1FThwHfH75b1rSVWkecKubtmbt9RUmSvkUkHrL61WZPggkN7kRUVbVtk7U6dJeDVjMDnbALHr1QexpUwBviCFzw,451619137,1790678831,2,0,9LL64DTKPZsMPkbgygpdZPn2zjG71BnjVx7ZKHH4BFrf,TokenzQdBNbLqP5VEhdkAS6EPFLC1PHnBqCXEpPxuEb,https://ipfs2.extraction.live/ipfs/9LL64DTKPZsMPkbgygpdZPn2zjG71BnjVx7ZKHH4BFrf,pumpfun-create-borsh-v1,success
solana:2BDwtV3CkTzu1NPZj68qdpjYvx23oB78kB141YyuKMjsEkynTQiSupry87QnSwJPbshstAu7UMYjcEVYowiPpCxq:2:0,solana-mainnet,pump.fun,2BDwtV3CkTzu1NPZj68qdpjYvx23oB78kB141YyuKMjsEkynTQiSupry87QnSwJPbshstAu7UMYjcEVYowiPpCxq,451619137,1790678831,2,0,91iFBRtEKnbmQz3Dm1TeqemXotz7brdYaeGVa9royhdD,TokenzQdBNbLqP5VEhdkAS6EPFLC1PHnBqCXEpPxuEb,https://ipfs2.extraction.live/ipfs/91iFBRtEKnbmQz3Dm1TeqemXotz7brdYaeGVa9royhdD,pumpfun-create-borsh-v1,success
solana:ZGtCRNAap65yVAWpXjnhvrz9XvoTd6ps5ztGYEcLL56UJe9PmKsqGZ3sT5Mxe4rtmNbTGaJut2cVoD7cn7aNUBc:2:0,solana-mainnet,pump.fun,ZGtCRNAap65yVAWpXjnhvrz9XvoTd6ps5ztGYEcLL56UJe9PmKsqGZ3sT5Mxe4rtmNbTGaJut2cVoD7cn7aNUBc,451619136,1790678831,2,0,GiPtd8DjBMDtnKzYxiXMY26VFaaf7ZQbBkj5RMdGvjth,TokenzQdBNbLqP5VEhdkAS6EPFLC1PHnBqCXEpPxuEb,https://ipfs2.extraction.live/ipfs/GiPtd8DjBMDtnKzYxiXMY26VFaaf7ZQbBkj5RMdGvjth,pumpfun-create-borsh-v1,success
solana:4J9dBTtuqrfpUU8Tgxum4Zw782nf66HmV4LkixbxueojceCbqGSHUZX2H31BhaTcqRn2c1EqxmP3ptwprVRQfS3u:2:0,solana-mainnet,pump.fun,4J9dBTtuqrfpUU8Tgxum4Zw782nf66HmV4LkixbxueojceCbqGSHUZX2H31BhaTcqRn2c1EqxmP3ptwprVRQfS3u,451619135,1790678830,2,0,A2agNgQrGF3yRAELsvSBdaTjoMW3a8xwiUTVK7wK1WqY,TokenzQdBNbLqP5VEhdkAS6EPFLC1PHnBqCXEpPxuEb,https://ipfs2.extraction.live/ipfs/A2agNgQrGF3yRAELsvSBdaTjoMW3a8xwiUTVK7wK1WqY,pumpfun-create-borsh-v1,success
solana:3tRq54Lsc2HdMQVx1D3K6zTYGtBSEDt54EoksXBsHQswsz6voGyYds9nHcmdTincgZKYUJVyUNCFQpMFjCydzmgR:2:0,solana-mainnet,pump.fun,3tRq54Lsc2HdMQVx1D3K6zTYGtBSEDt54EoksXBsHQswsz6voGyYds9nHcmdTincgZKYUJVyUNCFQpMFjCydzmgR,451619132,1790678830,2,0,2iwYMysjLbj7EA8LfTzWJQ5ZmVh3TpLpNUm8EmBT5yap,TokenzQdBNbLqP5VEhdkAS6EPFLC1PHnBqCXEpPxuEb,https://gateway.pinata.cloud/ipfs/QmZQnAFLLxagjFUarwvus36zecNxTiTcDdexLzobSXYZvq,pumpfun-create-borsh-v1,success
solana:5FHyQeFyrnQBVY9yagawsjYXD8n1zkGWn1J2j5G5eMPQbak3vm6N99FfeBixoABw36EY6798u26JQgQufMQXdbFt:2:0,solana-mainnet,pump.fun,5FHyQeFyrnQBVY9yagawsjYXD8n1zkGWn1J2j5G5eMPQbak3vm6N99FfeBixoABw36EY6798u26JQgQufMQXdbFt,451619117,1790678826,2,0,DhfGTA4u5wX5agj6jSBA73sq2m6NfudexyAEy8Lrpump,TokenzQdBNbLqP5VEhdkAS6EPFLC1PHnBqCXEpPxuEb,https://ipfs.io/ipfs/QmQ1VQaVtZ3vtfvU2KUDbeFJ1oupreDJ3AgzmVStXqurSk,pumpfun-create-borsh-v1,success
solana:64zbcyPUiB61HyQwFqa2fnuM2AJdAcsZZ2DsEYGhq12Xk7mrtJ8c1z9Hf6BKCp6rsYTD2EJBahEA8gSd97JJvUSL:2:0,solana-mainnet,pump.fun,64zbcyPUiB61HyQwFqa2fnuM2AJdAcsZZ2DsEYGhq12Xk7mrtJ8c1z9Hf6BKCp6rsYTD2EJBahEA8gSd97JJvUSL,451619105,1790678823,2,0,AkrixviAFk4aEHCFgiVH2jQViFbBg5Quvefnx5GdL3iY,TokenzQdBNbLqP5VEhdkAS6EPFLC1PHnBqCXEpPxuEb,https://ipfs2.extraction.live/ipfs/AkrixviAFk4aEHCFgiVH2jQViFbBg5Quvefnx5GdL3iY,pumpfun-create-borsh-v1,success
solana:4d8bJQc4aZVsQHUNjumJ5vTdusbfcfpquMPfY8vWjWzMxk74Pvs46pjkeXTxynjYt68s9pNM1sMgLv8p2hoNUjwM:3:0,solana-mainnet,pump.fun,4d8bJQc4aZVsQHUNjumJ5vTdusbfcfpquMPfY8vWjWzMxk74Pvs46pjkeXTxynjYt68s9pNM1sMgLv8p2hoNUjwM,451619104,1790678822,3,0,A2KaFrPL3LmHrguXoUXRftWpxcD57uQqbhFTSXL7z9fe,TokenzQdBNbLqP5VEhdkAS6EPFLC1PHnBqCXEpPxuEb,https://ipfs2.extraction.live/ipfs/A2KaFrPL3LmHrguXoUXRftWpxcD57uQqbhFTSXL7z9fe,pumpfun-create-borsh-v1,success
solana:42w7nXbFudjrNz3vUBBK6kJtvnGnwf4B46AtzucVBM2hfm3fkv1DSz85dP3x8ndsxnvj6oESQHNBW3y2DTMtbD4p:3:0,solana-mainnet,pump.fun,42w7nXbFudjrNz3vUBBK6kJtvnGnwf4B46AtzucVBM2hfm3fkv1DSz85dP3x8ndsxnvj6oESQHNBW3y2DTMtbD4p,451619101,1790678822,3,0,FGPhzimuRWZmDGnUbmfaUmMjhU8oeaXeHZr9P5ZAfkGp,TokenzQdBNbLqP5VEhdkAS6EPFLC1PHnBqCXEpPxuEb,https://ipfs2.extraction.live/ipfs/FGPhzimuRWZmDGnUbmfaUmMjhU8oeaXeHZr9P5ZAfkGp,pumpfun-create-borsh-v1,success
solana:8qiN55yH41xWt7EXh443QTHPjzdmzExJWRrrmddHiHoC9pcDrk8SU6e3bNXC7NbCYEoyFFgM5W6nnfDv1zn686m:3:0,solana-mainnet,pump.fun,8qiN55yH41xWt7EXh443QTHPjzdmzExJWRrrmddHiHoC9pcDrk8SU6e3bNXC7NbCYEoyFFgM5W6nnfDv1zn686m,451619099,1790678821,3,0,Fe1PGi2vQvMMEfq5X9TPoVBF1zqbsaXNQK2Eb7mTJScT,TokenzQdBNbLqP5VEhdkAS6EPFLC1PHnBqCXEpPxuEb,https://ipfs2.extraction.live/ipfs/Fe1PGi2vQvMMEfq5X9TPoVBF1zqbsaXNQK2Eb7mTJScT,pumpfun-create-borsh-v1,success
solana:5XPVNNfuAx1NB2VCLHPW2YRT1f52sqWWWRchb9Zx6UdHvH51hSRoAPtaV2JqtasgZaEYLWnmwV4s4stq4iuNyNfZ:2:0,solana-mainnet,pump.fun,5XPVNNfuAx1NB2VCLHPW2YRT1f52sqWWWRchb9Zx6UdHvH51hSRoAPtaV2JqtasgZaEYLWnmwV4s4stq4iuNyNfZ,451619088,1790678818,2,0,EERZMfsB5u9R2QFTyNE3DyZSTd6QuAb3e17SBC6Zpump,TokenzQdBNbLqP5VEhdkAS6EPFLC1PHnBqCXEpPxuEb,https://ipfs.io/ipfs/QmcDXFcaS5Gp12nVGpkbqoh8NkAaS6rLvmyhE8QzmjoZzh,pumpfun-create-borsh-v1,success
solana:2pFJNSCgu7NunXFJNpTJcYc81uZZDXEuWrFHBYKDWhfxxdZEz4dfK3Hh11y2b23GAuYUvpjj13pm5H8ryhG54cuz:2:0,solana-mainnet,pump.fun,2pFJNSCgu7NunXFJNpTJcYc81uZZDXEuWrFHBYKDWhfxxdZEz4dfK3Hh11y2b23GAuYUvpjj13pm5H8ryhG54cuz,451619084,1790678817,2,0,HEow3eVfte658ax9vg168pTEahEcbNeDCxQkehCnpump,TokenzQdBNbLqP5VEhdkAS6EPFLC1PHnBqCXEpPxuEb,https://ipfs.io/ipfs/QmdusLzAAaftWVPCWxDqFNB3u3PNBNqhyzsexX1uphnjjs,pumpfun-create-borsh-v1,success
solana:mjBo6YqGUfVMxvwP4k48jE8yAzA5mW4nhu3acCMGQuxQ9ymWkK8HBmwB227qUwMZwLv7zVcHkNCDyKZrk4mthoY:2:0,solana-mainnet,pump.fun,mjBo6YqGUfVMxvwP4k48jE8yAzA5mW4nhu3acCMGQuxQ9ymWkK8HBmwB227qUwMZwLv7zVcHkNCDyKZrk4mthoY,451619078,1790678815,2,0,4aWVX3V251P4FWmCaXP85GhbNNPNbLKfNwT5T64Apump,TokenzQdBNbLqP5VEhdkAS6EPFLC1PHnBqCXEpPxuEb,https://ipfs.io/ipfs/bafkreiagdby35tvwtzoggfxccw367ir4gzlhjlw6aaszbhdc7yl6tnvsoa,pumpfun-create-borsh-v1,success
solana:FFkKHgqqvUvjYQc2LK14HHQwpHMbgofi91q1UV625EgsSTcrRDAXUansuHZTFq2tfKnkywB39X4asTgLybFQ3Ge:0:0,solana-mainnet,pump.fun,FFkKHgqqvUvjYQc2LK14HHQwpHMbgofi91q1UV625EgsSTcrRDAXUansuHZTFq2tfKnkywB39X4asTgLybFQ3Ge,451619068,1790678813,0,0,HwYfgg2vmhDthtsQhj97zhrfpd8BnGKbf4uKqjhepump,TokenzQdBNbLqP5VEhdkAS6EPFLC1PHnBqCXEpPxuEb,https://ipfs.io/ipfs/bafkreigxeeqoagzfnqqzcdagls2qz2aiqep2uunnfessas7p73cgzhj3xa,pumpfun-create-borsh-v1,success
solana:3TJpMfPqAQQgDwsHjJyF2Fi8DJQrd8GxJgJiSJ5xjJCdWLtYutWtopz4PKwn1mFFoTXgmT22Vq6LYtucyfwfQm3h:2:0,solana-mainnet,pump.fun,3TJpMfPqAQQgDwsHjJyF2Fi8DJQrd8GxJgJiSJ5xjJCdWLtYutWtopz4PKwn1mFFoTXgmT22Vq6LYtucyfwfQm3h,451619068,1790678813,2,0,1G3rtXK7Gmt9oNFCf7eUcSxopECVcFnvPF6L8j4pump,TokenzQdBNbLqP5VEhdkAS6EPFLC1PHnBqCXEpPxuEb,https://meta.uxento.io/data/18962b7c-4468-43c1-9c11-71b1f7ec8cb9,pumpfun-create-borsh-v1,success
solana:5vWretqrz6q4RwVanYso2L98xu5uqX3T7Shs1qqRJatCrN4YhS5YJGi2BNVtS4L13CPPaXFfcH87RtGn78UyaFHp:2:0,solana-mainnet,pump.fun,5vWretqrz6q4RwVanYso2L98xu5uqX3T7Shs1qqRJatCrN4YhS5YJGi2BNVtS4L13CPPaXFfcH87RtGn78UyaFHp,451619055,1790678809,2,0,DVF9vZbMsULCb34hchtVnzEgUiXs1kLvoW39ESEzz5f4,TokenzQdBNbLqP5VEhdkAS6EPFLC1PHnBqCXEpPxuEb,https://project--e0ebd022-b0a1-4155-9818-bc1d4934ae9a.lovable.app/api/public/token-meta/b64604a9-ce66-4c0d-8b56-801a4f16baae.json,pumpfun-create-borsh-v1,success
solana:2XDAuuY1er1j9jBDs8ZCGRgt5TaopHGTcvnUS8faFQXZaVvshpbB4NUrPvUJguEv73zRrNp8KAcjGjTvyjLSSgjm:2:0,solana-mainnet,pump.fun,2XDAuuY1er1j9jBDs8ZCGRgt5TaopHGTcvnUS8faFQXZaVvshpbB4NUrPvUJguEv73zRrNp8KAcjGjTvyjLSSgjm,451619052,1790678808,2,0,CqCGGWp1UMu7Xb2RgtF2hb5iDxSLy5TymQHiUSs7pump,TokenzQdBNbLqP5VEhdkAS6EPFLC1PHnBqCXEpPxuEb,https://ipfs.io/ipfs/Qmf8uunQn1uUL2QhvCELt1abco8Ekq4vCcr2USRQghPRCa,pumpfun-create-borsh-v1,success
solana:3Fkua5ugSs3b1BG5XzGE7d1kCjKxCCW2zKiiiqSfzf4WLHTmW56cS4bQKAU6DotfHWHb9zxPdMx34EmS7C58mHhj:2:0,solana-mainnet,pump.fun,3Fkua5ugSs3b1BG5XzGE7d1kCjKxCCW2zKiiiqSfzf4WLHTmW56cS4bQKAU6DotfHWHb9zxPdMx34EmS7C58mHhj,451619036,1790678804,2,0,DtA2z88TAyajt82Ho9fEfJWHv3VfFGbH1CTXv6Efpump,TokenzQdBNbLqP5VEhdkAS6EPFLC1PHnBqCXEpPxuEb,https://ipfs.io/ipfs/Qmav9aWat6ScrS4Jsb6HU7X3QYu9rX9Lscf77QTWPgqDuB,pumpfun-create-borsh-v1,success
solana:2TAPoWYtKckFh59fxuoDb1oGppywd35V7Qnn96pD9pnnXyPKustNaiyh4DWa4guUnj7QUHoeFyUpA22chbviK7mq:2:0,solana-mainnet,pump.fun,2TAPoWYtKckFh59fxuoDb1oGppywd35V7Qnn96pD9pnnXyPKustNaiyh4DWa4guUnj7QUHoeFyUpA22chbviK7mq,451619033,1790678803,2,0,8iRL471nvbehGL4opjh7nddtyj1uryjapN3RSBPEZcoL,TokenzQdBNbLqP5VEhdkAS6EPFLC1PHnBqCXEpPxuEb,https://ipfs.io/ipfs/QmetGcY9eGUkHnwJtmWuCQTKSDWGx8vt5VVJZpubFTT59S,pumpfun-create-borsh-v1,success
solana:4LBS7NSMQc9svH38udgCws35FWNJ11t6nymFz282a7HtdTysa8T15dqu7oejptzezfaUJGamQMoxjhK9y5DrHkz7:2:0,solana-mainnet,pump.fun,4LBS7NSMQc9svH38udgCws35FWNJ11t6nymFz282a7HtdTysa8T15dqu7oejptzezfaUJGamQMoxjhK9y5DrHkz7,451619023,1790678800,2,0,7iF32Lrfwv25hUQAwSVB5Y8uNuckKpDE3N6Jr77mpump,TokenzQdBNbLqP5VEhdkAS6EPFLC1PHnBqCXEpPxuEb,https://ipfs.io/ipfs/bafkreigro4c7so44hs6ke7ppec2lwap7cyuo2yv36g4dhfm7jyud3rru2u,pumpfun-create-borsh-v1,success
solana:5Uqkz4Qwi2FqJoK5EmkL8SKKx6vbNz2L4tS4wYw6Ykys7sPSxGpBSaFPY4xdKt2BJMNg31WRBuzyNVcTW2B9c66t:2:0,solana-mainnet,pump.fun,5Uqkz4Qwi2FqJoK5EmkL8SKKx6vbNz2L4tS4wYw6Ykys7sPSxGpBSaFPY4xdKt2BJMNg31WRBuzyNVcTW2B9c66t,451619012,1790678797,2,0,Dfc4A3CcTHTBVeAzgRKvHjZ8f2AJHrYeK23G3Q9ypump,TokenzQdBNbLqP5VEhdkAS6EPFLC1PHnBqCXEpPxuEb,https://ipfs.io/ipfs/bafkreici52taeesph5qiydrgvu2p3f5t7hbt77pghdvott2mz62mdkneke,pumpfun-create-borsh-v1,success
solana:3mRPtPQ2RCEJ1PnNBy41divF5xb4ZdYxSmGrvXw5nmVfs7CkF8LHpMZLgjN1Ly21MDVjrbopyXfzDabsZVJ2U6Qw:2:0,solana-mainnet,pump.fun,3mRPtPQ2RCEJ1PnNBy41divF5xb4ZdYxSmGrvXw5nmVfs7CkF8LHpMZLgjN1Ly21MDVjrbopyXfzDabsZVJ2U6Qw,451619002,1790678795,2,0,HaaCvCYUPuikgYtrNKmVJpTN6b3YCcG1fiD8Lfdmpump,TokenzQdBNbLqP5VEhdkAS6EPFLC1PHnBqCXEpPxuEb,https://ipfs.io/ipfs/QmWLoHTjjCqhu8dwFdawoqzv6fNrwT45BJqfq2CtnRmTgt,pumpfun-create-borsh-v1,success
solana:tVhnGnH6v6KwgEmFJVMqETbKFSb2STXYy5LvgUjWHziAW3oWgK4ys7ovUopC9CmtXXxHs5a3SUwSeUccJCw6WAV:1:0,solana-mainnet,pump.fun,tVhnGnH6v6KwgEmFJVMqETbKFSb2STXYy5LvgUjWHziAW3oWgK4ys7ovUopC9CmtXXxHs5a3SUwSeUccJCw6WAV,451618991,1790678792,1,0,EMFg1Vt3Tngr9BfbcHUPC35w8xXv9ERAvzGneaJcRGjt,TokenzQdBNbLqP5VEhdkAS6EPFLC1PHnBqCXEpPxuEb,https://payeepad.fun/api/m/zUI-gtWx_VawUAUFfgrATg,pumpfun-create-borsh-v1,success
solana:2u4bY2J511fYAX5zKnWo3JQnu6Qarz4nvbcfRtw4ykkt55PVELj8w9HkaSatPXh9QBxJ6uFmugTVhUSqDZ8HwdAS:2:0,solana-mainnet,pump.fun,2u4bY2J511fYAX5zKnWo3JQnu6Qarz4nvbcfRtw4ykkt55PVELj8w9HkaSatPXh9QBxJ6uFmugTVhUSqDZ8HwdAS,451618988,1790678791,2,0,GvWQZV5Xp45k8vnKPMM3iQmXqE4yQ6TR1BhsMLDWpump,TokenzQdBNbLqP5VEhdkAS6EPFLC1PHnBqCXEpPxuEb,https://ipfs.io/ipfs/QmcDXFcaS5Gp12nVGpkbqoh8NkAaS6rLvmyhE8QzmjoZzh,pumpfun-create-borsh-v1,success
solana:25tCdpCUDrnLDRJW35sWWxFMLv2AgLJwakQpBGnHJr4bd3VxVnanjfys5TPfdPgkXUpR1FKdvaKaX3yRTq5TGAL6:2:0,solana-mainnet,pump.fun,25tCdpCUDrnLDRJW35sWWxFMLv2AgLJwakQpBGnHJr4bd3VxVnanjfys5TPfdPgkXUpR1FKdvaKaX3yRTq5TGAL6,451618962,1790678784,2,0,Ebj8M18oGzVWeSEx64r93HHSLn9vUCztDFFyXHp9pump,TokenzQdBNbLqP5VEhdkAS6EPFLC1PHnBqCXEpPxuEb,https://ipfs.io/ipfs/QmQ1VQaVtZ3vtfvU2KUDbeFJ1oupreDJ3AgzmVStXqurSk,pumpfun-create-borsh-v1,success
solana:5KEiS89jjSMerUi3utnTEAoHWb9D5ysMYyk91bYFw7mr2PsJd8QS7QuxKrZfa7RX25ho545tJHwLAcBkX3iwXGf:2:0,solana-mainnet,pump.fun,5KEiS89jjSMerUi3utnTEAoHWb9D5ysMYyk91bYFw7mr2PsJd8QS7QuxKrZfa7RX25ho545tJHwLAcBkX3iwXGf,451618919,1790678773,2,0,FazZnNbnEiHe2huL7sxHLVxAvZJG8191431DkMgFpump,TokenzQdBNbLqP5VEhdkAS6EPFLC1PHnBqCXEpPxuEb,https://ipfs.io/ipfs/bafkreidu3yifnd2ioyyhmdg3ke4ln32erwsmhct3ecgmxejjjpmsbshygi,pumpfun-create-borsh-v1,success
solana:5QaYbdPDcxbsK8g8BmZunV5JQvBHP8mnXAdGnMndt9aY8C6uZ3DbwZbH5jRcKWvxvrZTPRdTVwFmncfH6JjRhJSz:2:0,solana-mainnet,pump.fun,5QaYbdPDcxbsK8g8BmZunV5JQvBHP8mnXAdGnMndt9aY8C6uZ3DbwZbH5jRcKWvxvrZTPRdTVwFmncfH6JjRhJSz,451618914,1790678772,2,0,CtsZAgndbhEpNywUEZcAHw1kXeLs5EQALZmc9vKUpump,TokenzQdBNbLqP5VEhdkAS6EPFLC1PHnBqCXEpPxuEb,https://ipfs.io/ipfs/bafkreig5j5lnx4fizu7wcbhomet7pjbyniepkpict2ayeh7asiuzbyve6i,pumpfun-create-borsh-v1,success
solana:LrPqZDPZJaY592NstATynEfLGR7aLYyP7Y9wXvMV7x26D2kfZxFPQbZWMbUDyfnVFvRHp6C1juLR9xGWHKoqcqa:2:0,solana-mainnet,pump.fun,LrPqZDPZJaY592NstATynEfLGR7aLYyP7Y9wXvMV7x26D2kfZxFPQbZWMbUDyfnVFvRHp6C1juLR9xGWHKoqcqa,451618882,1790678763,2,0,GNrgeCY3hyMRBfFroMb2NscThFZ1qjeN5zeATtfopump,TokenzQdBNbLqP5VEhdkAS6EPFLC1PHnBqCXEpPxuEb,https://ipfs.io/ipfs/bafkreiblhzpycy35xkd52cqddghxnktwrikyczzx6mmt4jvstwjgfnuaxq,pumpfun-create-borsh-v1,success
solana:gujVJ3BbM2oy2aW6NBEjM6AL8rVoxf752PYtnNMf7KnXtnaS9nM4vGq4bG6V2o2DvrugqWbXXs3syg5G4w5uGoR:2:0,solana-mainnet,pump.fun,gujVJ3BbM2oy2aW6NBEjM6AL8rVoxf752PYtnNMf7KnXtnaS9nM4vGq4bG6V2o2DvrugqWbXXs3syg5G4w5uGoR,451618863,1790678758,2,0,6xJpsgwa7eJurowB8RFP7Q5S1W5zNPjFZjbgjyAmpump,TokenzQdBNbLqP5VEhdkAS6EPFLC1PHnBqCXEpPxuEb,https://ipfs.io/ipfs/QmXgNFfkvf9eH8SWYnLqGEX78djkJrXiZrw9QTMPQ82K3S,pumpfun-create-borsh-v1,success
solana:51urWVwoKBTNcDnXp1B4dDBgDm6YgNWygjtLpjjnanSaik6vboCqHqzmhDgAfpmJC1HeQyDvwD8wPd7eiahkwJpU:2:0,solana-mainnet,pump.fun,51urWVwoKBTNcDnXp1B4dDBgDm6YgNWygjtLpjjnanSaik6vboCqHqzmhDgAfpmJC1HeQyDvwD8wPd7eiahkwJpU,451618863,1790678758,2,0,8jBQTo8o9hm3FZQBib7dFSD78GWQGYyYzhTh7z4wpump,TokenzQdBNbLqP5VEhdkAS6EPFLC1PHnBqCXEpPxuEb,https://meta.uxento.io/data/cd939565-c7c4-4641-9d37-56b98da7e922,pumpfun-create-borsh-v1,success
solana:sS9Ds1zLkfYZHhf8uFgyD9uyQHu8363BSRH86wCZr17BUcSFnfZdm94aVheojp4n5kpYkqd52Fcd3ApoNNe1K4h:2:0,solana-mainnet,pump.fun,sS9Ds1zLkfYZHhf8uFgyD9uyQHu8363BSRH86wCZr17BUcSFnfZdm94aVheojp4n5kpYkqd52Fcd3ApoNNe1K4h,451618858,1790678756,2,0,E38zgdVabKxgtyLvYXi9hPoinfiyEYFgD5UBH4ZZpump,TokenzQdBNbLqP5VEhdkAS6EPFLC1PHnBqCXEpPxuEb,https://ipfs.io/ipfs/QmSprCFwP5q7GZNAYeMLdmFcLkwoq9Ustr7DHwPor2kKxW,pumpfun-create-borsh-v1,success
solana:vv482hphuRMjQoL4k8ppVNFXWgdM6QDCQRBprUk7KtXSMbbUjFbvAKyGLyWmrUGnwBhNtJdpcQrFtUDbg7m2iDZ:2:0,solana-mainnet,pump.fun,vv482hphuRMjQoL4k8ppVNFXWgdM6QDCQRBprUk7KtXSMbbUjFbvAKyGLyWmrUGnwBhNtJdpcQrFtUDbg7m2iDZ,451618842,1790678751,2,0,9SKgdV2m3ZKn5CBgmhU9uAuvo7uts1gJxQr4t2C6pump,TokenzQdBNbLqP5VEhdkAS6EPFLC1PHnBqCXEpPxuEb,https://meta.uxento.io/data/b83ba2e2-fed4-427c-b764-9c3e56bdbee0,pumpfun-create-borsh-v1,success
solana:34vNVqof31fYJhdEFFA83nXSepv9WG6PDvtBxhzKedcYXfqGj7czuQkpBsDHW9zifzLnbkR7nB897dfYiY6Dx738:2:0,solana-mainnet,pump.fun,34vNVqof31fYJhdEFFA83nXSepv9WG6PDvtBxhzKedcYXfqGj7czuQkpBsDHW9zifzLnbkR7nB897dfYiY6Dx738,451618814,1790678744,2,0,1AMPBCta2EFUQLTMwHUq1VFGxLJ8x3RD7PtB1Sapump,TokenzQdBNbLqP5VEhdkAS6EPFLC1PHnBqCXEpPxuEb,https://ipfs.io/ipfs/bafkreibqosssrpfiobl4qgy5t5jn5xsjwtdrdzi43gu5yfebg3n6ep4kzi,pumpfun-create-borsh-v1,success
solana:3TqQZVGUYJwdDH35qNntLRdhpHRFKnrJLt5zGTEMf37pt3wtYQvUvoMgfaEkjQrqgD1aeWnzfkrx7YWKX977A17X:17:0,solana-mainnet,pump.fun,3TqQZVGUYJwdDH35qNntLRdhpHRFKnrJLt5zGTEMf37pt3wtYQvUvoMgfaEkjQrqgD1aeWnzfkrx7YWKX977A17X,451618796,1790678739,17,0,5uZrH4ntr5C3CDHUVTJ1rAK4iwPc3xdFEKnZDrV2SS4q,TokenzQdBNbLqP5VEhdkAS6EPFLC1PHnBqCXEpPxuEb,https://viewlyapp.com/m/2l1Tz,pumpfun-create-borsh-v1,success
solana:4Fo4HM23E9TvJhDojJdRrMyCNC8cu15UuP5y2CyiVehtem1fhSzTjrZrL6WxYWu4gSXx1PuAnHAHBpfaqy3LmYVC:2:0,solana-mainnet,pump.fun,4Fo4HM23E9TvJhDojJdRrMyCNC8cu15UuP5y2CyiVehtem1fhSzTjrZrL6WxYWu4gSXx1PuAnHAHBpfaqy3LmYVC,451618787,1790678737,2,0,D8fLdKzwM27eTockGNfQqFiK5dpVGiuhEdyXSBhypump,TokenzQdBNbLqP5VEhdkAS6EPFLC1PHnBqCXEpPxuEb,https://meta.uxento.io/data/e74ebd9f-afc6-4aa8-bdc3-08c6d3843084,pumpfun-create-borsh-v1,success
solana:3pSUSwjZ9giVnTuvtUkgAMLe7N5Uvzw2Jm3UKhdeGkjzXbFMJVYWrqs18aBwfTnxzG37VANxWKPWnjsweo3tGAzF:2:0,solana-mainnet,pump.fun,3pSUSwjZ9giVnTuvtUkgAMLe7N5Uvzw2Jm3UKhdeGkjzXbFMJVYWrqs18aBwfTnxzG37VANxWKPWnjsweo3tGAzF,451618778,1790678734,2,0,BuG4o8RWty5Txj9CPfAUD9L8F6ezncqVnTNh1zZ2pump,TokenzQdBNbLqP5VEhdkAS6EPFLC1PHnBqCXEpPxuEb,https://ipfs.io/ipfs/bafkreiedfw7teooouxetkxgnfkkw3kmxurkqqll45dbwmfvxt2rf4kdkzq,pumpfun-create-borsh-v1,success
solana:3PX1aQ1FXSWKhBjv9ScjT7bNBxa9WV8ADMNMQGjQjfuYygBKXkVNKfG2APDwfDH9QVJgpBUzLCuMy9SVLnnm6iXH:2:0,solana-mainnet,pump.fun,3PX1aQ1FXSWKhBjv9ScjT7bNBxa9WV8ADMNMQGjQjfuYygBKXkVNKfG2APDwfDH9QVJgpBUzLCuMy9SVLnnm6iXH,451618778,1790678734,2,0,EJhUnor75otx5hn5LCfGFiYbKgurpn8KPnwWQwjmpump,TokenzQdBNbLqP5VEhdkAS6EPFLC1PHnBqCXEpPxuEb,https://ipfs.io/ipfs/QmVPXHhQdgSswFDKUFjUZMw7HEcF2sUE29HjBbDXPij6Ae,pumpfun-create-borsh-v1,success
solana:4k5nnycYAXom1EFeB1tjEXdB6BuVVuvcguA3wo1EbwZqgkbLgDhsBtL1F8pP63zmcTV3NDLCCtBrJW3fwppZxXPV:2:0,solana-mainnet,pump.fun,4k5nnycYAXom1EFeB1tjEXdB6BuVVuvcguA3wo1EbwZqgkbLgDhsBtL1F8pP63zmcTV3NDLCCtBrJW3fwppZxXPV,451618773,1790678733,2,0,8iJ6mLKEw9zDDjNo1PdcYikbW5mRhjNAbYV7Fm3mpump,TokenzQdBNbLqP5VEhdkAS6EPFLC1PHnBqCXEpPxuEb,https://ipfs.io/ipfs/bafkreie5v7glba4tukip3qpvxyjrbsp4mv4jjnnhkoujl6xvndclyr7ufu,pumpfun-create-borsh-v1,success
solana:Ga8dkCZMXgz4P78yg8h8uaHNEh54eVhM59XeTJ9eD5jHsTzcisEQMpSLgkx1kZdQ3HHyxhb81kywL4cpoVCb7S2:2:0,solana-mainnet,pump.fun,Ga8dkCZMXgz4P78yg8h8uaHNEh54eVhM59XeTJ9eD5jHsTzcisEQMpSLgkx1kZdQ3HHyxhb81kywL4cpoVCb7S2,451618773,1790678733,2,0,51sCniTSE8Sk1uFV9GAJEeF1LYT4nNjeJVqYF26spump,TokenzQdBNbLqP5VEhdkAS6EPFLC1PHnBqCXEpPxuEb,https://ipfs.io/ipfs/QmfHTeBAA2vEuREnn5euZPoRxcycsjjqSzh7qJZuJXRGew,pumpfun-create-borsh-v1,success
solana:5pcR139qb29FdmqSySUG1rAPsJoUR5sG9M4QiyiughHTPmsy8zaDixyJkHLnKJ54pmusXFAoWAosdDQMatrnSN3E:2:0,solana-mainnet,pump.fun,5pcR139qb29FdmqSySUG1rAPsJoUR5sG9M4QiyiughHTPmsy8zaDixyJkHLnKJ54pmusXFAoWAosdDQMatrnSN3E,451618769,1790678732,2,0,FVFwcokRapqzKQr8FJTJGU7L9YX6VJPJBkSqUw76pump,TokenzQdBNbLqP5VEhdkAS6EPFLC1PHnBqCXEpPxuEb,https://ipfs.io/ipfs/QmcDXFcaS5Gp12nVGpkbqoh8NkAaS6rLvmyhE8QzmjoZzh,pumpfun-create-borsh-v1,success
solana:3DUPAayrsTK7QxZmqZrAPzu6dnJZj4vnyrWHB31CjgoShFKqf67b8fDmDCntHNuTZ65jK3uWyQbhgB2CcphCWTXY:2:0,solana-mainnet,pump.fun,3DUPAayrsTK7QxZmqZrAPzu6dnJZj4vnyrWHB31CjgoShFKqf67b8fDmDCntHNuTZ65jK3uWyQbhgB2CcphCWTXY,451618757,1790678729,2,0,HU65gYSqiCZ4Dmc8ghfMbWdRE9nYq9F3LxFrYPE5pump,TokenzQdBNbLqP5VEhdkAS6EPFLC1PHnBqCXEpPxuEb,https://ipfs.io/ipfs/bafkreiarduggs27zk5ofi5ksjer26wqwiqmminsyzz2jhdczityflw4ajq,pumpfun-create-borsh-v1,success
solana:wGjv5Ju1wZJErJFKgPKY3CjWicBDQVwuVYGc5Rh5XDUPX6nNpntLjENHehM7fztn5prY4hGorua65EvS9VEeMCT:2:0,solana-mainnet,pump.fun,wGjv5Ju1wZJErJFKgPKY3CjWicBDQVwuVYGc5Rh5XDUPX6nNpntLjENHehM7fztn5prY4hGorua65EvS9VEeMCT,451618741,1790678725,2,0,69iEC2HZSKD8WQPSoUkEoLALWjqecBCFK5BPW9rSGKaR,TokenzQdBNbLqP5VEhdkAS6EPFLC1PHnBqCXEpPxuEb,https://metadata.j7tracker.io/metadata/d4RgLDLv0Q.json,pumpfun-create-borsh-v1,success
solana:4juJHLEUP8tXbPU6LXq4gyWRob5nzbUprd7vF8RyFfiksBKmRc9RxE1minvRnEFqyBD26zM9iMnDSQcHJvdpe2TD:2:0,solana-mainnet,pump.fun,4juJHLEUP8tXbPU6LXq4gyWRob5nzbUprd7vF8RyFfiksBKmRc9RxE1minvRnEFqyBD26zM9iMnDSQcHJvdpe2TD,451618736,1790678723,2,0,FHAEsSDabSpERbNKkEC6zRRNGNpPvZMBKJmUhCcpump,TokenzQdBNbLqP5VEhdkAS6EPFLC1PHnBqCXEpPxuEb,https://meta.uxento.io/data/46df0f3e-59aa-4169-8adf-8e38d7f92a32,pumpfun-create-borsh-v1,success
solana:2qiVXUoxRFrGqCcRnxxjShwCdZ69UY8d9P9eE1eusErxb4VTD7WHg5cbnJgkkweBwcnqxo6TM5HaNyicVVxRrJmd:2:0,solana-mainnet,pump.fun,2qiVXUoxRFrGqCcRnxxjShwCdZ69UY8d9P9eE1eusErxb4VTD7WHg5cbnJgkkweBwcnqxo6TM5HaNyicVVxRrJmd,451618731,1790678722,2,0,83jtEtrU7utXpHf1zTwanJRZvLwMZ2toBu4x8fiypump,TokenzQdBNbLqP5VEhdkAS6EPFLC1PHnBqCXEpPxuEb,https://ipfs.io/ipfs/QmevuL2TjiafFqnsL5EEfR1pYosAttkKpKFPWHhfH7zAwt,pumpfun-create-borsh-v1,success
solana:Bz3WBKb5xcsJMgjpSAHhZNAgm1KdDwpp6mkp34NMmjRU9kautX51d1Gm2S4HENZmJsbqXDihjegrpyykQHVgcPE:2:0,solana-mainnet,pump.fun,Bz3WBKb5xcsJMgjpSAHhZNAgm1KdDwpp6mkp34NMmjRU9kautX51d1Gm2S4HENZmJsbqXDihjegrpyykQHVgcPE,451618716,1790678718,2,0,C2JGFc45VwvecWezNUUyPLXRZ3K7iH7WKxELpiUk9t3K,TokenzQdBNbLqP5VEhdkAS6EPFLC1PHnBqCXEpPxuEb,https://www.usepayday.xyz/api/public/launches/launch_e4cf5853-2a32-418c-9cc0-b3fef566f066/metadata.json,pumpfun-create-borsh-v1,success
solana:2tyN8iua1DrrYMd3KFfbLCEsEnasM1ZJtHLN72FxQJfxKonPhHrXv3McjLUdMsRJVuNV4LkReYuk5JkXs8ph1NBh:0:0,solana-mainnet,pump.fun,2tyN8iua1DrrYMd3KFfbLCEsEnasM1ZJtHLN72FxQJfxKonPhHrXv3McjLUdMsRJVuNV4LkReYuk5JkXs8ph1NBh,451618705,1790678715,0,0,26Q6uReKTXA1F8ThEm955AmsdH348AGgfmUZP5V2pump,TokenzQdBNbLqP5VEhdkAS6EPFLC1PHnBqCXEpPxuEb,https://storage.googleapis.com/padre-user-content-store/coin-launch-metadata-jVEUGWss15S3OSnQGeDqK9QOJbq1-722a92ba-7cf4-4a99-9274-7558ed648d9c,pumpfun-create-borsh-v1,success
solana:3NUaUbs4vSksQcLuLYpJXCBzQx3CHvpiXfzPjJcVdD3AW343DeYVzHZKpzet4eiLPPKzg9SoCev9BtoPNG6DCmv3:2:0,solana-mainnet,pump.fun,3NUaUbs4vSksQcLuLYpJXCBzQx3CHvpiXfzPjJcVdD3AW343DeYVzHZKpzet4eiLPPKzg9SoCev9BtoPNG6DCmv3,451618704,1790678715,2,0,55vzZUTWFRKBtjf4QKTayWQsc6LqpNWnhmdUHeLjpump,TokenzQdBNbLqP5VEhdkAS6EPFLC1PHnBqCXEpPxuEb,https://meta.uxento.io/data/e70a9b3b-5534-41f0-b82b-82a934950df1,pumpfun-create-borsh-v1,success
solana:vMy4eWaAdPebhkbm4z1uiEu2oDYpNyw4kApJdHPusZP7G7ay5E7hk1jvYMFtEJYzzNThZophZqBkQrjrvopa4v5:2:0,solana-mainnet,pump.fun,vMy4eWaAdPebhkbm4z1uiEu2oDYpNyw4kApJdHPusZP7G7ay5E7hk1jvYMFtEJYzzNThZophZqBkQrjrvopa4v5,451618695,1790678712,2,0,3KJ9cdNivzNZEY4hgt5HwnwEfgJ2gZRRY2zTWwyqpump,TokenzQdBNbLqP5VEhdkAS6EPFLC1PHnBqCXEpPxuEb,https://ipfs.io/ipfs/bafkreidi7vnxyp4qmpp7hnpva2wyckdxbelkurwsx7k6cuhada4qx6ijqi,pumpfun-create-borsh-v1,success
solana:3ZpFoovtrFAJppwephsAzgZvEUixWzYNQHMXwc7SLGkTjM2A4fJ7g5tPfj3FNXf9zUr9Ns3MLHTuLDBZAMtGT18F:1:0,solana-mainnet,pump.fun,3ZpFoovtrFAJppwephsAzgZvEUixWzYNQHMXwc7SLGkTjM2A4fJ7g5tPfj3FNXf9zUr9Ns3MLHTuLDBZAMtGT18F,451618675,1790678707,1,0,69qHgmWvRbFxggHzHUn2SEBRjw4c8CnMJ6Q3jy4hHdiR,TokenzQdBNbLqP5VEhdkAS6EPFLC1PHnBqCXEpPxuEb,https://ipfs.io/ipfs/bafkreicht4l4jcwtzq5i32dmz5dqlkm7ap4lmz7u6bhytrrtfjtlbko4mu,pumpfun-create-borsh-v1,success
solana:3XedECQQRFvCBS8e7cTawaSe7Vh9p6kSCDteNQfssnNbbuc9Emb5fAMV19gygpSYaH8Unhf24y2tr1DvzzanmgBq:2:0,solana-mainnet,pump.fun,3XedECQQRFvCBS8e7cTawaSe7Vh9p6kSCDteNQfssnNbbuc9Emb5fAMV19gygpSYaH8Unhf24y2tr1DvzzanmgBq,451618672,1790678706,2,0,A2WW6DnsF4kgzg7itwVJySPBrQqTw9qtYPfVbkBTpump,TokenzQdBNbLqP5VEhdkAS6EPFLC1PHnBqCXEpPxuEb,https://meta.uxento.io/data/4463e6d7-aa17-4db8-af8e-bdae0546a186,pumpfun-create-borsh-v1,success
solana:CGHsrSprpzzqp9vvpyYeB97HsKRW2FjzWSmpREgQ17mXAVHCjfksB7G6jREtLFgLXZf1WTtVCXmuNM4q1KiCr88:2:0,solana-mainnet,pump.fun,CGHsrSprpzzqp9vvpyYeB97HsKRW2FjzWSmpREgQ17mXAVHCjfksB7G6jREtLFgLXZf1WTtVCXmuNM4q1KiCr88,451618657,1790678702,2,0,8Jv59EGdfFLjrmr6Xr1cHK2kHsThykSukv2MtnYTkw6e,TokenzQdBNbLqP5VEhdkAS6EPFLC1PHnBqCXEpPxuEb,https://metadata.j7tracker.io/metadata/ON34E8v92K.json,pumpfun-create-borsh-v1,success
solana:kSC4LmXMGsAFCZuAPqvn1MePw6QyMF9ReuasEwQqrgQDSFnTnnF7cYAPeH5HcZUBvKh5Yv1aWxEFNCtgouJnVsg:3:0,solana-mainnet,pump.fun,kSC4LmXMGsAFCZuAPqvn1MePw6QyMF9ReuasEwQqrgQDSFnTnnF7cYAPeH5HcZUBvKh5Yv1aWxEFNCtgouJnVsg,451618646,1790678699,3,0,56K45p9k7RxqCCi7XUVgogk8xSZbM3nTNXJok4z3qj3g,TokenzQdBNbLqP5VEhdkAS6EPFLC1PHnBqCXEpPxuEb,https://ipfs2.extraction.live/ipfs/56K45p9k7RxqCCi7XUVgogk8xSZbM3nTNXJok4z3qj3g,pumpfun-create-borsh-v1,success
solana:3UJ6wGMmU9HpQQL8r9SY27FwmKG254KuPKg5HntHLM3DcVT7He76LMjibKcFEdKc1FQaBak9XooM5MMtraCVfaYM:3:0,solana-mainnet,pump.fun,3UJ6wGMmU9HpQQL8r9SY27FwmKG254KuPKg5HntHLM3DcVT7He76LMjibKcFEdKc1FQaBak9XooM5MMtraCVfaYM,451618645,1790678699,3,0,7BTipNryz2wePKq6Eh793x5ZDgqaaXNLttrsnitXQ9Lj,TokenzQdBNbLqP5VEhdkAS6EPFLC1PHnBqCXEpPxuEb,https://ipfs2.extraction.live/ipfs/7BTipNryz2wePKq6Eh793x5ZDgqaaXNLttrsnitXQ9Lj,pumpfun-create-borsh-v1,success
solana:45DX4ZmMw5Sq1WHQ1T6SjUDRwyghwU6ENKF6NiPSKRF6xx5cYEcAH6gthfrohzUVGhXQEDDKdjPTmpJLYVLSHQ6w:2:0,solana-mainnet,pump.fun,45DX4ZmMw5Sq1WHQ1T6SjUDRwyghwU6ENKF6NiPSKRF6xx5cYEcAH6gthfrohzUVGhXQEDDKdjPTmpJLYVLSHQ6w,451618645,1790678699,2,0,7fze2tA48UtzSbC6mb9KxDtGDmkKGCAo1ep4jBpHpump,TokenzQdBNbLqP5VEhdkAS6EPFLC1PHnBqCXEpPxuEb,https://meta.uxento.io/data/4aad2740-d5d8-40a5-80a2-cc705d513912,pumpfun-create-borsh-v1,success
solana:5iMcvdB31PYxWeQQWBG7sFTcnpPph1HVeoJ5VUUhhME1dAfKSuFKvKcVuLVZeLxWCWxhTVDBYxXyzHkQtXg4rPjm:2:0,solana-mainnet,pump.fun,5iMcvdB31PYxWeQQWBG7sFTcnpPph1HVeoJ5VUUhhME1dAfKSuFKvKcVuLVZeLxWCWxhTVDBYxXyzHkQtXg4rPjm,451618636,1790678696,2,0,BEntbqfiYJHPtpJ96P1hzyiZJJ5cVJJTsJrY22Xdpump,TokenzQdBNbLqP5VEhdkAS6EPFLC1PHnBqCXEpPxuEb,https://ipfs.io/ipfs/QmQZG25zqu6tYKmED5UEzTEJEne7fsumArHz84jRaG3pcd,pumpfun-create-borsh-v1,success
solana:4uZmX7uofVAUXyazJjZ2qH2V1ZSYzxwCP3onGu2KfXSopDf2LG4P5dcLu1gqrVWtj3DqW6e6KAThUBt1dSQVaocM:2:0,solana-mainnet,pump.fun,4uZmX7uofVAUXyazJjZ2qH2V1ZSYzxwCP3onGu2KfXSopDf2LG4P5dcLu1gqrVWtj3DqW6e6KAThUBt1dSQVaocM,451618619,1790678692,2,0,8HHmcDDMtbWm3urq4k6ac8YifftUaVEFiuBStWTWpump,TokenzQdBNbLqP5VEhdkAS6EPFLC1PHnBqCXEpPxuEb,https://ipfs.io/ipfs/QmQ1VQaVtZ3vtfvU2KUDbeFJ1oupreDJ3AgzmVStXqurSk,pumpfun-create-borsh-v1,success
solana:5TA7epc3bK7ReBEE4Pwy64D2QfFmiZpA69xVLjnPLQnhANhyQFiiiBFXYQcwmQ14TiQN3XD4T1N8wFBNqCqLKD81:2:0,solana-mainnet,pump.fun,5TA7epc3bK7ReBEE4Pwy64D2QfFmiZpA69xVLjnPLQnhANhyQFiiiBFXYQcwmQ14TiQN3XD4T1N8wFBNqCqLKD81,451618609,1790678689,2,0,7HrUhgijfFWpCRGn9ECDFFek8zpCdqejhh7rQbTnpump,TokenzQdBNbLqP5VEhdkAS6EPFLC1PHnBqCXEpPxuEb,https://ipfs.io/ipfs/Qmcxpmb9nUNEsUWptEC6zd2Kpr266EFaLqRnxPRCrNJuyj,pumpfun-create-borsh-v1,success
solana:5LBWcDthCJsbdLz1Eu31SQVdFpgVT3CaucErXHNKzX1cRsg19L7bW6U5QJYUxeJaF6qAz7yUhQSgniq9uWBHEAAx:2:0,solana-mainnet,pump.fun,5LBWcDthCJsbdLz1Eu31SQVdFpgVT3CaucErXHNKzX1cRsg19L7bW6U5QJYUxeJaF6qAz7yUhQSgniq9uWBHEAAx,451618603,1790678687,2,0,B343dGTbYTwA4aNPC8t5aiJsBy5ac6WnAmUNEC7cpump,TokenzQdBNbLqP5VEhdkAS6EPFLC1PHnBqCXEpPxuEb,https://ipfs.io/ipfs/bafkreigfpnhg6myg5wp6pr5ppzlqkjsgd2yti3totnweduzafm3uyzfuwy,pumpfun-create-borsh-v1,success
solana:4Wyppm1bCQusjJ5RwfA9iwUQot53fLrzt9fzXKE6vaehRcsAZQAJ8y8utNsiADYUHuRJtv4kZYU5Pib6fADMPXZU:2:0,solana-mainnet,pump.fun,4Wyppm1bCQusjJ5RwfA9iwUQot53fLrzt9fzXKE6vaehRcsAZQAJ8y8utNsiADYUHuRJtv4kZYU5Pib6fADMPXZU,451618597,1790678686,2,0,EWXcwkphofJB9cCHwfWyDBXsM3vGjmi69ePsTcCgFg5K,TokenzQdBNbLqP5VEhdkAS6EPFLC1PHnBqCXEpPxuEb,https://ipfs2.extraction.live/ipfs/EWXcwkphofJB9cCHwfWyDBXsM3vGjmi69ePsTcCgFg5K,pumpfun-create-borsh-v1,success
solana:fBPLNH8cSniW3zo1bsFSS7xqg36KNLNpfPxQ2NeHkABu89uMGb68cYRs2C8F2oTzrwM8JGbQ4ReaYYBurPoQsef:2:0,solana-mainnet,pump.fun,fBPLNH8cSniW3zo1bsFSS7xqg36KNLNpfPxQ2NeHkABu89uMGb68cYRs2C8F2oTzrwM8JGbQ4ReaYYBurPoQsef,451618592,1790678684,2,0,HXRvgpkLuX4BvqvcZXt2fevuJhve4jLqUJTLDUzipump,TokenzQdBNbLqP5VEhdkAS6EPFLC1PHnBqCXEpPxuEb,https://meta.uxento.io/data/46396956-8f07-45e4-816b-d6d18010428a,pumpfun-create-borsh-v1,success
solana:5ZocAx2EzXvfy2nqtL3ceC218AVZqB68uovKh3sLmCwn8at2TXN3xzk78ZHk1RY9i7JJzYJSQhj6bre6coNRQdD7:2:0,solana-mainnet,pump.fun,5ZocAx2EzXvfy2nqtL3ceC218AVZqB68uovKh3sLmCwn8at2TXN3xzk78ZHk1RY9i7JJzYJSQhj6bre6coNRQdD7,451618560,1790678677,2,0,7PH6ic4Yq9VfnNMFLmm5YuJ4urUDqzYdL7Lu4XnKSra3,TokenzQdBNbLqP5VEhdkAS6EPFLC1PHnBqCXEpPxuEb,https://buymoon.land/api/metadata?id=34eab03c-3be8-4626-8b5d-78625568e108,pumpfun-create-borsh-v1,success
solana:3Tqxb5U5RdYqfjfjXxrofCsoCLxDDvtZ1ZhpzTt5sugCKbBBSSbHc1FhjPa472bb6Rq3fpSgUjmEUvtbxkXPyKLQ:2:0,solana-mainnet,pump.fun,3Tqxb5U5RdYqfjfjXxrofCsoCLxDDvtZ1ZhpzTt5sugCKbBBSSbHc1FhjPa472bb6Rq3fpSgUjmEUvtbxkXPyKLQ,451618540,1790678671,2,0,3np6N5y1mAKXpLotoj7mXBYJGJuJke6aBhUFo29Lpump,TokenzQdBNbLqP5VEhdkAS6EPFLC1PHnBqCXEpPxuEb,https://ipfs.io/ipfs/QmRUKT3QPJ978fau84ULC9sb7qPPWGCwE91Jjaoyod6PYy,pumpfun-create-borsh-v1,success
solana:2wiTzHS82q8xzYxJo5JxS6Re9UsTwPDjJe1c2yhHNxMWwvrYfqvg5rhfBALkQJcstmvY8taBqQYV5i4itF6gVHHv:2:0,solana-mainnet,pump.fun,2wiTzHS82q8xzYxJo5JxS6Re9UsTwPDjJe1c2yhHNxMWwvrYfqvg5rhfBALkQJcstmvY8taBqQYV5i4itF6gVHHv,451618540,1790678671,2,0,CmK4bhPG4AsqbcAGjeEPTAyYcrGWr8quX5DwFEKspump,TokenzQdBNbLqP5VEhdkAS6EPFLC1PHnBqCXEpPxuEb,https://ipfs.io/ipfs/bafkreid54bbjcwa7tx3rqq5fdzghjoz2xyw46ifkzrpldk7z4ha4jcqhfq,pumpfun-create-borsh-v1,success
solana:29YRtP81zHCfYDQzuJePZpb4CvvRfPyWkNCBPrecFabTTzCp4T7XpYrhUCcB8xRwV8MFToHZ7Z7BCnuqoBwd2HPh:2:0,solana-mainnet,pump.fun,29YRtP81zHCfYDQzuJePZpb4CvvRfPyWkNCBPrecFabTTzCp4T7XpYrhUCcB8xRwV8MFToHZ7Z7BCnuqoBwd2HPh,451618535,1790678669,2,0,7pmPgnQrWkNx22jJmukpEJt5vFvDbKyD7z2FW6z4pump,TokenzQdBNbLqP5VEhdkAS6EPFLC1PHnBqCXEpPxuEb,https://ipfs.io/ipfs/bafkreiasu7dxitvm73wk4t3pnenwlorpgw2lmnfclujbot5jah7lwvinku,pumpfun-create-borsh-v1,success
solana:4iEFrJSzMrwkQW4B6HBguReioN11iADgYBcwtk87KyPRqSXKDS83AjaX9WeYGqVfc3iDCEZuPEs92Kf64FTnaHGb:2:0,solana-mainnet,pump.fun,4iEFrJSzMrwkQW4B6HBguReioN11iADgYBcwtk87KyPRqSXKDS83AjaX9WeYGqVfc3iDCEZuPEs92Kf64FTnaHGb,451618503,1790678661,2,0,H32b7r2DkPH9NfW3AH4pZrt5knLhxCW2osc1QHGXpump,TokenzQdBNbLqP5VEhdkAS6EPFLC1PHnBqCXEpPxuEb,https://ipfs.io/ipfs/QmYWdtBVd2yZW13sz5BUeb94uLH4Z7vnkBQhbzZthoap89,pumpfun-create-borsh-v1,success
solana:67pUjFtYqWkmCrYCfTd16amivws23qBDLYFAa6wib2gvxif8fjHuZjywUtpfzyc8V85dnt1fE3gQKTAJ123aTCuD:2:0,solana-mainnet,pump.fun,67pUjFtYqWkmCrYCfTd16amivws23qBDLYFAa6wib2gvxif8fjHuZjywUtpfzyc8V85dnt1fE3gQKTAJ123aTCuD,451618484,1790678656,2,0,2WzXyHFacfQrcphC4Lc8aH9weMz5MT42LLaXUX7ppump,TokenzQdBNbLqP5VEhdkAS6EPFLC1PHnBqCXEpPxuEb,https://ipfs.io/ipfs/QmSuEbX1og7FLVUMXcomQKXfJjC8cyofQvWriWXz8fEXXX,pumpfun-create-borsh-v1,success
solana:3MDRGDfVCxLyetBSg4Bmjy7SSmTg716Bxg6XzkxHH2TJKxS1ni7HyXjE7MKhpGLP9W3fBc8y8GUsyEJyBA42DiAe:2:0,solana-mainnet,pump.fun,3MDRGDfVCxLyetBSg4Bmjy7SSmTg716Bxg6XzkxHH2TJKxS1ni7HyXjE7MKhpGLP9W3fBc8y8GUsyEJyBA42DiAe,451618471,1790678653,2,0,HUGwYJMNwdUoTfNmNHGZMY9PzYSiu26Tn6yG2srrpump,TokenzQdBNbLqP5VEhdkAS6EPFLC1PHnBqCXEpPxuEb,https://ipfs.io/ipfs/bafkreia4qp5fu37nlzdfrktnusqwyhqiizs7ns7p7i2f5xn76vakqcn67m,pumpfun-create-borsh-v1,success
solana:2bSiZUYSZp3tbG7WxEFLsCiLxMBp3KSrsvLgLqLWR95rxUkppCvq5obPL4fPS6VG2uUbsH7MZLbhihoAnbNJb8sy:2:0,solana-mainnet,pump.fun,2bSiZUYSZp3tbG7WxEFLsCiLxMBp3KSrsvLgLqLWR95rxUkppCvq5obPL4fPS6VG2uUbsH7MZLbhihoAnbNJb8sy,451618471,1790678653,2,0,7vYFJ35BBBx5oMQfvkT5EdWx4T24vX7qzyB8nBCRpump,TokenzQdBNbLqP5VEhdkAS6EPFLC1PHnBqCXEpPxuEb,https://ipfs.io/ipfs/bafkreie6mivj2bbpuqgnx5b2vrdk5gj5hotwhy7tafb3eg3o7ghdrt5gu4,pumpfun-create-borsh-v1,success
solana:3cExB2uAik9u8VbNYCuTSFt2ZDYe5EEdxQBeEAt12X59mpyxoFj59ubYdW6HVF2AmqcUnghAKdYUzLhnNBovk67v:2:0,solana-mainnet,pump.fun,3cExB2uAik9u8VbNYCuTSFt2ZDYe5EEdxQBeEAt12X59mpyxoFj59ubYdW6HVF2AmqcUnghAKdYUzLhnNBovk67v,451618462,1790678650,2,0,DtVGQt3a7w5a4sXWRu497DVKw1aw8ho3pytpjPLaq2TE,TokenzQdBNbLqP5VEhdkAS6EPFLC1PHnBqCXEpPxuEb,https://ipfs.io/ipfs/bafkreic3zfpaqipyt4vwqmqrb3qglfbo7cw3o3d3gc74mvrjrq2mjgewau,pumpfun-create-borsh-v1,success
solana:462jY4W3GfV3firKbk32t3PPDJysZzs1TpB1M2cqcfu9gwR3rGVJe1MYb5EvNeivoQQRXmRMkj5ErwTsbATpWBH4:2:0,solana-mainnet,pump.fun,462jY4W3GfV3firKbk32t3PPDJysZzs1TpB1M2cqcfu9gwR3rGVJe1MYb5EvNeivoQQRXmRMkj5ErwTsbATpWBH4,451618453,1790678648,2,0,2nPFR1xYs1HfwQVG8agM5n84KYZqpTRQMq5fatGGpump,TokenzQdBNbLqP5VEhdkAS6EPFLC1PHnBqCXEpPxuEb,https://ipfs.io/ipfs/QmTh3bY3VSqE3a6exuqo11nJ6kyRney4dLGhsMNozui9GM,pumpfun-create-borsh-v1,success
solana:66oLBo8jbPLYhABrdSZzuWmPqJGx5LEfwK8uETFPBS68JGiTSTH4nrD3jQpyyTrbvffLrs8mCytYrpqTRFfDsMQv:2:0,solana-mainnet,pump.fun,66oLBo8jbPLYhABrdSZzuWmPqJGx5LEfwK8uETFPBS68JGiTSTH4nrD3jQpyyTrbvffLrs8mCytYrpqTRFfDsMQv,451618449,1790678647,2,0,GuqcD2eEaxeyceuhZT9Gievbpnzbj35CJTQ6UB2Tpump,TokenzQdBNbLqP5VEhdkAS6EPFLC1PHnBqCXEpPxuEb,https://ipfs.io/ipfs/QmSSvZEM7ZxVwyFjun7YkqjZa4j7XMhhtTnBW9m7nmgMBL,pumpfun-create-borsh-v1,success
solana:42TuAVYp2oMw6JyeP4uthdACtZCdTusCJjAH3KAYuvrUR3HVnvspjo5HpiNhoGAp42bD8Up9R2nDsYpEHeBpobW9:2:0,solana-mainnet,pump.fun,42TuAVYp2oMw6JyeP4uthdACtZCdTusCJjAH3KAYuvrUR3HVnvspjo5HpiNhoGAp42bD8Up9R2nDsYpEHeBpobW9,451618445,1790678645,2,0,5eHVBxv2iweEvACgRgUdzn8CwWtekxavmcntoyENpump,TokenzQdBNbLqP5VEhdkAS6EPFLC1PHnBqCXEpPxuEb,https://ipfs.io/ipfs/Qmb7UAVUQGdujivkEubK3SDdvaZNtE8Vogys9BaMCMAReU,pumpfun-create-borsh-v1,success
solana:6229w8aT4fgMvdyDE46u7su23U7hJKFLSvVcRJPhxw7nniuC8JvmphqS1L46Vgm1BFhtRigbsCWefChMmZur4dT5:2:0,solana-mainnet,pump.fun,6229w8aT4fgMvdyDE46u7su23U7hJKFLSvVcRJPhxw7nniuC8JvmphqS1L46Vgm1BFhtRigbsCWefChMmZur4dT5,451618441,1790678644,2,0,Di9my6YUxdqARpevBpFcDZ9yKyD9iopNmn4MiME7pump,TokenzQdBNbLqP5VEhdkAS6EPFLC1PHnBqCXEpPxuEb,https://ipfs.io/ipfs/bafkreigjrzunyyzhwtist3zke6z4x7rcrvmz7q43pwbu5eiii46qnate7e,pumpfun-create-borsh-v1,success
solana:4Xb88qVp9cjRFwryCJvRAkbbLytp1WBJdr22GNPsC59fwwj8jGiZhHot8q1z1USjDCdNfBZBDCEftJQ3xbPLE5eR:2:0,solana-mainnet,pump.fun,4Xb88qVp9cjRFwryCJvRAkbbLytp1WBJdr22GNPsC59fwwj8jGiZhHot8q1z1USjDCdNfBZBDCEftJQ3xbPLE5eR,451618439,1790678644,2,0,GTANU2WkiFfXYDwGAi8PQohxpurJn2oeAwnZFFMcpump,TokenzQdBNbLqP5VEhdkAS6EPFLC1PHnBqCXEpPxuEb,https://ipfs.io/ipfs/QmTpcFmhGwpMDvxRYiScfekCpmvwmUkfyeR6eMp4ZmMYtx,pumpfun-create-borsh-v1,success
solana:4giZJ2wKvA7ikguBXxhY4hPEUzyNrbHmsQRZBjYkH7Q1PYHCa9hkVg3qwu1yPZ7wKBzBCkaoAp5QyawZoq6QaUiz:2:0,solana-mainnet,pump.fun,4giZJ2wKvA7ikguBXxhY4hPEUzyNrbHmsQRZBjYkH7Q1PYHCa9hkVg3qwu1yPZ7wKBzBCkaoAp5QyawZoq6QaUiz,451618433,1790678642,2,0,F1y12Rfn8ADbshqAooaYBe4NLPhTNkR3yc5xdJPq8vP4,TokenzQdBNbLqP5VEhdkAS6EPFLC1PHnBqCXEpPxuEb,https://metadata.j7tracker.io/metadata/jLBXc7yew1.json,pumpfun-create-borsh-v1,success
solana:VqhbSTrv4ccYU6VNaFvHykBPFQj73Ygman34HLibtTEjCnqZN4buyaoChv8eQXVW4TCRhL4YCBd85Z2cfXfn7gt:2:0,solana-mainnet,pump.fun,VqhbSTrv4ccYU6VNaFvHykBPFQj73Ygman34HLibtTEjCnqZN4buyaoChv8eQXVW4TCRhL4YCBd85Z2cfXfn7gt,451618428,1790678641,2,0,8NqaksiYCDrNHSyrsiVKArDJ4ZzM4nnpBRtfrTE4pump,TokenzQdBNbLqP5VEhdkAS6EPFLC1PHnBqCXEpPxuEb,https://ipfs.io/ipfs/QmQ1VQaVtZ3vtfvU2KUDbeFJ1oupreDJ3AgzmVStXqurSk,pumpfun-create-borsh-v1,success
solana:4Vrr24u2892mT8YRG2jfJjf77BDPiGsLVA8a4SRPDbCnxmDoyp34PKjvzJrYkM53RZJoKUwTmz5dYmRb521zh4jD:2:0,solana-mainnet,pump.fun,4Vrr24u2892mT8YRG2jfJjf77BDPiGsLVA8a4SRPDbCnxmDoyp34PKjvzJrYkM53RZJoKUwTmz5dYmRb521zh4jD,451618423,1790678639,2,0,mcNySpeqg9ByLjyomCYE4sPCzsu4K3Rh5UVnPdapump,TokenzQdBNbLqP5VEhdkAS6EPFLC1PHnBqCXEpPxuEb,https://ipfs.io/ipfs/bafkreicywy33s6mhgdmnaiwsu3oto2isnrc7wgfpcg7qvdu7u3o2vkkeou,pumpfun-create-borsh-v1,success
solana:4GQhM5tvmH5KX7aSypGU8AJBtauoyJaMb5KLDXLo36uVWyQWwYZy2WFuwuiaChD2MhuaD99HKQcNDBtSHLBbEKne:2:0,solana-mainnet,pump.fun,4GQhM5tvmH5KX7aSypGU8AJBtauoyJaMb5KLDXLo36uVWyQWwYZy2WFuwuiaChD2MhuaD99HKQcNDBtSHLBbEKne,451618415,1790678637,2,0,35sMAwgGay425qyqS7YcST3rnG3TWZQh5azi6sKspump,TokenzQdBNbLqP5VEhdkAS6EPFLC1PHnBqCXEpPxuEb,https://ipfs.io/ipfs/bafkreibdb7x3dwuxrtatlnzo6b33m6ksraehmtxqygyhyrt5k7bbakiteu,pumpfun-create-borsh-v1,success
solana:4jrpnLnaqVYWoKH1Ua7oio2ByikbVq1VuQk5NZN2PiYBWfJRNedtfvjKVPJaNvLhAnohNWsWwuvUBbGN9rHy8UVK:2:0,solana-mainnet,pump.fun,4jrpnLnaqVYWoKH1Ua7oio2ByikbVq1VuQk5NZN2PiYBWfJRNedtfvjKVPJaNvLhAnohNWsWwuvUBbGN9rHy8UVK,451618387,1790678629,2,0,4QckXKoYbRHJ1JEgoUZqQqUvn1ckp8ExdjEA2nPtpump,TokenzQdBNbLqP5VEhdkAS6EPFLC1PHnBqCXEpPxuEb,https://ipfs.io/ipfs/bafkreifytaevdjpxdo4grlbiuuili32tpmolay4nprymw3odj3d45xaxdy,pumpfun-create-borsh-v1,success
solana:5QhZnLzS9znaoTpFYzK4AeLmgxSrgPLgYFaotCapai9vkHXf6nqufZctvueJZFMZ6SvLFYD4m1FAWMMPV8fCYxZ1:2:0,solana-mainnet,pump.fun,5QhZnLzS9znaoTpFYzK4AeLmgxSrgPLgYFaotCapai9vkHXf6nqufZctvueJZFMZ6SvLFYD4m1FAWMMPV8fCYxZ1,451618384,1790678628,2,0,EDsAJ8Pr9D8mBhSi1yek4MuuJF2waBeWdv1hKVoypump,TokenzQdBNbLqP5VEhdkAS6EPFLC1PHnBqCXEpPxuEb,https://ipfs.io/ipfs/QmcDXFcaS5Gp12nVGpkbqoh8NkAaS6rLvmyhE8QzmjoZzh,pumpfun-create-borsh-v1,success
solana:24fpDX8Qo5naTJWPkevnToiFdTAncKBLzRRLH626UXtZCWFtnPbGrhYMmpE3wQ4QXUyxR6z9amaGQbkgPwH98Ref:2:0,solana-mainnet,pump.fun,24fpDX8Qo5naTJWPkevnToiFdTAncKBLzRRLH626UXtZCWFtnPbGrhYMmpE3wQ4QXUyxR6z9amaGQbkgPwH98Ref,451618366,1790678623,2,0,HMGJRaa64EuLyJPoSCGoFZ87RczN4RwR44QrdWDfpump,TokenzQdBNbLqP5VEhdkAS6EPFLC1PHnBqCXEpPxuEb,https://ipfs.io/ipfs/bafkreidi6ks5blarg3l4oyacgkm5rlsejuiwj6c6dtnpnk4dwwhqblrh3a,pumpfun-create-borsh-v1,success
solana:ob7QXDjWsU9pw3rew867F22RfMsXbGz2rgFxyZzDzFLbCinCjgwdjTpNUnApSVitj5isGJZWdP1zNetpnaAwuL8:2:0,solana-mainnet,pump.fun,ob7QXDjWsU9pw3rew867F22RfMsXbGz2rgFxyZzDzFLbCinCjgwdjTpNUnApSVitj5isGJZWdP1zNetpnaAwuL8,451618360,1790678622,2,0,7t8wQ8oRKZhzjE4Z2nc6QZW6xmfJcJAT8X2i6ascpump,TokenzQdBNbLqP5VEhdkAS6EPFLC1PHnBqCXEpPxuEb,https://ipfs.io/ipfs/QmZkA751fgiu5oQhqYWMgz5M8uSAaPgrCvnNTi65N1sNje,pumpfun-create-borsh-v1,success
solana:RjxXQeQdWabLxzSTtTqxWDmkBHThoFksCSP8AHh1cJX29Wn4HNYCxReveTtsGVgwmjamXEC6tfJTV9fqaG2YRAL:2:0,solana-mainnet,pump.fun,RjxXQeQdWabLxzSTtTqxWDmkBHThoFksCSP8AHh1cJX29Wn4HNYCxReveTtsGVgwmjamXEC6tfJTV9fqaG2YRAL,451618354,1790678620,2,0,5oHr8xn8CdUFFrNS7RbDwdBM8Rwr134ZEGyegLWupump,TokenzQdBNbLqP5VEhdkAS6EPFLC1PHnBqCXEpPxuEb,https://ipfs.io/ipfs/QmNY6e3sjVxNksU7k5QvL1A4TzuYPD2tMM7A3dMhAtVjca,pumpfun-create-borsh-v1,success
solana:5fHde3fvkVbDxr4W76Ej9gDdRAq5mVgAHzu7KekKGsVoCv6bfQD5vQcM57YTE3i3AKATxbL5pQogSqebMnU5EZ1b:3:0,solana-mainnet,pump.fun,5fHde3fvkVbDxr4W76Ej9gDdRAq5mVgAHzu7KekKGsVoCv6bfQD5vQcM57YTE3i3AKATxbL5pQogSqebMnU5EZ1b,451618354,1790678620,3,0,8wpwSe9ywAkgU2kuGeYEBiZzD4T1qRSPcVPbvQwCpump,TokenzQdBNbLqP5VEhdkAS6EPFLC1PHnBqCXEpPxuEb,https://ipfs.io/ipfs/bafkreierpxlb2mcxthv6seck4gkjsynqxv6vo2g5boekgzmfyuhfwovydu,pumpfun-create-borsh-v1,success
solana:2S4SYa3ZEMob1XXZrMSswWFNNn4rWUizuBhRooP6QH4m79Jb4CYLpnUiDXUDrgsH7SC76fpTnbLfzNGqmpdD9r9L:2:0,solana-mainnet,pump.fun,2S4SYa3ZEMob1XXZrMSswWFNNn4rWUizuBhRooP6QH4m79Jb4CYLpnUiDXUDrgsH7SC76fpTnbLfzNGqmpdD9r9L,451618346,1790678618,2,0,HjtPEZ6oHj6gJCRFf5H5VuWgPTJzyanu8caktSPhQ2Jr,TokenzQdBNbLqP5VEhdkAS6EPFLC1PHnBqCXEpPxuEb,https://ipfs.io/ipfs/bafkreigr2bbhq6o5mkonjomim7z55w62ee5ix3outtwwgfxwxy4flay6ta,pumpfun-create-borsh-v1,success
solana:3wRyfCyKtUpGQmy6SsuL8KUwbDpadMjxpumhGVRB85uuxjryM1wfTaRSA3JUWoH8AQVZSKVtTcYBd8SJtCAtXkKd:2:0,solana-mainnet,pump.fun,3wRyfCyKtUpGQmy6SsuL8KUwbDpadMjxpumhGVRB85uuxjryM1wfTaRSA3JUWoH8AQVZSKVtTcYBd8SJtCAtXkKd,451618342,1790678617,2,0,Av7gZjT6EPmGcfbZ9TF59YAA2bbkpk5Q8sneG5k2pump,TokenzQdBNbLqP5VEhdkAS6EPFLC1PHnBqCXEpPxuEb,https://ipfs.io/ipfs/bafkreiavvceibncvfnuezibkag6qh5htbpuyfzqotn33wnigrcwgk6ealq,pumpfun-create-borsh-v1,success
solana:9XavDBx2MpmmhhVCNsYyP72WY6kg2WM3rbvWvMdpZgVEZ458ie1pXRrYtBT1HW6uLPwBqDF1mXwHATeanTsfxw1:2:0,solana-mainnet,pump.fun,9XavDBx2MpmmhhVCNsYyP72WY6kg2WM3rbvWvMdpZgVEZ458ie1pXRrYtBT1HW6uLPwBqDF1mXwHATeanTsfxw1,451618330,1790678614,2,0,Hwp5MSANSA3rU9tHo3kGsgexzk1FVhsJmMZCeH7ypump,TokenzQdBNbLqP5VEhdkAS6EPFLC1PHnBqCXEpPxuEb,https://ipfs.io/ipfs/bafkreidkad3mgzvzv6kdjctt3pwo2ojkkguzamovw663e36anupi75fwbq,pumpfun-create-borsh-v1,success
solana:3gUDsm3bGwXZWEmkJPHgXziG6uqQv7UJdRpCfdnwau7YwGarf68au1pgesQiGaXj4pwyqH2TvSnnnXGD6Wx6yqTt:2:0,solana-mainnet,pump.fun,3gUDsm3bGwXZWEmkJPHgXziG6uqQv7UJdRpCfdnwau7YwGarf68au1pgesQiGaXj4pwyqH2TvSnnnXGD6Wx6yqTt,451618282,1790678602,2,0,H2xr5Kah1NCD54Bz9PwZBS2EsgcqfyDi4pecUtQbpump,TokenzQdBNbLqP5VEhdkAS6EPFLC1PHnBqCXEpPxuEb,https://ipfs.io/ipfs/bafkreif5kjyhum25xest2n73bhqn2jlqh4hijfxuwhqedgrskzhgzcl77i,pumpfun-create-borsh-v1,success
solana:vjpfb5kko4BtyrNMW9U7yyYA9TW9MzkoSdvMN3ANywUgdU1CEJGPwt8B3Ck7tacj5YBx1S1qPWHP5D2jqUZNMAC:2:0,solana-mainnet,pump.fun,vjpfb5kko4BtyrNMW9U7yyYA9TW9MzkoSdvMN3ANywUgdU1CEJGPwt8B3Ck7tacj5YBx1S1qPWHP5D2jqUZNMAC,451618273,1790678599,2,0,49a1uxUobZsf1opRvHXEs6fzEGihQ32Jw3CCnqYopump,TokenzQdBNbLqP5VEhdkAS6EPFLC1PHnBqCXEpPxuEb,https://ipfs.io/ipfs/QmW9xtn7bvix1oDeeqYiYKrecfctCPxmP6qsRPkXoNhVtE,pumpfun-create-borsh-v1,success
solana:3yZ4gZzGRAZR2hwzYc38CmDMn4eCdwihEjMigF3zu2vZL1w9mZfBxyGi9wzQ5TfWgbEozufAKBYcCvFpUf6GQLb3:0:0,solana-mainnet,pump.fun,3yZ4gZzGRAZR2hwzYc38CmDMn4eCdwihEjMigF3zu2vZL1w9mZfBxyGi9wzQ5TfWgbEozufAKBYcCvFpUf6GQLb3,451618271,1790678599,0,0,Fmk7apixbzUszmAVwGESY591ojbxRVycocghjW5apump,TokenzQdBNbLqP5VEhdkAS6EPFLC1PHnBqCXEpPxuEb,https://pump.mypinata.cloud/ipfs/bafkreifxulahffrb2qm5zy6z7ql5l5defcpcrycdefwcvwxuocmhwiusqu,pumpfun-create-borsh-v1,success
solana:2f9c6FA7bq7C5xQZ7ZWAFhSFRDRacqE5Vpqr9JcHNpuvaofaufi5Qz6Si2x91ejYUvAe1cjdG1t1FWd9ogmcqUE:2:0,solana-mainnet,pump.fun,2f9c6FA7bq7C5xQZ7ZWAFhSFRDRacqE5Vpqr9JcHNpuvaofaufi5Qz6Si2x91ejYUvAe1cjdG1t1FWd9ogmcqUE,451618253,1790678594,2,0,DPc7cSht6f2M7U7CNUo3UN1gRHxwWCQEkcdcTV7cpump,TokenzQdBNbLqP5VEhdkAS6EPFLC1PHnBqCXEpPxuEb,https://metadata.j7tracker.io/m/MWljo7wQ5m,pumpfun-create-borsh-v1,success
solana:2M6DZfeyy73inG9XcQg13YE45AtZtxzTgfzJB5YzpPX2tciX9wwWAXurHNWuygnprfJuHzJVqi7cBMPtVEMVhzUh:0:0,solana-mainnet,pump.fun,2M6DZfeyy73inG9XcQg13YE45AtZtxzTgfzJB5YzpPX2tciX9wwWAXurHNWuygnprfJuHzJVqi7cBMPtVEMVhzUh,451618234,1790678589,0,0,9S8bZWqWhu5N1YVimVbHDYWHs7Ec6MaUJ1WjoL3fKMgJ,TokenzQdBNbLqP5VEhdkAS6EPFLC1PHnBqCXEpPxuEb,https://ipfs.io/ipfs/bafkreiedishncrwzaxqw25ivlzta2m6ovjqh5kuzyeerlgborjvjeyczba,pumpfun-create-borsh-v1,success
solana:5BVREekPBdSi4ZGAh9QfwuoKtpD9HfLbWY9uPgz2aSJ4ypd8cCZ3YXwFz9oykosXz4Y8KzCKYd6gHMAAAgKPPhqy:2:0,solana-mainnet,pump.fun,5BVREekPBdSi4ZGAh9QfwuoKtpD9HfLbWY9uPgz2aSJ4ypd8cCZ3YXwFz9oykosXz4Y8KzCKYd6gHMAAAgKPPhqy,451618233,1790678589,2,0,4wTV1YmiEkRvAtNtsSGPtUrqRYQMe5SKy2uB4Jjaxnjf,ATokenGPvbdGVxr1b2hvZbsiqW5xWH25efTNsLJA8knL,"                 S  ",pumpfun-create-borsh-v1,success
solana:2HMVLuQJW8gDvdvQhRirXSwFHnLaQnikeJnzm6A2FWm3bKF45UHKpMJPQG2TGqcJLoXmUHJVBovQmxPUJ1rCym2J:2:0,solana-mainnet,pump.fun,2HMVLuQJW8gDvdvQhRirXSwFHnLaQnikeJnzm6A2FWm3bKF45UHKpMJPQG2TGqcJLoXmUHJVBovQmxPUJ1rCym2J,451618230,1790678588,2,0,4CuvhFHMMLmqHF9cLs3Xo4nkXwXbKL8tAsAxZJXxpump,TokenzQdBNbLqP5VEhdkAS6EPFLC1PHnBqCXEpPxuEb,https://ipfs.io/ipfs/bafkreid3t7urjwi7dwjq5rujufhuukqxmzxbyujojw2323gnaor4gs4cye,pumpfun-create-borsh-v1,success
solana:3s4uKAGuQCXDDxURHfXWVzFJh5NQe3TNLnECdyHhTJErn4YPjhWoQ4kuCKrQhWA5xidcgVF9H9Afh8zpxKsBj4rM:0:0,solana-mainnet,pump.fun,3s4uKAGuQCXDDxURHfXWVzFJh5NQe3TNLnECdyHhTJErn4YPjhWoQ4kuCKrQhWA5xidcgVF9H9Afh8zpxKsBj4rM,451618229,1790678588,0,0,CLKNBKvcWiERobJUsgcpEKstPA2pHUDZztWo2REkVpSd,TokenzQdBNbLqP5VEhdkAS6EPFLC1PHnBqCXEpPxuEb,https://metadata.j7tracker.io/m/L01Kztu8mQ,pumpfun-create-borsh-v1,success
solana:2qDeG59EA5Wa6UpFmMCh1d3mnNQKDy669nB93ATkKx6tKosHFhu5WHt2dR78YtSa8bHZKoN3jrcipjQc88ySYYqf:2:0,solana-mainnet,pump.fun,2qDeG59EA5Wa6UpFmMCh1d3mnNQKDy669nB93ATkKx6tKosHFhu5WHt2dR78YtSa8bHZKoN3jrcipjQc88ySYYqf,451618228,1790678587,2,0,BkYkT96ZsAcfxdqxRrr72MYZEfZ946aegbor7uTGpump,TokenzQdBNbLqP5VEhdkAS6EPFLC1PHnBqCXEpPxuEb,https://ipfs.io/ipfs/bafkreidefu3qapn43ojbn4refhy2rxuuymictvwkiq5bjfomkyfckqezgq,pumpfun-create-borsh-v1,success
solana:3cNMmdPskTczD5tgmBHorQQweXAaBU1vdjR1hbrF326x2Q75zDoCXBiJ6geRFshEh9yH6BAVLng5QCfVsFwzLSfV:2:0,solana-mainnet,pump.fun,3cNMmdPskTczD5tgmBHorQQweXAaBU1vdjR1hbrF326x2Q75zDoCXBiJ6geRFshEh9yH6BAVLng5QCfVsFwzLSfV,451618224,1790678586,2,0,Ane4dNPKnz5KZaGYM4AbKZnbqx6ZmETzTk3PMCvQpump,TokenzQdBNbLqP5VEhdkAS6EPFLC1PHnBqCXEpPxuEb,https://ipfs.io/ipfs/QmRGEmwqhFMboGE2Ttxw8248icYuQdPq5JnsBCf7gvr8rj,pumpfun-create-borsh-v1,success
solana:4YjebwBHKHujR5veXrUzwZTDLDCD39AXGjzs16NJ7kJuX3NySiCsRegQ6Ni4n5gfALaNQUQtNK2FgGEtP4emxPHY:2:0,solana-mainnet,pump.fun,4YjebwBHKHujR5veXrUzwZTDLDCD39AXGjzs16NJ7kJuX3NySiCsRegQ6Ni4n5gfALaNQUQtNK2FgGEtP4emxPHY,451618221,1790678586,2,0,Ds43jEbzfV4Xoho2BDbtTme7DakXaDHXSMWUCUahpump,TokenzQdBNbLqP5VEhdkAS6EPFLC1PHnBqCXEpPxuEb,https://ipfs.io/ipfs/QmQ1VQaVtZ3vtfvU2KUDbeFJ1oupreDJ3AgzmVStXqurSk,pumpfun-create-borsh-v1,success
solana:4cK79L6RH2hbs2c5AGqXERYEewYFM8ok1oJxct5Dzy6xDwfXvBZiUxzyWu1cCYgsrk23o27jYSAYXai1WfAXrCUu:2:0,solana-mainnet,pump.fun,4cK79L6RH2hbs2c5AGqXERYEewYFM8ok1oJxct5Dzy6xDwfXvBZiUxzyWu1cCYgsrk23o27jYSAYXai1WfAXrCUu,451618215,1790678584,2,0,G4qp36vbpoegLgez6bbKYw8zFqHP8sZ448frSZ4xpump,TokenzQdBNbLqP5VEhdkAS6EPFLC1PHnBqCXEpPxuEb,https://meta.uxento.io/data/4a5c2f84-6d81-4815-a2dc-1b7be0ce3b73,pumpfun-create-borsh-v1,success
solana:VjSxZdQ6QM5kPeNmRFjaCHorrjLFYScQZR8UWvEoKkrPL8kjhK6Vh8jsUVRAHpUjVLrcFnLA7e5yZNwmqGMrPxk:2:0,solana-mainnet,pump.fun,VjSxZdQ6QM5kPeNmRFjaCHorrjLFYScQZR8UWvEoKkrPL8kjhK6Vh8jsUVRAHpUjVLrcFnLA7e5yZNwmqGMrPxk,451618187,1790678577,2,0,8dKB6nSeSTDjcyQ6T2NCzVAJuucrCQUcPfHevUWUpump,TokenzQdBNbLqP5VEhdkAS6EPFLC1PHnBqCXEpPxuEb,https://ipfs.io/ipfs/QmcDXFcaS5Gp12nVGpkbqoh8NkAaS6rLvmyhE8QzmjoZzh,pumpfun-create-borsh-v1,success
solana:57Yg37kogcWSfRgv8sve1tZxrCaeeoqeNXgt211yuM9dfRgoWbzEbh9GPV3M3JKVWmV8pgycxdQc2YK1Cdzuyc9i:2:0,solana-mainnet,pump.fun,57Yg37kogcWSfRgv8sve1tZxrCaeeoqeNXgt211yuM9dfRgoWbzEbh9GPV3M3JKVWmV8pgycxdQc2YK1Cdzuyc9i,451618186,1790678576,2,0,ACj7qWktA6VdoVSSUuxWzsTvwDCX9F3aiiDhJVf1pump,TokenzQdBNbLqP5VEhdkAS6EPFLC1PHnBqCXEpPxuEb,https://ipfs.io/ipfs/bafkreig5c2ydq7yifiioi2y366i22rynm437fnmd4f325b2tyyl7fmo6wu,pumpfun-create-borsh-v1,success
solana:5YznKCCYLhzSRcHUS3VGzmq6o2bfSViXJQrM4YR8dDiDfJMCHnAYH1V6VuRBoJNirCJqd1tkdTbZxDdW1Fubsis1:2:0,solana-mainnet,pump.fun,5YznKCCYLhzSRcHUS3VGzmq6o2bfSViXJQrM4YR8dDiDfJMCHnAYH1V6VuRBoJNirCJqd1tkdTbZxDdW1Fubsis1,451618183,1790678576,2,0,98F7ZMd3jaUnTCKZoRtsNbyuCckuWt159EE4xen8pump,TokenzQdBNbLqP5VEhdkAS6EPFLC1PHnBqCXEpPxuEb,https://ipfs.io/ipfs/bafkreig7tuwbzqufl3mjxjip5x3prrtkerdjp2gl7fxwkelbl7f3edwsku,pumpfun-create-borsh-v1,success
solana:26mPsfA1pDPK89bQbMGrmKn5J6ckv12Tf6VFYCrmTKt31nVBQF2DxHhpzqpdmfw1gc6dX5zCGDEwqj2e4mFj4xNq:0:0,solana-mainnet,pump.fun,26mPsfA1pDPK89bQbMGrmKn5J6ckv12Tf6VFYCrmTKt31nVBQF2DxHhpzqpdmfw1gc6dX5zCGDEwqj2e4mFj4xNq,451618165,1790678571,0,0,CE1CNzdiHGi2s2EJgjaDZdt1EiahTnQzBeonHBYcsEnZ,TokenzQdBNbLqP5VEhdkAS6EPFLC1PHnBqCXEpPxuEb,https://metadata.j7tracker.io/m/0AJ5RkxuAf,pumpfun-create-borsh-v1,success
solana:4ErMAvpFfC9CabuJx13Vep5J7DbeLFXJ7ax1dQfGQHhCdD6eknGPJ18EZ6c67Qw4cU1Wxt2Bkqupckt1eU5zfw6A:2:0,solana-mainnet,pump.fun,4ErMAvpFfC9CabuJx13Vep5J7DbeLFXJ7ax1dQfGQHhCdD6eknGPJ18EZ6c67Qw4cU1Wxt2Bkqupckt1eU5zfw6A,451618141,1790678565,2,0,CjiYKct5AK2Riiau53CnraogDsNAfhNcr96oFP4kpump,TokenzQdBNbLqP5VEhdkAS6EPFLC1PHnBqCXEpPxuEb,https://meta.uxento.io/data/b90277a3-ee9b-4f0e-8315-168a315827f3,pumpfun-create-borsh-v1,success
solana:B5HLythi6fyAGg3FjaJ4uSVp4RJpMmqZrYuuYvCg47tbENam7M5DAccZtVn2GHDxPQJRLA6yrV91o1rkCWnSWDf:1:0,solana-mainnet,pump.fun,B5HLythi6fyAGg3FjaJ4uSVp4RJpMmqZrYuuYvCg47tbENam7M5DAccZtVn2GHDxPQJRLA6yrV91o1rkCWnSWDf,451618138,1790678564,1,0,BJp5DVRUbqLDNnQuW2qkLL3ibsQsKrbf4JpEuo86WoPK,TokenzQdBNbLqP5VEhdkAS6EPFLC1PHnBqCXEpPxuEb,https://ipfs.io/ipfs/bafkreia2uantpdg6zgdxljxd6sdhovrehlvspngpsjo42nisnj35uhbe3e,pumpfun-create-borsh-v1,success
solana:3jesXwGmFNCxECVMqjoQJXTpz56LYB1aaqL3VBaeHyvuUpNPeS68MZs6WGG8YCMfzR3esQK4AUms5jhQaMsSPLf6:2:0,solana-mainnet,pump.fun,3jesXwGmFNCxECVMqjoQJXTpz56LYB1aaqL3VBaeHyvuUpNPeS68MZs6WGG8YCMfzR3esQK4AUms5jhQaMsSPLf6,451618135,1790678563,2,0,GPZt2Zm2XAaQSAH9S6dt9jfLpgCJz2WRvmPNk1gmpump,TokenzQdBNbLqP5VEhdkAS6EPFLC1PHnBqCXEpPxuEb,https://ipfs.io/ipfs/QmdMnCWQ1C8YfbkDaNZRchpKwPnCFuskHGr5cCFZY2vhdb,pumpfun-create-borsh-v1,success
solana:59qQanZNk8YXN5Cg1Ju6eLpQ2HcaqUsyi9F3ZHFyudD77iBcsr12NV4gk6pGAcmRShyR9tUjdasT4s22Z8de8Ar3:0:0,solana-mainnet,pump.fun,59qQanZNk8YXN5Cg1Ju6eLpQ2HcaqUsyi9F3ZHFyudD77iBcsr12NV4gk6pGAcmRShyR9tUjdasT4s22Z8de8Ar3,451618125,1790678560,0,0,Hx74A3xHyTW8ggMhRFNKr3XkZZtpbNgYPfMM4rV9jzBZ,TokenzQdBNbLqP5VEhdkAS6EPFLC1PHnBqCXEpPxuEb,https://metadata.j7tracker.io/metadata/Z99Ju8tmmQ.json,pumpfun-create-borsh-v1,success
solana:588NWDu8AE9Kgzxw1qfnFzEQZgcWm3rjmuk3o4L9ScWyjstbDCKUnhioFJXmSdfvkBMjQU1Juo3X42ih7F658kEB:2:0,solana-mainnet,pump.fun,588NWDu8AE9Kgzxw1qfnFzEQZgcWm3rjmuk3o4L9ScWyjstbDCKUnhioFJXmSdfvkBMjQU1Juo3X42ih7F658kEB,451618121,1790678559,2,0,9bTuzwnp8N5fj6Mm7Rv9JtSvjx69DSRjNgqqqYMB2DJn,TokenzQdBNbLqP5VEhdkAS6EPFLC1PHnBqCXEpPxuEb,https://metadata.j7tracker.io/metadata/Z99Ju8tmmQ.json,pumpfun-create-borsh-v1,success
solana:4qmMSwMeyGJLuCRVsc76mmrAwqZEZhgV8PJGvJk14BLw26XobJAoBMhooVdpDeJRtvKm8vvMK3xdQCEnGXYobKTB:2:0,solana-mainnet,pump.fun,4qmMSwMeyGJLuCRVsc76mmrAwqZEZhgV8PJGvJk14BLw26XobJAoBMhooVdpDeJRtvKm8vvMK3xdQCEnGXYobKTB,451618104,1790678554,2,0,CbB275hXRavNcnrebSqpETY39ey6zaMofhLfPQtzpump,TokenzQdBNbLqP5VEhdkAS6EPFLC1PHnBqCXEpPxuEb,https://ipfs.io/ipfs/QmTFVu2Q1KJBLjsUQprobvMChmR1bFn8P7mhABumSFSKdf,pumpfun-create-borsh-v1,success
solana:Uy8bXFDfrpBUkbxw1jibek8ajcX8AmX5uqxgq7N4LmzWKNrgUmktiFZC5gJ6HW7NKrFPAbN8hafb8CH6VVhrqKD:2:0,solana-mainnet,pump.fun,Uy8bXFDfrpBUkbxw1jibek8ajcX8AmX5uqxgq7N4LmzWKNrgUmktiFZC5gJ6HW7NKrFPAbN8hafb8CH6VVhrqKD,451618093,1790678551,2,0,mwYpo5Kdn9CTAHavVp4RuvzZXBctVCENFAECebfpump,TokenzQdBNbLqP5VEhdkAS6EPFLC1PHnBqCXEpPxuEb,https://ipfs.io/ipfs/bafkreifcmtmhclpfptfav2ptgsutinc7wdunea4te2ows6lz4rfa5g6qye,pumpfun-create-borsh-v1,success
solana:4TVdkNeW1fDyFNQsF5P347THLrDa4X4JavHpzydupowGGLq2VHvhuYVJKPFCqxZmud9rBSEkW1zoowVggK3fAdNp:0:0,solana-mainnet,pump.fun,4TVdkNeW1fDyFNQsF5P347THLrDa4X4JavHpzydupowGGLq2VHvhuYVJKPFCqxZmud9rBSEkW1zoowVggK3fAdNp,451618056,1790678541,0,0,A1MTjpvL9hhr57HTrKDB4d8BFjxvGk5XNvWUYekfaUGk,TokenzQdBNbLqP5VEhdkAS6EPFLC1PHnBqCXEpPxuEb,https://metadata.j7tracker.io/metadata/C7yfsGM3QS.json,pumpfun-create-borsh-v1,success
solana:VvNGNnP18tVsbKykExJxvuwz1YuVVAR2bAU9dzVXRJeH2LTv2ZJwTt5opRriFjb2TS24H45fdmXFfjDugSo2EDK:2:0,solana-mainnet,pump.fun,VvNGNnP18tVsbKykExJxvuwz1YuVVAR2bAU9dzVXRJeH2LTv2ZJwTt5opRriFjb2TS24H45fdmXFfjDugSo2EDK,451618045,1790678539,2,0,3Nc5aumMDyEGCp1E3qrjuFyP1zEGCnGetBoPaYSzpump,TokenzQdBNbLqP5VEhdkAS6EPFLC1PHnBqCXEpPxuEb,https://ipfs.io/ipfs/QmYMqwEe98qSngLJp9pkgF4UJgASiTwmW3a6KaPmob858u,pumpfun-create-borsh-v1,success
solana:GKYtpw6NgCuDQcAHYdHygfsQJ4MmRTshqB2TLjj4epSDHixGeuyGJeRf1ZgqHvVHxRFJY57yJRxVyJmAZfzeb8F:2:0,solana-mainnet,pump.fun,GKYtpw6NgCuDQcAHYdHygfsQJ4MmRTshqB2TLjj4epSDHixGeuyGJeRf1ZgqHvVHxRFJY57yJRxVyJmAZfzeb8F,451618040,1790678537,2,0,J3UcStMEVA3JygAfSXpJhW4bkVM6RERvBT2gMgpapump,TokenzQdBNbLqP5VEhdkAS6EPFLC1PHnBqCXEpPxuEb,https://ipfs.io/ipfs/bafkreiee6avgdfu3ftdurpkzr62axdful5eedonvrppcqkzipftnpplkoi,pumpfun-create-borsh-v1,success
solana:441JuUqx1EoMEMjten9NigZWthHMKBUj8eCcr3HrZjSTk99qZ26fza3k5ULJVPb1ZaWXiYs5eTBH9j6fxYdtHpXs:2:0,solana-mainnet,pump.fun,441JuUqx1EoMEMjten9NigZWthHMKBUj8eCcr3HrZjSTk99qZ26fza3k5ULJVPb1ZaWXiYs5eTBH9j6fxYdtHpXs,451618025,1790678533,2,0,Bm59yHBeuMVG8jj4qTQY6iSQP4mVbek1iQ6WLdKYpump,TokenzQdBNbLqP5VEhdkAS6EPFLC1PHnBqCXEpPxuEb,https://ipfs.io/ipfs/bafkreicpbgdlr4y2rceelbkjjaaxyc7qapdfhoihrjfkn4qncwkaahwdaa,pumpfun-create-borsh-v1,success
solana:5cPBE3w2baqHVXMJ3q582pXgCYFj4agoQnyTUhMCryLEZzrNhA4MXpLNopACGQEoFf49UyWcTA5ttpvrFTVUM6eg:2:0,solana-mainnet,pump.fun,5cPBE3w2baqHVXMJ3q582pXgCYFj4agoQnyTUhMCryLEZzrNhA4MXpLNopACGQEoFf49UyWcTA5ttpvrFTVUM6eg,451617987,1790678523,2,0,4qbov4NGXQ81E3k552HwD32Cm4p9TZCf2yzpGtCdpump,TokenzQdBNbLqP5VEhdkAS6EPFLC1PHnBqCXEpPxuEb,https://ipfs.io/ipfs/QmTUHBu5rPeWMAtxCM34abmrqHyXb4krELJ1PZFvkJEuMV,pumpfun-create-borsh-v1,success
solana:2UZ2cQR4TsD7LcwRCrP57yMieiCsVqGSXp4uZ7pKwE9AuVpJKV4ZqfVLz8UKvzddnkhghyAPoCWdhqf9SfRQL7Hp:2:0,solana-mainnet,pump.fun,2UZ2cQR4TsD7LcwRCrP57yMieiCsVqGSXp4uZ7pKwE9AuVpJKV4ZqfVLz8UKvzddnkhghyAPoCWdhqf9SfRQL7Hp,451617984,1790678522,2,0,46MzZb6WTpzy136xF3m4XRvZVMTpUqmHF7UY8zwevQoe,TokenzQdBNbLqP5VEhdkAS6EPFLC1PHnBqCXEpPxuEb,https://metadata.j7tracker.io/metadata/23344f2ce9cc45a3.json,pumpfun-create-borsh-v1,success
solana:5JfVEtPbhzteMTrys1uUJd8PofNh13jPvSZstnEhsxg2ksm1SCmAQMym2UFjAubZCmWtYzgB45me15y43nHbZrHX:1:0,solana-mainnet,pump.fun,5JfVEtPbhzteMTrys1uUJd8PofNh13jPvSZstnEhsxg2ksm1SCmAQMym2UFjAubZCmWtYzgB45me15y43nHbZrHX,451617969,1790678518,1,0,BKKJwFywQbRNMnhviP5XvqEuRXytyES7Nz2f4Cvopump,TokenzQdBNbLqP5VEhdkAS6EPFLC1PHnBqCXEpPxuEb,https://ipfs.io/ipfs/bafkreiaz46u2midgk26b2e43v6kri6cf6zdxpwc2yhniohvfvrhoctkvye,pumpfun-create-borsh-v1,success
solana:2pWVJVPoHxQnF11f8LLZn6XCabkjuCAWToJdc1HVpRjoJZVqKRNMoJUbpB9xicPs4B6aN2ixMaY37bw3dHbeQGD5:0:0,solana-mainnet,pump.fun,2pWVJVPoHxQnF11f8LLZn6XCabkjuCAWToJdc1HVpRjoJZVqKRNMoJUbpB9xicPs4B6aN2ixMaY37bw3dHbeQGD5,451617968,1790678518,0,0,56meKR4KbDKJW9ADEuDqj8onUyGqkqXWUz9iTMuBeDA6,TokenzQdBNbLqP5VEhdkAS6EPFLC1PHnBqCXEpPxuEb,https://metadata.j7tracker.io/m/O03jW3CbBq,pumpfun-create-borsh-v1,success
solana:Xuf1GWHc1UbX3awjxhaRqCdz5Vo6twh3gvmhEAwfhexMgy3bRGABSwLQmzYvGVSRzFcKegMgi4vDK579HvvQ3td:0:0,solana-mainnet,pump.fun,Xuf1GWHc1UbX3awjxhaRqCdz5Vo6twh3gvmhEAwfhexMgy3bRGABSwLQmzYvGVSRzFcKegMgi4vDK579HvvQ3td,451617964,1790678517,0,0,DQEe9DxBfW24WTRUijk57JJxDUsv75x3eas8LnXPxGy1,TokenzQdBNbLqP5VEhdkAS6EPFLC1PHnBqCXEpPxuEb,https://ipfs.io/ipfs/bafkreid7qkze6ghgb2ibpvtqjlnboeenmunfrsnvbnvjwgggxelzfetyvy,pumpfun-create-borsh-v1,success
solana:4mrPBySq5PbmKZsz85jvD2r4joSWwQTcDWv75DH9whwDhsWtjCcBH74o3rAtDnJ37NqFkyXyUf2GuwLVxRvyKXbk:2:0,solana-mainnet,pump.fun,4mrPBySq5PbmKZsz85jvD2r4joSWwQTcDWv75DH9whwDhsWtjCcBH74o3rAtDnJ37NqFkyXyUf2GuwLVxRvyKXbk,451617963,1790678517,2,0,4NRp6mjnVMikdWHo4zbvBbgwLU2Kb3gc6ZZsHFCapump,TokenzQdBNbLqP5VEhdkAS6EPFLC1PHnBqCXEpPxuEb,https://ipfs.io/ipfs/bafkreibckde23cwrullqcp5ekhvoecdbffhd3fsolvdauta7pjp36dbxem,pumpfun-create-borsh-v1,success
solana:4gcvmEfi7My3qE2exrqrDq5rse8vrRCypS4d6s4KSCgQbKrdRs4XBd8aEBnoA6mzXkT8eA23wDKASDwehJDBjjq:2:0,solana-mainnet,pump.fun,4gcvmEfi7My3qE2exrqrDq5rse8vrRCypS4d6s4KSCgQbKrdRs4XBd8aEBnoA6mzXkT8eA23wDKASDwehJDBjjq,451617958,1790678515,2,0,EQjuKcrFj3hEwM26pEHYJDkeKq9FTo2pqevnxtLdpump,TokenzQdBNbLqP5VEhdkAS6EPFLC1PHnBqCXEpPxuEb,https://meta.uxento.io/data/5a3258ab-3080-46ab-baae-f703926dcf2a,pumpfun-create-borsh-v1,success
solana:GhDpyBnxRMV5Mgab8vux2nLyamxTYdXkZnFPkdDH2VgQ12eng9bJaemaxofQ2s1jkBdpsuyViDsE4uPpkSSY6qg:2:0,solana-mainnet,pump.fun,GhDpyBnxRMV5Mgab8vux2nLyamxTYdXkZnFPkdDH2VgQ12eng9bJaemaxofQ2s1jkBdpsuyViDsE4uPpkSSY6qg,451617957,1790678515,2,0,J76D1fTiNXv3QzXmURjfeqbETZ4J5T28wHEtYtJpump,TokenzQdBNbLqP5VEhdkAS6EPFLC1PHnBqCXEpPxuEb,https://ipfs.io/ipfs/QmZnNzREoy5bQqFSvsrocxPSKMPpXQ8mVjU7Z8bNtJAZTS,pumpfun-create-borsh-v1,success
solana:4YgDVaMDoX4nauWnCxjMuhPvhgepvsccYXtUijG4hQKdTs81DYtbxP47FR8rm2SCxwfBtTcq6o7SWz7YKbKVNXER:2:0,solana-mainnet,pump.fun,4YgDVaMDoX4nauWnCxjMuhPvhgepvsccYXtUijG4hQKdTs81DYtbxP47FR8rm2SCxwfBtTcq6o7SWz7YKbKVNXER,451617938,1790678509,2,0,3AmYcTZgncNc4z7o9zj9Ag2pePcAPSR5EFfKcejBpump,TokenzQdBNbLqP5VEhdkAS6EPFLC1PHnBqCXEpPxuEb,https://ipfs.io/ipfs/QmVuSDZigs2gUi3d1jygtFFKiEdhy4qWywZU8jmQUbezMb,pumpfun-create-borsh-v1,success
solana:2d2Vq4wCsCufJGY3TemKqT5kJpadt11mtPrG9reSg1gi7TgWXe4vxbqj1B3cAe9iWGfVVbDBVXzv6SdQoTqiJu11:2:0,solana-mainnet,pump.fun,2d2Vq4wCsCufJGY3TemKqT5kJpadt11mtPrG9reSg1gi7TgWXe4vxbqj1B3cAe9iWGfVVbDBVXzv6SdQoTqiJu11,451617936,1790678508,2,0,7BbUjKzDkTJfQMb49rJFjyTCUvWgmAwmBCzpYSjtpump,TokenzQdBNbLqP5VEhdkAS6EPFLC1PHnBqCXEpPxuEb,https://meta.uxento.io/data/2b1792f4-a802-4fa4-a459-0d3ea61cd9fd,pumpfun-create-borsh-v1,success
solana:5yLyLCr9kp8fDZKEWYcmp4mTGHsurFhj1ze1zVBfAM4sVHMe3TN9mtngyHvG39gVa9ffgxtQxV9v9RW2d3ju9Zht:2:0,solana-mainnet,pump.fun,5yLyLCr9kp8fDZKEWYcmp4mTGHsurFhj1ze1zVBfAM4sVHMe3TN9mtngyHvG39gVa9ffgxtQxV9v9RW2d3ju9Zht,451617932,1790678507,2,0,ECAnhxFJwmW45nja77Kbjn8FuY12wvazuYMpRNfrpump,TokenzQdBNbLqP5VEhdkAS6EPFLC1PHnBqCXEpPxuEb,https://ipfs.io/ipfs/bafkreighfddlqermmbhwlnopocepq6jyjpfuc36frwopnwb2or5ormevyu,pumpfun-create-borsh-v1,success
solana:4yFyu54BcuwdP1VKt8VodVZKjaLGXt9AW1ecRuzZjKCb5SSZ5Zx3rSNt1zy7kh7e8AJT1nuZQcd9uxHdpEsVS8dz:2:0,solana-mainnet,pump.fun,4yFyu54BcuwdP1VKt8VodVZKjaLGXt9AW1ecRuzZjKCb5SSZ5Zx3rSNt1zy7kh7e8AJT1nuZQcd9uxHdpEsVS8dz,451617932,1790678507,2,0,BogNPHEGFx9FAxLUsTZV6HvVM7qR9Njk7LiWkZLzpump,TokenzQdBNbLqP5VEhdkAS6EPFLC1PHnBqCXEpPxuEb,https://ipfs.io/ipfs/bafkreicd2jgaiwx5aoyjv3ujx6b4rzkiy6z2f3rer3i6pab2cyusd3asiy,pumpfun-create-borsh-v1,success
solana:2fztPHR3aJdyL7bB71oteSGaHpLY86s12NEhuv3V5rCyQGMYbciuq8wFPryWQg349hLcR8kqgn4s996DirwHArn6:2:0,solana-mainnet,pump.fun,2fztPHR3aJdyL7bB71oteSGaHpLY86s12NEhuv3V5rCyQGMYbciuq8wFPryWQg349hLcR8kqgn4s996DirwHArn6,451617918,1790678504,2,0,DJUUVAbCM4KFpfnMz3NUjQzu5a8Ts8NkU1gVq1R2pump,TokenzQdBNbLqP5VEhdkAS6EPFLC1PHnBqCXEpPxuEb,https://ipfs.io/ipfs/QmQ1VQaVtZ3vtfvU2KUDbeFJ1oupreDJ3AgzmVStXqurSk,pumpfun-create-borsh-v1,success
solana:4T5QYgddLDBYtfX2P1VeKubR8BUUoq8G2WjTrMhRJKX6pguuzvS4X5UZ8ma2DWsowRWeKnNdEQWb8Fti3gnXFRb9:2:0,solana-mainnet,pump.fun,4T5QYgddLDBYtfX2P1VeKubR8BUUoq8G2WjTrMhRJKX6pguuzvS4X5UZ8ma2DWsowRWeKnNdEQWb8Fti3gnXFRb9,451617903,1790678500,2,0,7AfYnzv9kEqqAArYnK6edvpgwkj2D2QipEUxz78Hpump,TokenzQdBNbLqP5VEhdkAS6EPFLC1PHnBqCXEpPxuEb,https://meta.uxento.io/data/8613be59-147d-47cd-aa63-7655053314f4,pumpfun-create-borsh-v1,success
solana:62F2DVfwc1qBPx4JLM8v39h7jSdPcW1YbYuSfhVM4BJe3qUYTMUaAnntRi96sopRjdxMYewhFZ6nfRT9TVgxcLYJ:2:0,solana-mainnet,pump.fun,62F2DVfwc1qBPx4JLM8v39h7jSdPcW1YbYuSfhVM4BJe3qUYTMUaAnntRi96sopRjdxMYewhFZ6nfRT9TVgxcLYJ,451617897,1790678498,2,0,6X448WuVbpn4Fjy7DRXqXQeQcijB6uqn9prBpBCVGhuJ,TokenzQdBNbLqP5VEhdkAS6EPFLC1PHnBqCXEpPxuEb,https://metadata.j7tracker.io/metadata/0IyyOq7ucU.json,pumpfun-create-borsh-v1,success
solana:2mrnqkLGSCCmkvFmnoVArHUK6UYo1bNpQisw4Y6sQGJQAXxtURjCvS74DamU17zYe77nKZEYQhz6tnKk2LD8ubTB:2:0,solana-mainnet,pump.fun,2mrnqkLGSCCmkvFmnoVArHUK6UYo1bNpQisw4Y6sQGJQAXxtURjCvS74DamU17zYe77nKZEYQhz6tnKk2LD8ubTB,451617891,1790678497,2,0,7ufTHEcCdX5Cr1Yo8KkeHrNEn1ZdNSySWrnTGBdPpump,TokenzQdBNbLqP5VEhdkAS6EPFLC1PHnBqCXEpPxuEb,https://meta.uxento.io/data/b583a2bc-61ea-4fce-ae5e-b235808ce57e,pumpfun-create-borsh-v1,success
solana:4uQa7rsmgUgFeawaKkJ31HQJzRstdFcvrYJimQJ3az7kqzZrb2FspN1QJEXbtj2wLugiXSuNn6bNKGmqLEUPpWRh:2:0,solana-mainnet,pump.fun,4uQa7rsmgUgFeawaKkJ31HQJzRstdFcvrYJimQJ3az7kqzZrb2FspN1QJEXbtj2wLugiXSuNn6bNKGmqLEUPpWRh,451617890,1790678497,2,0,8N6sAvek6yrUZKHUR4nBqYod53T5PHLNGSNVaQfWpump,TokenzQdBNbLqP5VEhdkAS6EPFLC1PHnBqCXEpPxuEb,https://ipfs.io/ipfs/bafkreiausm7bcws2ha6iqlqbqsfdithen65ntix2rvkxlrr6o3tyszgoru,pumpfun-create-borsh-v1,success
solana:4DTY6VSffYo7ADWEHbwS5YGJgCDKqZjpWoSoYa4EeMMRKuZAXMqaQmvbS23XoCFmhuUtFmYsjTEQccDafYYFT34A:2:0,solana-mainnet,pump.fun,4DTY6VSffYo7ADWEHbwS5YGJgCDKqZjpWoSoYa4EeMMRKuZAXMqaQmvbS23XoCFmhuUtFmYsjTEQccDafYYFT34A,451617878,1790678493,2,0,3h9vj4DLxY4J9ofERDKCPzFA8fFFor92hL9pFFBXpump,TokenzQdBNbLqP5VEhdkAS6EPFLC1PHnBqCXEpPxuEb,https://ipfs.io/ipfs/QmWLoHTjjCqhu8dwFdawoqzv6fNrwT45BJqfq2CtnRmTgt,pumpfun-create-borsh-v1,success
solana:5DZ5L7J2KWCj4MqF4ECWJcr4aAGP1sw7kmqbhV7SLZaXY39qD3imc3VLGxYmfuaz4Rk15b75qA7fchkxEDWBx6si:2:1,solana-mainnet,pump.fun,5DZ5L7J2KWCj4MqF4ECWJcr4aAGP1sw7kmqbhV7SLZaXY39qD3imc3VLGxYmfuaz4Rk15b75qA7fchkxEDWBx6si,451617858,1790678488,2,1,9Bg3WStM2mTJkVyXVYp3LHSoaC9qkRVggio2dnU1pump,TokenzQdBNbLqP5VEhdkAS6EPFLC1PHnBqCXEpPxuEb,https://ipfs.io/ipfs/QmS6NMmyLu24TeeeLPy9pmzx2ZRLH1FGGDjt8T65VnZTVP,pumpfun-create-borsh-v1,success
solana:3AbzSWzukbyd71w3MA8e8vUb6XVr4QpXiSxd8dtid8Jjf1nJCYLgU8fF6BH2UP2zRj8k6G4PjCVgM145uWJHpB7D:2:0,solana-mainnet,pump.fun,3AbzSWzukbyd71w3MA8e8vUb6XVr4QpXiSxd8dtid8Jjf1nJCYLgU8fF6BH2UP2zRj8k6G4PjCVgM145uWJHpB7D,451617852,1790678487,2,0,CbUhNZb664HnqqzgVNtN3KisLQuE6sRkqEZPJ19dpump,TokenzQdBNbLqP5VEhdkAS6EPFLC1PHnBqCXEpPxuEb,https://ipfs.io/ipfs/bafkreidilyhe2ymnns2rumffbhjathn5lujz66k7oyp6gz6p5se7izwe4u,pumpfun-create-borsh-v1,success
solana:5QjwwXoYiXH7YJzCBDKRJSvxzgEEnznBpxbQhMvQqKJmAF7HDeyMTJx9hAXJTFGtRqaJsYayKK785kTc2nDQXDcF:2:0,solana-mainnet,pump.fun,5QjwwXoYiXH7YJzCBDKRJSvxzgEEnznBpxbQhMvQqKJmAF7HDeyMTJx9hAXJTFGtRqaJsYayKK785kTc2nDQXDcF,451617847,1790678485,2,0,3iUYsy29mqv3poqRenEnxCyjnWFBCE4CSHNavpK7pump,TokenzQdBNbLqP5VEhdkAS6EPFLC1PHnBqCXEpPxuEb,https://ipfs.io/ipfs/bafkreiel7pw67kaml6zromdqks7ymg7r46yx54yldq5klm4zel7gb3b5wu,pumpfun-create-borsh-v1,success
solana:53iCeiS3u1FY8ukY31GhTUpkPkuT4GJCwLSe8Jb6CGAUghqT4PL2pukRw5YC8JYvPymcyLo9vWtm4XrLM5Rwy9fk:2:0,solana-mainnet,pump.fun,53iCeiS3u1FY8ukY31GhTUpkPkuT4GJCwLSe8Jb6CGAUghqT4PL2pukRw5YC8JYvPymcyLo9vWtm4XrLM5Rwy9fk,451617843,1790678484,2,0,3swTF4Ur1z4ZBEKe1Ff3Y6zsRYaJN6m9SPa6iRCjpump,TokenzQdBNbLqP5VEhdkAS6EPFLC1PHnBqCXEpPxuEb,https://ipfs.io/ipfs/QmPBt6mwgfHbZvBSvT9v3Tb4EbBZgCDkkmYF31XtZfakkX,pumpfun-create-borsh-v1,success
solana:3KhHFpVCZDo5j1hc1Mwc1rmxE4Yg67aZEvCpu1HriiMquziExgEjCh7kKT1FPxbWH7KM2N7aSiCLbD5iLXcH35nU:2:0,solana-mainnet,pump.fun,3KhHFpVCZDo5j1hc1Mwc1rmxE4Yg67aZEvCpu1HriiMquziExgEjCh7kKT1FPxbWH7KM2N7aSiCLbD5iLXcH35nU,451617836,1790678482,2,0,tvm9GNCq1rtYiAHef8Z9BxzxRq8n7SFU1rXFkqUpump,TokenzQdBNbLqP5VEhdkAS6EPFLC1PHnBqCXEpPxuEb,https://ipfs.io/ipfs/bafkreiger6nfsxdc3umfxcyk4jcecnc3d5e463tnlfnt726huevuqjjkbe,pumpfun-create-borsh-v1,success
solana:Bwsccr3XRAZcmhLeZ6RrwYXRCHNTasZxhR19BHptoMaPUmZ2TDeb8GAY34EunUhD5vUfXpkzECfZw324ZQuceUZ:2:0,solana-mainnet,pump.fun,Bwsccr3XRAZcmhLeZ6RrwYXRCHNTasZxhR19BHptoMaPUmZ2TDeb8GAY34EunUhD5vUfXpkzECfZw324ZQuceUZ,451617830,1790678481,2,0,7ZPojmVQHC9F1UGs53dG8CanpxLcxkrBRtG7wm1Ypump,TokenzQdBNbLqP5VEhdkAS6EPFLC1PHnBqCXEpPxuEb,https://ipfs.io/ipfs/QmcjzCd64AmTKdW4de39saUHnynbXJDQpYwJVfTCUHvXgQ,pumpfun-create-borsh-v1,success
solana:5was8ZM9zY6VPotJnVo4RNvRCLUJX6wScPy8q4bqFqgvNCYZK13Y8wzUZS4qU8yVB4ryq6Noq3Bfw7UPQhmkTofz:2:0,solana-mainnet,pump.fun,5was8ZM9zY6VPotJnVo4RNvRCLUJX6wScPy8q4bqFqgvNCYZK13Y8wzUZS4qU8yVB4ryq6Noq3Bfw7UPQhmkTofz,451617818,1790678477,2,0,6NFEWwPFgDsSe9WuudfQo2qi8kScb7tYYrAsz4wtpump,TokenzQdBNbLqP5VEhdkAS6EPFLC1PHnBqCXEpPxuEb,https://ipfs.io/ipfs/bafkreiblrb6mhban5m4uqsrc3jvan2szrl77o3j7vzitkxrq7vawnzvb4q,pumpfun-create-borsh-v1,success
solana:2LgPNi5jBLfq2NfrENRv6jjaVEb92v8Q7oZ85N1XmCfE3SQG5Jvs5df3KiZcBDPjZiCahGd8is96XfRrrDKK6dLA:0:0,solana-mainnet,pump.fun,2LgPNi5jBLfq2NfrENRv6jjaVEb92v8Q7oZ85N1XmCfE3SQG5Jvs5df3KiZcBDPjZiCahGd8is96XfRrrDKK6dLA,451617787,1790678469,0,0,FVDCDo4TrxHCi12TkGRFPqEqsSc36hPRAgsmMfhyEaoQ,TokenzQdBNbLqP5VEhdkAS6EPFLC1PHnBqCXEpPxuEb,https://patchgoblin.pages.dev/metadata.json,pumpfun-create-borsh-v1,success
solana:67bWtukwFS436yoQseNea9DZP6X4Tw7UqQhzNZGKkqd9kJP5GRMfLrpPAA1mcy4DR7wvjwRmGPbWtLcGHCWTGwGq:2:0,solana-mainnet,pump.fun,67bWtukwFS436yoQseNea9DZP6X4Tw7UqQhzNZGKkqd9kJP5GRMfLrpPAA1mcy4DR7wvjwRmGPbWtLcGHCWTGwGq,451617785,1790678468,2,0,4tVyXuDCx2RNZEnwv7sVgorfHYr5ZiCSyww2GKjcpump,TokenzQdBNbLqP5VEhdkAS6EPFLC1PHnBqCXEpPxuEb,https://ipfs.io/ipfs/QmQ1VQaVtZ3vtfvU2KUDbeFJ1oupreDJ3AgzmVStXqurSk,pumpfun-create-borsh-v1,success
solana:2VXdBZQXFNwmXEMEdiYTxhLxa5VV4r8VeLZvAvJJ8QBbTRC2FeBUfZA6hskCCuiHQh93DvQBGKQ5U9aHcgtMhr7p:2:0,solana-mainnet,pump.fun,2VXdBZQXFNwmXEMEdiYTxhLxa5VV4r8VeLZvAvJJ8QBbTRC2FeBUfZA6hskCCuiHQh93DvQBGKQ5U9aHcgtMhr7p,451617779,1790678467,2,0,CK9BGuVQodPYrw1tK6WWaEhUzhZPAry1mdU2B8Dnpump,TokenzQdBNbLqP5VEhdkAS6EPFLC1PHnBqCXEpPxuEb,https://ipfs.io/ipfs/bafkreibbws2lsbo7hu4axrhbcx74hqs75ws24iwxux2kmlujaevxokr5vm,pumpfun-create-borsh-v1,success
solana:4u3DBk9DXHmhAGtzjiv1kanAXx5SpfpzrjTREkTUzaduze1nqbAZyZFt9vrE2qWnfXNsc84Sd6bwXTHS1UT3wFoH:2:0,solana-mainnet,pump.fun,4u3DBk9DXHmhAGtzjiv1kanAXx5SpfpzrjTREkTUzaduze1nqbAZyZFt9vrE2qWnfXNsc84Sd6bwXTHS1UT3wFoH,451617734,1790678455,2,0,FMaRQfoNRDXeP24xxV62Ut6zZAzaTh5WPADBL6hYpump,TokenzQdBNbLqP5VEhdkAS6EPFLC1PHnBqCXEpPxuEb,https://ipfs.io/ipfs/bafkreihklj744x6ctfry3yijuwtuhzklyziek3kjfi6n2r6iac3g3tkdai,pumpfun-create-borsh-v1,success
solana:3GL4aaXbRoSeZdcSYttmMXtnMbX9RkVE6qvPNVW6jRZo3N5z6rE2sm3Mj7mXJNLcqeko8d5NZR8UN3UWY5kWDJoc:2:0,solana-mainnet,pump.fun,3GL4aaXbRoSeZdcSYttmMXtnMbX9RkVE6qvPNVW6jRZo3N5z6rE2sm3Mj7mXJNLcqeko8d5NZR8UN3UWY5kWDJoc,451617728,1790678453,2,0,Hw7es6Md65vcD98QXviEXegd1QonQYPjQbKAZB5fpump,TokenzQdBNbLqP5VEhdkAS6EPFLC1PHnBqCXEpPxuEb,https://ipfs.io/ipfs/QmcjzCd64AmTKdW4de39saUHnynbXJDQpYwJVfTCUHvXgQ,pumpfun-create-borsh-v1,success
solana:4fRTUAgmC6vQc51R58hSbF7j5PjNZ63uLEoCNjuXqiYegPNJh2uGR9mdoufwf7Twg4biU1Kx6Br31KD1dHcikv2z:2:0,solana-mainnet,pump.fun,4fRTUAgmC6vQc51R58hSbF7j5PjNZ63uLEoCNjuXqiYegPNJh2uGR9mdoufwf7Twg4biU1Kx6Br31KD1dHcikv2z,451617695,1790678445,2,0,E28TJuf5Y8LmEi2sJxa3WkdjwYT247FceLbpTYYypump,TokenzQdBNbLqP5VEhdkAS6EPFLC1PHnBqCXEpPxuEb,https://ipfs.io/ipfs/QmUS6SwzC5e2CTsTYymm1RkCM66xqzPVJC4UE7dTmDCZSE,pumpfun-create-borsh-v1,success
solana:5oYtBojUiv16k45jWbmMkzmBz1XWzCgt4E4aXbB5qeRYz7g4k75ws4YYa6mm4KGzokUGki1dvmzyBaaAKrv8kmi5:2:0,solana-mainnet,pump.fun,5oYtBojUiv16k45jWbmMkzmBz1XWzCgt4E4aXbB5qeRYz7g4k75ws4YYa6mm4KGzokUGki1dvmzyBaaAKrv8kmi5,451617694,1790678444,2,0,9PzCnftRdLGVj5mXazgnpYTQPX7aVLD2448HnwSwpump,TokenzQdBNbLqP5VEhdkAS6EPFLC1PHnBqCXEpPxuEb,https://ipfs.io/ipfs/bafkreihmn6kliq6wor4m7uwu6pyol4z7w7bmvuogzagxiczjgv753pjeby,pumpfun-create-borsh-v1,success
solana:3vZXLkCZt7r4My9jxGBLMPFrvXKxPyW19raNcMionGYWtJfybQ2fn59qPc9r4BMXBG4qsZZYzQzm5PSv1LvFFWm5:2:0,solana-mainnet,pump.fun,3vZXLkCZt7r4My9jxGBLMPFrvXKxPyW19raNcMionGYWtJfybQ2fn59qPc9r4BMXBG4qsZZYzQzm5PSv1LvFFWm5,451617687,1790678443,2,0,8e1FbkWL3CxRPw61KT3JRvXHkp9aWNwuwvepx7hLpump,TokenzQdBNbLqP5VEhdkAS6EPFLC1PHnBqCXEpPxuEb,https://ipfs.io/ipfs/QmdR4go9ymU7APCt58qTe6w345KWYmJc5x5Gc8DoxyBPhQ,pumpfun-create-borsh-v1,success
solana:4xqWXZSdf6LkMJA7gDr5iNTJzhzyBW1GvcxZJBgm27nDQjFRHYXme7nQZWmnz3ommPUwKWX9XNbwqS9i8k5CAFKY:2:0,solana-mainnet,pump.fun,4xqWXZSdf6LkMJA7gDr5iNTJzhzyBW1GvcxZJBgm27nDQjFRHYXme7nQZWmnz3ommPUwKWX9XNbwqS9i8k5CAFKY,451617687,1790678443,2,0,58d4YtJ9YpzPH57bKvqUXjWCeVXEmYbL8V6xcr98wp7n,TokenzQdBNbLqP5VEhdkAS6EPFLC1PHnBqCXEpPxuEb,https://metadata.j7tracker.io/metadata/bARSG4Yvzz.json,pumpfun-create-borsh-v1,success
solana:qcVioiss5Bwio3KwPGDv74MKk4xm7G9eP2oMG2mFWG9CdP9t7fLqZEXh6xuutD9sBW9vCcmjeVgXWEktYkB8uSx:2:0,solana-mainnet,pump.fun,qcVioiss5Bwio3KwPGDv74MKk4xm7G9eP2oMG2mFWG9CdP9t7fLqZEXh6xuutD9sBW9vCcmjeVgXWEktYkB8uSx,451617682,1790678441,2,0,3V3X8TnNnEBtvYYgAnbPuucTzerD3TQhQ4koS3PSpump,TokenzQdBNbLqP5VEhdkAS6EPFLC1PHnBqCXEpPxuEb,https://ipfs.io/ipfs/QmSn2XG48od1ExuHWdEJj7JxUWpXqWzS4pGhgj7CcEqASr,pumpfun-create-borsh-v1,success
solana:3WiGaG4oxXHj472XprM6smsityATVgAWF8XaP5m3jgzUhdQYLGgAZtz9WgvVD29gxE44vMeinEb3XaqLnug34unD:2:0,solana-mainnet,pump.fun,3WiGaG4oxXHj472XprM6smsityATVgAWF8XaP5m3jgzUhdQYLGgAZtz9WgvVD29gxE44vMeinEb3XaqLnug34unD,451617671,1790678438,2,0,Atue8pwDpWNXuXZDViEZ8FD1NDn36fq3Bb3kDoMDpump,TokenzQdBNbLqP5VEhdkAS6EPFLC1PHnBqCXEpPxuEb,https://ipfs.io/ipfs/bafkreiduhepyycbfts4liysalij6uqlxgdbhphkksomayxprqdhmiaalai,pumpfun-create-borsh-v1,success
solana:5YQX3dYS62UpVvfFYPp1z1GfyNwHd2C1gVndDiqGBFN5aWDeF8jGSFdZLYFbyS5CE1zTUXRh7bdPCyTX5ik3BF6X:0:0,solana-mainnet,pump.fun,5YQX3dYS62UpVvfFYPp1z1GfyNwHd2C1gVndDiqGBFN5aWDeF8jGSFdZLYFbyS5CE1zTUXRh7bdPCyTX5ik3BF6X,451617647,1790678432,0,0,AhYyXXnRqPmHTYNNNFDYqqLGA2PufeMjNge8rT8M3EUk,TokenzQdBNbLqP5VEhdkAS6EPFLC1PHnBqCXEpPxuEb,https://ipfs.io/ipfs/bafkreid63xjzrpesr57vl6mle54ccgr65irw56ioktcm3brmp7si65ttfm,pumpfun-create-borsh-v1,success
solana:2soNg96sLBdFGaeQoS4aUbGUhm4MxV3vWr5oFft2wARxXo466yc5Hv1r7aFwHcRffPyS5fCG5mTGkypkYs8FVfYE:2:0,solana-mainnet,pump.fun,2soNg96sLBdFGaeQoS4aUbGUhm4MxV3vWr5oFft2wARxXo466yc5Hv1r7aFwHcRffPyS5fCG5mTGkypkYs8FVfYE,451617644,1790678431,2,0,ApVJtmHcZNXefUiuQsHB6hhLJ4nHCikvxuPLosA2pump,TokenzQdBNbLqP5VEhdkAS6EPFLC1PHnBqCXEpPxuEb,https://ipfs.io/ipfs/QmcjzCd64AmTKdW4de39saUHnynbXJDQpYwJVfTCUHvXgQ,pumpfun-create-borsh-v1,success
solana:2S4CxbQQUi4UvZyMPc8p4MK4zBqW22sB9gy1MANLBZ5GK1T5AqvnTftv8DUah2HTr5tfF5kXrbd1X7HyBU9Vx1Nq:2:0,solana-mainnet,pump.fun,2S4CxbQQUi4UvZyMPc8p4MK4zBqW22sB9gy1MANLBZ5GK1T5AqvnTftv8DUah2HTr5tfF5kXrbd1X7HyBU9Vx1Nq,451617632,1790678428,2,0,C2SC9N2dtybwDFy9FDNZC3bZTFGXaJDMTYBGk2Uepump,TokenzQdBNbLqP5VEhdkAS6EPFLC1PHnBqCXEpPxuEb,https://ipfs.io/ipfs/bafkreihgvsp4fzo3pbdxgu5lo3jlya3ab6c3thruck5xlk7f65zudxwrku,pumpfun-create-borsh-v1,success
solana:4PZzbHRLkgfNM5uPRW3B6iucHLBL9ekMa8JrHmv9eJ7SyUYHxBKynjgDSz6F5ynuB1eRMGB565vGecgHEZNLkq4L:2:0,solana-mainnet,pump.fun,4PZzbHRLkgfNM5uPRW3B6iucHLBL9ekMa8JrHmv9eJ7SyUYHxBKynjgDSz6F5ynuB1eRMGB565vGecgHEZNLkq4L,451617630,1790678427,2,0,3oLn1F4bhme4esKBRw7HQCHCjQaMKCQ8jFkUqTKApump,TokenzQdBNbLqP5VEhdkAS6EPFLC1PHnBqCXEpPxuEb,https://ipfs.io/ipfs/QmQZG25zqu6tYKmED5UEzTEJEne7fsumArHz84jRaG3pcd,pumpfun-create-borsh-v1,success
solana:RGhvQksfJpqkWt8eqY539KvhgbnwxVZKr1roDVtS5RhEQVNTbhFLnE9YNZo9pNpRpHMKnPUNRR7hkAre31tFGGg:2:0,solana-mainnet,pump.fun,RGhvQksfJpqkWt8eqY539KvhgbnwxVZKr1roDVtS5RhEQVNTbhFLnE9YNZo9pNpRpHMKnPUNRR7hkAre31tFGGg,451617630,1790678427,2,0,BJ7LMeFixEquCmLxhFybiuEp8i3bXfQx6jf8kP3pump,TokenzQdBNbLqP5VEhdkAS6EPFLC1PHnBqCXEpPxuEb,https://ipfs.io/ipfs/bafkreifw3udmuwso4avsqtjnqnqvqvxcnpkzhlc76dkkgqsmylu43kkqoa,pumpfun-create-borsh-v1,success
solana:58kvJLsxaWdDCP1buskZuNeaBhsXWWu5sGELoSQFpsisUwhF5VXaZUEMicC2psQZo4jTpdhkRtoAywNmfk7gXm1z:0:0,solana-mainnet,pump.fun,58kvJLsxaWdDCP1buskZuNeaBhsXWWu5sGELoSQFpsisUwhF5VXaZUEMicC2psQZo4jTpdhkRtoAywNmfk7gXm1z,451617615,1790678423,0,0,FdnHCPQyCgKqhxpkWhpbebD9dfaVCLR2AxKJY9zP8YvY,TokenzQdBNbLqP5VEhdkAS6EPFLC1PHnBqCXEpPxuEb,https://metadata.j7tracker.io/m/MWljo7wQ5m,pumpfun-create-borsh-v1,success
solana:4YoNi7ek2Awn4F2XrC1Hu29x2qrVBtas9uSqjNnAZ32DQN8i8hxzZFJXbVZ5YqfnvBoKR3UiRjGzgvHbZARCQDX3:2:0,solana-mainnet,pump.fun,4YoNi7ek2Awn4F2XrC1Hu29x2qrVBtas9uSqjNnAZ32DQN8i8hxzZFJXbVZ5YqfnvBoKR3UiRjGzgvHbZARCQDX3,451617597,1790678418,2,0,DVJFdMeBmbY7qoPPTtPjTnzuTxUUh7ttvd6CjzZfpump,TokenzQdBNbLqP5VEhdkAS6EPFLC1PHnBqCXEpPxuEb,https://ipfs.io/ipfs/bafkreiaip636lvwr73hhkcathdh5j5dacuus6u3yxdeaqi4knakvh7jqla,pumpfun-create-borsh-v1,success
solana:4Vf8b6uQAqA1GbcRbSTjw3vpbTCxxADm7JocAQkBEzThhusrWbsx28SE5w8xpiWdQojNozaddsJtkcG1ibJ5tkKK:0:0,solana-mainnet,pump.fun,4Vf8b6uQAqA1GbcRbSTjw3vpbTCxxADm7JocAQkBEzThhusrWbsx28SE5w8xpiWdQojNozaddsJtkcG1ibJ5tkKK,451617590,1790678417,0,0,26Q5EzB554iDsTxJq7e9t6KDgqCvFEavPZhS6Dw4pump,TokenzQdBNbLqP5VEhdkAS6EPFLC1PHnBqCXEpPxuEb,https://storage.googleapis.com/padre-user-content-store/coin-launch-metadata-qTN2OZVhakWoHFSfaxl49B4F1w93-b6bf6e57-1f75-4888-9d3b-7b04b40afead,pumpfun-create-borsh-v1,success
solana:imFytBpZ5SicDq5tmc8EveBK3TVjur9QJMcnc7mYE7H3wJ2gJ4kp8KnkZmtXDfTamNiLHSss6CqB6iVtufQ95Ls:2:0,solana-mainnet,pump.fun,imFytBpZ5SicDq5tmc8EveBK3TVjur9QJMcnc7mYE7H3wJ2gJ4kp8KnkZmtXDfTamNiLHSss6CqB6iVtufQ95Ls,451617580,1790678414,2,0,92vbvQ81mY8STARhkmKVbbx6ywBGdDfAkfTWUUzEq3Et,TokenzQdBNbLqP5VEhdkAS6EPFLC1PHnBqCXEpPxuEb,https://ipfs.io/ipfs/bafkreics57pequszno2gu5skff7ja5ewcull6oaitxdlopw55vgqgave7y,pumpfun-create-borsh-v1,success
solana:zWMScZAKSED1M1mgMkgLa8ihUMudDSUW97E7rPgBzigVG2WNSnMaWPeTCpYtvqdpJNFD7kP77EcLik2B3j5PndT:0:0,solana-mainnet,pump.fun,zWMScZAKSED1M1mgMkgLa8ihUMudDSUW97E7rPgBzigVG2WNSnMaWPeTCpYtvqdpJNFD7kP77EcLik2B3j5PndT,451617576,1790678412,0,0,Cr8Tpw3mP1qWUpdurgXCn1okPiC3pze9mhBNMtEWjz6W,TokenzQdBNbLqP5VEhdkAS6EPFLC1PHnBqCXEpPxuEb,https://metadata.j7tracker.io/metadata/ZpcnzNojKk.json,pumpfun-create-borsh-v1,success
solana:3WrqxbjYsZZ5KZDp2W7ci1FfkpCF2znxt3SpHCFFadJxNUUxM7TYL3WhSTVy2dk2q6NHjTdfcV8EC3c15qWYsQT4:2:0,solana-mainnet,pump.fun,3WrqxbjYsZZ5KZDp2W7ci1FfkpCF2znxt3SpHCFFadJxNUUxM7TYL3WhSTVy2dk2q6NHjTdfcV8EC3c15qWYsQT4,451617576,1790678412,2,0,9f3uFBNxi11EB6GxV5omtkfEw5D36xeso699jS1KutUa,TokenzQdBNbLqP5VEhdkAS6EPFLC1PHnBqCXEpPxuEb,https://metadata.j7tracker.io/metadata/ZYrcb7oIfe.json,pumpfun-create-borsh-v1,success
solana:4JZBnHqos51KcAviFfmUNC33cn6ZiMMio6vbvDipRTTiRD8iEaWvNhej4ZYQDY5a7AobFzwwBoqb64J6YWijpamD:2:0,solana-mainnet,pump.fun,4JZBnHqos51KcAviFfmUNC33cn6ZiMMio6vbvDipRTTiRD8iEaWvNhej4ZYQDY5a7AobFzwwBoqb64J6YWijpamD,451617554,1790678407,2,0,4wTV1YmiEkRvAtNtsSGPtUrqRYQMe5SKy2uB4Jjaxnjf,ATokenGPvbdGVxr1b2hvZbsiqW5xWH25efTNsLJA8knL,"    ,      B       -       -       3       ^       /       >       q      ",pumpfun-create-borsh-v1,success
solana:2vBazHqtVCXf5pFVBjSWgCTACHQjX3LoRCs7f1PFV2gjubhTJsQPMmTBMCV7tu9tTwVczBNNucPBuKvaKj7ZWC8U:2:0,solana-mainnet,pump.fun,2vBazHqtVCXf5pFVBjSWgCTACHQjX3LoRCs7f1PFV2gjubhTJsQPMmTBMCV7tu9tTwVczBNNucPBuKvaKj7ZWC8U,451617551,1790678406,2,0,EPq5UD4ddpX1oiSQCVJSZhxy1rbB9s7tuFudrBqYpump,TokenzQdBNbLqP5VEhdkAS6EPFLC1PHnBqCXEpPxuEb,https://ipfs.io/ipfs/bafkreiagayc3rzhgmntuky2oa43wwkapu6xo4c5erto6vnikgdobz3ay4q,pumpfun-create-borsh-v1,success
solana:63y1eKkMQUnsQ5Wda7pvFTpZwqsipvqrGs5bexTr9iWFskq1X2a4g7gomPTJyFs6KLrQzuG9GKtKrG1rSu5XDaan:2:0,solana-mainnet,pump.fun,63y1eKkMQUnsQ5Wda7pvFTpZwqsipvqrGs5bexTr9iWFskq1X2a4g7gomPTJyFs6KLrQzuG9GKtKrG1rSu5XDaan,451617546,1790678405,2,0,CF5oJbwwaqCCN2e3PzxyDopAj3oRDPb32RhbqjX5pump,TokenzQdBNbLqP5VEhdkAS6EPFLC1PHnBqCXEpPxuEb,https://pump.mypinata.cloud/ipfs/bafkreigidyixsvg4fatfztol5f33auvfa4lxry6ojarkg2xlaxhefxptsi,pumpfun-create-borsh-v1,success
solana:RxY6BWrJTtisZ1JACbvvy2b5vWeRr5R232HkPvNSq6MQbqKtob4oAQZGypB8JnCCpWh6HciZHmXpwcpnhpdapKH:2:0,solana-mainnet,pump.fun,RxY6BWrJTtisZ1JACbvvy2b5vWeRr5R232HkPvNSq6MQbqKtob4oAQZGypB8JnCCpWh6HciZHmXpwcpnhpdapKH,451617546,1790678405,2,0,7wCKr3wxGCLgK32yJzFdpSzG6nqnGMDWnroRYkn5pump,TokenzQdBNbLqP5VEhdkAS6EPFLC1PHnBqCXEpPxuEb,https://ipfs.io/ipfs/bafkreifn57da2xulu5twze2deg7ek4kjiqcznyru3sdr4ek2snzatdksvm,pumpfun-create-borsh-v1,success
solana:5MY3VCdNNWKh6Weaeu8mUQecAL6uyarH2t9wMJe1EgZ94qzUrdQErpBzXhHDtLEvZGhkzqGbf1rFEZkWQ9PSKd2X:0:0,solana-mainnet,pump.fun,5MY3VCdNNWKh6Weaeu8mUQecAL6uyarH2t9wMJe1EgZ94qzUrdQErpBzXhHDtLEvZGhkzqGbf1rFEZkWQ9PSKd2X,451617544,1790678404,0,0,3TP1cAxzguqcu6vrRTwWzm5RaeVKT1NTChkxGQpiKBcV,TokenzQdBNbLqP5VEhdkAS6EPFLC1PHnBqCXEpPxuEb,https://metadata.j7tracker.io/metadata/c67McVyVD2.json,pumpfun-create-borsh-v1,success
solana:5NL585eDYRvXjbFt2Qfr9qhvu2zP9mcC2rzUAtvx8AEikUvidZuxkuNQbjqisuvZDUTQkoF5YrWGPuqw4Ne1EWh3:2:0,solana-mainnet,pump.fun,5NL585eDYRvXjbFt2Qfr9qhvu2zP9mcC2rzUAtvx8AEikUvidZuxkuNQbjqisuvZDUTQkoF5YrWGPuqw4Ne1EWh3,451617533,1790678401,2,0,EQhrSPstvgNRTo34nJ6gL2ifQzeuZgwjCgv8mEji9CnK,TokenzQdBNbLqP5VEhdkAS6EPFLC1PHnBqCXEpPxuEb,https://metadata.j7tracker.io/metadata/c67McVyVD2.json,pumpfun-create-borsh-v1,success
solana:3UzQhiDGHjy1Acde8ht2hJj6bXbRbe1PtKQG5VtJqCkDhAFHivHeMC4DEZyoFj9txhoDzgpEPZQPkT6RL88LUa2W:2:0,solana-mainnet,pump.fun,3UzQhiDGHjy1Acde8ht2hJj6bXbRbe1PtKQG5VtJqCkDhAFHivHeMC4DEZyoFj9txhoDzgpEPZQPkT6RL88LUa2W,451617527,1790678400,2,0,DU8c5X1DkcbafQptCyZeY8BJJVnoiyedEKkm7TjFpump,TokenzQdBNbLqP5VEhdkAS6EPFLC1PHnBqCXEpPxuEb,https://ipfs.io/ipfs/bafkreiaglsvcpwgv5itdsf3migdyhjstfvocutzph7alpqowbc6if3s3ha,pumpfun-create-borsh-v1,success
solana:4bn3rG1hxsCB9N4cVwVV9Cv6kbHZxVJXTYkQPH6qKGHH44jAogLUChvkawuzAW5wCoPuvB9BrB1mpyUwunBw6rC:2:0,solana-mainnet,pump.fun,4bn3rG1hxsCB9N4cVwVV9Cv6kbHZxVJXTYkQPH6qKGHH44jAogLUChvkawuzAW5wCoPuvB9BrB1mpyUwunBw6rC,451617524,1790678399,2,0,EHo6sQjai8aExLj8DVZuDfJjETXTqCXMeSQtTYyhpump,TokenzQdBNbLqP5VEhdkAS6EPFLC1PHnBqCXEpPxuEb,https://ipfs.io/ipfs/QmfMqtoYDPe9L5zpFax98Nk5d7pTc6q4WwUkbzz9cnfxJJ,pumpfun-create-borsh-v1,success
solana:2QfwyjfBgQ9aZskRzXAJ634XKw23JXLnXnmVtUkFG7Xh8FSqkyVh5zCnuYUc2WNnXxXm2pUBfsYaxQmrfyjQQpvg:0:0,solana-mainnet,pump.fun,2QfwyjfBgQ9aZskRzXAJ634XKw23JXLnXnmVtUkFG7Xh8FSqkyVh5zCnuYUc2WNnXxXm2pUBfsYaxQmrfyjQQpvg,451617516,1790678397,0,0,CX6GkU8C5yyEw3vQej4w6dkGYHWhpBNG66W1Uybjpump,TokenzQdBNbLqP5VEhdkAS6EPFLC1PHnBqCXEpPxuEb,https://ipfs.io/ipfs/bafkreigo5krcotm2ervm7oewrx3ol3r26ggv5ge7xefi47bkicpjelyuf4,pumpfun-create-borsh-v1,success
solana:5nuCoybKwHFSYuQAfFJFMboW3VTvjFoGpmNyCxmpznhuR3sYXxUDyccQb3wkqFxbFEzHCU5eea37miFtRXbwunBt:2:0,solana-mainnet,pump.fun,5nuCoybKwHFSYuQAfFJFMboW3VTvjFoGpmNyCxmpznhuR3sYXxUDyccQb3wkqFxbFEzHCU5eea37miFtRXbwunBt,451617507,1790678394,2,0,EDxeu3SGb3SbKGvqXREqEvWpBPxqzTJy1sy676dRpump,TokenzQdBNbLqP5VEhdkAS6EPFLC1PHnBqCXEpPxuEb,https://ipfs.io/ipfs/bafkreicl24jvknkdmhthvbqpzqtaeoewos3ltzvpgzynrwpgmkd2nk5634,pumpfun-create-borsh-v1,success
solana:mxM2NsHEoK3nkT59ruzwcbhf47Axhcysj1AdF1NZFb48SJhgqudPAbe91aeWjT3mVCvdTYM9PRtRRo4DDwkmX7a:2:0,solana-mainnet,pump.fun,mxM2NsHEoK3nkT59ruzwcbhf47Axhcysj1AdF1NZFb48SJhgqudPAbe91aeWjT3mVCvdTYM9PRtRRo4DDwkmX7a,451617504,1790678393,2,0,9W8ZiETGKHHWkk3xQcZaqzyK8Vngf4QSDtdhHDrppump,TokenzQdBNbLqP5VEhdkAS6EPFLC1PHnBqCXEpPxuEb,https://ipfs.io/ipfs/QmcvN9tCopEyny9aC8zQuKYbCr1qnBzXozTRW87DbWcBVj,pumpfun-create-borsh-v1,success
solana:5m3jq1hRjXSfSd978yd8n2vUnbQhNtXmNdKvZYnBpB8488wj9JSjgF2VoKC28MmkN8owfDBYT4wARhaRSuHXLdWF:2:0,solana-mainnet,pump.fun,5m3jq1hRjXSfSd978yd8n2vUnbQhNtXmNdKvZYnBpB8488wj9JSjgF2VoKC28MmkN8owfDBYT4wARhaRSuHXLdWF,451617479,1790678387,2,0,8F3Lf8WwJJQcawRCcfe7NrPBuu5M7kEGxsf6L526pump,TokenzQdBNbLqP5VEhdkAS6EPFLC1PHnBqCXEpPxuEb,https://ipfs.io/ipfs/bafkreidsvka3rvyssfasofd64vpjhgjcq7jovmy24e26zurwluczz26pte,pumpfun-create-borsh-v1,success
solana:3sVr1SwJVQ4XRutShx6AeN1krN6mcThGuupGwU5iGgnoKE4NkQHZSmX2dDh39s7duQVadrVxvLCTwQKgziR25k3Q:2:0,solana-mainnet,pump.fun,3sVr1SwJVQ4XRutShx6AeN1krN6mcThGuupGwU5iGgnoKE4NkQHZSmX2dDh39s7duQVadrVxvLCTwQKgziR25k3Q,451617476,1790678386,2,0,DLhjzMWBUuzCRhX4Dm78kH1xG3CmXwRz1kYV3TwMpump,TokenzQdBNbLqP5VEhdkAS6EPFLC1PHnBqCXEpPxuEb,https://ipfs.io/ipfs/QmcjzCd64AmTKdW4de39saUHnynbXJDQpYwJVfTCUHvXgQ,pumpfun-create-borsh-v1,success
solana:2dWCemJX3K59uaD7LbhpqLga9RmBn3q45nFc2h4cpUrv1kL5ALxJBWdrtcfqBWRs275y4EvhsGUkEJDDjC2kPWv:2:0,solana-mainnet,pump.fun,2dWCemJX3K59uaD7LbhpqLga9RmBn3q45nFc2h4cpUrv1kL5ALxJBWdrtcfqBWRs275y4EvhsGUkEJDDjC2kPWv,451617473,1790678385,2,0,2JEUVAhLRGYrAta9uvE8kXNsJnZZAPkTb2x7UAi3pump,TokenzQdBNbLqP5VEhdkAS6EPFLC1PHnBqCXEpPxuEb,https://ipfs.io/ipfs/bafkreidam7smxg74dxica2tivnpmydt34oko5mp36nivnyoey7flhh6yvq,pumpfun-create-borsh-v1,success
solana:2vGGir3RBYDXQ2zxWZJmodDYHoBGRHSnzmPRHNi47hQ6J8MtaECRLoH8U6vHnpoXWsFqwAissQDPLXXbAZREBqsN:0:0,solana-mainnet,pump.fun,2vGGir3RBYDXQ2zxWZJmodDYHoBGRHSnzmPRHNi47hQ6J8MtaECRLoH8U6vHnpoXWsFqwAissQDPLXXbAZREBqsN,451617455,1790678380,0,0,EdoUPZb6Bcyp4hh65GUL41mnQmBYweELVNi1jZ3tpump,TokenzQdBNbLqP5VEhdkAS6EPFLC1PHnBqCXEpPxuEb,https://pump.mypinata.cloud/ipfs/bafkreidg2hohk7dlzoryzt4ocxwarq46tyhyut2svbzdoucgmp72wof7lm,pumpfun-create-borsh-v1,success
solana:2AvD677fDRfMj7hyCunH9mUYdX5BBxJ1W2jSjZ7uKaaCdB5sKohoFAkdwPGE71HwtMMZDjpiGMeET6n4CU3GQpiN:1:0,solana-mainnet,pump.fun,2AvD677fDRfMj7hyCunH9mUYdX5BBxJ1W2jSjZ7uKaaCdB5sKohoFAkdwPGE71HwtMMZDjpiGMeET6n4CU3GQpiN,451617423,1790678372,1,0,3fCHmPrTgZPCt9ZPdiab9ux3KSfoDoYuHqo9GHKipump,TokenzQdBNbLqP5VEhdkAS6EPFLC1PHnBqCXEpPxuEb,https://m.rapidlaunch.io/m/VRf0q6i1f,pumpfun-create-borsh-v1,success
solana:Kug439WQG4qs1Ku2kXFW3oxpMuc2ZRSGs1krKqdPNxS72nNSdiAUyqnTQUb96czvAz5sHZWDVXz9qeoanQDJZcC:2:0,solana-mainnet,pump.fun,Kug439WQG4qs1Ku2kXFW3oxpMuc2ZRSGs1krKqdPNxS72nNSdiAUyqnTQUb96czvAz5sHZWDVXz9qeoanQDJZcC,451617405,1790678367,2,0,HA45JBUvXLuDktkyRoFbY6P4zt8iQNwhWnt5S4Rhpump,TokenzQdBNbLqP5VEhdkAS6EPFLC1PHnBqCXEpPxuEb,https://ipfs.io/ipfs/bafkreia7nn7qurnydyajwvhp3oax4fw47fidoql5v54nxit7jlkvrtsvdi,pumpfun-create-borsh-v1,success
solana:3AhesiSSrmzyfNVoGw8XED3ikBZhP41z51fsfxpigknpjYCkgg195qMcgHs2c74ZHTkXgYpDw336y1aap6XCMpAH:2:0,solana-mainnet,pump.fun,3AhesiSSrmzyfNVoGw8XED3ikBZhP41z51fsfxpigknpjYCkgg195qMcgHs2c74ZHTkXgYpDw336y1aap6XCMpAH,451617398,1790678365,2,0,FNzd6jHu4d8v7oNwWDPmbqU635oK2u3ztkcmGyBkoGWM,TokenzQdBNbLqP5VEhdkAS6EPFLC1PHnBqCXEpPxuEb,https://metadata.j7tracker.io/metadata/f8174f76731848ab.json,pumpfun-create-borsh-v1,success
solana:VRtXzdBkhbKL4LLA6oBoNoKcZ5LEVGbhydmwQS1zWsTNXk6VJGBS8zFfjvJvU776VtJtpAiLt8uTztwEmSvDmeg:2:0,solana-mainnet,pump.fun,VRtXzdBkhbKL4LLA6oBoNoKcZ5LEVGbhydmwQS1zWsTNXk6VJGBS8zFfjvJvU776VtJtpAiLt8uTztwEmSvDmeg,451617377,1790678359,2,0,DLQY2akpjCpgcAo4igCGYtk2DXThMTCo4nZFWrhpump,TokenzQdBNbLqP5VEhdkAS6EPFLC1PHnBqCXEpPxuEb,https://ipfs.io/ipfs/bafkreidr7wx3svtcb5ixqyljanloopxryybk72o736f5ci24jpkclxxfcy,pumpfun-create-borsh-v1,success
solana:5Wm28AzjSBBJQ7wAJBsKJEqsgvdy8pDvs1QMYtYNS3TDyYqcZGdtbDDUGBPcDWE9LnbwJg4FuFj5KSf4MQc95tAJ:2:0,solana-mainnet,pump.fun,5Wm28AzjSBBJQ7wAJBsKJEqsgvdy8pDvs1QMYtYNS3TDyYqcZGdtbDDUGBPcDWE9LnbwJg4FuFj5KSf4MQc95tAJ,451617373,1790678358,2,0,2uADGYRs5JWztTG1twemsYwYKTvfBDXdFWWgQG1wpump,TokenzQdBNbLqP5VEhdkAS6EPFLC1PHnBqCXEpPxuEb,https://ipfs.io/ipfs/QmX1octXtQAFUfv5HZDrwgVbHSkFUtuPz7Nmyhz2F6jqYk,pumpfun-create-borsh-v1,success
solana:5iJaXq6W5PHc7Cz4ZQkUmAN7e7mAkPdKGvNrAXf5VJmmjBB5RD8fNGz8e4fLxZ9HZWZu7m7b1L1ib7jrJcE7V7mR:2:0,solana-mainnet,pump.fun,5iJaXq6W5PHc7Cz4ZQkUmAN7e7mAkPdKGvNrAXf5VJmmjBB5RD8fNGz8e4fLxZ9HZWZu7m7b1L1ib7jrJcE7V7mR,451617364,1790678356,2,0,7hGztDZKR36jDM1G9PcAo1tACvd5r3HnoLj936eZpump,TokenzQdBNbLqP5VEhdkAS6EPFLC1PHnBqCXEpPxuEb,https://ipfs.io/ipfs/QmcjzCd64AmTKdW4de39saUHnynbXJDQpYwJVfTCUHvXgQ,pumpfun-create-borsh-v1,success
solana:2abn1LB3mPe8oCvZa8RtXU1of7PRW69bf3jM5ALWYox6zTAbFULDySiuBiSxyrDwisGiKx6Gem4DYwHFSJSPwzX4:2:0,solana-mainnet,pump.fun,2abn1LB3mPe8oCvZa8RtXU1of7PRW69bf3jM5ALWYox6zTAbFULDySiuBiSxyrDwisGiKx6Gem4DYwHFSJSPwzX4,451617358,1790678355,2,0,Gp3ht5FnBSeucHjaKtmh6qrYnmV4s792o1NDQRsVpump,TokenzQdBNbLqP5VEhdkAS6EPFLC1PHnBqCXEpPxuEb,https://ipfs.io/ipfs/QmWkTaS21YQc2D35TSRsbuYP4SfLf45tmKDyUPHqKpNrDx,pumpfun-create-borsh-v1,success
solana:437p97SwYCK4bkP2F5XtyCWYzijf1QyyR6McwC417eZawrmo8D54kxriKhth1CEf37ojUrnvRCpzedDDk4V5EXpc:0:0,solana-mainnet,pump.fun,437p97SwYCK4bkP2F5XtyCWYzijf1QyyR6McwC417eZawrmo8D54kxriKhth1CEf37ojUrnvRCpzedDDk4V5EXpc,451617355,1790678354,0,0,39jJiKMm4t7VHqg6ap89pREnyViM3E3bG73kvV1aco7o,TokenzQdBNbLqP5VEhdkAS6EPFLC1PHnBqCXEpPxuEb,https://metadata.j7tracker.io/m/lOMF9oeaoQ,pumpfun-create-borsh-v1,success
solana:3aj5W2BDrTAoLCbp7Xi7GYwGtXZM3QCvpohPkCfZfajXmvxYAvF71w6fRW5bDqgjmFTt8g9JphfN31ozjVWAhR44:0:0,solana-mainnet,pump.fun,3aj5W2BDrTAoLCbp7Xi7GYwGtXZM3QCvpohPkCfZfajXmvxYAvF71w6fRW5bDqgjmFTt8g9JphfN31ozjVWAhR44,451617351,1790678353,0,0,Ek9BchSAbuHeXxFwuMNRXKRscZwt8ND4NtdD17bEgssq,TokenzQdBNbLqP5VEhdkAS6EPFLC1PHnBqCXEpPxuEb,https://metadata.j7tracker.io/m/lOMF9oeaoQ,pumpfun-create-borsh-v1,success
solana:5CVkiwhHtVrH6Ln1GiC88ma45JjwAZ9vzPaucAYA4trC9StttppFwWj2Jn22QPgR1ZUxTFaoAxfFjFFNXnSm9Vvw:2:0,solana-mainnet,pump.fun,5CVkiwhHtVrH6Ln1GiC88ma45JjwAZ9vzPaucAYA4trC9StttppFwWj2Jn22QPgR1ZUxTFaoAxfFjFFNXnSm9Vvw,451617344,1790678351,2,0,A4VTNgZqdmwE179eRGHH1jfbbjPTntYQZZ7aRrp5pump,TokenzQdBNbLqP5VEhdkAS6EPFLC1PHnBqCXEpPxuEb,https://m.rapidlaunch.io/m/OI14LvkUw,pumpfun-create-borsh-v1,success
solana:3US4NdkAqPooodfDFi1EEn92i8ES3wtLDdwpKg1zpZrCCfQk4FumMmsPwDEoCAW4LxEe4KtbNP5vAKX49WK74UDf:2:0,solana-mainnet,pump.fun,3US4NdkAqPooodfDFi1EEn92i8ES3wtLDdwpKg1zpZrCCfQk4FumMmsPwDEoCAW4LxEe4KtbNP5vAKX49WK74UDf,451617337,1790678349,2,0,8nXi7W1PGZcKnRv1jzKyDPqnnj8bY1ddgqNo6hYmpump,TokenzQdBNbLqP5VEhdkAS6EPFLC1PHnBqCXEpPxuEb,https://ipfs.io/ipfs/bafkreibwt3ucvtwcf7wf5urtvml4wtuviihbehljct7zkgv74cjsiunpce,pumpfun-create-borsh-v1,success
solana:5sCBSdKR5YdhywBTU7QgGQ717bgaTQ3Ksyh71JDuicN4ENAddzQFM3GuEJCk5HZTBb24Ya6D3BE5P7EUMvLcKNJW:2:0,solana-mainnet,pump.fun,5sCBSdKR5YdhywBTU7QgGQ717bgaTQ3Ksyh71JDuicN4ENAddzQFM3GuEJCk5HZTBb24Ya6D3BE5P7EUMvLcKNJW,451617337,1790678349,2,0,6QpKFgfL54X1StUi3cMN9BAPtUuBFbdaKmc1Vg3Bpump,TokenzQdBNbLqP5VEhdkAS6EPFLC1PHnBqCXEpPxuEb,https://ipfs.io/ipfs/bafkreibmvlwcxtydkuv4stcfnnlb2oonfubmdi4jdf22z4cu5j5cjxv4rq,pumpfun-create-borsh-v1,success
solana:352Eg9QzER7TivM6SRsKFNkJnjacq1GtYWu9SkPMLZW5BYU9MeW8qpznVdWQcU48fq3EfdKRb62FKs89BnzJrb8P:2:0,solana-mainnet,pump.fun,352Eg9QzER7TivM6SRsKFNkJnjacq1GtYWu9SkPMLZW5BYU9MeW8qpznVdWQcU48fq3EfdKRb62FKs89BnzJrb8P,451617336,1790678349,2,0,FKuEFTGVxqY7YZVZcrQ4Xb8HaD7vd2Ms8NTPfAz6pump,TokenzQdBNbLqP5VEhdkAS6EPFLC1PHnBqCXEpPxuEb,https://ipfs.io/ipfs/QmRGEmwqhFMboGE2Ttxw8248icYuQdPq5JnsBCf7gvr8rj,pumpfun-create-borsh-v1,success
solana:3n6wRL9MgAbbpJidsW7cspepwzyCVE7zieecB3LrairaMzhXnPVvfmSspkDAnt4JahcuvaXMjiiopFECdCKsjwyL:2:0,solana-mainnet,pump.fun,3n6wRL9MgAbbpJidsW7cspepwzyCVE7zieecB3LrairaMzhXnPVvfmSspkDAnt4JahcuvaXMjiiopFECdCKsjwyL,451617331,1790678348,2,0,4ZNYvtfyhmCdMigmyDkNfCbQ1SnKnC5vkcFYb5nfpump,TokenzQdBNbLqP5VEhdkAS6EPFLC1PHnBqCXEpPxuEb,https://ipfs.io/ipfs/QmXU2VwiWLjQgbgKmJkjf16vCA9jgX2zy1rqrUukuHVPU8,pumpfun-create-borsh-v1,success
solana:5odKFxhHq5JSahkXFNnHJV9tYUDFxLigrykX6g42EcfzFE8QTW9xhqeGL3pksNJt3eEwFJxfezFLnLeprBCBH9uc:2:0,solana-mainnet,pump.fun,5odKFxhHq5JSahkXFNnHJV9tYUDFxLigrykX6g42EcfzFE8QTW9xhqeGL3pksNJt3eEwFJxfezFLnLeprBCBH9uc,451617328,1790678347,2,0,GzwbsNmRCVJwapyzVKsrt9ZdJQBGnABKm4A7gVZkpump,TokenzQdBNbLqP5VEhdkAS6EPFLC1PHnBqCXEpPxuEb,https://ipfs.io/ipfs/QmUGSyrvHBwVrAR1ivsvqmYj7X5YEWmYc1CgzfxpeFuKdq,pumpfun-create-borsh-v1,success
solana:4i4ogmu8366BwjMqP2wfZSCHxiWMjdJdekqdLsLAGJNkqMdhPe1YiCUQQV9kLKrmTrd3K8u4JWDH2cUp4iyGa3XP:2:0,solana-mainnet,pump.fun,4i4ogmu8366BwjMqP2wfZSCHxiWMjdJdekqdLsLAGJNkqMdhPe1YiCUQQV9kLKrmTrd3K8u4JWDH2cUp4iyGa3XP,451617300,1790678340,2,0,9hptKxruR3Z1VFe5ers5Ru6uws8vNeX3npmARek3pump,TokenzQdBNbLqP5VEhdkAS6EPFLC1PHnBqCXEpPxuEb,https://ipfs.io/ipfs/QmWGnowMyW2STTJU7ktL4EAedVNPDXj93XZxWanESvuqx7,pumpfun-create-borsh-v1,success
solana:2puFnz9uN1zm6WRLAPapXARRMm4neaY3zM2g3ErNW7vGb41PZihh3b8WmEMs3j7kNWS5gFnALo1mfK97epcBuCWB:2:0,solana-mainnet,pump.fun,2puFnz9uN1zm6WRLAPapXARRMm4neaY3zM2g3ErNW7vGb41PZihh3b8WmEMs3j7kNWS5gFnALo1mfK97epcBuCWB,451617300,1790678340,2,0,4wTV1YmiEkRvAtNtsSGPtUrqRYQMe5SKy2uB4Jjaxnjf,ATokenGPvbdGVxr1b2hvZbsiqW5xWH25efTNsLJA8knL,"    3              /",pumpfun-create-borsh-v1,success
solana:57RKBZ8e3XF7kUbmxfU4xMsZH16tDhbqxsFY3PMPgYtTegMLvriBx3TZkKwnLgoyECa4d7HuBbJvtTrzqsq5e6Sf:2:0,solana-mainnet,pump.fun,57RKBZ8e3XF7kUbmxfU4xMsZH16tDhbqxsFY3PMPgYtTegMLvriBx3TZkKwnLgoyECa4d7HuBbJvtTrzqsq5e6Sf,451617300,1790678340,2,0,4wTV1YmiEkRvAtNtsSGPtUrqRYQMe5SKy2uB4Jjaxnjf,ATokenGPvbdGVxr1b2hvZbsiqW5xWH25efTNsLJA8knL,"    ",pumpfun-create-borsh-v1,success
solana:2TDQYMR3Qntfa6pLACUztrpf9SN6KDswgosZW51Pn3EPgPfu6cJ54361cPbruD21YHjD4v5q1VzxPp9dXn6qKJLh:2:0,solana-mainnet,pump.fun,2TDQYMR3Qntfa6pLACUztrpf9SN6KDswgosZW51Pn3EPgPfu6cJ54361cPbruD21YHjD4v5q1VzxPp9dXn6qKJLh,451617295,1790678338,2,0,216sT4FFJwbETiLWUoU3WxNQMcYFn644nPK8JpJ5pump,TokenzQdBNbLqP5VEhdkAS6EPFLC1PHnBqCXEpPxuEb,https://ipfs.io/ipfs/bafkreig7sr4xgpzxwvbhvrzvv44j454mbu5rt5vk4womrujmg4nxfme7py,pumpfun-create-borsh-v1,success
solana:6DvgtqgY1hHUhXuE6TeDrgGKmxbErW1SbmYiSwvUhpWJu5Ze1XuFdLGS8jv13oJdoShktec9UgsAVuxNMd6fmxe:2:0,solana-mainnet,pump.fun,6DvgtqgY1hHUhXuE6TeDrgGKmxbErW1SbmYiSwvUhpWJu5Ze1XuFdLGS8jv13oJdoShktec9UgsAVuxNMd6fmxe,451617272,1790678332,2,0,7nbWrF7rL5gijkFsWyh3RPB4rJZkqywUBC4UKesdpump,TokenzQdBNbLqP5VEhdkAS6EPFLC1PHnBqCXEpPxuEb,https://ipfs.io/ipfs/QmPBt6mwgfHbZvBSvT9v3Tb4EbBZgCDkkmYF31XtZfakkX,pumpfun-create-borsh-v1,success
solana:Lqwde3npGC6g8ZizuvQ9sFuyUhoMej6WPgym5ssqsWTjrW4Hq8vqoPy5XWys4TGLRDe3gKahGRrYGt5hytesxQU:3:0,solana-mainnet,pump.fun,Lqwde3npGC6g8ZizuvQ9sFuyUhoMej6WPgym5ssqsWTjrW4Hq8vqoPy5XWys4TGLRDe3gKahGRrYGt5hytesxQU,451617261,1790678329,3,0,E5XSDhctu3PmvynW32stoYKQh1dRAuZWKUD8GNzbMogv,TokenzQdBNbLqP5VEhdkAS6EPFLC1PHnBqCXEpPxuEb,https://gateway.irys.xyz/BnPxq2vXSze89RKwyARWjoqNmpB3euAkcrNauNFHd8qn,pumpfun-create-borsh-v1,success
solana:395TSTpJFw6eVvChWyu6MCnREiuDrMNnJJRAce9wr1MuYJ3eUVsCCoaWVGm7DBThem49YMnhdn5c4JXeTyJ1dPav:2:0,solana-mainnet,pump.fun,395TSTpJFw6eVvChWyu6MCnREiuDrMNnJJRAce9wr1MuYJ3eUVsCCoaWVGm7DBThem49YMnhdn5c4JXeTyJ1dPav,451617247,1790678326,2,0,FnA9DRtFNpXuXsYmdad7w1jr8EBWdZvVLXR3hsf6pump,TokenzQdBNbLqP5VEhdkAS6EPFLC1PHnBqCXEpPxuEb,https://ipfs.io/ipfs/QmRvH8ZULiT4L2k4GqFuedm4UHbnRrtKxv336ic6g1UdoT,pumpfun-create-borsh-v1,success
solana:3ZB8XTcqMyRxSroFMC47MHZ9vh6nkD3Asas8pwe6q82HqL26VXDqR5MUHPiA1TfQW8Ka3MMBvq3NKTV5Cq28BHou:2:0,solana-mainnet,pump.fun,3ZB8XTcqMyRxSroFMC47MHZ9vh6nkD3Asas8pwe6q82HqL26VXDqR5MUHPiA1TfQW8Ka3MMBvq3NKTV5Cq28BHou,451617225,1790678320,2,0,j91PnFNtq1TnktPjPteQp7eyHEvvHvvDwLdsLmApump,TokenzQdBNbLqP5VEhdkAS6EPFLC1PHnBqCXEpPxuEb,https://ipfs.io/ipfs/bafkreicfth7s3pac2uk5w36yvwkgk2mq2y6ss6h7cmelbkfghoze4zodhm,pumpfun-create-borsh-v1,success
solana:efzC6rUqVQJgD3mjVwbtBgwKDcywgNB59HWea6ZA7zWvT1FjS49AT282e5KpEMrDBkVGuav7EvaNPuD7F3s7aek:2:0,solana-mainnet,pump.fun,efzC6rUqVQJgD3mjVwbtBgwKDcywgNB59HWea6ZA7zWvT1FjS49AT282e5KpEMrDBkVGuav7EvaNPuD7F3s7aek,451617221,1790678319,2,0,5ZwZ6MWTtNqy5amKqk3bemAXiEkh4oYXfJNVqoNPpump,TokenzQdBNbLqP5VEhdkAS6EPFLC1PHnBqCXEpPxuEb,https://ipfs.io/ipfs/bafkreieseb2a2odgvp3pglvdov3jxpiquvcpvrebyqlbisprkb4xzlvaxe,pumpfun-create-borsh-v1,success
solana:2dR415vLuavWfv3BtJ2aCQwqBba5fCsoHt92z8HvMhx2JwXD6osnQaDz85XwDTG2NnxWe4DDDcTmscjtpxbgaW98:2:0,solana-mainnet,pump.fun,2dR415vLuavWfv3BtJ2aCQwqBba5fCsoHt92z8HvMhx2JwXD6osnQaDz85XwDTG2NnxWe4DDDcTmscjtpxbgaW98,451617210,1790678316,2,0,9zfbREoNamdoNVvusreKynx8HP7xXy4xm6e6PQCjpump,TokenzQdBNbLqP5VEhdkAS6EPFLC1PHnBqCXEpPxuEb,https://meta.uxento.io/data/65adc47a-3c5d-4346-a8d6-aba6f2a3770f,pumpfun-create-borsh-v1,success
solana:4pGFU4bzdq7DfqYh9khAMNtVSkLfgwrjuPUwThaLD1HjiBNZvCijMQKZ6LGvvPnStfYyuDXdf7eZpbFo6MgQmkpg:2:0,solana-mainnet,pump.fun,4pGFU4bzdq7DfqYh9khAMNtVSkLfgwrjuPUwThaLD1HjiBNZvCijMQKZ6LGvvPnStfYyuDXdf7eZpbFo6MgQmkpg,451617209,1790678316,2,0,GxzJa6dwXrUxhtziDYmSPLhp5ao7EgCUuHg5WBLypump,TokenzQdBNbLqP5VEhdkAS6EPFLC1PHnBqCXEpPxuEb,https://ipfs.io/ipfs/QmVzMrPNrikZdj3vGd1V6KtamdWvXqWcYRH9NPahsUqKL7,pumpfun-create-borsh-v1,success
solana:52ypcFCJwYREcGzBgX6Wkm7kDYKKb4Vgqi6fa3wmWwqGyrDZLo3pdPtBUNeCkBChSoohEbRLj6gJUTm7aqAeY6PP:2:0,solana-mainnet,pump.fun,52ypcFCJwYREcGzBgX6Wkm7kDYKKb4Vgqi6fa3wmWwqGyrDZLo3pdPtBUNeCkBChSoohEbRLj6gJUTm7aqAeY6PP,451617203,1790678314,2,0,bvP8eHbdDwLpGkBmYMLiXNNFtZURy7E5T4vCHxZpump,TokenzQdBNbLqP5VEhdkAS6EPFLC1PHnBqCXEpPxuEb,https://meta.uxento.io/data/f04cbf62-55ba-4d8d-a9c1-11136a23a285,pumpfun-create-borsh-v1,success
solana:3tUpfEwc41fX6JQW5xtMEKFSM7LQmzzx62ckWkWEKuZyeWSQvm1Pgd1DDreLkEpXDybYEvb87jPsXyPVy3MS41m1:2:0,solana-mainnet,pump.fun,3tUpfEwc41fX6JQW5xtMEKFSM7LQmzzx62ckWkWEKuZyeWSQvm1Pgd1DDreLkEpXDybYEvb87jPsXyPVy3MS41m1,451617193,1790678312,2,0,23A5hPCepVa4Ys6PciJmh6bSiEk5gU6yR57FdvtYpump,TokenzQdBNbLqP5VEhdkAS6EPFLC1PHnBqCXEpPxuEb,https://ipfs.io/ipfs/QmWhabDrLmJ695bntu18rcpEcMwXU5SPYAhJ7eRJErxuKN,pumpfun-create-borsh-v1,success
solana:34usRM6ZAhsEQ9JaSsJxBhjUw2ycdDocayX4QujPceN7wCf25eNw9GBxVeZZWZtsnfaKLMNHZZTzfLbdYSpyiqKp:2:0,solana-mainnet,pump.fun,34usRM6ZAhsEQ9JaSsJxBhjUw2ycdDocayX4QujPceN7wCf25eNw9GBxVeZZWZtsnfaKLMNHZZTzfLbdYSpyiqKp,451617193,1790678312,2,0,AJiw9kFRaVV6xPku8x1JcYaCw6KEcPXEccBC3cDhpump,TokenzQdBNbLqP5VEhdkAS6EPFLC1PHnBqCXEpPxuEb,https://ipfs.io/ipfs/Qmcedop4CF159nYBUh8NodVi9bYkz1YdpyLJ77akxnLXPu,pumpfun-create-borsh-v1,success
solana:2DPNozQjGkXnx55y8GYhyPYFWyb1zfNPx7rt5x18E7Uio1v17XTsomBuqdv8AjTGKATY9UdsXBk8N9FTmbWohij2:2:0,solana-mainnet,pump.fun,2DPNozQjGkXnx55y8GYhyPYFWyb1zfNPx7rt5x18E7Uio1v17XTsomBuqdv8AjTGKATY9UdsXBk8N9FTmbWohij2,451617192,1790678312,2,0,8MZj9h9dvxgvuivsmqFcqpfNCL5vQP5fPA3wdFiSpump,TokenzQdBNbLqP5VEhdkAS6EPFLC1PHnBqCXEpPxuEb,https://ipfs.io/ipfs/QmPWaN2hCncuLnPX6J4CNf3VW1xf3DZGjtYDnMgmVQVtgh,pumpfun-create-borsh-v1,success
solana:4cthng4Z6tdKggz8YD6jBexdwTyE2MjDR5cCvq9NZnXTNQwCpBd4cbcgbGTukgiWciSbcuCebjPzd7fyQqiLZWtF:2:0,solana-mainnet,pump.fun,4cthng4Z6tdKggz8YD6jBexdwTyE2MjDR5cCvq9NZnXTNQwCpBd4cbcgbGTukgiWciSbcuCebjPzd7fyQqiLZWtF,451617185,1790678310,2,0,68SBxDxD8p9uqM8dLffxs89Rcyfhp2Gvim94jMzWpump,TokenzQdBNbLqP5VEhdkAS6EPFLC1PHnBqCXEpPxuEb,https://meta.uxento.io/data/b5a210b9-575e-43b4-bf51-7959c07cda61,pumpfun-create-borsh-v1,success
solana:5zGutdH2PrSzyvhX66Cm5bZLSawCqSk8jCobYniPqUioZXUK7H9qQMAKLv7fiHVRBFpuADV3WrmDwFpP1rhnZE64:2:0,solana-mainnet,pump.fun,5zGutdH2PrSzyvhX66Cm5bZLSawCqSk8jCobYniPqUioZXUK7H9qQMAKLv7fiHVRBFpuADV3WrmDwFpP1rhnZE64,451617165,1790678304,2,0,FN11KekVeAevFFJcQ46vJjtjBSWLjYXaYViXozsAUbHd,TokenzQdBNbLqP5VEhdkAS6EPFLC1PHnBqCXEpPxuEb,https://metadata.j7tracker.io/metadata/KrV2YvNRTz.json,pumpfun-create-borsh-v1,success
solana:2CA1rBdcC1EiC9u6qLCg6F4Aqh8iqTT3A9SbLnKsUKmZyJZ3QPKhxT98am6aiKo2S8BV7fnCnFErfHurojYTubjS:2:0,solana-mainnet,pump.fun,2CA1rBdcC1EiC9u6qLCg6F4Aqh8iqTT3A9SbLnKsUKmZyJZ3QPKhxT98am6aiKo2S8BV7fnCnFErfHurojYTubjS,451617162,1790678304,2,0,v9DjccCXoshYD7YkbxNFsPr3Mv5eAfRBBtMUdjHpump,TokenzQdBNbLqP5VEhdkAS6EPFLC1PHnBqCXEpPxuEb,https://ipfs.io/ipfs/bafkreichfyosd7f64ensjf2vmlnrvfa5fydacrliwboqquqzmb6go4v7mu,pumpfun-create-borsh-v1,success
solana:2xfK3tq1qreViUyYExrSeMoceWVWeg7h9rRf3c1AE1LBkbrfqNXRAtpmbnC5pNWtXEhBb6tTzVEkYgkxfi3m6nWS:2:0,solana-mainnet,pump.fun,2xfK3tq1qreViUyYExrSeMoceWVWeg7h9rRf3c1AE1LBkbrfqNXRAtpmbnC5pNWtXEhBb6tTzVEkYgkxfi3m6nWS,451617158,1790678303,2,0,YTaxzwsX52gymdvE8rru1kiEn2AEeRambmsbVRkpump,TokenzQdBNbLqP5VEhdkAS6EPFLC1PHnBqCXEpPxuEb,https://meta.uxento.io/data/59daa6bb-9151-4365-ab50-ed3d7e8b0ab0,pumpfun-create-borsh-v1,success
solana:XNrc9D4Prtd1fVwsfKD14bXFLkReaNbRLn349tkiZyKsamhyjiFYepGqs3C2eUvjRC9LicDDGBdzmgbpNCjk76W:2:0,solana-mainnet,pump.fun,XNrc9D4Prtd1fVwsfKD14bXFLkReaNbRLn349tkiZyKsamhyjiFYepGqs3C2eUvjRC9LicDDGBdzmgbpNCjk76W,451617153,1790678301,2,0,F3iz7J3QH4iYQ3a1FddtNBFYsKg6o2icGGJtmJFEpump,TokenzQdBNbLqP5VEhdkAS6EPFLC1PHnBqCXEpPxuEb,https://ipfs.io/ipfs/Qmf1DUCTdpN13ngZapeqsHgpFdMCY5pdX1jzFVPA3gWK7P,pumpfun-create-borsh-v1,success
solana:dj8U3koNJsEBvFF43bWVDbzRz9sWnoNBAczSAGTVTXZXvgr6STKtcGdyMRa5z4CnUFHfJdRmcY72UGh9ooiUNzT:2:0,solana-mainnet,pump.fun,dj8U3koNJsEBvFF43bWVDbzRz9sWnoNBAczSAGTVTXZXvgr6STKtcGdyMRa5z4CnUFHfJdRmcY72UGh9ooiUNzT,451617150,1790678300,2,0,9Xz1YWXpp1trKDizNZnwii3TcQyirGJx2Z3VtHS6pump,TokenzQdBNbLqP5VEhdkAS6EPFLC1PHnBqCXEpPxuEb,https://ipfs.io/ipfs/bafkreid7ywuypzac7s6s3iuo7grua2drkfop2qlyammnnrzyzysqyrhc2m,pumpfun-create-borsh-v1,success
solana:dqPJFuiXTtxMBWc2c42PEZAEC7addLi9iEeFJ783fzumteF5SQ5Tya4FrDUh77qsAGK7ujU4fP1JKg27FmtbGGC:2:0,solana-mainnet,pump.fun,dqPJFuiXTtxMBWc2c42PEZAEC7addLi9iEeFJ783fzumteF5SQ5Tya4FrDUh77qsAGK7ujU4fP1JKg27FmtbGGC,451617147,1790678299,2,0,EZhu2bhGMoBreGKC7m6dKJBTRYKnaREcN1psacb9pump,TokenzQdBNbLqP5VEhdkAS6EPFLC1PHnBqCXEpPxuEb,https://ipfs.io/ipfs/QmcjzCd64AmTKdW4de39saUHnynbXJDQpYwJVfTCUHvXgQ,pumpfun-create-borsh-v1,success
solana:4tzpjLcbc9btb42snfms9c71ZMR2tEDxDggFp8EodStXfZtAEKpuZK5LXUVTYBdX9JC2rfWR2ez3UHuDLy3d2LPz:2:0,solana-mainnet,pump.fun,4tzpjLcbc9btb42snfms9c71ZMR2tEDxDggFp8EodStXfZtAEKpuZK5LXUVTYBdX9JC2rfWR2ez3UHuDLy3d2LPz,451617110,1790678289,2,0,ARo1Sb3L6Ut2aPJS9RJNycMHRhbvRZZWgFAXFnqepump,TokenzQdBNbLqP5VEhdkAS6EPFLC1PHnBqCXEpPxuEb,https://ipfs.io/ipfs/bafkreiddn4edsnh2pwrpea45aimp5sqaqfxq6m66tkgdhifvbhu3yzphlq,pumpfun-create-borsh-v1,success
solana:5KV5eVgVAPKezPz9DJdcMRP8GyJAfbWhmJ4kiXz9cbLKXSqssUGqRvWePJmQrB1EFQBSbDQbn8Ghstiew33RJwoV:2:0,solana-mainnet,pump.fun,5KV5eVgVAPKezPz9DJdcMRP8GyJAfbWhmJ4kiXz9cbLKXSqssUGqRvWePJmQrB1EFQBSbDQbn8Ghstiew33RJwoV,451617104,1790678288,2,0,9UD3x773iS4SnJv7ehgLb7XLUzDFx3pVfHJ46bHUpump,TokenzQdBNbLqP5VEhdkAS6EPFLC1PHnBqCXEpPxuEb,https://ipfs.io/ipfs/QmcvN9tCopEyny9aC8zQuKYbCr1qnBzXozTRW87DbWcBVj,pumpfun-create-borsh-v1,success
solana:3bmaXkVFrHpdsdmXqqJo3meeXUU3xGwpSP4JP7enHYgJXR39PFR9v2jSdqr8iDK7noJWfh9ECHUSD7jDsrauZ439:0:0,solana-mainnet,pump.fun,3bmaXkVFrHpdsdmXqqJo3meeXUU3xGwpSP4JP7enHYgJXR39PFR9v2jSdqr8iDK7noJWfh9ECHUSD7jDsrauZ439,451617094,1790678285,0,0,28j2Ui7DxcKnuDXf7hkSrV3KuSPCmfZqzbVDEneVpump,TokenzQdBNbLqP5VEhdkAS6EPFLC1PHnBqCXEpPxuEb,https://pump.mypinata.cloud/ipfs/bafkreidkxy2k6z4gvk5fgv6jxoohewxbzdkalm7nvixhq43umujdlstogq,pumpfun-create-borsh-v1,success
solana:63beEcM8Co3EjS8uiL51UkUaCLY4rP1qeoSf5egqLgavRNqMhU2g8jnuN4pfaYpV1RBSFTpfDS1SiEcc6ozq9GYE:2:0,solana-mainnet,pump.fun,63beEcM8Co3EjS8uiL51UkUaCLY4rP1qeoSf5egqLgavRNqMhU2g8jnuN4pfaYpV1RBSFTpfDS1SiEcc6ozq9GYE,451617067,1790678278,2,0,2gsuvTUnLNWXfTRAA2iHRdhRbfvd8z14oQSRPobipump,TokenzQdBNbLqP5VEhdkAS6EPFLC1PHnBqCXEpPxuEb,https://ipfs.io/ipfs/QmRdgZuXgfxokhw2QzRNzWPar2mkxowrsjN2MEPYeBGZTW,pumpfun-create-borsh-v1,success
solana:51hrHHXu56AXqaSLuwVedd1ekbWDrCKqZMQK4vjgS4CDSvgVXSRHZFhM724NECKjs9pcNyk1G3y2ok3MtoHkJ1S7:2:0,solana-mainnet,pump.fun,51hrHHXu56AXqaSLuwVedd1ekbWDrCKqZMQK4vjgS4CDSvgVXSRHZFhM724NECKjs9pcNyk1G3y2ok3MtoHkJ1S7,451617043,1790678272,2,0,pq2XLj2CxFXAhAwf655vf1tprnWeDQm7TGho9AEpump,TokenzQdBNbLqP5VEhdkAS6EPFLC1PHnBqCXEpPxuEb,https://ipfs.io/ipfs/bafkreic2if75exwntlvknufjdpczrovrbauqxhmwnogb2s7453uhjswsri,pumpfun-create-borsh-v1,success
solana:oC23fLry3twBCQs1G8BiT5h9DDSDHg9BoyUTmxvCqAwYLnsuxVKXEJb8q98AKFuLNVg9xLafYo8n1GDUz2qa9BU:2:0,solana-mainnet,pump.fun,oC23fLry3twBCQs1G8BiT5h9DDSDHg9BoyUTmxvCqAwYLnsuxVKXEJb8q98AKFuLNVg9xLafYo8n1GDUz2qa9BU,451617039,1790678271,2,0,7ZKbpGAe1bK9ktj3aQ9DFdZC9wkheHwc67nP6MJSLv3P,TokenzQdBNbLqP5VEhdkAS6EPFLC1PHnBqCXEpPxuEb,https://metadata.j7tracker.io/metadata/abf59f0e914a43d3.json,pumpfun-create-borsh-v1,success
solana:2FFqidjX5DVrTap7QePGZxC9R8L7pJrk19YogVtGStXPwMCrserwUdsqG2jh4AkEQQQtgx74XHxE8v8vsttUCXbF:2:0,solana-mainnet,pump.fun,2FFqidjX5DVrTap7QePGZxC9R8L7pJrk19YogVtGStXPwMCrserwUdsqG2jh4AkEQQQtgx74XHxE8v8vsttUCXbF,451617029,1790678268,2,0,BewbtVKshroEU97vtMFbHBxvQnMeYEAY864o7kNFpump,TokenzQdBNbLqP5VEhdkAS6EPFLC1PHnBqCXEpPxuEb,https://ipfs.io/ipfs/QmNqc6urxhCyKtArcxMUiBMujnTyQbxZUBFpYKTZMBxEcK,pumpfun-create-borsh-v1,success
solana:b3PfiwiyNg4pM1j3zouCUHs4xBPmhLScdyXDc5J1qL3RYq4pPWe5yetFDgCJHs2XaMaNt91TzNqTQqw38WBgz7K:2:0,solana-mainnet,pump.fun,b3PfiwiyNg4pM1j3zouCUHs4xBPmhLScdyXDc5J1qL3RYq4pPWe5yetFDgCJHs2XaMaNt91TzNqTQqw38WBgz7K,451617019,1790678265,2,0,CVd2bw6UaSh3C3Kz5H44F8GDVs63MGE5bKVfVwH9CwtL,TokenzQdBNbLqP5VEhdkAS6EPFLC1PHnBqCXEpPxuEb,https://metadata.j7tracker.io/metadata/gTzpRJ0t51.json,pumpfun-create-borsh-v1,success
solana:mJyRHvYscQrbx8KuMwCewpUWbApbnjfypRDg29M1o7HMDJzTjvvqjV8BoTgMPc3FNm1P99fsp4J9tzAbFjC7Yrp:2:0,solana-mainnet,pump.fun,mJyRHvYscQrbx8KuMwCewpUWbApbnjfypRDg29M1o7HMDJzTjvvqjV8BoTgMPc3FNm1P99fsp4J9tzAbFjC7Yrp,451617012,1790678263,2,0,BXDPzRgb4mvA9NvtrETrniX2rmgxhsHNapBykfpEpump,TokenzQdBNbLqP5VEhdkAS6EPFLC1PHnBqCXEpPxuEb,https://ipfs.io/ipfs/bafkreica5ssiykygi5mfqoykofdct7xwatasdpxbig7gnjjizfzjij2qda,pumpfun-create-borsh-v1,success
solana:Bp5bEkyLnbwFg2Q1i9oiUzTW8w88Dpjb9mdVdpfetKsHMvahCz5pBxfwVZao1iLhMR777hqR1DG8Lc2AQ64Epft:2:0,solana-mainnet,pump.fun,Bp5bEkyLnbwFg2Q1i9oiUzTW8w88Dpjb9mdVdpfetKsHMvahCz5pBxfwVZao1iLhMR777hqR1DG8Lc2AQ64Epft,451617008,1790678262,2,0,9VxEqUyzZzrjCkh6wnhVC9XctzkFp4Z1XyxAkr36pump,TokenzQdBNbLqP5VEhdkAS6EPFLC1PHnBqCXEpPxuEb,https://ipfs.io/ipfs/Qmd3o4Jq2DkTwi1j3DzwwyP3VMfjq88kT4wmWA78mXdSYQ,pumpfun-create-borsh-v1,success
solana:3f6Ui2o4uVe4kft7Lv69mH5MTV3EYRXyAbQnpjZ9MWFqEGGwivKyEFLeTxo5GwRdbWjrLcdaaeFqEvTGF36VF1S:2:0,solana-mainnet,pump.fun,3f6Ui2o4uVe4kft7Lv69mH5MTV3EYRXyAbQnpjZ9MWFqEGGwivKyEFLeTxo5GwRdbWjrLcdaaeFqEvTGF36VF1S,451616985,1790678256,2,0,CaniLVfzTBNXBHCwo1MTBvVaJv1gcTKkwjbarGCapump,TokenzQdBNbLqP5VEhdkAS6EPFLC1PHnBqCXEpPxuEb,https://ipfs.io/ipfs/QmPdY8oSN2o6zsW98i6Jrj57E3p57WwVm3pd7VeaXe3n8H,pumpfun-create-borsh-v1,success
solana:jvLvBFz4WktMhFeZPhMEzRvYUnPtoqdZVNkS1bjyysFXftsqbFH2pm9XDXM8tLH7vikhYqhEvvnWxPYbe1S6rVs:2:0,solana-mainnet,pump.fun,jvLvBFz4WktMhFeZPhMEzRvYUnPtoqdZVNkS1bjyysFXftsqbFH2pm9XDXM8tLH7vikhYqhEvvnWxPYbe1S6rVs,451616983,1790678256,2,0,Fn6u8iBGU4t7TqXZFBUjNrEz6B21a9LiA2jmBkzpump,TokenzQdBNbLqP5VEhdkAS6EPFLC1PHnBqCXEpPxuEb,https://ipfs.io/ipfs/QmVazQw6rmczpQdhmPyMMypDXc6XEYohKEAh3HW3CBieao,pumpfun-create-borsh-v1,success
solana:2WsLVZffka8z7WoH2XBrkNWF8zXxxcUNFLUbmfyyEiV8izEuwuHtbw1jx1aHgtWuRWS1uGWkXEhH9TDe9LyNf5Zy:2:0,solana-mainnet,pump.fun,2WsLVZffka8z7WoH2XBrkNWF8zXxxcUNFLUbmfyyEiV8izEuwuHtbw1jx1aHgtWuRWS1uGWkXEhH9TDe9LyNf5Zy,451616977,1790678254,2,0,G9hYaaY7EUQa6Z6yvxQuqmNLU9rnjYmKAMcJzYfKpump,TokenzQdBNbLqP5VEhdkAS6EPFLC1PHnBqCXEpPxuEb,https://ipfs.io/ipfs/bafkreicgf3y3cg2kjpkrijqwmqy65yxcgwjol7ctxxxgmxny4ytbosobey,pumpfun-create-borsh-v1,success
solana:3bLDmwFZSFeZ5pFK5jej5yB7izVQnivhpxdGLifcJWARTQb1BbDJoiULKrdt4Yw2XzzmXWEkKaEEZZmiqJ57v8ak:2:0,solana-mainnet,pump.fun,3bLDmwFZSFeZ5pFK5jej5yB7izVQnivhpxdGLifcJWARTQb1BbDJoiULKrdt4Yw2XzzmXWEkKaEEZZmiqJ57v8ak,451616968,1790678252,2,0,6xidmK2bm5b1z3stmEPFH3cUznB2JLfnFjfovn2QXfoE,TokenzQdBNbLqP5VEhdkAS6EPFLC1PHnBqCXEpPxuEb,https://metadata.j7tracker.io/metadata/h8cn9HfHO6.json,pumpfun-create-borsh-v1,success
solana:ECFhZNSEv4NY1HmZ1N1cX1ejpZVZd5rEV68zHdpLeXNgVaRwANpL6JZmekv3emUw7a9C4GYtqH49VZC5L78cpqd:2:0,solana-mainnet,pump.fun,ECFhZNSEv4NY1HmZ1N1cX1ejpZVZd5rEV68zHdpLeXNgVaRwANpL6JZmekv3emUw7a9C4GYtqH49VZC5L78cpqd,451616962,1790678250,2,0,BDzKaqQn77vnQA8banTPuAM9Uks9rpUa4NqA6zh2pump,TokenzQdBNbLqP5VEhdkAS6EPFLC1PHnBqCXEpPxuEb,https://ipfs.io/ipfs/bafkreiejp6gmmow6orsmx7onohsczfct5j3laahfrnng5tuz5nusu36sd4,pumpfun-create-borsh-v1,success
solana:2MhZ4JFeXLrKf6eBn6uJjx9A1mTLYFGB8p2RN7dtJreUWqyGX8VJkga3Q57vBrRGpyKLSApXJkgtnjjXnH9GCcgU:2:0,solana-mainnet,pump.fun,2MhZ4JFeXLrKf6eBn6uJjx9A1mTLYFGB8p2RN7dtJreUWqyGX8VJkga3Q57vBrRGpyKLSApXJkgtnjjXnH9GCcgU,451616957,1790678248,2,0,8Xe4z3r4pWeVS5GDvZu2wr4UbzYcUCHNgA6CU7cUpump,TokenzQdBNbLqP5VEhdkAS6EPFLC1PHnBqCXEpPxuEb,https://ipfs.io/ipfs/QmfHuBVVUBoFzzEDUt4AcZEaNj6imTk8U1eLa39EYtX48w,pumpfun-create-borsh-v1,success
solana:67GkXFd7ABUXyDGSZnjHrm3bvCDTcXRyGpqZcAkS7GM7R4vwMSKkeE1PdaeUSimJTQTCVZWYfiBYFRnWyLbbA2e1:2:0,solana-mainnet,pump.fun,67GkXFd7ABUXyDGSZnjHrm3bvCDTcXRyGpqZcAkS7GM7R4vwMSKkeE1PdaeUSimJTQTCVZWYfiBYFRnWyLbbA2e1,451616946,1790678246,2,0,BAztAPN5MpMfYKr33WxVaUgCxazFDayBsuVZbTcBpump,TokenzQdBNbLqP5VEhdkAS6EPFLC1PHnBqCXEpPxuEb,https://ipfs.io/ipfs/bafkreieuhneicq4qpfyepopcx6wl65pqio7lsfafhqvnzrnpfq4jkd7fnu,pumpfun-create-borsh-v1,success
solana:CZ43LrQYB72qaGsVm9ttH4jqp85RqVYkRfgktLngQnj8uPrYf9gb4NcrGHWwf2WUm8nCE7smrZvtnyRtX2RSN5e:2:0,solana-mainnet,pump.fun,CZ43LrQYB72qaGsVm9ttH4jqp85RqVYkRfgktLngQnj8uPrYf9gb4NcrGHWwf2WUm8nCE7smrZvtnyRtX2RSN5e,451616942,1790678245,2,0,7nBAvq7EkgnrYcS5aUEmzD9p1qRY47VhfGNrxS7jpump,TokenzQdBNbLqP5VEhdkAS6EPFLC1PHnBqCXEpPxuEb,https://ipfs.io/ipfs/QmcjzCd64AmTKdW4de39saUHnynbXJDQpYwJVfTCUHvXgQ,pumpfun-create-borsh-v1,success
solana:4wBzhQTG5DEWXdU3rj53Tmi8F7fwBfR5tcWcCr3ErP7G5KFhVYdQohLCqdgh1kQgRbtvyggRfgjMxGiAqzGogHrR:2:0,solana-mainnet,pump.fun,4wBzhQTG5DEWXdU3rj53Tmi8F7fwBfR5tcWcCr3ErP7G5KFhVYdQohLCqdgh1kQgRbtvyggRfgjMxGiAqzGogHrR,451616933,1790678242,2,0,6UGyWdehxPcLGuhM1VQRHrfkPc9tkX5NZQPzmj4Cpump,TokenzQdBNbLqP5VEhdkAS6EPFLC1PHnBqCXEpPxuEb,https://ipfs.io/ipfs/bafkreibaj6rlvhqjvhm2zjqhxd7lftdzgrli2mkqiks64bpmbgb43jfjdy,pumpfun-create-borsh-v1,success
solana:5RmxEsoBFfQtBgfARgQKU7w8MNixJcz7WMJ6o9B36QLJWkJjapcL6hNQZszjaa3YMU5VVyN1wyMZfZ6CJV7MmPVs:2:0,solana-mainnet,pump.fun,5RmxEsoBFfQtBgfARgQKU7w8MNixJcz7WMJ6o9B36QLJWkJjapcL6hNQZszjaa3YMU5VVyN1wyMZfZ6CJV7MmPVs,451616928,1790678241,2,0,ETKqJTDXp8AWNFK7VvpWheKGj6ndvqY6AXvszdywpump,TokenzQdBNbLqP5VEhdkAS6EPFLC1PHnBqCXEpPxuEb,https://metadata.j7tracker.io/metadata/06ad7ab276224775.json,pumpfun-create-borsh-v1,success
solana:37JAydU8irsK8yxRNjpNoi22JoXUAuh3ppp2vCxMBfmRUsthCucC8v1UoTPjRyDKhdCzcZprfXAD1gdcP5X8uTY5:2:0,solana-mainnet,pump.fun,37JAydU8irsK8yxRNjpNoi22JoXUAuh3ppp2vCxMBfmRUsthCucC8v1UoTPjRyDKhdCzcZprfXAD1gdcP5X8uTY5,451616921,1790678239,2,0,6yaFuNaXkxedZ6nctvuSrxz14HjJ2MTXBPFZDF4YNePL,TokenzQdBNbLqP5VEhdkAS6EPFLC1PHnBqCXEpPxuEb,https://ipfs.io/ipfs/bafkreihweuyrtqid5xls3ulgea4yxmiukhjubzxupry4rxnq2pg4egm5ni,pumpfun-create-borsh-v1,success
solana:Pe9enfVdLTW4RHwWTg7scKxwgvB3MkAcMmzZ1T1btb5c7TzUfmcnCfCY71diUvzLcoSbExLsABAc2DMF2JcUNDH:2:0,solana-mainnet,pump.fun,Pe9enfVdLTW4RHwWTg7scKxwgvB3MkAcMmzZ1T1btb5c7TzUfmcnCfCY71diUvzLcoSbExLsABAc2DMF2JcUNDH,451616914,1790678237,2,0,7hWbBZc5jgw3tSSi8B4TjcLTRsoymRHGxh4sPeXKpump,TokenzQdBNbLqP5VEhdkAS6EPFLC1PHnBqCXEpPxuEb,https://ipfs.io/ipfs/QmVc32HjKx2JWUAQWbMxNGYxdUhmHi9ZtqUYTKxxopueLk,pumpfun-create-borsh-v1,success
solana:5fGtWszg9AASs1EJdgey5sW7vLiedz9gvVMkU4JqX9KPHQXkzgidMtjEDrQaiieZaHLTWXyBauSBpoXnD9HfzMJJ:2:0,solana-mainnet,pump.fun,5fGtWszg9AASs1EJdgey5sW7vLiedz9gvVMkU4JqX9KPHQXkzgidMtjEDrQaiieZaHLTWXyBauSBpoXnD9HfzMJJ,451616896,1790678232,2,0,2MTWLdbbrnpyeFBRKEdrogwujqX748VNnMLFXsMepump,TokenzQdBNbLqP5VEhdkAS6EPFLC1PHnBqCXEpPxuEb,https://ipfs.io/ipfs/bafkreihklpyaud7c2omha5ogj3zwkp7momoff2cdi6lhlmkbx4toezso2a,pumpfun-create-borsh-v1,success
solana:nYkv9jGds4zwqAoCUTGTfdt9yqM2KHvMLuyDUZqvaQmp7nnSj2q1eSgmPue4CeuL7wWpEB6vsTkqZuxPyUvFcHZ:2:0,solana-mainnet,pump.fun,nYkv9jGds4zwqAoCUTGTfdt9yqM2KHvMLuyDUZqvaQmp7nnSj2q1eSgmPue4CeuL7wWpEB6vsTkqZuxPyUvFcHZ,451616862,1790678224,2,0,CpYXANFUNVD5cBi5RdJMQyuh44UVDoUQ1j8CB4pz6kg4,TokenzQdBNbLqP5VEhdkAS6EPFLC1PHnBqCXEpPxuEb,https://ipfs.io/ipfs/bafkreifeleefbia2urxsq242crx6wpv5anjzqprdyaljt4737ci2fok7nm,pumpfun-create-borsh-v1,success
solana:5ESTdXBPhLzmDHeh5qWFDS3UiHxmpvJZWvmcVQtYmNDG1q3qTqRzGoTyjgx8QCmn45KkKwXfb91MGtXKsKVo4n2b:0:0,solana-mainnet,pump.fun,5ESTdXBPhLzmDHeh5qWFDS3UiHxmpvJZWvmcVQtYmNDG1q3qTqRzGoTyjgx8QCmn45KkKwXfb91MGtXKsKVo4n2b,451616839,1790678218,0,0,XfPvqPzcRnsunxYBqreWRMJnWc3utvATPh3i9TQwusQ,TokenzQdBNbLqP5VEhdkAS6EPFLC1PHnBqCXEpPxuEb,https://metadata.j7tracker.io/m/gPJwY8WNX3,pumpfun-create-borsh-v1,success
solana:4bP7HQcKRLoiNUvDS7bHs7oaJ4de1gg8TdEiV7WH4r1GCw7wgfpuDfNjHqucmMeZCMK9BsE1r4LkQrbK1tKvhbfQ:2:0,solana-mainnet,pump.fun,4bP7HQcKRLoiNUvDS7bHs7oaJ4de1gg8TdEiV7WH4r1GCw7wgfpuDfNjHqucmMeZCMK9BsE1r4LkQrbK1tKvhbfQ,451616831,1790678215,2,0,17ZaafUDevvz54aArFGXh7sWGQrrWSRaeivD3HRpump,TokenzQdBNbLqP5VEhdkAS6EPFLC1PHnBqCXEpPxuEb,https://ipfs.io/ipfs/bafkreibi2fzdvifczdutyi747cj3eb4gx5oiy3bxpaxbmkkvz3gdri6hvy,pumpfun-create-borsh-v1,success
solana:22Xm8idwmePjt75JL3LUQCo8F5UZGzcbhaifz5Ed5mRvV57FKa83v7V1ppmqhdF8NUDkyrTkaEyTbmZ5zeQ15EsX:2:0,solana-mainnet,pump.fun,22Xm8idwmePjt75JL3LUQCo8F5UZGzcbhaifz5Ed5mRvV57FKa83v7V1ppmqhdF8NUDkyrTkaEyTbmZ5zeQ15EsX,451616828,1790678215,2,0,7PuSJSsavbvsAVerAN3fkwM6PYWAR8E982LjeYNUpump,TokenzQdBNbLqP5VEhdkAS6EPFLC1PHnBqCXEpPxuEb,https://ipfs.io/ipfs/QmReAepuTWB3hy1ktGuRdXKMVtEdRSeNnS1jgDCSjLzh3X,pumpfun-create-borsh-v1,success
solana:4cwS7RDLDX99K6HzDnqZaAvXUXxbUiB3q2BJc4SmHuq5nTzMgUCYEdARw7URzRF97jxcj6spiSR7HKTV8XnRsoct:2:0,solana-mainnet,pump.fun,4cwS7RDLDX99K6HzDnqZaAvXUXxbUiB3q2BJc4SmHuq5nTzMgUCYEdARw7URzRF97jxcj6spiSR7HKTV8XnRsoct,451616824,1790678214,2,0,HXuWFXkmt9W7enPXFTEABeTUPSNZtjJYwqApkqPNLC5G,TokenzQdBNbLqP5VEhdkAS6EPFLC1PHnBqCXEpPxuEb,https://ipfs.io/ipfs/bafkreicu4hilpronvj3chom3ld3prpxpm7hlrrifyggnlvqbyba37qszcq,pumpfun-create-borsh-v1,success
solana:BaJ7mQUF3LrypucdoHE2GW8Bk7rkSCCurkgkHuVcomFaUG91jv88kQFWTkBoBsd2eoezFJpYXyXkqmWGsoEU6aG:2:0,solana-mainnet,pump.fun,BaJ7mQUF3LrypucdoHE2GW8Bk7rkSCCurkgkHuVcomFaUG91jv88kQFWTkBoBsd2eoezFJpYXyXkqmWGsoEU6aG,451616810,1790678210,2,0,6eQmHJLLJbvL4AvJyG1oP55qRSrQphG3ySsKV5KRpump,TokenzQdBNbLqP5VEhdkAS6EPFLC1PHnBqCXEpPxuEb,https://ipfs.io/ipfs/bafkreihnrpjgzctyx2e6kurx6tz64l6o5v3fbjosfu23z5gtmlyqpixibi,pumpfun-create-borsh-v1,success
solana:3fXuv8Yis5bEAqZDX7757iqabxxEGAe1DTQTmXdDcYd84QXq7jScUjyVd2Rmz9at5bxEV5acQZmj3yR1sq6b2q4q:2:0,solana-mainnet,pump.fun,3fXuv8Yis5bEAqZDX7757iqabxxEGAe1DTQTmXdDcYd84QXq7jScUjyVd2Rmz9at5bxEV5acQZmj3yR1sq6b2q4q,451616809,1790678209,2,0,GrGcwr4scq3aKnCDLKFfYVKgR1H2rZT9aUQWu3qmpump,TokenzQdBNbLqP5VEhdkAS6EPFLC1PHnBqCXEpPxuEb,https://ipfs.io/ipfs/QmcjzCd64AmTKdW4de39saUHnynbXJDQpYwJVfTCUHvXgQ,pumpfun-create-borsh-v1,success
solana:3Uxe54mYXjo6mEju6khgmbSmXwZL4Ps7WMG45EbQ1yy1wgbqanAbGpex4u6veT6ospnMrC6b9Pr34ghkAgxmqzYY:2:1,solana-mainnet,pump.fun,3Uxe54mYXjo6mEju6khgmbSmXwZL4Ps7WMG45EbQ1yy1wgbqanAbGpex4u6veT6ospnMrC6b9Pr34ghkAgxmqzYY,451616808,1790678209,2,1,HCM4DcqhZYjpGNKLG7DwMvcGaRYTTs5XtkPmWu4ipump,TokenzQdBNbLqP5VEhdkAS6EPFLC1PHnBqCXEpPxuEb,https://ipfs.io/ipfs/QmWxDYcnBGvx72PQo38D9KDDeyuM4upmuh5aXMxQVXnY8i,pumpfun-create-borsh-v1,success
solana:2nsAhbR5GJtB9ARU8YAkz5EE8uuHe12QhkajvHryZQabE2MVmfj4mctit9NNdj1s2hRykSztgunXJ4cALMiXz3uK:0:0,solana-mainnet,pump.fun,2nsAhbR5GJtB9ARU8YAkz5EE8uuHe12QhkajvHryZQabE2MVmfj4mctit9NNdj1s2hRykSztgunXJ4cALMiXz3uK,451616793,1790678205,0,0,DJMFxe9eM4Yk4B6g5dCCd2JGBoEyJGehXCapHF7Qbi5K,TokenzQdBNbLqP5VEhdkAS6EPFLC1PHnBqCXEpPxuEb,https://ipfs.io/ipfs/bafkreig322xmbadvktd7gj5myqno5gqcauhmbjniej3liru5mbhevtwzam,pumpfun-create-borsh-v1,success
solana:4g5YnW9eywhpAd85XybbUDREaaBzWFGitz8RiHB9nqLqaTscyPAeeY2AG7jDEcbfusBCftBrCzNasVT25gEbQXhc:2:0,solana-mainnet,pump.fun,4g5YnW9eywhpAd85XybbUDREaaBzWFGitz8RiHB9nqLqaTscyPAeeY2AG7jDEcbfusBCftBrCzNasVT25gEbQXhc,451616766,1790678198,2,0,6ngfcTrkGYwnS7bLLnpKeQhxwGgFrPzDmYJWjQwDpump,TokenzQdBNbLqP5VEhdkAS6EPFLC1PHnBqCXEpPxuEb,https://ipfs.io/ipfs/QmfST871qSiD4Lzq64RaCqdfiE1diAVUqYQKJbRbAKPeqs,pumpfun-create-borsh-v1,success
solana:3iFuyLX2ryrWP2cdgvNqAbVNf5rH3btH9c3dJ34qpC7nXRe3u4hKsVdZ24qBQKfGVFYu8nwdyr1T3HDKcxyixAiR:2:0,solana-mainnet,pump.fun,3iFuyLX2ryrWP2cdgvNqAbVNf5rH3btH9c3dJ34qpC7nXRe3u4hKsVdZ24qBQKfGVFYu8nwdyr1T3HDKcxyixAiR,451616755,1790678195,2,0,BUTmDusEmtEBDjeAiqZzFSnvomovj7wjHz2xNmH1pump,TokenzQdBNbLqP5VEhdkAS6EPFLC1PHnBqCXEpPxuEb,https://ipfs.io/ipfs/bafkreidobzmatcjc2stfggriyyduhpwypjnyhbdfdzggt2maya7wtdu6rm,pumpfun-create-borsh-v1,success
solana:5J1F6z3o1sNaYWArfGxrUoQBFhTwp3KM2Dov48oMpgkpE1jT6okjnh24mhgmwsfJKmY5ufvqhb2Ebcveebx9b9Wm:2:0,solana-mainnet,pump.fun,5J1F6z3o1sNaYWArfGxrUoQBFhTwp3KM2Dov48oMpgkpE1jT6okjnh24mhgmwsfJKmY5ufvqhb2Ebcveebx9b9Wm,451616747,1790678193,2,0,8YR8J1FnocEi8GAfd1T2QVJg5mQ6CC8P8hgkcdDipump,TokenzQdBNbLqP5VEhdkAS6EPFLC1PHnBqCXEpPxuEb,https://ipfs.io/ipfs/QmeZ7qTs8FY85qRebKweh85nxaC47vGY6UsfgyWJs6HQhH,pumpfun-create-borsh-v1,success
solana:34BfgicDHE7AVoKXwNpuqnsPRC6o1bYA7VUtr3rAaCMVtMS5HgszTmS8f99X4sF8LuxhbnCrpwgEWAEeysfZ7KBK:2:0,solana-mainnet,pump.fun,34BfgicDHE7AVoKXwNpuqnsPRC6o1bYA7VUtr3rAaCMVtMS5HgszTmS8f99X4sF8LuxhbnCrpwgEWAEeysfZ7KBK,451616744,1790678192,2,0,214BAKAMzDWWSD7ovZ8rb8QJTTXnYABLNkR7B5Efpump,TokenzQdBNbLqP5VEhdkAS6EPFLC1PHnBqCXEpPxuEb,https://ipfs.io/ipfs/bafkreibelirzywoytodqje7j726afwivj7qnworny6mgzk3qrgpbikvmci,pumpfun-create-borsh-v1,success
solana:5fS3kFFaFqgUfHewhcpi24HGdnwFw1rGXnb2YWtLKJR1UWsdm3bziyMAyWB6PkTASogkdt4a6JZbDoSDoy16ReSZ:2:0,solana-mainnet,pump.fun,5fS3kFFaFqgUfHewhcpi24HGdnwFw1rGXnb2YWtLKJR1UWsdm3bziyMAyWB6PkTASogkdt4a6JZbDoSDoy16ReSZ,451616739,1790678191,2,0,2sdZf6aDMpFckbFK4fSecibQ1TysNNFJanYovJEWpump,TokenzQdBNbLqP5VEhdkAS6EPFLC1PHnBqCXEpPxuEb,https://ipfs.io/ipfs/bafkreihub2mu4gtmfx3fqopo4jovn7lqi4ln5q6yl4usi6tdgafxwbhvnm,pumpfun-create-borsh-v1,success
solana:26iM6coGnjFR9Ffnc8naUXdDkKen5RUcDVJWRxWvLn14YtGeyHj5Z74TJjeuqVhDM7XMhmQJiy42zMsYWiy8NGZv:2:0,solana-mainnet,pump.fun,26iM6coGnjFR9Ffnc8naUXdDkKen5RUcDVJWRxWvLn14YtGeyHj5Z74TJjeuqVhDM7XMhmQJiy42zMsYWiy8NGZv,451616735,1790678190,2,0,Dh12tg3pD8eGxZKes4KRHjAjQQinmco6stfdaYmspump,TokenzQdBNbLqP5VEhdkAS6EPFLC1PHnBqCXEpPxuEb,https://ipfs.io/ipfs/bafkreigmbhf5srr32wla3ar77iczhnmrqgper2ld7sfgqiknx5i5jzkway,pumpfun-create-borsh-v1,success
solana:456RumxuqLoPa11kwb5TBwnj759TnipMUJGbLmmcqUB8qsW4rB6eRuU4MwirvwRJqAscMm5zk9rHTW45Ch7BeQ5z:2:0,solana-mainnet,pump.fun,456RumxuqLoPa11kwb5TBwnj759TnipMUJGbLmmcqUB8qsW4rB6eRuU4MwirvwRJqAscMm5zk9rHTW45Ch7BeQ5z,451616723,1790678186,2,0,3PyoPNRFuRK9rqWJRYayXioRwBHf3Wgm1gcNtYhbpump,TokenzQdBNbLqP5VEhdkAS6EPFLC1PHnBqCXEpPxuEb,https://ipfs.io/ipfs/bafkreidvi6ahd7vh4g5on3h3tjgqvgulctkuzfot4ch4r4kzqso66kin24,pumpfun-create-borsh-v1,success
solana:5vuefhp5McQX3dz88CEyh61zoJnka2nBCrkXajcDJhLZ9heUp6WLi1Wf5xFV5kDULcZu8hdBu53LBadT7vDNSb2C:1:0,solana-mainnet,pump.fun,5vuefhp5McQX3dz88CEyh61zoJnka2nBCrkXajcDJhLZ9heUp6WLi1Wf5xFV5kDULcZu8hdBu53LBadT7vDNSb2C,451616702,1790678181,1,0,Dwc3uAmh3xqhyGnwpNVCwWZu9qDgx93xcZiyNEwtpump,TokenzQdBNbLqP5VEhdkAS6EPFLC1PHnBqCXEpPxuEb,https://ipfs.io/ipfs/bafkreiekgtwedaljgfuakqu4z5yflnfhjckqdysjczllwhpnlo2eummmqi,pumpfun-create-borsh-v1,success
solana:4x8ZoPSjQFWJ3t4bTFGwH9k5efzpSgYSPBtqLGqix79Ydvzszq49Mjh1yXDcupwK7MXvwh1usQwB1GXK1LmffXQ5:0:0,solana-mainnet,pump.fun,4x8ZoPSjQFWJ3t4bTFGwH9k5efzpSgYSPBtqLGqix79Ydvzszq49Mjh1yXDcupwK7MXvwh1usQwB1GXK1LmffXQ5,451616696,1790678179,0,0,FmiXZoXJHrLU43ohpZXuPay1gEYfXEgukru9VHLrpump,TokenzQdBNbLqP5VEhdkAS6EPFLC1PHnBqCXEpPxuEb,https://ipfs.io/ipfs/bafkreicavlm7kjmf35jcfnqfd5xkuqpbklgvbb6n4azq4lmki4dvuvodhq,pumpfun-create-borsh-v1,success
solana:2MZSRnv9K7e4RWaTcdmF3zh3tCuVWjSZUF1N1k2pgzjCgrUtkuwoF3snveM4UnnJoE242f7mQV7tv1etiG6jvuLW:2:0,solana-mainnet,pump.fun,2MZSRnv9K7e4RWaTcdmF3zh3tCuVWjSZUF1N1k2pgzjCgrUtkuwoF3snveM4UnnJoE242f7mQV7tv1etiG6jvuLW,451616672,1790678172,2,0,FesFeBH5h4bsU7LnNpepKhdisaFEP7uXNQ8NmBFbpump,TokenzQdBNbLqP5VEhdkAS6EPFLC1PHnBqCXEpPxuEb,https://ipfs.io/ipfs/bafkreifzayyjgfyk2wcndj6yucsggdqngdrkh4i5bvgql5f7stvczy2dua,pumpfun-create-borsh-v1,success
solana:2sQbMV5pBpCPCGxFphLVFK9KRezHJwTEEXgBAeJcqSTsPDDhMLewcndu6zbWBmYrDpAiLdJGFMvEXy1Kbe8xAjtW:2:0,solana-mainnet,pump.fun,2sQbMV5pBpCPCGxFphLVFK9KRezHJwTEEXgBAeJcqSTsPDDhMLewcndu6zbWBmYrDpAiLdJGFMvEXy1Kbe8xAjtW,451616665,1790678170,2,0,HJ7P2tGDiLi4KVsUU5P9Az5LkhRWnm2VjHBcLpWnpump,TokenzQdBNbLqP5VEhdkAS6EPFLC1PHnBqCXEpPxuEb,https://ipfs.io/ipfs/QmcjzCd64AmTKdW4de39saUHnynbXJDQpYwJVfTCUHvXgQ,pumpfun-create-borsh-v1,success
solana:Jqw9mgBf6p16jgTWXqH1jbpqpRPRLLa8khGxSQF9Z3jjgViyFa8H1n4tW18fbA4GsSeTiKUPkWd2aPm7XGDuDxc:2:0,solana-mainnet,pump.fun,Jqw9mgBf6p16jgTWXqH1jbpqpRPRLLa8khGxSQF9Z3jjgViyFa8H1n4tW18fbA4GsSeTiKUPkWd2aPm7XGDuDxc,451616663,1790678170,2,0,AQdLmeDeHqD6ji162QKAxtQHyecUbpvnYjPzLA8bpump,TokenzQdBNbLqP5VEhdkAS6EPFLC1PHnBqCXEpPxuEb,https://ipfs.io/ipfs/bafkreidiqjw6ybb6f752mg7sd3vmzmjmtgqttdb7yswkamj3flcokxai7q,pumpfun-create-borsh-v1,success
solana:2gwzWbBLzmcmaXv9p2kdf33zwLfAaPTk8UkLYithJZF7MNScRx8yu71QvaTAqToyZmo5iSe8UHMkbfipWoqTTcBk:2:0,solana-mainnet,pump.fun,2gwzWbBLzmcmaXv9p2kdf33zwLfAaPTk8UkLYithJZF7MNScRx8yu71QvaTAqToyZmo5iSe8UHMkbfipWoqTTcBk,451616654,1790678168,2,0,GsAaTs8pvhjXyViFLYpBW1kEe1ybdEY56eydwHZHpump,TokenzQdBNbLqP5VEhdkAS6EPFLC1PHnBqCXEpPxuEb,https://ipfs.io/ipfs/QmbRi6D4ehx9wYsH1cgfgwxvGwzUZpGGH1WEFQJK3TpD53,pumpfun-create-borsh-v1,success
solana:4zKV5yF7eckgySoAgtjdJgu2yX6uGUSE19vmr59xXKA77QwLCapVcWybjVyhLn3oQDg5oxAz4VgNm8kZUbi5yo51:2:0,solana-mainnet,pump.fun,4zKV5yF7eckgySoAgtjdJgu2yX6uGUSE19vmr59xXKA77QwLCapVcWybjVyhLn3oQDg5oxAz4VgNm8kZUbi5yo51,451616653,1790678167,2,0,4M5iooR6Gyo6gMNYPNJncZHRF9tpz5QMmHzHUviXpump,TokenzQdBNbLqP5VEhdkAS6EPFLC1PHnBqCXEpPxuEb,https://ipfs.io/ipfs/QmSn2XG48od1ExuHWdEJj7JxUWpXqWzS4pGhgj7CcEqASr,pumpfun-create-borsh-v1,success
solana:2UWXzrCAJXeER7zaLNqRUeag9ePWVRhvhhhtxC9K3gvFS1nLCbdsHvReASB86bfMEXzuBK8iqkJ8zJJyTtEABHpZ:2:0,solana-mainnet,pump.fun,2UWXzrCAJXeER7zaLNqRUeag9ePWVRhvhhhtxC9K3gvFS1nLCbdsHvReASB86bfMEXzuBK8iqkJ8zJJyTtEABHpZ,451616649,1790678166,2,0,4DUYrwVBYUPoBtJtpYHvxg914Fnvj36nZBNMJaAgpump,TokenzQdBNbLqP5VEhdkAS6EPFLC1PHnBqCXEpPxuEb,https://ipfs.io/ipfs/QmYsZ66EJVYwTXLnF1J848Y8rJr7AssY7cXneJbmg86AGh,pumpfun-create-borsh-v1,success
solana:2TRVVvGkgRk8o2aKu8xLqCehb4pKPdnPg5g61o1C1wYVWnZUk4mFDNotKPAf6HdQEqft91Q8GvRqTTVJiYT23EiD:2:0,solana-mainnet,pump.fun,2TRVVvGkgRk8o2aKu8xLqCehb4pKPdnPg5g61o1C1wYVWnZUk4mFDNotKPAf6HdQEqft91Q8GvRqTTVJiYT23EiD,451616624,1790678159,2,0,FuCRW7iV7HVsfHDLphmHCX9Ebr7uuHi1DcBCrspXpump,TokenzQdBNbLqP5VEhdkAS6EPFLC1PHnBqCXEpPxuEb,https://ipfs.io/ipfs/bafkreigqjbrbll3idssaqypxb6x55ust6trt7ntjuim53lzyf3hnbnadmy,pumpfun-create-borsh-v1,success
solana:3yCpcQn6CqB1r4C1fvjtxDVw7ATbozjQAguNLtyhSJgQB2tCv6aCf23SoP2PZzrVDMBqCFFF3A1iBZtuaijY6Run:2:0,solana-mainnet,pump.fun,3yCpcQn6CqB1r4C1fvjtxDVw7ATbozjQAguNLtyhSJgQB2tCv6aCf23SoP2PZzrVDMBqCFFF3A1iBZtuaijY6Run,451616620,1790678158,2,0,5Uhq6XTzAvadcH7EoobyhUKZvk7UUkYkmUazUzhrXxFb,TokenzQdBNbLqP5VEhdkAS6EPFLC1PHnBqCXEpPxuEb,https://xxxxxxxxxxxxxxxxxxxxxxxxxxxxxxxxxxxxxxxxxxxxxxxxxxxxxxxxxxxx.xxx/metadata/105a5002-5489-4e9d-96a0-70f72330a6d7.json,pumpfun-create-borsh-v1,success
solana:4GQ9g96Rf4f1XTbNhhEuSRWEAhm3JgGHAgW5HJUnG5ZZGy8Z9cM7FKShwyLFz1zPd5hDeTyi28uCRi89CHUQ3dSn:2:0,solana-mainnet,pump.fun,4GQ9g96Rf4f1XTbNhhEuSRWEAhm3JgGHAgW5HJUnG5ZZGy8Z9cM7FKShwyLFz1zPd5hDeTyi28uCRi89CHUQ3dSn,451616590,1790678150,2,0,4wTV1YmiEkRvAtNtsSGPtUrqRYQMe5SKy2uB4Jjaxnjf,ATokenGPvbdGVxr1b2hvZbsiqW5xWH25efTNsLJA8knL," ",pumpfun-create-borsh-v1,success
solana:ujXLJ4NSGKKmaFuMpFYPuBHXDJrZJjv9tAjE5NKYdiwP562th98x6sBgtHK879HtTNDtPmd3CG2ppaYrJekE3rE:2:0,solana-mainnet,pump.fun,ujXLJ4NSGKKmaFuMpFYPuBHXDJrZJjv9tAjE5NKYdiwP562th98x6sBgtHK879HtTNDtPmd3CG2ppaYrJekE3rE,451616589,1790678149,2,0,4wTV1YmiEkRvAtNtsSGPtUrqRYQMe5SKy2uB4Jjaxnjf,ATokenGPvbdGVxr1b2hvZbsiqW5xWH25efTNsLJA8knL," ",pumpfun-create-borsh-v1,success
solana:4UvZUPHGdBy2sbxZHf72bnQGvKxp1xqMJDnQfB73Ajh7oh5yNMKBmu1vP5VRp9JRmySxH4ZMrS2bCPGMTJZ4fFHJ:2:0,solana-mainnet,pump.fun,4UvZUPHGdBy2sbxZHf72bnQGvKxp1xqMJDnQfB73Ajh7oh5yNMKBmu1vP5VRp9JRmySxH4ZMrS2bCPGMTJZ4fFHJ,451616556,1790678141,2,0,EoQxcjsWVb8bXvaB48iQQRok9BcyvUhQGqoZdofopump,TokenzQdBNbLqP5VEhdkAS6EPFLC1PHnBqCXEpPxuEb,https://ipfs.io/ipfs/QmWLoHTjjCqhu8dwFdawoqzv6fNrwT45BJqfq2CtnRmTgt,pumpfun-create-borsh-v1,success
solana:4vPwifbad56UoHEDSQWCQuVwP1TcLi4a7aMiFo8Euj1DxFzfgbZMkYBF2AavgzUrDmnqNovobgkQVehbbSzWizgU:2:0,solana-mainnet,pump.fun,4vPwifbad56UoHEDSQWCQuVwP1TcLi4a7aMiFo8Euj1DxFzfgbZMkYBF2AavgzUrDmnqNovobgkQVehbbSzWizgU,451616550,1790678138,2,0,4wTV1YmiEkRvAtNtsSGPtUrqRYQMe5SKy2uB4Jjaxnjf,ATokenGPvbdGVxr1b2hvZbsiqW5xWH25efTNsLJA8knL,"    ",pumpfun-create-borsh-v1,success
solana:4VLa226yn13SubHeNawAFo6JfYwohk8SxkShA7ba3sxKJD1Da92sz7zVnuw3hrhxbDcxpWB4dBnLYmqHT4rmz9XH:2:0,solana-mainnet,pump.fun,4VLa226yn13SubHeNawAFo6JfYwohk8SxkShA7ba3sxKJD1Da92sz7zVnuw3hrhxbDcxpWB4dBnLYmqHT4rmz9XH,451616550,1790678138,2,0,4wTV1YmiEkRvAtNtsSGPtUrqRYQMe5SKy2uB4Jjaxnjf,ATokenGPvbdGVxr1b2hvZbsiqW5xWH25efTNsLJA8knL,"  ",pumpfun-create-borsh-v1,success
solana:4pa6Y39Co8Y4f9kpE86ZpRwBin76PNAiLa9SwvzUWoL7cX787C4QACrsmKqySHJuSpMsjdzQATzcSNprL4ja1YK6:2:0,solana-mainnet,pump.fun,4pa6Y39Co8Y4f9kpE86ZpRwBin76PNAiLa9SwvzUWoL7cX787C4QACrsmKqySHJuSpMsjdzQATzcSNprL4ja1YK6,451616549,1790678138,2,0,4wTV1YmiEkRvAtNtsSGPtUrqRYQMe5SKy2uB4Jjaxnjf,ATokenGPvbdGVxr1b2hvZbsiqW5xWH25efTNsLJA8knL,"         ",pumpfun-create-borsh-v1,success
solana:NsDBFBdQRKdTujrcre7WZLnVhoJH9BwEDGA66BqEUjDVVH5qABrNB2ak3oZFqEn5GPVzcNSTJcV5VguAopJLFH7:2:0,solana-mainnet,pump.fun,NsDBFBdQRKdTujrcre7WZLnVhoJH9BwEDGA66BqEUjDVVH5qABrNB2ak3oZFqEn5GPVzcNSTJcV5VguAopJLFH7,451616549,1790678138,2,0,4wTV1YmiEkRvAtNtsSGPtUrqRYQMe5SKy2uB4Jjaxnjf,ATokenGPvbdGVxr1b2hvZbsiqW5xWH25efTNsLJA8knL," ",pumpfun-create-borsh-v1,success
solana:5CAF4Xw8oF6HpJvUkazBnvsBpue1HaNWcZU5ZGYqfTbDad3bPkS5GwbC3wStPwYe9RQgsyM6kVSKE5XWY5jkrJ7i:2:0,solana-mainnet,pump.fun,5CAF4Xw8oF6HpJvUkazBnvsBpue1HaNWcZU5ZGYqfTbDad3bPkS5GwbC3wStPwYe9RQgsyM6kVSKE5XWY5jkrJ7i,451616536,1790678135,2,0,HN1PmhnSctWqLhbtTDrYckWWsNvcXB2ziQDk6r5tpump,TokenzQdBNbLqP5VEhdkAS6EPFLC1PHnBqCXEpPxuEb,https://ipfs.io/ipfs/bafkreihzjozrpst2slmzsh3owpqflsuadgw2y3qpxyqfala4r454o2toom,pumpfun-create-borsh-v1,success
solana:2ukgMnmmb2DgXmhmh263f6RiizswqaQYAmg4e18Ymw5pnPxWbkL6nzKAS5xzQ5fbrBg1rhw4fZ4vaQVkbuNp1CVJ:2:0,solana-mainnet,pump.fun,2ukgMnmmb2DgXmhmh263f6RiizswqaQYAmg4e18Ymw5pnPxWbkL6nzKAS5xzQ5fbrBg1rhw4fZ4vaQVkbuNp1CVJ,451616528,1790678133,2,0,8QvwHpFBQCaFKD3bSABDapr5N1eqXCjmKny8WKxhpump,TokenzQdBNbLqP5VEhdkAS6EPFLC1PHnBqCXEpPxuEb,https://ipfs.io/ipfs/bafkreidbcz6qypq3l5aiii5y6c76sfixir7ft74rwcgq2lawgodrxemgh4,pumpfun-create-borsh-v1,success
solana:228auMHGMpA39LL3qvEhSP5KdJAvyHYXGtn61FG5xDvzp8aQ5a4vW7iSsv9pNLqXgqE8GKMUHoCvgZzNsJj7xCEN:2:0,solana-mainnet,pump.fun,228auMHGMpA39LL3qvEhSP5KdJAvyHYXGtn61FG5xDvzp8aQ5a4vW7iSsv9pNLqXgqE8GKMUHoCvgZzNsJj7xCEN,451616517,1790678130,2,0,DYqwtXYBdoH8LV4GB2eUdaaof679fVA6AxnYJdtkpump,TokenzQdBNbLqP5VEhdkAS6EPFLC1PHnBqCXEpPxuEb,https://ipfs.io/ipfs/bafkreielahinduji37ez2fty37n5il3muhvgepdtjjr3ctwlcdpspta3pa,pumpfun-create-borsh-v1,success
solana:mBVjDbgtUS8fay8xhKtAzBn6k3fVzgyJekmrRkWSr1XZwDztjRQXB6PsqjLqa91abQESTqWTJcQSeBoPrQ3TdrD:2:0,solana-mainnet,pump.fun,mBVjDbgtUS8fay8xhKtAzBn6k3fVzgyJekmrRkWSr1XZwDztjRQXB6PsqjLqa91abQESTqWTJcQSeBoPrQ3TdrD,451616511,1790678128,2,0,2cjMZ8Hq4WwPUCsasR8KVUNoFEHzBh9jgkm8XnKZpump,TokenzQdBNbLqP5VEhdkAS6EPFLC1PHnBqCXEpPxuEb,https://ipfs.io/ipfs/bafkreie7kpcypsdttggj2z7pxcfo4knsecqgeqlexiygwp77t27heifpiq,pumpfun-create-borsh-v1,success
solana:5YuY7E4KzZB7FBAuQYDDaFoVES4gUJzfxiskyhzzSgAoZWxHBMHx61ukgP3heJke1d5k4EarVWWuU8riRFp8euf6:2:0,solana-mainnet,pump.fun,5YuY7E4KzZB7FBAuQYDDaFoVES4gUJzfxiskyhzzSgAoZWxHBMHx61ukgP3heJke1d5k4EarVWWuU8riRFp8euf6,451616508,1790678127,2,0,DnRviPd84MNsiJ26WrpZNiZWUHENTmiSTnisARcDpump,TokenzQdBNbLqP5VEhdkAS6EPFLC1PHnBqCXEpPxuEb,https://ipfs.io/ipfs/Qmcedop4CF159nYBUh8NodVi9bYkz1YdpyLJ77akxnLXPu,pumpfun-create-borsh-v1,success
solana:5eG8HzEekWgsXdHSBqfyWYZwe1cyCviENPSmd3nRkRDwZBqpTnvfZQoocpJE4qqN5YbeoLw7CWfTD77tC4uEYxbr:2:0,solana-mainnet,pump.fun,5eG8HzEekWgsXdHSBqfyWYZwe1cyCviENPSmd3nRkRDwZBqpTnvfZQoocpJE4qqN5YbeoLw7CWfTD77tC4uEYxbr,451616500,1790678125,2,0,CN5Md2ZKwy4k2mT2jtrLKJa3oWo74jYg8a4hdw9opump,TokenzQdBNbLqP5VEhdkAS6EPFLC1PHnBqCXEpPxuEb,https://ipfs.io/ipfs/bafkreihcoyqmnmoyb34dvnocbegskbjc5kumjxwqr36hbde2bx6rsns6cm,pumpfun-create-borsh-v1,success
solana:3HELJNFeAvLQ1Vb8fKqor4YRXvAU3LhidgMt3R982o3B1uQyx2Gsa91LcC6Ef2TtkqymrrrfkGvVTWzPE1rqgXMF:2:0,solana-mainnet,pump.fun,3HELJNFeAvLQ1Vb8fKqor4YRXvAU3LhidgMt3R982o3B1uQyx2Gsa91LcC6Ef2TtkqymrrrfkGvVTWzPE1rqgXMF,451616498,1790678125,2,0,5rEYGEFyHqAqFPwVsZKTqFgrQCUwj2SwKkcnwKFqpump,TokenzQdBNbLqP5VEhdkAS6EPFLC1PHnBqCXEpPxuEb,https://ipfs.io/ipfs/bafkreiaacdbqvlrilaydjbjekfayn3cglivhuzb6tqi3h2daidy6mwr5ru,pumpfun-create-borsh-v1,success
solana:556PUVV3epgxKYjFPo5f6hb7vE9xRmFvrYg7CNStujRj2B3oS6fX1UTeEkJxZkSjQDZmqCD5RxD6a2zSTcp6XcXh:2:0,solana-mainnet,pump.fun,556PUVV3epgxKYjFPo5f6hb7vE9xRmFvrYg7CNStujRj2B3oS6fX1UTeEkJxZkSjQDZmqCD5RxD6a2zSTcp6XcXh,451616496,1790678124,2,0,3hNfU4X9vGdDoJuC5GRPSJf9LB4RYW65mcgSZz4nB94J,TokenzQdBNbLqP5VEhdkAS6EPFLC1PHnBqCXEpPxuEb,https://arweave.net/sample-metadata-uri,pumpfun-create-borsh-v1,success
solana:4nHnDH4yC7jf2NHzXQGWE47KSMFizzbh6KGd38pofvXhu18nm9kruqVMzwbLJ7D1DCsDxAiqEM3XoMZHHmyy4RSA:2:0,solana-mainnet,pump.fun,4nHnDH4yC7jf2NHzXQGWE47KSMFizzbh6KGd38pofvXhu18nm9kruqVMzwbLJ7D1DCsDxAiqEM3XoMZHHmyy4RSA,451616487,1790678122,2,0,796njLLHiourbiPXybGS8rZD9zdBSNn3YuK9QLJspump,TokenzQdBNbLqP5VEhdkAS6EPFLC1PHnBqCXEpPxuEb,https://ipfs.io/ipfs/QmYa4Y2jnJGxFL3EVQGQGY4syrZcKCXdytp6euRZj6uAxe,pumpfun-create-borsh-v1,success
solana:5B4kUANNztaVLNvtfxP4vEaMZwX35VNqL3tFepS9BsVnqovr56mrCWaMwoJsb8mWBZ1wQbDURYcPHrmPAe3pJXdM:2:0,solana-mainnet,pump.fun,5B4kUANNztaVLNvtfxP4vEaMZwX35VNqL3tFepS9BsVnqovr56mrCWaMwoJsb8mWBZ1wQbDURYcPHrmPAe3pJXdM,451616478,1790678119,2,0,4wTV1YmiEkRvAtNtsSGPtUrqRYQMe5SKy2uB4Jjaxnjf,ATokenGPvbdGVxr1b2hvZbsiqW5xWH25efTNsLJA8knL,"      ",pumpfun-create-borsh-v1,success
solana:cQz2GyA43JBd7y1KpZg9a7LdRvKqMCevfz8e3TsXn3hqGjbzK1e1rYBs1JQSXNMgy9Hp4GwrKAwjNMEGWbqoBR4:2:0,solana-mainnet,pump.fun,cQz2GyA43JBd7y1KpZg9a7LdRvKqMCevfz8e3TsXn3hqGjbzK1e1rYBs1JQSXNMgy9Hp4GwrKAwjNMEGWbqoBR4,451616477,1790678119,2,0,4wTV1YmiEkRvAtNtsSGPtUrqRYQMe5SKy2uB4Jjaxnjf,ATokenGPvbdGVxr1b2hvZbsiqW5xWH25efTNsLJA8knL,"    \",pumpfun-create-borsh-v1,success
solana:9SHSL6KkFmuNNtokuC95gzk9PsShnhBVKtJM5RJkjpVCcANbA7GYG1fmLS2KEBbQin8heJS6hF7tUUdbygggxQg:2:0,solana-mainnet,pump.fun,9SHSL6KkFmuNNtokuC95gzk9PsShnhBVKtJM5RJkjpVCcANbA7GYG1fmLS2KEBbQin8heJS6hF7tUUdbygggxQg,451616471,1790678117,2,0,49VdTn2PgNBYP5bTGuUo1ykjgMQztcVCkQb1BGssQUCm,TokenzQdBNbLqP5VEhdkAS6EPFLC1PHnBqCXEpPxuEb,https://metadata.j7tracker.io/metadata/zSxij5yDoh.json,pumpfun-create-borsh-v1,success
solana:2S2UbkPByCJjMriMiQyq7NpPeMJFLiTbcCrEaDxv81PNYHS29Jz4F4sZH3jDeHmoaZLNfxTrbDduw8vwyjnzDFqW:2:0,solana-mainnet,pump.fun,2S2UbkPByCJjMriMiQyq7NpPeMJFLiTbcCrEaDxv81PNYHS29Jz4F4sZH3jDeHmoaZLNfxTrbDduw8vwyjnzDFqW,451616463,1790678115,2,0,CwnSRTW9E4qKrettNCN5iEsLtEGZvC66x7U7Zt5hpump,TokenzQdBNbLqP5VEhdkAS6EPFLC1PHnBqCXEpPxuEb,https://ipfs.io/ipfs/QmQZG25zqu6tYKmED5UEzTEJEne7fsumArHz84jRaG3pcd,pumpfun-create-borsh-v1,success
solana:2NqujpBSKYQB53ZJeUaRpCqheKrnoR7N6JqdnZhhAB4SxwAEL24WVmpvrbqgRuCJqe8u7bPce8WHt5DPsU5oVrad:2:0,solana-mainnet,pump.fun,2NqujpBSKYQB53ZJeUaRpCqheKrnoR7N6JqdnZhhAB4SxwAEL24WVmpvrbqgRuCJqe8u7bPce8WHt5DPsU5oVrad,451616458,1790678114,2,0,7ac2NykVp4NLzkkakHuhVCa3EVDDMhqNH7st8oEnpump,TokenzQdBNbLqP5VEhdkAS6EPFLC1PHnBqCXEpPxuEb,https://ipfs.io/ipfs/bafkreig6tgvtk7exieqkjpeuoj4udotkh2tyqe7xthgi64yxdwjpnpv3si,pumpfun-create-borsh-v1,success
solana:4Yi9HGenJpTw7qaCoVEjLtJTbinyzgQe1MrKNyufBn3XnvGfdZAhHYt4Y6H83ZcbgKYKFf8AevtAy7F3eDkaN3zb:2:0,solana-mainnet,pump.fun,4Yi9HGenJpTw7qaCoVEjLtJTbinyzgQe1MrKNyufBn3XnvGfdZAhHYt4Y6H83ZcbgKYKFf8AevtAy7F3eDkaN3zb,451616457,1790678113,2,0,EJbcajXgi58Czc9DiFjUnjYHaU8xw1AGv8SMdXBf5eXc,TokenzQdBNbLqP5VEhdkAS6EPFLC1PHnBqCXEpPxuEb,https://gateway.pinata.cloud/ipfs/bafkreia3lnrz5wj6d3yejqzw2oel5uph4is6ufpwqmvnaodji2yxmvefs4,pumpfun-create-borsh-v1,success
solana:54GDGhTgMkgRLTZVwzmBv2ijyC2B2iqTJ7nBYwF5UusfejQ8E2ZEubxp9aBZYqXGgBVddTuvdQdgAZwMUTHb2om:2:0,solana-mainnet,pump.fun,54GDGhTgMkgRLTZVwzmBv2ijyC2B2iqTJ7nBYwF5UusfejQ8E2ZEubxp9aBZYqXGgBVddTuvdQdgAZwMUTHb2om,451616444,1790678110,2,0,9ZLWyqmLWcTcycFXRJzSfGJJjS98cnD9ieo8JS3spump,TokenzQdBNbLqP5VEhdkAS6EPFLC1PHnBqCXEpPxuEb,https://ipfs.io/ipfs/Qmb6Xgjm6Z8MiEUetECxJcGccKyddGU7ejSyf5yzFe8yGt,pumpfun-create-borsh-v1,success
solana:2parSqzohZSD32o9rz5mUG2gQ8pgc2CMfiJ1u6rGopYjy91PWoVZYWroDAeyi1sfkqQAqKnHW5rmM43GgZgXUAN6:0:0,solana-mainnet,pump.fun,2parSqzohZSD32o9rz5mUG2gQ8pgc2CMfiJ1u6rGopYjy91PWoVZYWroDAeyi1sfkqQAqKnHW5rmM43GgZgXUAN6,451616424,1790678104,0,0,EbSfG6d3Bt39kU1ivB9hAbwZ8QaYAgjuSsjQDGqVeiGq,TokenzQdBNbLqP5VEhdkAS6EPFLC1PHnBqCXEpPxuEb,https://metadata.j7tracker.io/metadata/f0216595473047f5.json,pumpfun-create-borsh-v1,success
solana:2swgh2PHiZy3Y6ZTX8eU4Xk3LvphxrB3NAGQqvNwpZWpieMLU5Wiw2tBatmSa9T1N9r4nhsffv8pdcbMcvaAy16s:0:0,solana-mainnet,pump.fun,2swgh2PHiZy3Y6ZTX8eU4Xk3LvphxrB3NAGQqvNwpZWpieMLU5Wiw2tBatmSa9T1N9r4nhsffv8pdcbMcvaAy16s,451616424,1790678104,0,0,92Y1PvPXH9uKYLDJ24ahuTNtYcEqZ2C1HyvDtPZwpX9w,TokenzQdBNbLqP5VEhdkAS6EPFLC1PHnBqCXEpPxuEb,https://metadata.j7tracker.io/metadata/f0216595473047f5.json,pumpfun-create-borsh-v1,success
solana:2BtFm4na5YoMmsRGbbhgAXnLttDFURuY2s3YwurFrV592wj9vRFppYYt53ERNYAnuAdVACEyWTFSvCKSuXrhfA6Q:0:0,solana-mainnet,pump.fun,2BtFm4na5YoMmsRGbbhgAXnLttDFURuY2s3YwurFrV592wj9vRFppYYt53ERNYAnuAdVACEyWTFSvCKSuXrhfA6Q,451616424,1790678104,0,0,7YrWS49aJtBAWZnVtJuf1stSfG4s863QiV1WQVvPF5k5,TokenzQdBNbLqP5VEhdkAS6EPFLC1PHnBqCXEpPxuEb,https://metadata.j7tracker.io/metadata/f0216595473047f5.json,pumpfun-create-borsh-v1,success
solana:2wckzA6CZhkdQDVhgaALAcUF4UY2ioTRjxsiCJsixiDdoQFevJSZvfpKMkhehc1MCijwRARxnJHyEstAjxtRgJii:0:0,solana-mainnet,pump.fun,2wckzA6CZhkdQDVhgaALAcUF4UY2ioTRjxsiCJsixiDdoQFevJSZvfpKMkhehc1MCijwRARxnJHyEstAjxtRgJii,451616424,1790678104,0,0,BLQFqTSLzMSZo3grBVrj1d4Yqo1japJbbjDq7kY7cLHx,TokenzQdBNbLqP5VEhdkAS6EPFLC1PHnBqCXEpPxuEb,https://metadata.j7tracker.io/metadata/f0216595473047f5.json,pumpfun-create-borsh-v1,success
solana:rmrQEVm3jAGNYre84HpnMRawNZJoDZw1ynPHqVvv7TFFWwzoExVCyHppXEzgDAudVTbS6y3VbmSwDcSjV5mcVe1:0:0,solana-mainnet,pump.fun,rmrQEVm3jAGNYre84HpnMRawNZJoDZw1ynPHqVvv7TFFWwzoExVCyHppXEzgDAudVTbS6y3VbmSwDcSjV5mcVe1,451616423,1790678104,0,0,FT4krk5sLNCxVNeUyQPF9MR4upwGHb74isEqFjqN5dCC,TokenzQdBNbLqP5VEhdkAS6EPFLC1PHnBqCXEpPxuEb,https://metadata.j7tracker.io/metadata/f0216595473047f5.json,pumpfun-create-borsh-v1,success
solana:4grsuGUkQnfXmCSRQRD7FAQzejh2ZdHt8gmKyh5usXCKRdYbhv2ymgpcgYcVSUAAfYE6pEyPhn5ENkuFKHZmsr3S:2:1,solana-mainnet,pump.fun,4grsuGUkQnfXmCSRQRD7FAQzejh2ZdHt8gmKyh5usXCKRdYbhv2ymgpcgYcVSUAAfYE6pEyPhn5ENkuFKHZmsr3S,451616413,1790678101,2,1,21VTLxhonnmzcr6Ts1pddgvXhEbHYvWo6K24iE6ypump,TokenzQdBNbLqP5VEhdkAS6EPFLC1PHnBqCXEpPxuEb,https://ipfs.io/ipfs/QmXgktoUb46Vrt2Ud2Q8wFphYBrDj2xBFPmAWoGLd7TuC3,pumpfun-create-borsh-v1,success
solana:5SXQCZf6rf3AJUkTHAuLTiAya4887PfU7ZovdH86FwS8oRjg2QbY41ak6i4mreNfBn9RpPiPvheh6qchnGwkDPsB:0:0,solana-mainnet,pump.fun,5SXQCZf6rf3AJUkTHAuLTiAya4887PfU7ZovdH86FwS8oRjg2QbY41ak6i4mreNfBn9RpPiPvheh6qchnGwkDPsB,451616393,1790678096,0,0,2oD7rUGMKyEuPYRg7fnrXyFQ7DuHYWS93e7Hc6ogxgeE,TokenzQdBNbLqP5VEhdkAS6EPFLC1PHnBqCXEpPxuEb,https://metadata.j7tracker.io/metadata/UkT7IaYPvW.json,pumpfun-create-borsh-v1,success
solana:4NLqwwc7FEP5Y253KRFWM7Dq67K2mNd7f9ezXsgZdiUgxtZCxiEkwzWW7MtGc6iSotvYWbc6UQhNta2hbe1aXWTN:2:0,solana-mainnet,pump.fun,4NLqwwc7FEP5Y253KRFWM7Dq67K2mNd7f9ezXsgZdiUgxtZCxiEkwzWW7MtGc6iSotvYWbc6UQhNta2hbe1aXWTN,451616389,1790678095,2,0,Dg6aBtZRsj6AN5UECX5h99RBfjvZRMmvbT5qtBcUufaj,TokenzQdBNbLqP5VEhdkAS6EPFLC1PHnBqCXEpPxuEb,https://metadata.j7tracker.io/metadata/UkT7IaYPvW.json,pumpfun-create-borsh-v1,success
solana:5KC7QaXpYZQ64rzEtysfLHkWPpd5pE1VYHcjVNkQNAjCTKUY8PPCyr12gZt1JtVxhUB8zNF3uqMhTrYu4F9Ki7Y:2:0,solana-mainnet,pump.fun,5KC7QaXpYZQ64rzEtysfLHkWPpd5pE1VYHcjVNkQNAjCTKUY8PPCyr12gZt1JtVxhUB8zNF3uqMhTrYu4F9Ki7Y,451616381,1790678093,2,0,ZAeUyDHpB21Fcpu1G31RNMfTMsDaFSbqsSyeCpKpump,TokenzQdBNbLqP5VEhdkAS6EPFLC1PHnBqCXEpPxuEb,https://ipfs.io/ipfs/Qmd3XyeHahgjiQB6bVvHrb2x5bJix9KEnzPDs2dBoSEwwG,pumpfun-create-borsh-v1,success
solana:2gJT8ZFsogtdezPAavMnP6XXzq4fS9RqHUQrA9chHkS6SYq37pi5GSXQ4y3r153WGtoEGDJZ6b5zY2Nop1f8VEPm:2:0,solana-mainnet,pump.fun,2gJT8ZFsogtdezPAavMnP6XXzq4fS9RqHUQrA9chHkS6SYq37pi5GSXQ4y3r153WGtoEGDJZ6b5zY2Nop1f8VEPm,451616377,1790678092,2,0,3Mz9L9o5WRuUyJiWmjw1Az1JvH8AbqiU4FjvFYLJpump,TokenzQdBNbLqP5VEhdkAS6EPFLC1PHnBqCXEpPxuEb,https://meta.uxento.io/data/414b4275-792f-421f-87e2-3b7f48af97a0,pumpfun-create-borsh-v1,success
solana:3bJmqYkgbt1s5svnUhbWY66rMveNF8omqVU7Z36hRueWwPZP7gieBsXqniTV6Jx5nHUkoh9bdydEEY8me461XKif:1:0,solana-mainnet,pump.fun,3bJmqYkgbt1s5svnUhbWY66rMveNF8omqVU7Z36hRueWwPZP7gieBsXqniTV6Jx5nHUkoh9bdydEEY8me461XKif,451616377,1790678092,1,0,HqUCSa6vbQ3x9m6MQbkB61qPKiiVKZXTXtF6PjinbL5g,TokenzQdBNbLqP5VEhdkAS6EPFLC1PHnBqCXEpPxuEb,https://ipfs.io/ipfs/bafkreicjstybij23y7jkup2vlzewbkzijdmgupiul5na7lbds7rwylruka,pumpfun-create-borsh-v1,success
solana:5GwV2uJPBNP693sbdAs8BvjudeVL7VByQKtsWwnwgAUxT8DJvBXKEN3g66n7EsrivpuUmm6RHDqpFNCTuVXM2ZQf:2:1,solana-mainnet,pump.fun,5GwV2uJPBNP693sbdAs8BvjudeVL7VByQKtsWwnwgAUxT8DJvBXKEN3g66n7EsrivpuUmm6RHDqpFNCTuVXM2ZQf,451616354,1790678085,2,1,3ToxK48mhCp1aFdfZBcLPV23dVzxDPaYuq9ymEnApump,TokenzQdBNbLqP5VEhdkAS6EPFLC1PHnBqCXEpPxuEb,https://ipfs.io/ipfs/QmS3FxVJuQG3UHeYPjq6eatTmKNcKYJ8spyqvbCWpGzzzY,pumpfun-create-borsh-v1,success
solana:7XMF9mxrbsepMSF5KSjpB3ropAPZWwtCf4GgkpFjuYiYvnQp4LfPNRfcEyQACMsX3FfiAJWLpRjG7vum9e1J6Vq:0:0,solana-mainnet,pump.fun,7XMF9mxrbsepMSF5KSjpB3ropAPZWwtCf4GgkpFjuYiYvnQp4LfPNRfcEyQACMsX3FfiAJWLpRjG7vum9e1J6Vq,451616353,1790678085,0,0,6X1ZBzC7ySuWSLyjaaDjvRsV2ji8HEvMvHkw7uciKxYo,TokenzQdBNbLqP5VEhdkAS6EPFLC1PHnBqCXEpPxuEb,https://xxxxxxxxxxxxxxxxxxxxxxxxxxxxxxxxxxxxxxxxxxxxxxxxxxxxxxxxxxxx.xxx/metadata/737f44b8-316d-4260-8835-5f931d82243a.json,pumpfun-create-borsh-v1,success
solana:2odsLaFqm9t3ff7dAP1krom14g81qMb5M5RNUqkgwPoxy7ZQAuPiBjuH3ueXdjWznhJ2RmS3xaYspRF47WShQ2uc:2:0,solana-mainnet,pump.fun,2odsLaFqm9t3ff7dAP1krom14g81qMb5M5RNUqkgwPoxy7ZQAuPiBjuH3ueXdjWznhJ2RmS3xaYspRF47WShQ2uc,451616351,1790678085,2,0,DPhjSx2w6m1GJEPxrRdAB98hoNSE6DpCyHDQMrE59JXH,TokenzQdBNbLqP5VEhdkAS6EPFLC1PHnBqCXEpPxuEb,https://xxxxxxxxxxxxxxxxxxxxxxxxxxxxxxxxxxxxxxxxxxxxxxxxxxxxxxxxxxxx.xxx/metadata/737f44b8-316d-4260-8835-5f931d82243a.json,pumpfun-create-borsh-v1,success
solana:3tcQ6cZbyQjuGD2tQEoGeqush3dGRBXtHikW4AebzH9bLCMYe5W16Hkw1GeZBjaLfgtS2Y5La9itf3HZDfSoQMMH:2:0,solana-mainnet,pump.fun,3tcQ6cZbyQjuGD2tQEoGeqush3dGRBXtHikW4AebzH9bLCMYe5W16Hkw1GeZBjaLfgtS2Y5La9itf3HZDfSoQMMH,451616348,1790678084,2,0,26Z7RA7jk571vcqjo8Qj6zbxK76BrMvrGnWXoSYJc4fF,TokenzQdBNbLqP5VEhdkAS6EPFLC1PHnBqCXEpPxuEb,https://metadata.j7tracker.io/metadata/5c96e55d12cd4ee7.json,pumpfun-create-borsh-v1,success
solana:5sXPTNEr3SJmSSBKVXaWkE5AYMKHqhhNnDT1GB6aPCRum4VLZN65wYnXNQPrPcJVxFCPdJz2hYezBhKooY5p4tvo:2:0,solana-mainnet,pump.fun,5sXPTNEr3SJmSSBKVXaWkE5AYMKHqhhNnDT1GB6aPCRum4VLZN65wYnXNQPrPcJVxFCPdJz2hYezBhKooY5p4tvo,451616347,1790678083,2,0,41V7yRuGPumBYHnCuDZqGxMcfrfgDtrYUjLDLi95pump,TokenzQdBNbLqP5VEhdkAS6EPFLC1PHnBqCXEpPxuEb,https://ipfs.io/ipfs/bafkreif3u5fbi47tb5qcrfq5h3iemew62mmgalzawvdxiozrdhfa6cevqq,pumpfun-create-borsh-v1,success
solana:4XfuoPiXYvvLNmo8YcGVGN5xmzWeWJXJ3REouTPjPnv98LjRnkrSW8RQjGmJwgBvGBBrckUwdxAvb4qFzLGZ3MB8:2:0,solana-mainnet,pump.fun,4XfuoPiXYvvLNmo8YcGVGN5xmzWeWJXJ3REouTPjPnv98LjRnkrSW8RQjGmJwgBvGBBrckUwdxAvb4qFzLGZ3MB8,451616340,1790678082,2,0,ExeTHAh7qjHtvsc1mFNT5dVcXG2wMY5YTcTo5qVNpump,TokenzQdBNbLqP5VEhdkAS6EPFLC1PHnBqCXEpPxuEb,https://ipfs.io/ipfs/QmfVf9ZUzYkbQ6wYduBnjApTCWdpvk24nBBgvXWyxrZbz6,pumpfun-create-borsh-v1,success
solana:41ox1BkzMSgLC6YEaHfPJWRfwMuBy9ip4NdWXhjQ4CLmBZPryRXQBsw33Yz3wuTRxMBmW6XnSeD5kBJZHoz7DvYi:2:0,solana-mainnet,pump.fun,41ox1BkzMSgLC6YEaHfPJWRfwMuBy9ip4NdWXhjQ4CLmBZPryRXQBsw33Yz3wuTRxMBmW6XnSeD5kBJZHoz7DvYi,451616340,1790678082,2,0,7xPkH63F7v3sBkhrH1LyxPifRnyExCxJTfvE5zANpump,TokenzQdBNbLqP5VEhdkAS6EPFLC1PHnBqCXEpPxuEb,https://meta.uxento.io/data/70ba1fb6-2be1-4315-ad46-e18425b3fa90,pumpfun-create-borsh-v1,success
solana:3NDKuhzXBqKmcs7AMeoyAsMGp7WcNs5Hbykyk3UHgso88goSk9p6JsMdMhrPgzX7ZDxUMcvQKh84zRABXzixu17u:2:0,solana-mainnet,pump.fun,3NDKuhzXBqKmcs7AMeoyAsMGp7WcNs5Hbykyk3UHgso88goSk9p6JsMdMhrPgzX7ZDxUMcvQKh84zRABXzixu17u,451616336,1790678080,2,0,Grub3YR1ksvsestRJygrjc7Xcdr1LAkXh6RjcqJYNJ8R,TokenzQdBNbLqP5VEhdkAS6EPFLC1PHnBqCXEpPxuEb,https://metadata.j7tracker.io/metadata/1SGzkBYMwf.json,pumpfun-create-borsh-v1,success
solana:EwgCpRfJ9nfszgQc8NZj4KGf3YG8JeHhyWK67Vmh9rzXTdnWGnrfm9U6fSDQtvj7U9KVrPvfXTmcBPecJ21vokf:2:0,solana-mainnet,pump.fun,EwgCpRfJ9nfszgQc8NZj4KGf3YG8JeHhyWK67Vmh9rzXTdnWGnrfm9U6fSDQtvj7U9KVrPvfXTmcBPecJ21vokf,451616311,1790678074,2,0,Gx4Z5XReMjjR7YvE5pUC6wmTdx87KPsg1SmBLcqQpump,TokenzQdBNbLqP5VEhdkAS6EPFLC1PHnBqCXEpPxuEb,https://ipfs.io/ipfs/QmVn37qsvWvppDsSMrtQvnfEbwHuMbHSUDu9FaWfUdTXPq,pumpfun-create-borsh-v1,success
solana:1L5rvDUtjw3ayJMwMLAGq3xktkFxuQwmKkSUsBSNanyU2ok1zrK67ACU7J4aUHsa5oP4sRiAwTsBmV9caznbKEH:2:0,solana-mainnet,pump.fun,1L5rvDUtjw3ayJMwMLAGq3xktkFxuQwmKkSUsBSNanyU2ok1zrK67ACU7J4aUHsa5oP4sRiAwTsBmV9caznbKEH,451616300,1790678071,2,0,AFbi3Ja2M8mRg8ZJcW2rsT5H6h2fyb5fcx8TGxXd1Qtp,TokenzQdBNbLqP5VEhdkAS6EPFLC1PHnBqCXEpPxuEb,https://gateway.pinata.cloud/ipfs/QmUkCEzbYmVKWUZP4CYZvxAyak3hLVoJ5zEnwD7MgmPUPr,pumpfun-create-borsh-v1,success
solana:2UdEkg4EB4Fg3YEhxcFHpK9udxyMnQThiaJug3w96NqdDF3UvaXhdFYChMuPAPdzPSiXhHHtzRZNFhnXjffZUpE5:2:0,solana-mainnet,pump.fun,2UdEkg4EB4Fg3YEhxcFHpK9udxyMnQThiaJug3w96NqdDF3UvaXhdFYChMuPAPdzPSiXhHHtzRZNFhnXjffZUpE5,451616295,1790678070,2,0,F14UwJ5Pny7PqTehPYAQH87tP2Twq4HJ8HxmSd8Npump,TokenzQdBNbLqP5VEhdkAS6EPFLC1PHnBqCXEpPxuEb,https://ipfs.io/ipfs/Qmd3XyeHahgjiQB6bVvHrb2x5bJix9KEnzPDs2dBoSEwwG,pumpfun-create-borsh-v1,success
solana:4RMjDpvp5abT9EimQYQRs6Gi9bGd1suPvhyMBKgRZcs5geHqLxB6hi5bwkbKDNbbNXhHB66av55GZkEvkTd8qW3A:2:0,solana-mainnet,pump.fun,4RMjDpvp5abT9EimQYQRs6Gi9bGd1suPvhyMBKgRZcs5geHqLxB6hi5bwkbKDNbbNXhHB66av55GZkEvkTd8qW3A,451616290,1790678068,2,0,2czzVbM2kAo2scfMNkCLm8CznZVrPsYUHo5itVfLpump,TokenzQdBNbLqP5VEhdkAS6EPFLC1PHnBqCXEpPxuEb,https://ipfs.io/ipfs/QmZMki7w7N6ymUr2ri3egdUoGvwUtXutEtRaua43cAz89i,pumpfun-create-borsh-v1,success
solana:d4p9e2vJsnR6PjFCfwPtpQirruRuFCU28QzEwwK1wUNzusSgTJr8tqLSY2W75FcWoctx7WSTGborcrYbSUGAwE2:2:0,solana-mainnet,pump.fun,d4p9e2vJsnR6PjFCfwPtpQirruRuFCU28QzEwwK1wUNzusSgTJr8tqLSY2W75FcWoctx7WSTGborcrYbSUGAwE2,451616289,1790678068,2,0,HpYLBLQT5cYmRyySF87w8aEjkWXa4NjiDRYDm548pump,TokenzQdBNbLqP5VEhdkAS6EPFLC1PHnBqCXEpPxuEb,https://ipfs.io/ipfs/bafkreigydwt5eeltt2eny7fmajjltnq7edv336zjcio7evothaoadcohde,pumpfun-create-borsh-v1,success
solana:5z2EnBQTu6WUt9tFKrhph3JbkjqAdGhDoW12ESnTigkU6MkmP5NsFiSwDHwBHiqWcNdJvGGVEB8vxasBNebsLbUB:2:0,solana-mainnet,pump.fun,5z2EnBQTu6WUt9tFKrhph3JbkjqAdGhDoW12ESnTigkU6MkmP5NsFiSwDHwBHiqWcNdJvGGVEB8vxasBNebsLbUB,451616286,1790678067,2,0,Bz7HZ34MMkh9s2uwdQr6BzoL6nuRu5Vdk6bqf7yhpump,TokenzQdBNbLqP5VEhdkAS6EPFLC1PHnBqCXEpPxuEb,https://ipfs.io/ipfs/bafkreic6tg3ckibvxmhvhe252irggxenw6p4styi4ykkf65ssrtgfh6tgi,pumpfun-create-borsh-v1,success
solana:VoHZ6zkn5m27NCZA2ZYZhoAAUQjpZz7CqArnTcmioyeN9ZQFweNCjaKnXzsLgVwApnNYNizpq5wuQzqmh5AjpWu:2:0,solana-mainnet,pump.fun,VoHZ6zkn5m27NCZA2ZYZhoAAUQjpZz7CqArnTcmioyeN9ZQFweNCjaKnXzsLgVwApnNYNizpq5wuQzqmh5AjpWu,451616263,1790678060,2,0,dBCeGxnPbGfR2R6qoEtnuw1MyXG6NL6RjLRpd8xpump,TokenzQdBNbLqP5VEhdkAS6EPFLC1PHnBqCXEpPxuEb,https://meta.uxento.io/data/7ba8c540-5e24-4887-9591-137303172430,pumpfun-create-borsh-v1,success
solana:56V6m9Hx5MSscpsVyhtzToPvncbxZrjfDGWDAXoaZS4CLht4GhvXcC6CW67rraLkfqN6po8BEi4prYiHyAigLAij:2:0,solana-mainnet,pump.fun,56V6m9Hx5MSscpsVyhtzToPvncbxZrjfDGWDAXoaZS4CLht4GhvXcC6CW67rraLkfqN6po8BEi4prYiHyAigLAij,451616261,1790678060,2,0,EsNermfj5EnnwEirRFT42uWFcpb9cuP4aZyXH5pJpump,TokenzQdBNbLqP5VEhdkAS6EPFLC1PHnBqCXEpPxuEb,https://ipfs.io/ipfs/bafkreidujgaepq32byhece6443sy5nps6at6hrhkdfibyemwiavwz37wdm,pumpfun-create-borsh-v1,success
solana:5Fd1VzjZdLJYHpJ1t9HPQQwbRyPtN2vChYk3N2jGRpUwFdA2NaymgiFQPL9Wvfe94QH3WGJeuttT36bCSkSTF3PJ:2:0,solana-mainnet,pump.fun,5Fd1VzjZdLJYHpJ1t9HPQQwbRyPtN2vChYk3N2jGRpUwFdA2NaymgiFQPL9Wvfe94QH3WGJeuttT36bCSkSTF3PJ,451616252,1790678057,2,0,EbZqET5Nni7EgywazVnSEhmxnEcUzgwtV7ahNadUpump,TokenzQdBNbLqP5VEhdkAS6EPFLC1PHnBqCXEpPxuEb,https://ipfs.io/ipfs/Qmebq9MwP8kEgRB4SUYCoT77jbiqrZTmni3twvvNuNvqXe,pumpfun-create-borsh-v1,success
solana:2gow1qaPU1aBgDNMnp7AWU1LRxRHVkRdvwjzvWs6DEEftCLWivCXeuDATVtGnH7mc4kTqW9jJV5RgCLNTjKDRsU:2:0,solana-mainnet,pump.fun,2gow1qaPU1aBgDNMnp7AWU1LRxRHVkRdvwjzvWs6DEEftCLWivCXeuDATVtGnH7mc4kTqW9jJV5RgCLNTjKDRsU,451616251,1790678057,2,0,6hC9EbRWF7VNV13BGxygPNTKPHkNu2vtpqpmzj6Upump,TokenzQdBNbLqP5VEhdkAS6EPFLC1PHnBqCXEpPxuEb,https://meta.uxento.io/data/fccdc9a7-d413-4503-bdd7-8da52998a180,pumpfun-create-borsh-v1,success
solana:4fhGheS3TcMHaDfos1A4g9dSKL1eEy9bGjVrvdp5A5Doef4Wkaa9gaX5BSXDjtZyTRJvXpVonSKZ4MjKQfzjLNkR:2:0,solana-mainnet,pump.fun,4fhGheS3TcMHaDfos1A4g9dSKL1eEy9bGjVrvdp5A5Doef4Wkaa9gaX5BSXDjtZyTRJvXpVonSKZ4MjKQfzjLNkR,451616203,1790678045,2,0,HssjRzp4gvjnzgKdqz226PFxYBBUKp5kUn5zNzNrpump,TokenzQdBNbLqP5VEhdkAS6EPFLC1PHnBqCXEpPxuEb,https://ipfs.io/ipfs/QmSaH1UBksbqAvDDcShiYXjiRhadyz27PGXDJof96BKTnb,pumpfun-create-borsh-v1,success
solana:sZyKBNq4LKBDniMM5rVhWE7T4rQ9iz54ULBszoisWWHAm2VtdVgjq9nqNTRK2wrppytjt9Zjk81CA2qUFMUavQ6:2:0,solana-mainnet,pump.fun,sZyKBNq4LKBDniMM5rVhWE7T4rQ9iz54ULBszoisWWHAm2VtdVgjq9nqNTRK2wrppytjt9Zjk81CA2qUFMUavQ6,451616201,1790678044,2,0,GMGYQH8mViNASH2jn6ZLbJ8MQzXpCSmeuWxhqKPxpump,TokenzQdBNbLqP5VEhdkAS6EPFLC1PHnBqCXEpPxuEb,https://ipfs.io/ipfs/bafkreicsg4gdjvkcsffbftwt5jsxzge2nxjfvihkbk2xomj6muiz4ynrru,pumpfun-create-borsh-v1,success
solana:3mAVuzx7MR52cWEkusmd4bTB8GaVG4eGjMKphuM69EL2nsTLpMRJQ5GFQB7Shn5zc47zwLGuEN1mudSDx85sKqGp:2:0,solana-mainnet,pump.fun,3mAVuzx7MR52cWEkusmd4bTB8GaVG4eGjMKphuM69EL2nsTLpMRJQ5GFQB7Shn5zc47zwLGuEN1mudSDx85sKqGp,451616183,1790678039,2,0,4Z1WScf1iLxHAcdrdf5mU5D3ndqy2ads2Af9w5e6pump,TokenzQdBNbLqP5VEhdkAS6EPFLC1PHnBqCXEpPxuEb,https://ipfs.io/ipfs/QmNuU4f9okMPJs6vr543t7zMS9u1rsgUnqsHyfLMsqrc5m,pumpfun-create-borsh-v1,success
solana:3VxHrRzjZk6ghSpRqH5qpbTmxF6KL8w1MUtmeturP75CASfnTNBtHeaWyPouyz4bgF3wpug6fWfKjuQ9a6agaEUd:0:0,solana-mainnet,pump.fun,3VxHrRzjZk6ghSpRqH5qpbTmxF6KL8w1MUtmeturP75CASfnTNBtHeaWyPouyz4bgF3wpug6fWfKjuQ9a6agaEUd,451616172,1790678036,0,0,8aHeTpe8cE59mB6WF45TgR6JkZZqiYs1zhSyD3Ztpump,TokenzQdBNbLqP5VEhdkAS6EPFLC1PHnBqCXEpPxuEb,https://pump.mypinata.cloud/ipfs/bafkreidkxy2k6z4gvk5fgv6jxoohewxbzdkalm7nvixhq43umujdlstogq,pumpfun-create-borsh-v1,success
solana:4hCaZXL7M6idhvzysA5ndeo2kQ868BFEUMkFuhiNJt8Nrg2qdbDBXyBU38t5eh9eztZ8PzVzZtB4phUPABQcg35u:2:0,solana-mainnet,pump.fun,4hCaZXL7M6idhvzysA5ndeo2kQ868BFEUMkFuhiNJt8Nrg2qdbDBXyBU38t5eh9eztZ8PzVzZtB4phUPABQcg35u,451616172,1790678036,2,0,7n2KhumXNLXNkpVqMCLu9My3hajtEkRbSSWhYZ5gpump,TokenzQdBNbLqP5VEhdkAS6EPFLC1PHnBqCXEpPxuEb,https://ipfs.io/ipfs/bafkreiffe3ma67mcj5eqsyeptzagq3kx4fu36mdrpye3kpikjb2x2xawnq,pumpfun-create-borsh-v1,success
solana:2jKu31zJBtYDD7cgcEiBarXxuTg9b94shUcr7c8jRBknbLrqBuaxVyPVgQVYLXqZwMxiVnwKiq8PEPiknTRzV9qN:2:0,solana-mainnet,pump.fun,2jKu31zJBtYDD7cgcEiBarXxuTg9b94shUcr7c8jRBknbLrqBuaxVyPVgQVYLXqZwMxiVnwKiq8PEPiknTRzV9qN,451616169,1790678036,2,0,89838pckGeEdXmjSA7r6ro8eYDMwQ5A4GcyrfmQJpump,TokenzQdBNbLqP5VEhdkAS6EPFLC1PHnBqCXEpPxuEb,https://ipfs.io/ipfs/QmZi6tr6YoCrqLYocyBinjZcbXt8xTZCpTWw1mdJ6FSsRo,pumpfun-create-borsh-v1,success
solana:GMDpLRqRuTx9JpsYoaxCbkpEhDirParzJFXPLSUXgNb1wubkpfEoZ6msCWLT8TBJgMMAZA2dgTuRPj5GjpBuprx:2:0,solana-mainnet,pump.fun,GMDpLRqRuTx9JpsYoaxCbkpEhDirParzJFXPLSUXgNb1wubkpfEoZ6msCWLT8TBJgMMAZA2dgTuRPj5GjpBuprx,451616160,1790678033,2,0,J8hMqAfrvXEmpJyrjeS54cNrVx3KvNdqdFXppSMppump,TokenzQdBNbLqP5VEhdkAS6EPFLC1PHnBqCXEpPxuEb,https://ipfs.io/ipfs/bafkreibbbovcllcjrwq46jnuq4dcypzyzdnlykcubtivuul2tstp535ona,pumpfun-create-borsh-v1,success
solana:45E2k7pz6Sra9EasgWcb7MUfB3UWtXi983XEfT1SFbSgdw6VBZ7gg1U7qgdZpf8swEh6w3FexvfJyxxiyrFkwVzF:2:0,solana-mainnet,pump.fun,45E2k7pz6Sra9EasgWcb7MUfB3UWtXi983XEfT1SFbSgdw6VBZ7gg1U7qgdZpf8swEh6w3FexvfJyxxiyrFkwVzF,451616155,1790678032,2,0,8otvCKGt7oTLUGp6e4DFhsW4xfpk9SqDdwe3XpMFpump,TokenzQdBNbLqP5VEhdkAS6EPFLC1PHnBqCXEpPxuEb,https://ipfs.io/ipfs/Qmd3XyeHahgjiQB6bVvHrb2x5bJix9KEnzPDs2dBoSEwwG,pumpfun-create-borsh-v1,success
solana:4kwRXVw9hZM3vzpQnwCzCthZztsV5psUCL1kND9BCmG1QZryo9YV3pdmBJQ6HUpogthCEpnc2UUiwJiPZoM2zL2o:2:0,solana-mainnet,pump.fun,4kwRXVw9hZM3vzpQnwCzCthZztsV5psUCL1kND9BCmG1QZryo9YV3pdmBJQ6HUpogthCEpnc2UUiwJiPZoM2zL2o,451616133,1790678026,2,0,6sdc42FAfJanfsVj8vce4fRGQkc6WD1KWuBzjQX8pump,TokenzQdBNbLqP5VEhdkAS6EPFLC1PHnBqCXEpPxuEb,https://ipfs.io/ipfs/QmX7c1M8vKBA2wCCEKFtx4qQgTZAcmriA6E2NSFnvirz2w,pumpfun-create-borsh-v1,success
solana:5uFM2QhydqLDncQDPdbwBk9Er55NTNSA6nfZXeD2s5xfEE2ecAGcD9CKAkjTXKKNQcGcDtyov7gzZPNiYKfrsWBC:2:0,solana-mainnet,pump.fun,5uFM2QhydqLDncQDPdbwBk9Er55NTNSA6nfZXeD2s5xfEE2ecAGcD9CKAkjTXKKNQcGcDtyov7gzZPNiYKfrsWBC,451616112,1790678021,2,0,39aZKPLmZYUk4Gyb8CrmJLsJSdHkzExkkwa4yQ8Lpump,TokenzQdBNbLqP5VEhdkAS6EPFLC1PHnBqCXEpPxuEb,https://m.rapidlaunch.io/m/hwZzS0MzR,pumpfun-create-borsh-v1,success
solana:2nEeL2rLarXWR1XrSFpR3kcH4ZBBcYhtoSiMD24u2DQU2JddkgRyQH4YLJKDfYEi3h1gGa71BrZhJ7z6h352BrVf:2:0,solana-mainnet,pump.fun,2nEeL2rLarXWR1XrSFpR3kcH4ZBBcYhtoSiMD24u2DQU2JddkgRyQH4YLJKDfYEi3h1gGa71BrZhJ7z6h352BrVf,451616107,1790678019,2,0,BZ2q2FosjHicyviYkPezGDqx13ZLLm1VueYY3Wkxn6fz,TokenzQdBNbLqP5VEhdkAS6EPFLC1PHnBqCXEpPxuEb,https://metadata.j7tracker.io/metadata/85bb4cacd4b442f2.json,pumpfun-create-borsh-v1,success
solana:36UEVmN9qDvD8itm2wxaMGxHPabLgcnDhj3HDHAFKobCxMeXMrQctWZHwTKb83bi9x43Tk13jso57WWwUmTHFax5:2:0,solana-mainnet,pump.fun,36UEVmN9qDvD8itm2wxaMGxHPabLgcnDhj3HDHAFKobCxMeXMrQctWZHwTKb83bi9x43Tk13jso57WWwUmTHFax5,451616103,1790678018,2,0,EMb4d9a1FyULpbR6fSEL5GMQppnAp7RTSSL4rXGipump,TokenzQdBNbLqP5VEhdkAS6EPFLC1PHnBqCXEpPxuEb,https://ipfs.io/ipfs/QmaacZFXMYsvyQ9zR9xe8PioRm9hF8ZwfqZ1V5y4ZXzS5f,pumpfun-create-borsh-v1,success
solana:4ueEM1iT4heKwxvbrhpkV7ogPQgPrVVtAjcec5TzEnPQrJYPVAraheo5rfHB4uVTcG9rHB5gNirFE2DviRYNwLpN:2:0,solana-mainnet,pump.fun,4ueEM1iT4heKwxvbrhpkV7ogPQgPrVVtAjcec5TzEnPQrJYPVAraheo5rfHB4uVTcG9rHB5gNirFE2DviRYNwLpN,451616080,1790678012,2,0,Ac4946Dvg2QFHeG85qBAkw2SRgbyZEpexBzXGn2Zpump,TokenzQdBNbLqP5VEhdkAS6EPFLC1PHnBqCXEpPxuEb,https://ipfs.io/ipfs/QmNrd2tdjLpFxTzHg4vyd2KsqKtdXqon2Knx221P4Vsou7,pumpfun-create-borsh-v1,success
solana:2A8AJHLC7AweTayaZQ53gnYPZZJg8rUW9jwhy4dt4YG9TgQjF8CaQxpnQBh5V7ZPNPTbwzAJ1rc5UassRKfQEiVz:2:0,solana-mainnet,pump.fun,2A8AJHLC7AweTayaZQ53gnYPZZJg8rUW9jwhy4dt4YG9TgQjF8CaQxpnQBh5V7ZPNPTbwzAJ1rc5UassRKfQEiVz,451616062,1790678007,2,0,HtArnp8toHowqum4uF3eYgZF7YTnNZyAFpyrA1nHpump,TokenzQdBNbLqP5VEhdkAS6EPFLC1PHnBqCXEpPxuEb,https://ipfs.io/ipfs/bafkreicqj7uzajf2wjiovjlgd6czkumaepwhduw7an7jkcs4axjk2acnxq,pumpfun-create-borsh-v1,success
solana:2heXLiSe5XNSBN8GUX37Sqy7xtL8w6L6uiXqbLu9p52mA2jHzGBFqkuKbJeVyGC9sqpjVBEbpwKwmgQcMfqPLYyW:2:0,solana-mainnet,pump.fun,2heXLiSe5XNSBN8GUX37Sqy7xtL8w6L6uiXqbLu9p52mA2jHzGBFqkuKbJeVyGC9sqpjVBEbpwKwmgQcMfqPLYyW,451616059,1790678006,2,0,HCepHoD4bVNzo2Y2S2mP3sKuxeBUQLhiTG8dynjNEKxT,TokenzQdBNbLqP5VEhdkAS6EPFLC1PHnBqCXEpPxuEb,https://metadata.j7tracker.io/metadata/kejQnvozAG.json,pumpfun-create-borsh-v1,success
solana:5DUMDdPpTkayXsZnoYDDGvNnxcExt1Vu7S8FQ5axsvhNPbehbxoQXr484E8S9Gw8DTLq3AQyZinbsKrCP1BQUmXk:2:0,solana-mainnet,pump.fun,5DUMDdPpTkayXsZnoYDDGvNnxcExt1Vu7S8FQ5axsvhNPbehbxoQXr484E8S9Gw8DTLq3AQyZinbsKrCP1BQUmXk,451616058,1790678006,2,0,ANGn5yafkvwmADA4b7EuTBSvhh8VmntQkfykHoBCpump,TokenzQdBNbLqP5VEhdkAS6EPFLC1PHnBqCXEpPxuEb,https://ipfs.io/ipfs/bafkreidzrracgxmjz6mzohnrexq3vuc2itm5fe6r2e467c6veasxbms34a,pumpfun-create-borsh-v1,success
solana:WhFgaAcfsHPdfZsjc7ZKJ2vSYcuV4NQEpFgvXdhKojeyXxAuDxP2v746CMvyVmxndDHShv2U5VHKC6MhjhLzXKf:2:0,solana-mainnet,pump.fun,WhFgaAcfsHPdfZsjc7ZKJ2vSYcuV4NQEpFgvXdhKojeyXxAuDxP2v746CMvyVmxndDHShv2U5VHKC6MhjhLzXKf,451616042,1790678002,2,0,HpneqU5zYhzX8kPHmSzjEaCDsR45y6SzDy3TbK2rpump,TokenzQdBNbLqP5VEhdkAS6EPFLC1PHnBqCXEpPxuEb,https://m.rapidlaunch.io/m/er09mgJoQ,pumpfun-create-borsh-v1,success
solana:5hEdWqV2jp5ckZaHMAxk7UWc5Ug5Ri1G54VaAzbq75ZYicemaYR8mKBxCuyU6PM3xhKUU3a9JUJ1RfWRdNnGJbB9:2:0,solana-mainnet,pump.fun,5hEdWqV2jp5ckZaHMAxk7UWc5Ug5Ri1G54VaAzbq75ZYicemaYR8mKBxCuyU6PM3xhKUU3a9JUJ1RfWRdNnGJbB9,451616042,1790678002,2,0,8yyxpiXPiZQrB5UF38s5JKbXEg66XSuqHs5Mkmdzpump,TokenzQdBNbLqP5VEhdkAS6EPFLC1PHnBqCXEpPxuEb,https://ipfs.io/ipfs/bafkreia6zjwpgciohgbplpod2ngjttj6y7f4kue375swzww2taz7inewze,pumpfun-create-borsh-v1,success
solana:ThTJja8tPuD6BwUdYa8shPx9NoGvbjPiJW1DbP8vD4Km1Tfsa5v6NGqQB9CYHLUN7aKenkXY3uyGRAt25b2Wjk6:2:0,solana-mainnet,pump.fun,ThTJja8tPuD6BwUdYa8shPx9NoGvbjPiJW1DbP8vD4Km1Tfsa5v6NGqQB9CYHLUN7aKenkXY3uyGRAt25b2Wjk6,451616035,1790678000,2,0,3onEjn31cCUiCrsBapf1frqDtN9ai5sxXR5Tr5wApump,TokenzQdBNbLqP5VEhdkAS6EPFLC1PHnBqCXEpPxuEb,https://ipfs.io/ipfs/bafkreieqzmgqjcciayvvuuuwv6cpdlm3fq6da4j5a23uwe763kxcccydzq,pumpfun-create-borsh-v1,success
solana:2GdC2xVDqHdBUGBkDLmySNegawjSznveAb83NxbT17qACvWTNt9cFVmVYs5DXRagvw2crRctNZuWi2DqjphtMVP8:2:0,solana-mainnet,pump.fun,2GdC2xVDqHdBUGBkDLmySNegawjSznveAb83NxbT17qACvWTNt9cFVmVYs5DXRagvw2crRctNZuWi2DqjphtMVP8,451616029,1790677998,2,0,D2outfoL6k5A7LrqtSYqHVUzJehPk63CXMBfZ1Npump,TokenzQdBNbLqP5VEhdkAS6EPFLC1PHnBqCXEpPxuEb,https://ipfs.io/ipfs/QmNfsmECLYbJzhqrXLTtsQr6KkkigFCaJSM12UoVy79pNa,pumpfun-create-borsh-v1,success
solana:661mrfeRUSkRW5vL1xP1wSN5xDoS59KZL4oGTanVXWpGz73p7X51qLHEPupcDy7CiqCYhwrM5oHPevDJvrrPvTQT:2:0,solana-mainnet,pump.fun,661mrfeRUSkRW5vL1xP1wSN5xDoS59KZL4oGTanVXWpGz73p7X51qLHEPupcDy7CiqCYhwrM5oHPevDJvrrPvTQT,451616020,1790677996,2,0,4k23pczFdnY7LnHM5oVPid57JoGmUcMszBQnAqhGpump,TokenzQdBNbLqP5VEhdkAS6EPFLC1PHnBqCXEpPxuEb,https://ipfs.io/ipfs/Qmd3XyeHahgjiQB6bVvHrb2x5bJix9KEnzPDs2dBoSEwwG,pumpfun-create-borsh-v1,success
solana:53UqYDGwrfxtH6PsJ5HC4ip4eLKcAkkMbsjJafq3B94WqvmyVCcCC5ekznQ4tqg4iRoERT6mhWVMk1EcgmCeGrhA:2:0,solana-mainnet,pump.fun,53UqYDGwrfxtH6PsJ5HC4ip4eLKcAkkMbsjJafq3B94WqvmyVCcCC5ekznQ4tqg4iRoERT6mhWVMk1EcgmCeGrhA,451616015,1790677994,2,0,8X4TwAvxVdfrg3F2Que6mLtCTj5KRzVqnWmw6hYhpump,TokenzQdBNbLqP5VEhdkAS6EPFLC1PHnBqCXEpPxuEb,https://ipfs.io/ipfs/bafkreia2axbuetvm5q2cwvrgq54jre6wsyqrdcswhn64feacvvz5hj4fim,pumpfun-create-borsh-v1,success
solana:3CaqYDj1hcStJQ3B19wf8KcpALdjSt36nsLHTTmd3bhANH5HobEEpia1Yi55yMZhj4jAk6kVDKL6oMscSMCScVfF:2:0,solana-mainnet,pump.fun,3CaqYDj1hcStJQ3B19wf8KcpALdjSt36nsLHTTmd3bhANH5HobEEpia1Yi55yMZhj4jAk6kVDKL6oMscSMCScVfF,451616007,1790677992,2,0,ARXHS9Uwb4dWndtkhwiuKi5zAZRffjZye5Un6LEkpump,TokenzQdBNbLqP5VEhdkAS6EPFLC1PHnBqCXEpPxuEb,https://ipfs.io/ipfs/QmYk3f3VnoVJS8zPGfDS4X6S6YYPLwgfRHN6ttFgGkh5kR,pumpfun-create-borsh-v1,success
solana:2RoAc73J7Ph3b29t2HCKqtqA4nc1s81oHTGgBdUM97qrpPYhVeiNxzVZeyQuQBrqdo3CFEMERY9tr1LwRfcQRUf9:2:0,solana-mainnet,pump.fun,2RoAc73J7Ph3b29t2HCKqtqA4nc1s81oHTGgBdUM97qrpPYhVeiNxzVZeyQuQBrqdo3CFEMERY9tr1LwRfcQRUf9,451616006,1790677992,2,0,A8VVdebByxvxfM3Nim6t9iuFDGEWh5j8x3ViWY1Apump,TokenzQdBNbLqP5VEhdkAS6EPFLC1PHnBqCXEpPxuEb,https://ipfs.io/ipfs/QmWhabDrLmJ695bntu18rcpEcMwXU5SPYAhJ7eRJErxuKN,pumpfun-create-borsh-v1,success
solana:4vQ5JJuYEdgXzHqPo2ZYLYqhw4H7Aq3poLckduVj6bE6sKVeZ38zGptP37pJfGyUwHkaw6QFwzwiuxd8TBvXpshQ:2:0,solana-mainnet,pump.fun,4vQ5JJuYEdgXzHqPo2ZYLYqhw4H7Aq3poLckduVj6bE6sKVeZ38zGptP37pJfGyUwHkaw6QFwzwiuxd8TBvXpshQ,451616004,1790677991,2,0,91n6CeZW3BttnVpXwjs7tyQ9vyDCFpJTueHsxWwgpump,TokenzQdBNbLqP5VEhdkAS6EPFLC1PHnBqCXEpPxuEb,https://ipfs.launchblitz.ai/async/91n6CeZW3BttnVpXwjs7tyQ9vyDCFpJTueHsxWwgpump.json,pumpfun-create-borsh-v1,success
solana:63mU6HSNW3237pVFdnVUAwXqPquvAEJQthr2zuW7wCLvXCMiR9xGtJtbzUcS76W19krQHtvxwpdUd4bB3LdgEuP5:2:0,solana-mainnet,pump.fun,63mU6HSNW3237pVFdnVUAwXqPquvAEJQthr2zuW7wCLvXCMiR9xGtJtbzUcS76W19krQHtvxwpdUd4bB3LdgEuP5,451616003,1790677991,2,0,AtA7bW1ZjEmsppZMn4MySfAYPamV2tqk3FbetRbXc8s,TokenzQdBNbLqP5VEhdkAS6EPFLC1PHnBqCXEpPxuEb,https://ipfs.io/ipfs/bafkreibw3sti34tnvdmlzeguiqj7hagf6gytfpzoxlr2dhi7gbnw2dxxi4,pumpfun-create-borsh-v1,success
solana:3EDBUwdJty93YYHd5AB5ZDmjoKCqQbtiRLC2i8rY9ZmgQDGsmEV82kwCSEajdSuuDysiXGuy52nghmQSgKHieaA7:0:0,solana-mainnet,pump.fun,3EDBUwdJty93YYHd5AB5ZDmjoKCqQbtiRLC2i8rY9ZmgQDGsmEV82kwCSEajdSuuDysiXGuy52nghmQSgKHieaA7,451615985,1790677987,0,0,FqW1aj93JwQifqz1EH1ak5AGM4Qf289ej8tKw5ZNnnmu,TokenzQdBNbLqP5VEhdkAS6EPFLC1PHnBqCXEpPxuEb,https://metadata.j7tracker.io/m/Nrj08wNXsR,pumpfun-create-borsh-v1,success
solana:4eTVmTNymdX2ChgZNZu71aHJoety1wHeTc3nAeND3XoivHuAvUfmZNGCbuzJeXnJHxA1Y4QpnCNXb1c9ufqEdgGt:2:0,solana-mainnet,pump.fun,4eTVmTNymdX2ChgZNZu71aHJoety1wHeTc3nAeND3XoivHuAvUfmZNGCbuzJeXnJHxA1Y4QpnCNXb1c9ufqEdgGt,451615972,1790677983,2,0,GAgHt6DBmTWJZbcTKXVMtBPvUuicvYnXQ2cjJ5ZTpump,TokenzQdBNbLqP5VEhdkAS6EPFLC1PHnBqCXEpPxuEb,https://ipfs.io/ipfs/Qmav9aWat6ScrS4Jsb6HU7X3QYu9rX9Lscf77QTWPgqDuB,pumpfun-create-borsh-v1,success
solana:2b5JbbTkTsJvoj5E66dzDw52N2CtYDVD4xuG41EjRoEEwbMFRzTBjRhbQUUVz9AYdytEKcCE2wkdApQyCkfmA851:2:0,solana-mainnet,pump.fun,2b5JbbTkTsJvoj5E66dzDw52N2CtYDVD4xuG41EjRoEEwbMFRzTBjRhbQUUVz9AYdytEKcCE2wkdApQyCkfmA851,451615972,1790677983,2,0,92o5JsnhN9pWGxmrwU1RYH9kUfbCXk5Y8MrVSSd7pump,TokenzQdBNbLqP5VEhdkAS6EPFLC1PHnBqCXEpPxuEb,https://ipfs.io/ipfs/QmUNUGatXu7j7VZeRg9rgZ8eg3vZoiR8AtADGUhsEV3yRR,pumpfun-create-borsh-v1,success
solana:4nJV9KtJbnV5ESQTew4HS4rwcBzLAmtWLBX7vEjp1Wfrym2Y4yhZ562dJbWwz3GMxk15gnmeruDF2eYTxXa4SiaE:2:0,solana-mainnet,pump.fun,4nJV9KtJbnV5ESQTew4HS4rwcBzLAmtWLBX7vEjp1Wfrym2Y4yhZ562dJbWwz3GMxk15gnmeruDF2eYTxXa4SiaE,451615961,1790677980,2,0,9665ynRV6FAGbonTSfCWVd6heR6u8PfjfYqYBFHbpump,TokenzQdBNbLqP5VEhdkAS6EPFLC1PHnBqCXEpPxuEb,https://ipfs.io/ipfs/QmVYMhooQZDJcwvDC6BdDT7XFBsxdFSawTzswXUzkf6XbU,pumpfun-create-borsh-v1,success
solana:aQw3Rcj9KzL1wbp1ggKfAfuuVQ13wAppxRxbmu1jqGFaGsWFk443Gd4mTfYUicnUZZt5T7AD1JVPP4Ymi8vtTsi:2:0,solana-mainnet,pump.fun,aQw3Rcj9KzL1wbp1ggKfAfuuVQ13wAppxRxbmu1jqGFaGsWFk443Gd4mTfYUicnUZZt5T7AD1JVPP4Ymi8vtTsi,451615960,1790677980,2,0,9iSENaUamxDCjWyX6CW2nUfbbtj3Pi4RPBdYxg84URG7,TokenzQdBNbLqP5VEhdkAS6EPFLC1PHnBqCXEpPxuEb,https://ipfs.io/ipfs/bafkreieabce25kmxuafqsdda4mnzaj7akmnoicpqfvxzvueqppt6f536re,pumpfun-create-borsh-v1,success
solana:4Ud7HtSWW86AY1WfDBg7j4inFdXMFhoSjZg3YnafBbBBsE11HbwJmU5edgF9pHbuhwvZKwdEp2JpMmPakG5AxFUF:2:0,solana-mainnet,pump.fun,4Ud7HtSWW86AY1WfDBg7j4inFdXMFhoSjZg3YnafBbBBsE11HbwJmU5edgF9pHbuhwvZKwdEp2JpMmPakG5AxFUF,451615959,1790677980,2,0,HmE769KkNvfnUcwKsmbyCC8RBTvRTfddEGsFf6FEpump,TokenzQdBNbLqP5VEhdkAS6EPFLC1PHnBqCXEpPxuEb,https://ipfs.io/ipfs/QmaQ3yuLt41CFkVf7niEsGUpZh3WmkoXfqkWDHWgRVv1GJ,pumpfun-create-borsh-v1,success
solana:61SxsaFGH8SC8trV7ZRRwrbhdo7oPgTACvmFY2pjhvHQkQUWusAXFFWVYKHJ8xLrGJp71cxcy88AdftmokBtdB4h:2:0,solana-mainnet,pump.fun,61SxsaFGH8SC8trV7ZRRwrbhdo7oPgTACvmFY2pjhvHQkQUWusAXFFWVYKHJ8xLrGJp71cxcy88AdftmokBtdB4h,451615957,1790677979,2,0,6HikrwNfBhGK9vrtwtphsg9pTeJpEBi5thsGirkXpump,TokenzQdBNbLqP5VEhdkAS6EPFLC1PHnBqCXEpPxuEb,https://ipfs.io/ipfs/bafkreifaqkrewzcqustomuckato3s57blmrhbbc7ts4of6kbzp2gtdbim4,pumpfun-create-borsh-v1,success
solana:5yXByoqJoGB9ZfjAf6dQX9CReyPxzJd2pAAtq7fKvnb6a6i5R4bDThiJwtfWDRttfBnyG7oHWuczHXUcCcR5RhAd:0:0,solana-mainnet,pump.fun,5yXByoqJoGB9ZfjAf6dQX9CReyPxzJd2pAAtq7fKvnb6a6i5R4bDThiJwtfWDRttfBnyG7oHWuczHXUcCcR5RhAd,451615929,1790677972,0,0,3ucXJVrXAMBeFbP8krK3tojkYy94uRjLUUAmmi3x2FgW,TokenzQdBNbLqP5VEhdkAS6EPFLC1PHnBqCXEpPxuEb,https://metadata.j7tracker.io/metadata/ZUNKrLWaSb.json,pumpfun-create-borsh-v1,success
solana:pvKuUZLoCZjkJuWz2XgK2vUTziRLcbxjhJfQa3ZCqyZdKHHk9VDeAnYBxkzcxoyCg1HV7kPDFp9ZUwq9tZHFtNf:2:0,solana-mainnet,pump.fun,pvKuUZLoCZjkJuWz2XgK2vUTziRLcbxjhJfQa3ZCqyZdKHHk9VDeAnYBxkzcxoyCg1HV7kPDFp9ZUwq9tZHFtNf,451615925,1790677971,2,0,BDBeoiUj63PjC3LD5xA11MYQ928NEhfrPiVpCzKjYyAM,TokenzQdBNbLqP5VEhdkAS6EPFLC1PHnBqCXEpPxuEb,https://metadata.j7tracker.io/metadata/ZUNKrLWaSb.json,pumpfun-create-borsh-v1,success
solana:2onMtXwWzR9VQA1JYFaegP8bmx4UYwDV2P5kJcs6dvfmeYNQgUZfqpteFxrYD5zzBcXreZQczy3shriwXpkjdrhy:1:0,solana-mainnet,pump.fun,2onMtXwWzR9VQA1JYFaegP8bmx4UYwDV2P5kJcs6dvfmeYNQgUZfqpteFxrYD5zzBcXreZQczy3shriwXpkjdrhy,451615909,1790677967,1,0,7vCiv24s73FSDTFrW1owNqAS5acxMVq5e3XfEKSywR2j,TokenzQdBNbLqP5VEhdkAS6EPFLC1PHnBqCXEpPxuEb,https://ipfs.io/ipfs/bafkreievzsmt75yo4gubplhvgbp3syhhserxu2hdrly2aa7b4zs3cczxmy,pumpfun-create-borsh-v1,success
solana:3he6cgQWAaGB5fUC75Qs3UjMkbmjLBcLSNcYXPHz34eBQVN5n7ajNsU9oJSLz3hX4M3AZQb4LV4SBR51FnTdJ3iL:2:0,solana-mainnet,pump.fun,3he6cgQWAaGB5fUC75Qs3UjMkbmjLBcLSNcYXPHz34eBQVN5n7ajNsU9oJSLz3hX4M3AZQb4LV4SBR51FnTdJ3iL,451615909,1790677967,2,0,7PqC2vSNskv7To1MpyAPAaao6YQccqxChTT3qj1jpump,TokenzQdBNbLqP5VEhdkAS6EPFLC1PHnBqCXEpPxuEb,https://ipfs.io/ipfs/QmV53HJdVTMoveN6CFsf8ZdWTgvMUxL5RJK2aoCbt3HBj5,pumpfun-create-borsh-v1,success
solana:5WW8fgLJGQwqoRumhw9shFugx7n72j7ZQsjd8XzLsAdYSF1DW8LFB3gxwSF24nR9oK9rdLbBfzsjnCAawm9tD8m1:2:0,solana-mainnet,pump.fun,5WW8fgLJGQwqoRumhw9shFugx7n72j7ZQsjd8XzLsAdYSF1DW8LFB3gxwSF24nR9oK9rdLbBfzsjnCAawm9tD8m1,451615900,1790677964,2,0,3CynhKRZfXAhxto8EJsPdpt3ffzbV2RsVL56uMKTpump,TokenzQdBNbLqP5VEhdkAS6EPFLC1PHnBqCXEpPxuEb,https://ipfs.io/ipfs/QmbRi6D4ehx9wYsH1cgfgwxvGwzUZpGGH1WEFQJK3TpD53,pumpfun-create-borsh-v1,success
solana:3MCs1G7u2awJJkTj4RGCAEFs61TYYjtNyVk8w9QJTYrEPf4UK7fPqietsMTv2nSpGDuU6ENtQYnRcd5vxt3f1d1P:2:0,solana-mainnet,pump.fun,3MCs1G7u2awJJkTj4RGCAEFs61TYYjtNyVk8w9QJTYrEPf4UK7fPqietsMTv2nSpGDuU6ENtQYnRcd5vxt3f1d1P,451615877,1790677958,2,0,mSaicxJUDxjPLmxbDXvMQUnCuxv37YrkM6TpeJKpump,TokenzQdBNbLqP5VEhdkAS6EPFLC1PHnBqCXEpPxuEb,https://ipfs.io/ipfs/bafkreid2a4rnwj7d5kxpcxpgjx3onbrjrdwf2tgwye7uprkd74xn2atseq,pumpfun-create-borsh-v1,success
solana:3a3FWX8nfNPtbr6vh9KVqyJHxtfCdhd9NSAqiLiUUozvZLUPGbUWMbRWCWcAvAtdiqivXWYZKxkVCZVzRZDJ5aUJ:2:0,solana-mainnet,pump.fun,3a3FWX8nfNPtbr6vh9KVqyJHxtfCdhd9NSAqiLiUUozvZLUPGbUWMbRWCWcAvAtdiqivXWYZKxkVCZVzRZDJ5aUJ,451615872,1790677956,2,0,2FUYBerDC2uotemJLUnKXg7vVwcXc1kVsZ8RpXR8pump,TokenzQdBNbLqP5VEhdkAS6EPFLC1PHnBqCXEpPxuEb,https://ipfs.io/ipfs/bafkreibunhvro6ypezgbgnepk44kf6z7zdocysup5u2hbiplcrjtu4w2ta,pumpfun-create-borsh-v1,success
solana:2gEFkiCDCTYeczS7usWyxjHLY4qsYcZ8WH66X52yWsACwKyrhpLvsFmxB2pSLHYG7eEzbEpF42t6UfBiApJD6yWo:2:0,solana-mainnet,pump.fun,2gEFkiCDCTYeczS7usWyxjHLY4qsYcZ8WH66X52yWsACwKyrhpLvsFmxB2pSLHYG7eEzbEpF42t6UfBiApJD6yWo,451615867,1790677955,2,0,BnnT5Hki2gKjCoynpexjAqxCKGxSPMMN1ikujGJtpump,TokenzQdBNbLqP5VEhdkAS6EPFLC1PHnBqCXEpPxuEb,https://ipfs.io/ipfs/Qmd3XyeHahgjiQB6bVvHrb2x5bJix9KEnzPDs2dBoSEwwG,pumpfun-create-borsh-v1,success
solana:573ocRuTCroQa4VWmSMSoGrQWAMcYvEGEoddqzaxBWTTp9FPQog1ACy6WKXhMstscgGHvifF4kgCzYzXbHQPuC3m:2:0,solana-mainnet,pump.fun,573ocRuTCroQa4VWmSMSoGrQWAMcYvEGEoddqzaxBWTTp9FPQog1ACy6WKXhMstscgGHvifF4kgCzYzXbHQPuC3m,451615852,1790677951,2,0,4NXTb8uLeVjaL8iCKh3K4xnHpzR5GPPgsdkRAddGpump,TokenzQdBNbLqP5VEhdkAS6EPFLC1PHnBqCXEpPxuEb,https://ipfs.io/ipfs/bafkreibj4vxepfauck4kgpvvb5cvdhg7ad7hjmkgxertzlvilx4gq6vyo4,pumpfun-create-borsh-v1,success
solana:4AtYYCAXRJrDWcVSGesPGDBrdszmgJsDiauet5R9R4LqWaqq7aV2vTd6rPscvd9QzFuuodHgpxCXUvfCZfFCJXdE:2:0,solana-mainnet,pump.fun,4AtYYCAXRJrDWcVSGesPGDBrdszmgJsDiauet5R9R4LqWaqq7aV2vTd6rPscvd9QzFuuodHgpxCXUvfCZfFCJXdE,451615852,1790677951,2,0,coybjtdB34ust24Lcp6RL5iYnLkujLW6padiw7Gpump,TokenzQdBNbLqP5VEhdkAS6EPFLC1PHnBqCXEpPxuEb,https://ipfs.io/ipfs/QmNWhnK11mjbK88YeYjMieG74sQtCtBaTs56w2sS7zX2Pf,pumpfun-create-borsh-v1,success
solana:3usHh31BxE6pHGdSC2ugekfjZ1c1VHiYjJd6XiRrQY8iaj8nMoyhENCM1aGq26riGsDtymwQP7S72XzezDrQ7CNs:0:0,solana-mainnet,pump.fun,3usHh31BxE6pHGdSC2ugekfjZ1c1VHiYjJd6XiRrQY8iaj8nMoyhENCM1aGq26riGsDtymwQP7S72XzezDrQ7CNs,451615842,1790677948,0,0,Fdja8bkez3aFwKTgmJJBJvq8pSracpJ3DX7cQBo2W4Lk,TokenzQdBNbLqP5VEhdkAS6EPFLC1PHnBqCXEpPxuEb,https://metadata.j7tracker.io/metadata/d70d6b07983f4233.json,pumpfun-create-borsh-v1,success
solana:4Jqnx14mrZwZzH1dAjoz5GUaVizpDDiFwo9kuvdQGagKkZ1xqXTW2952JKWc4bFVrVS6VsRZ1gB5XuhAaWWPiBcF:0:0,solana-mainnet,pump.fun,4Jqnx14mrZwZzH1dAjoz5GUaVizpDDiFwo9kuvdQGagKkZ1xqXTW2952JKWc4bFVrVS6VsRZ1gB5XuhAaWWPiBcF,451615842,1790677948,0,0,7RtrrxEViihxJAH3s1cSww6PdYhHBzFq9S6xExLYXYou,TokenzQdBNbLqP5VEhdkAS6EPFLC1PHnBqCXEpPxuEb,https://metadata.j7tracker.io/metadata/d70d6b07983f4233.json,pumpfun-create-borsh-v1,success
solana:ewTDUoztDjacEK3b5SF8dcXesXJ4t8xmVqxc7kBMJ9A1NuP1UA7hqJx6Wwwtq7juRQ6aYbMM6Lk6dZKjcqb8aeA:0:0,solana-mainnet,pump.fun,ewTDUoztDjacEK3b5SF8dcXesXJ4t8xmVqxc7kBMJ9A1NuP1UA7hqJx6Wwwtq7juRQ6aYbMM6Lk6dZKjcqb8aeA,451615842,1790677948,0,0,DxWcJxRZL4RoQwNzLTRC2xZwPcK3JCxksMj9wEhGNqDn,TokenzQdBNbLqP5VEhdkAS6EPFLC1PHnBqCXEpPxuEb,https://metadata.j7tracker.io/metadata/d70d6b07983f4233.json,pumpfun-create-borsh-v1,success
solana:5Sj3LJs2qnQ9pWXsKw5sVD49m82AgZwhdG12mobnzSdWPk1fjw7fpv9fziFdstDC6FLD2tGkixUnC1p6iUGtWiNe:0:0,solana-mainnet,pump.fun,5Sj3LJs2qnQ9pWXsKw5sVD49m82AgZwhdG12mobnzSdWPk1fjw7fpv9fziFdstDC6FLD2tGkixUnC1p6iUGtWiNe,451615842,1790677948,0,0,2f4TMxe2bBHeJcMW2yzzM7GeqN1uuLYmZiKgsg3fsNMu,TokenzQdBNbLqP5VEhdkAS6EPFLC1PHnBqCXEpPxuEb,https://metadata.j7tracker.io/metadata/d70d6b07983f4233.json,pumpfun-create-borsh-v1,success
solana:4MLVm45nh5ioF6tPZ6paz2BvPakhiyULKhuvLxb5AxaND4GwSZzP8y22DYcBPsYBNaabh1hiaEGuvQ7gu4sWX97J:0:0,solana-mainnet,pump.fun,4MLVm45nh5ioF6tPZ6paz2BvPakhiyULKhuvLxb5AxaND4GwSZzP8y22DYcBPsYBNaabh1hiaEGuvQ7gu4sWX97J,451615842,1790677948,0,0,7XvzKKtC1HHZ53CrhdecH1RrpZocE4wETxtZ4qSGGxxY,TokenzQdBNbLqP5VEhdkAS6EPFLC1PHnBqCXEpPxuEb,https://metadata.j7tracker.io/metadata/d70d6b07983f4233.json,pumpfun-create-borsh-v1,success
solana:yEdJ9iG5vPWsicmp8qPdjRoqsMaGLaUm52KRUPttwCEHPp3VU1N7b7aDkEtA9FSjVaxVRwp9RA3cepLf4PGXCnq:2:0,solana-mainnet,pump.fun,yEdJ9iG5vPWsicmp8qPdjRoqsMaGLaUm52KRUPttwCEHPp3VU1N7b7aDkEtA9FSjVaxVRwp9RA3cepLf4PGXCnq,451615805,1790677939,2,0,CaypCWtRVJNehaPWXcoRuAZWqd46uCRWfrNiqgUypump,TokenzQdBNbLqP5VEhdkAS6EPFLC1PHnBqCXEpPxuEb,https://ipfs.io/ipfs/bafkreicv7y7gbwoiplmwv6m52gnngxro4ge7griq33545656uvgq6xwfey,pumpfun-create-borsh-v1,success
solana:tHREKU8zcu3D3UqGDe2ra8EAu2U3RhcGEiPb4TZJVjZyHz4DDgd7sRCG8VeP6He5nWLnWcwKibg1qTvWBCEajhx:2:0,solana-mainnet,pump.fun,tHREKU8zcu3D3UqGDe2ra8EAu2U3RhcGEiPb4TZJVjZyHz4DDgd7sRCG8VeP6He5nWLnWcwKibg1qTvWBCEajhx,451615786,1790677934,2,0,C7hfWzvQzsUW9ychY3TudLRnMzBmPtQJGCkmjSJxpump,TokenzQdBNbLqP5VEhdkAS6EPFLC1PHnBqCXEpPxuEb,https://metadata.j7tracker.io/metadata/5dcd07c4e7a541b7.json,pumpfun-create-borsh-v1,success
solana:2fB5e9uAKaHsL7rTcgvfWFxWrd4ABGfgCbHyxzhR3X9eGPTaiDEPjniVwJJp6fZsYsHD1PZd3WXjpZwzATQFXXJ1:2:0,solana-mainnet,pump.fun,2fB5e9uAKaHsL7rTcgvfWFxWrd4ABGfgCbHyxzhR3X9eGPTaiDEPjniVwJJp6fZsYsHD1PZd3WXjpZwzATQFXXJ1,451615697,1790677909,2,0,4YEcW5KP8aH7V8B2TfVUyHFHbgNSXMRKAEn6XHkf6jCg,TokenzQdBNbLqP5VEhdkAS6EPFLC1PHnBqCXEpPxuEb,https://metadata.j7tracker.io/metadata/0pNt0rtfdj.json,pumpfun-create-borsh-v1,success
solana:5fFSVAQpfcoW5rWswNuxCj7kSZHqN56GiQbomBgfQYKcsain4aGszGryQwLx2qohcW2pboZUbjsz9ar6Sh8eiVoM:2:1,solana-mainnet,pump.fun,5fFSVAQpfcoW5rWswNuxCj7kSZHqN56GiQbomBgfQYKcsain4aGszGryQwLx2qohcW2pboZUbjsz9ar6Sh8eiVoM,451615685,1790677906,2,1,FqDQyTxvyz89nb9o6jEWE7eSGhuwgqxTTaq1Rarspump,TokenzQdBNbLqP5VEhdkAS6EPFLC1PHnBqCXEpPxuEb,https://ipfs.io/ipfs/Qmc7BSCkVBvqx6Qh63MddKVeYbuAGhZAA57EBquaSAiY7f,pumpfun-create-borsh-v1,success
solana:kD8Wcxgb8xSGemQYWBVgLxKMPqfqKwVKeMjtewgf6dhrGZReiS1i3DXY4hMd9fD15ybZ5PLxzutWLTtUFC7dXyz:2:0,solana-mainnet,pump.fun,kD8Wcxgb8xSGemQYWBVgLxKMPqfqKwVKeMjtewgf6dhrGZReiS1i3DXY4hMd9fD15ybZ5PLxzutWLTtUFC7dXyz,451615684,1790677906,2,0,8ACt8fVnJNw6TTeqT9xU1ggSUmqYjpCksDss3cepump,TokenzQdBNbLqP5VEhdkAS6EPFLC1PHnBqCXEpPxuEb,https://ipfs.io/ipfs/bafkreihmwh2fppm7nd5dkbfvyd4ikcac46algifwd3jvt7o25q3rtsb2ge,pumpfun-create-borsh-v1,success
solana:24tPxLG91gtYPsnqTNVGvsy7ANe32Np6nyDZTME2Emqi2bW2koHpPDE9W5S7yT6qKDDAyZn52Fj5872aETNM3Sg4:0:0,solana-mainnet,pump.fun,24tPxLG91gtYPsnqTNVGvsy7ANe32Np6nyDZTME2Emqi2bW2koHpPDE9W5S7yT6qKDDAyZn52Fj5872aETNM3Sg4,451615667,1790677901,0,0,Bf8LnNoawau1Jt9K26YBrHpYQybvpKPt3KdKZZyF66mB,TokenzQdBNbLqP5VEhdkAS6EPFLC1PHnBqCXEpPxuEb,https://metadata.j7tracker.io/metadata/4a4a78a858494293.json,pumpfun-create-borsh-v1,success
solana:3qoDvg6uhy96zbJ6PfQ7u74BakCi4J6YCqyMGctme9HduWAnQ8wS562hjqo5kvCqf6861V3VQPbnADqZVzRonadS:0:0,solana-mainnet,pump.fun,3qoDvg6uhy96zbJ6PfQ7u74BakCi4J6YCqyMGctme9HduWAnQ8wS562hjqo5kvCqf6861V3VQPbnADqZVzRonadS,451615667,1790677901,0,0,4HRHFurMj7usmk8RjcvyppGGqpLft1omA3iAe5pRUhhJ,TokenzQdBNbLqP5VEhdkAS6EPFLC1PHnBqCXEpPxuEb,https://metadata.j7tracker.io/metadata/4a4a78a858494293.json,pumpfun-create-borsh-v1,success
solana:4qZbVzs9WvipmpjunQSdr1k88X5Mr7iaEnsDuPXJwMAZLTv3HVPAoe2ouHktnEtGisjz28mr2FWbbh2BPkVfPm8p:0:0,solana-mainnet,pump.fun,4qZbVzs9WvipmpjunQSdr1k88X5Mr7iaEnsDuPXJwMAZLTv3HVPAoe2ouHktnEtGisjz28mr2FWbbh2BPkVfPm8p,451615667,1790677901,0,0,5K3shwnmDeL6bNKf4DG2Xnw5eoZjaHmRS6MjrH7pbijM,TokenzQdBNbLqP5VEhdkAS6EPFLC1PHnBqCXEpPxuEb,https://metadata.j7tracker.io/metadata/4a4a78a858494293.json,pumpfun-create-borsh-v1,success
solana:44rbAC7Ux4nGmEKVBXf1NVdi2xiom7XabdncMUtMTvjuzDCy2eR23iVfr74jaWaEsnLBox8PSuuT3EcDkC8QjmFB:0:0,solana-mainnet,pump.fun,44rbAC7Ux4nGmEKVBXf1NVdi2xiom7XabdncMUtMTvjuzDCy2eR23iVfr74jaWaEsnLBox8PSuuT3EcDkC8QjmFB,451615667,1790677901,0,0,jCfjfqD5XFJYHGZaXUBSvZ3XacmoqCtvZguGFewioNi,TokenzQdBNbLqP5VEhdkAS6EPFLC1PHnBqCXEpPxuEb,https://metadata.j7tracker.io/metadata/4a4a78a858494293.json,pumpfun-create-borsh-v1,success
solana:ZaGY9qtoBWypTY74bDu6urM6d4c6xWwD3dz5w9mK37zdYJaqBQyMa6dwvJFHc6VXmF6irbNQTn5STL8KNwG2MAT:0:0,solana-mainnet,pump.fun,ZaGY9qtoBWypTY74bDu6urM6d4c6xWwD3dz5w9mK37zdYJaqBQyMa6dwvJFHc6VXmF6irbNQTn5STL8KNwG2MAT,451615667,1790677901,0,0,F6n7Lps1jy24jSpxZhhJGnAHWdHGxFDtDSvLho2sWcsw,TokenzQdBNbLqP5VEhdkAS6EPFLC1PHnBqCXEpPxuEb,https://metadata.j7tracker.io/metadata/4a4a78a858494293.json,pumpfun-create-borsh-v1,success
solana:5KCQQ4i2sLmuw3GjXF9wt8TJfBsrPNCDpTnkwPXzPVMnn5HK6WcYWoeWmc8iLv1FkaTLbLcqskFcaNjUEHWc9mWt:2:0,solana-mainnet,pump.fun,5KCQQ4i2sLmuw3GjXF9wt8TJfBsrPNCDpTnkwPXzPVMnn5HK6WcYWoeWmc8iLv1FkaTLbLcqskFcaNjUEHWc9mWt,451615665,1790677901,2,0,731p7LSrqiSvy6LVPS56U5VaLfys3nZEAcaJvLN9pump,TokenzQdBNbLqP5VEhdkAS6EPFLC1PHnBqCXEpPxuEb,https://ipfs.io/ipfs/QmP2dMDscFEXuyhhXjZRFWWUu9smw6fJdc4mazKnx63b5H,pumpfun-create-borsh-v1,success
solana:2oGK2Di8BNdfvNeaW1dMUyUbsjyNLSAz2NwqQrTo1du4kyn1g8wUWALL5Y37936Te3aCEi5pDhHa7Zke9AdBuvh8:2:1,solana-mainnet,pump.fun,2oGK2Di8BNdfvNeaW1dMUyUbsjyNLSAz2NwqQrTo1du4kyn1g8wUWALL5Y37936Te3aCEi5pDhHa7Zke9AdBuvh8,451615663,1790677900,2,1,FRmhNEGnBCaYVe7NVTaFo8iBRaVreZDuPJ1B42Uspump,TokenzQdBNbLqP5VEhdkAS6EPFLC1PHnBqCXEpPxuEb,https://ipfs.io/ipfs/QmR3x2R3oLgP97mrtRcP3iXGjT7XrHnGbjMiDwknHb9vc3,pumpfun-create-borsh-v1,success
solana:4o47QSkB9HcD39DysjkCpPiWveCz4rgTq89E8xuWaN4nifPXQSsBrNvmavHa3SAeEBQHiKe3a7Ae6zfz86bhfq94:2:0,solana-mainnet,pump.fun,4o47QSkB9HcD39DysjkCpPiWveCz4rgTq89E8xuWaN4nifPXQSsBrNvmavHa3SAeEBQHiKe3a7Ae6zfz86bhfq94,451615652,1790677897,2,0,6fkzew5oU5A9Fs7YQWBQJwk9VLTEHQiS8XEEqF43pump,TokenzQdBNbLqP5VEhdkAS6EPFLC1PHnBqCXEpPxuEb,https://ipfs.io/ipfs/QmNro1EuKpsdAMGjhoyC89bJn8qR8bKyLekzuenHVAXzhj,pumpfun-create-borsh-v1,success
solana:4bJVHu7FFkmJZXTqNzc8yTFZjEPrQvNDsYx3aXrMxjwUetsE4UEXo2qp7qEnpBnYpJ8cbCuRa7AdkU91Gi8CiPjv:2:0,solana-mainnet,pump.fun,4bJVHu7FFkmJZXTqNzc8yTFZjEPrQvNDsYx3aXrMxjwUetsE4UEXo2qp7qEnpBnYpJ8cbCuRa7AdkU91Gi8CiPjv,451615648,1790677896,2,0,AUesCHSnuanncL7fGjLpsDAVpycC9FCbm8oq8A84pump,TokenzQdBNbLqP5VEhdkAS6EPFLC1PHnBqCXEpPxuEb,https://ipfs.io/ipfs/bafkreihhkpoldqudk42ao3kpbbobmjgps5g47xow3qyxq3eorfhvmkoaxq,pumpfun-create-borsh-v1,success
solana:2cU2moU1v8pgxyXwi5gLuXPuqGTf1ZAU9AxFfPHXWSv1DCfmfvtrCyRvFEHJ7wTfYT3fGPKco7Us6xBzebLSvSk7:2:0,solana-mainnet,pump.fun,2cU2moU1v8pgxyXwi5gLuXPuqGTf1ZAU9AxFfPHXWSv1DCfmfvtrCyRvFEHJ7wTfYT3fGPKco7Us6xBzebLSvSk7,451615647,1790677896,2,0,7A4Z8ve3Ef3MBVDWMLryWDGxYFBGK2W5vzzJFBHXpump,TokenzQdBNbLqP5VEhdkAS6EPFLC1PHnBqCXEpPxuEb,https://ipfs.io/ipfs/bafkreiholx76kwvgqx3zlcfw7l7wtnkqsp27nawbqwujgxazf35zovqpfm,pumpfun-create-borsh-v1,success
solana:HB399HoEqL3qmgtweKoX3KLo3xjBf94RfSz66GArfMeJgXxuCUh1oMU9wQyVAF9PCadJStTwgvCeoASPsYBNhCa:1:0,solana-mainnet,pump.fun,HB399HoEqL3qmgtweKoX3KLo3xjBf94RfSz66GArfMeJgXxuCUh1oMU9wQyVAF9PCadJStTwgvCeoASPsYBNhCa,451615633,1790677892,1,0,FVmjxC1bSRAJKyUN8e3iJpmUMA1NTNSeGsvDyhfApump,TokenzQdBNbLqP5VEhdkAS6EPFLC1PHnBqCXEpPxuEb,https://meta.uxento.io/data/a1cd292c-2c22-4a20-83df-50dbf08840de,pumpfun-create-borsh-v1,success
solana:5xRhRujztNZgDvKCz192W3hQyn3H1DuL4ckrsAZrXBSsB5kiRhhM5ZyFMKCsmHjNBcVtJvC8qiG4P7vGmYCq8JTF:2:0,solana-mainnet,pump.fun,5xRhRujztNZgDvKCz192W3hQyn3H1DuL4ckrsAZrXBSsB5kiRhhM5ZyFMKCsmHjNBcVtJvC8qiG4P7vGmYCq8JTF,451615617,1790677888,2,0,Cj5zjkCqpJ84hH6F8f7EsYiJgt5szb5eTNHxmSrZpump,TokenzQdBNbLqP5VEhdkAS6EPFLC1PHnBqCXEpPxuEb,https://meta.uxento.io/data/dc4263f2-cd11-4694-8be4-0546f3658b29,pumpfun-create-borsh-v1,success
solana:3ELcdm8Mc46TkSeMkgwPisBJof2DDSqMtDufQkWFQBProRiULUxwPLZGpiADjoqJKzJVB2uy7S4P7ocQth6bTtzh:2:0,solana-mainnet,pump.fun,3ELcdm8Mc46TkSeMkgwPisBJof2DDSqMtDufQkWFQBProRiULUxwPLZGpiADjoqJKzJVB2uy7S4P7ocQth6bTtzh,451615614,1790677887,2,0,4211CrorkfFJpohTRWMCc9wS5JdnfrciwtvTXtxspump,TokenzQdBNbLqP5VEhdkAS6EPFLC1PHnBqCXEpPxuEb,https://ipfs.io/ipfs/QmNWhnK11mjbK88YeYjMieG74sQtCtBaTs56w2sS7zX2Pf,pumpfun-create-borsh-v1,success
solana:2udAwWo19hPppnuGF5QNKz4jT53EhgETEg1wJBfPPw459i7Ta6vp1i7uuRJYqzMoZKz6LDA3G5JQNTa7khngqDDK:2:0,solana-mainnet,pump.fun,2udAwWo19hPppnuGF5QNKz4jT53EhgETEg1wJBfPPw459i7Ta6vp1i7uuRJYqzMoZKz6LDA3G5JQNTa7khngqDDK,451615609,1790677885,2,0,Fcr3PMqSqPupq2kC2RxCKBoHU9Qjr6657259LikEpump,TokenzQdBNbLqP5VEhdkAS6EPFLC1PHnBqCXEpPxuEb,https://ipfs.io/ipfs/Qmd3XyeHahgjiQB6bVvHrb2x5bJix9KEnzPDs2dBoSEwwG,pumpfun-create-borsh-v1,success
solana:pciEhZ7deAi4s2MYWquSZdSVvPYhV6ScMssZLJin5hsmMcf1fAEAmzHpiEpoTLdj1Y3JExhNY4fevNU9jBnGRyJ:2:0,solana-mainnet,pump.fun,pciEhZ7deAi4s2MYWquSZdSVvPYhV6ScMssZLJin5hsmMcf1fAEAmzHpiEpoTLdj1Y3JExhNY4fevNU9jBnGRyJ,451615591,1790677881,2,0,yQVeXKzY7zr4e2ciaxrMfhaAv5g6tZiFLgnpzBKpump,TokenzQdBNbLqP5VEhdkAS6EPFLC1PHnBqCXEpPxuEb,https://ipfs.io/ipfs/bafkreigtrigglboblod3ako3yqxthfppsxgwpv2na56ijuvtm4ysd7iepm,pumpfun-create-borsh-v1,success
solana:v79UyWUU1pJZsmeiKC9NWmJ8xwxv4tWS5gHrgNjSHtPneLkEdtLNncvtfdVXxGdDxvGzSKSSZrD46U8Xq7Z32ND:2:0,solana-mainnet,pump.fun,v79UyWUU1pJZsmeiKC9NWmJ8xwxv4tWS5gHrgNjSHtPneLkEdtLNncvtfdVXxGdDxvGzSKSSZrD46U8Xq7Z32ND,451615588,1790677880,2,0,8hsYUBTcqCTU47n8TePjNw7e94ohBDZvFENKJqaFpump,TokenzQdBNbLqP5VEhdkAS6EPFLC1PHnBqCXEpPxuEb,https://ipfs.io/ipfs/bafkreiech5jthmrwpnc6v4vtgubatri22h46623gkbsteg4dgovjfufptq,pumpfun-create-borsh-v1,success
solana:3Xi7Kfxuv9EzHtvHgyEshENxbU7PBAiwHh76BrTHsVb3EJe6yhTpYotqPdccbNU4hYB3NGX2dunwMEFuWvwivHo1:0:0,solana-mainnet,pump.fun,3Xi7Kfxuv9EzHtvHgyEshENxbU7PBAiwHh76BrTHsVb3EJe6yhTpYotqPdccbNU4hYB3NGX2dunwMEFuWvwivHo1,451615584,1790677879,0,0,MsFgTQdkw6jxbJanFWeWCu1ry4Ctz319cpRPyaQ9ZVP,TokenzQdBNbLqP5VEhdkAS6EPFLC1PHnBqCXEpPxuEb,https://metadata.j7tracker.io/metadata/ec9ceed510ad421e.json,pumpfun-create-borsh-v1,success
solana:5taLoiCcNa87i6onsBmEayvmQNzDCm32d3hB2qqJwE7XamypLkvNYqN4NdNZSc9YGwJpTAr3ZVWAxAGSD5TKeGpc:0:0,solana-mainnet,pump.fun,5taLoiCcNa87i6onsBmEayvmQNzDCm32d3hB2qqJwE7XamypLkvNYqN4NdNZSc9YGwJpTAr3ZVWAxAGSD5TKeGpc,451615584,1790677879,0,0,GLZzTcHKRS7AFCrnKNBM3KrXBBmqXFUiMLHaifXn1B5j,TokenzQdBNbLqP5VEhdkAS6EPFLC1PHnBqCXEpPxuEb,https://metadata.j7tracker.io/metadata/ec9ceed510ad421e.json,pumpfun-create-borsh-v1,success
solana:3McBbz8JKfibPbGYERu9wCHtUELgJf3EkFhzwJYPTzmDgPC1WADPz9f57k2jTquk9HE66uPHziqr7p1TDHa8xNVK:0:0,solana-mainnet,pump.fun,3McBbz8JKfibPbGYERu9wCHtUELgJf3EkFhzwJYPTzmDgPC1WADPz9f57k2jTquk9HE66uPHziqr7p1TDHa8xNVK,451615584,1790677879,0,0,AgpAkapMs6vNr1PcT9s4zNNFo6NhrrnmERGX2gp8zDBF,TokenzQdBNbLqP5VEhdkAS6EPFLC1PHnBqCXEpPxuEb,https://metadata.j7tracker.io/metadata/ec9ceed510ad421e.json,pumpfun-create-borsh-v1,success
solana:zfecoBn7xDT6x3xgKcE9jafNRYxrVKFqnx7FtrxsJwhSCd5iUKyi6KAnvSSB6t7ZRiJUBq41M8U3L23VZNoBBmK:0:0,solana-mainnet,pump.fun,zfecoBn7xDT6x3xgKcE9jafNRYxrVKFqnx7FtrxsJwhSCd5iUKyi6KAnvSSB6t7ZRiJUBq41M8U3L23VZNoBBmK,451615584,1790677879,0,0,8R3afA7VF1L3hPuRUcgJYQCHmHoWjS7mqfwpch8dqyZE,TokenzQdBNbLqP5VEhdkAS6EPFLC1PHnBqCXEpPxuEb,https://metadata.j7tracker.io/metadata/ec9ceed510ad421e.json,pumpfun-create-borsh-v1,success
solana:25WwKy3GJNmSj4tPZnzYVFZHXxBVmZpho8GuNQ14PwnqEQBBveJFcs7Ar8RTirn5AxGnDYDS1DVRdXZCrYMAwtcp:0:0,solana-mainnet,pump.fun,25WwKy3GJNmSj4tPZnzYVFZHXxBVmZpho8GuNQ14PwnqEQBBveJFcs7Ar8RTirn5AxGnDYDS1DVRdXZCrYMAwtcp,451615584,1790677879,0,0,3F1gVQQqo3i5XozmFqpXTUBXQe2RRPp14YXRP9oEFtPW,TokenzQdBNbLqP5VEhdkAS6EPFLC1PHnBqCXEpPxuEb,https://metadata.j7tracker.io/metadata/ec9ceed510ad421e.json,pumpfun-create-borsh-v1,success
solana:4bwXsDEnKabjCcUvE5z9FrYVx7bxa1qbLME45JCwb2GWTWF9V512db57kKhAdhBs6Lq9BG2TQJP5YwRs1E6hrtdm:2:0,solana-mainnet,pump.fun,4bwXsDEnKabjCcUvE5z9FrYVx7bxa1qbLME45JCwb2GWTWF9V512db57kKhAdhBs6Lq9BG2TQJP5YwRs1E6hrtdm,451615553,1790677870,2,0,An9mZpYskDDJERSaz6gGoRWqisUj4y24PfiJagaxpump,TokenzQdBNbLqP5VEhdkAS6EPFLC1PHnBqCXEpPxuEb,https://ipfs.io/ipfs/QmefvAqPP2ZRT4zNv5S26zE9Po78HfzgVpc2JpaqNoQk8Z,pumpfun-create-borsh-v1,success
solana:5Avughs3hE6WYzdCWECHZ5rt2HMK1jUSCt3oF1cBy6rgTdn8ECHtFeJYthzrTSdMXHpdLGrvy4reoK4mNv2bJFq3:1:0,solana-mainnet,pump.fun,5Avughs3hE6WYzdCWECHZ5rt2HMK1jUSCt3oF1cBy6rgTdn8ECHtFeJYthzrTSdMXHpdLGrvy4reoK4mNv2bJFq3,451615549,1790677869,1,0,6CvgGMi149eeBfcgFSqyxbsrLuup6BFX9uiyRpX2pump,TokenzQdBNbLqP5VEhdkAS6EPFLC1PHnBqCXEpPxuEb,https://meta.uxento.io/data/1586aa0b-b9c4-4946-93f5-e7ad3914018a,pumpfun-create-borsh-v1,success
solana:3aob7dvFeNpTRx4Rd9BthDxHBySTQ7GnVFKFnKvuKUQrMq8xYFmYfbjNEvAotqQKibxagiaQuwMZsNFxLSsAjW8x:2:0,solana-mainnet,pump.fun,3aob7dvFeNpTRx4Rd9BthDxHBySTQ7GnVFKFnKvuKUQrMq8xYFmYfbjNEvAotqQKibxagiaQuwMZsNFxLSsAjW8x,451615547,1790677868,2,0,9Hc9Uw333funkSH986QWqweDoAAgvbgtiZ6Hyi8Ppump,TokenzQdBNbLqP5VEhdkAS6EPFLC1PHnBqCXEpPxuEb,https://ipfs.io/ipfs/QmP1YrvnCVRtMvvTpFxSUSmgNGS6a9zX5Hpes3ysanA9HN,pumpfun-create-borsh-v1,success
solana:4SXPt5MGB4mdLEiLmj6a8LBDvSRBKHVgHMB9n7B2r9qdFm6A9mEUWoRLDkNyUEQct9dvpcFfm7G1VGMs5oUM65mS:2:0,solana-mainnet,pump.fun,4SXPt5MGB4mdLEiLmj6a8LBDvSRBKHVgHMB9n7B2r9qdFm6A9mEUWoRLDkNyUEQct9dvpcFfm7G1VGMs5oUM65mS,451615544,1790677868,2,0,6vRMVRYGguSd652gY6CkSXacNeqy5rocWKzRCW3Spump,TokenzQdBNbLqP5VEhdkAS6EPFLC1PHnBqCXEpPxuEb,https://ipfs.io/ipfs/Qmf5KSGN4H8gFoPJfAEJGuZ4VpmRRkmi6BmdfQHYmmtxea,pumpfun-create-borsh-v1,success
solana:uA7qhfKpVDS8gSeDDWgDf3taXNYmhM1debWHSRpVNA29PbvBSeUbcUeU3uKxQQCN44oWyBDggMf9Mh3K4hPEhn9:2:0,solana-mainnet,pump.fun,uA7qhfKpVDS8gSeDDWgDf3taXNYmhM1debWHSRpVNA29PbvBSeUbcUeU3uKxQQCN44oWyBDggMf9Mh3K4hPEhn9,451615542,1790677867,2,0,7yB79cWcx2vk6jADWUGuYf7jKijWwJmsNpaKUjkeaL4q,TokenzQdBNbLqP5VEhdkAS6EPFLC1PHnBqCXEpPxuEb,https://metadata.j7tracker.io/metadata/QJMZqQHRTM.json,pumpfun-create-borsh-v1,success
solana:48JSQooET2DdyaixBP9zodRy1Nd7wvejbziUERymTbZFqe272Er7hVKqJJFYBktw8RC6nu68Uc4aG6FboU5sTo63:2:0,solana-mainnet,pump.fun,48JSQooET2DdyaixBP9zodRy1Nd7wvejbziUERymTbZFqe272Er7hVKqJJFYBktw8RC6nu68Uc4aG6FboU5sTo63,451615516,1790677860,2,0,DFySnnHn5FBrnHVyP11nYrpAtFMaD6xnH3XBYt1Vpump,TokenzQdBNbLqP5VEhdkAS6EPFLC1PHnBqCXEpPxuEb,https://ipfs.io/ipfs/bafkreibwvxvu6nvmbim534hvx4mbpqepxy67ubkbcjyyqldfpql4ndfcwm,pumpfun-create-borsh-v1,success
solana:xFYQ8yDovpSWYFbXR7Mq1MyCV75rE5RiQKWstJcq4RywSuqoAR8jiJkwS8fBiNPzBS8fUAyf3jLhg9gMQC728gF:2:0,solana-mainnet,pump.fun,xFYQ8yDovpSWYFbXR7Mq1MyCV75rE5RiQKWstJcq4RywSuqoAR8jiJkwS8fBiNPzBS8fUAyf3jLhg9gMQC728gF,451615507,1790677858,2,0,CMvjYMSCUSrxEZRad17r9b4viB5M6mAFmCDg9KRupump,TokenzQdBNbLqP5VEhdkAS6EPFLC1PHnBqCXEpPxuEb,https://ipfs.io/ipfs/QmdUj5i5JXsUo8TUE43i1PxFgwwhZZoWy4NNFPryDdSwU4,pumpfun-create-borsh-v1,success
solana:2JNGzT851GVUXXig3u6gwWgmd3czCprs8jkecPN8pySHA9yb1b2bnKdVnYKqjB8vALWTE4yQNs9N7mFqB2zSVNwG:2:0,solana-mainnet,pump.fun,2JNGzT851GVUXXig3u6gwWgmd3czCprs8jkecPN8pySHA9yb1b2bnKdVnYKqjB8vALWTE4yQNs9N7mFqB2zSVNwG,451615506,1790677858,2,0,i5yVjP3Qr18UGSXPwaamFTLMAsG6SS5kS1wZJippump,TokenzQdBNbLqP5VEhdkAS6EPFLC1PHnBqCXEpPxuEb,https://ipfs.io/ipfs/bafkreibpclkdteh37427o5gvtlkag4qn4olmz33l74n7prhqezyg3hrocu,pumpfun-create-borsh-v1,success
solana:3BKbu1wkFWzDYigCd1TahuteTbvuPDgQJ4cKhd64dywuz611saMbFXxhtMyeuXoJNYQgXMKCe4N966XVqTj6c2V4:0:0,solana-mainnet,pump.fun,3BKbu1wkFWzDYigCd1TahuteTbvuPDgQJ4cKhd64dywuz611saMbFXxhtMyeuXoJNYQgXMKCe4N966XVqTj6c2V4,451615505,1790677857,0,0,BzQLVm1NqESPq7UEbL5HQpsJruPcX77VZRjGEjqCJi5b,TokenzQdBNbLqP5VEhdkAS6EPFLC1PHnBqCXEpPxuEb,https://metadata.j7tracker.io/metadata/333ee1f431734cc7.json,pumpfun-create-borsh-v1,success
solana:45YaGbMXq5UiafbEcRf8PWQoKDdLZB78C82YNhkQPhdVCmDXaiwEisDAGwZ7RZ4iGQ1bBf2LWPFD1kUHzZRi65MJ:0:0,solana-mainnet,pump.fun,45YaGbMXq5UiafbEcRf8PWQoKDdLZB78C82YNhkQPhdVCmDXaiwEisDAGwZ7RZ4iGQ1bBf2LWPFD1kUHzZRi65MJ,451615505,1790677857,0,0,4Um8YfnkAuGRm7r3YUm8LMsbxnTuJyaTDaVUphAokodv,TokenzQdBNbLqP5VEhdkAS6EPFLC1PHnBqCXEpPxuEb,https://metadata.j7tracker.io/metadata/333ee1f431734cc7.json,pumpfun-create-borsh-v1,success
solana:5K2qjNZsYVgCRvU6jDCB4PAzS8Xk6X2yzEQ9zuuHJUP4J3v639hCuP43SXdLNjgEMWb6LzQgYDcmYHWXv5VynhuM:0:0,solana-mainnet,pump.fun,5K2qjNZsYVgCRvU6jDCB4PAzS8Xk6X2yzEQ9zuuHJUP4J3v639hCuP43SXdLNjgEMWb6LzQgYDcmYHWXv5VynhuM,451615505,1790677857,0,0,72ToUWgni96VBerJDKHM3sJznGdJUib5j8xXSJV3fgFk,TokenzQdBNbLqP5VEhdkAS6EPFLC1PHnBqCXEpPxuEb,https://metadata.j7tracker.io/metadata/333ee1f431734cc7.json,pumpfun-create-borsh-v1,success
solana:5z5fSnpuG47zxnDRP6TVHzS7QVkdurfk6b1QuxU3qYXX7C14ooETJTnUrLopfdrqe1kCRbWwSmSBAZLN8543bEiL:0:0,solana-mainnet,pump.fun,5z5fSnpuG47zxnDRP6TVHzS7QVkdurfk6b1QuxU3qYXX7C14ooETJTnUrLopfdrqe1kCRbWwSmSBAZLN8543bEiL,451615505,1790677857,0,0,HuoWc4pf989DMG7k2WuX3jNN2eFRp8dzbxinXSJz5USV,TokenzQdBNbLqP5VEhdkAS6EPFLC1PHnBqCXEpPxuEb,https://metadata.j7tracker.io/metadata/333ee1f431734cc7.json,pumpfun-create-borsh-v1,success
solana:3YzWi849VJMGAWpabStwsV2tN3okPJuTQAGPjUq9MwH7pKdJkJJwKEdva85uw74n4qMiK3cMC9dvo9SmtzbZt57f:0:0,solana-mainnet,pump.fun,3YzWi849VJMGAWpabStwsV2tN3okPJuTQAGPjUq9MwH7pKdJkJJwKEdva85uw74n4qMiK3cMC9dvo9SmtzbZt57f,451615505,1790677857,0,0,5vkRdXQBKCWvyN7v2gK6Bpus3eFwXxJ5TRSWyzpkfLov,TokenzQdBNbLqP5VEhdkAS6EPFLC1PHnBqCXEpPxuEb,https://metadata.j7tracker.io/metadata/333ee1f431734cc7.json,pumpfun-create-borsh-v1,success
solana:33MD49u17V9mDSef8Ej9ReE2Wnex4M1CbJMLY49bojT6td3nSy4aKxy4168tofgaq8RG2RaAyLJ88SPP7mmbczbq:2:0,solana-mainnet,pump.fun,33MD49u17V9mDSef8Ej9ReE2Wnex4M1CbJMLY49bojT6td3nSy4aKxy4168tofgaq8RG2RaAyLJ88SPP7mmbczbq,451615493,1790677854,2,0,GYCGDiqDX9tvKYycgN5hqQEFvTJ1hNu76vVG7Swrpump,TokenzQdBNbLqP5VEhdkAS6EPFLC1PHnBqCXEpPxuEb,https://ipfs.io/ipfs/QmW9xtn7bvix1oDeeqYiYKrecfctCPxmP6qsRPkXoNhVtE,pumpfun-create-borsh-v1,success
solana:28Hjw4xpm862F7JAvs6PSgzjM2LKnEL1B3CKw9DYfwqsNr66LFqVWN55LvUTJSmeycA6NE1CL7rpzGkBW4Gf1ufW:2:0,solana-mainnet,pump.fun,28Hjw4xpm862F7JAvs6PSgzjM2LKnEL1B3CKw9DYfwqsNr66LFqVWN55LvUTJSmeycA6NE1CL7rpzGkBW4Gf1ufW,451615491,1790677853,2,0,FgPnLrDUYERDwuE8YyA1DqFjUGEKh7VqDZdEWdiapump,TokenzQdBNbLqP5VEhdkAS6EPFLC1PHnBqCXEpPxuEb,https://ipfs.io/ipfs/QmPBt6mwgfHbZvBSvT9v3Tb4EbBZgCDkkmYF31XtZfakkX,pumpfun-create-borsh-v1,success
solana:4SNu3RGxz15WviEp89aDYGShh6UrNKxouGmupGogE7gPY5JEREcSEKRbUbJHCSVbNkVcDhJBTdTduT1Rjyk4BroK:2:0,solana-mainnet,pump.fun,4SNu3RGxz15WviEp89aDYGShh6UrNKxouGmupGogE7gPY5JEREcSEKRbUbJHCSVbNkVcDhJBTdTduT1Rjyk4BroK,451615488,1790677852,2,0,GPCfcv4iGVMfXtaK9UvHBu5JXYL27Fz3yit7TPirQ92n,TokenzQdBNbLqP5VEhdkAS6EPFLC1PHnBqCXEpPxuEb,https://metadata.j7tracker.io/metadata/9g1FJbgDHR.json,pumpfun-create-borsh-v1,success
solana:794bvCg2SyFPr8o8xYjwSVjVirzTWG1xyDkgu9F51qEh4wp9hmnLnf1Q1WLip9BVppF2K4iaybw1amXtqLYfrbh:2:0,solana-mainnet,pump.fun,794bvCg2SyFPr8o8xYjwSVjVirzTWG1xyDkgu9F51qEh4wp9hmnLnf1Q1WLip9BVppF2K4iaybw1amXtqLYfrbh,451615470,1790677848,2,0,4HNBwp3fnXuQSQzGA8E84VFAcTTEz6y7MCeNtZe4pump,TokenzQdBNbLqP5VEhdkAS6EPFLC1PHnBqCXEpPxuEb,https://ipfs.io/ipfs/Qmd3XyeHahgjiQB6bVvHrb2x5bJix9KEnzPDs2dBoSEwwG,pumpfun-create-borsh-v1,success
solana:59C2WL6ppfUvReTeEqCzFbX9EdTBb3YvSap9WQE249H12oyu9CQzpaJe2FV9FSBidRL4SGBvMRMhhdfYTF9DGhkQ:0:0,solana-mainnet,pump.fun,59C2WL6ppfUvReTeEqCzFbX9EdTBb3YvSap9WQE249H12oyu9CQzpaJe2FV9FSBidRL4SGBvMRMhhdfYTF9DGhkQ,451615452,1790677843,0,0,UF9UWgAVup1UotoJpzJ8DE29WQgkKKc8K2yBhDKpump,TokenzQdBNbLqP5VEhdkAS6EPFLC1PHnBqCXEpPxuEb,https://pump.mypinata.cloud/ipfs/bafkreidqfbivuxwhstv6dy5yrpavm3l5iogqar7ow7v3jrvclwhpifwi74,pumpfun-create-borsh-v1,success
solana:3MFVi3xo6cbBQPf4GMyTXZnNBwgTk224mb1x3W6F3CpYMGfyHmT9bP25aqp5nus2xGQiuWMoAekHzdoFQT8gPq16:0:0,solana-mainnet,pump.fun,3MFVi3xo6cbBQPf4GMyTXZnNBwgTk224mb1x3W6F3CpYMGfyHmT9bP25aqp5nus2xGQiuWMoAekHzdoFQT8gPq16,451615446,1790677842,0,0,8zpBs44N1u32w82675a8PWHHN8UZtKgnFDeTtEHevP2T,TokenzQdBNbLqP5VEhdkAS6EPFLC1PHnBqCXEpPxuEb,https://metadata.j7tracker.io/m/W1KayaTNkX,pumpfun-create-borsh-v1,success
solana:26Kza13rxbaNmKjwSWgrxcfjFGzV1BMFh7H11zhMJnhUwu83gGveUs1AnAVTjYhZLx5sRRzcdFfrSpBecuL8jFav:2:0,solana-mainnet,pump.fun,26Kza13rxbaNmKjwSWgrxcfjFGzV1BMFh7H11zhMJnhUwu83gGveUs1AnAVTjYhZLx5sRRzcdFfrSpBecuL8jFav,451615439,1790677840,2,0,wF5tKSC3pU9HZxrcUeVKrhEy2y88p5uWsxmcrjXpump,TokenzQdBNbLqP5VEhdkAS6EPFLC1PHnBqCXEpPxuEb,https://ipfs.io/ipfs/Qmb1jZ6n4yo3oSs4fCaZsM77FnFGRMMvWMFjU16gfQxdDk,pumpfun-create-borsh-v1,success
solana:63VjcdxrLgeFtRXw6WrboTxd44sB91ukuXsziPqJLy7KJnbhdymUCoHV2DWeWCDdo9pK3DdF9Kc7thCwSPxW27yf:2:0,solana-mainnet,pump.fun,63VjcdxrLgeFtRXw6WrboTxd44sB91ukuXsziPqJLy7KJnbhdymUCoHV2DWeWCDdo9pK3DdF9Kc7thCwSPxW27yf,451615437,1790677839,2,0,AhUx68gYoQRZNx9tFKnfDY9yx76QRhGFGv4ocfjYpump,TokenzQdBNbLqP5VEhdkAS6EPFLC1PHnBqCXEpPxuEb,https://meta.uxento.io/data/468efb07-9c4f-4218-87a7-e0fe3c6674be,pumpfun-create-borsh-v1,success
solana:6br4a2TcHKrk9QekTxFKobaqPzLv5JizUVpuNW14qQG2LhoRDAs6RGpJGxAz77cAQ8aYjfodGrGEpsEM4mw6c46:2:1,solana-mainnet,pump.fun,6br4a2TcHKrk9QekTxFKobaqPzLv5JizUVpuNW14qQG2LhoRDAs6RGpJGxAz77cAQ8aYjfodGrGEpsEM4mw6c46,451615437,1790677839,2,1,H1Ruu9s5GUq2dNjdLwJ9XyMM8Y6sEynqDHaLEhT2pump,TokenzQdBNbLqP5VEhdkAS6EPFLC1PHnBqCXEpPxuEb,https://ipfs.io/ipfs/QmbMwMqsUYkKu2BJkGpzqxgV6kCwm9FkV23zAgxjWP7Jv8,pumpfun-create-borsh-v1,success
solana:3Z6rpn7qChg3kgXS5rpUkUhtm3zoMjeP5DvsUknHpG2sTj3TGcu39JgSkmMXKjFt3xWDCGAS2davheEqmqTrJBfK:0:0,solana-mainnet,pump.fun,3Z6rpn7qChg3kgXS5rpUkUhtm3zoMjeP5DvsUknHpG2sTj3TGcu39JgSkmMXKjFt3xWDCGAS2davheEqmqTrJBfK,451615434,1790677838,0,0,2pjKzQv81m1S9W8LD8WL4DzChz4c7Ki3u8hLFGX7qaey,TokenzQdBNbLqP5VEhdkAS6EPFLC1PHnBqCXEpPxuEb,https://metadata.j7tracker.io/m/7VuHClIjBA,pumpfun-create-borsh-v1,success
solana:4jVP2B7hSK7kiKnj5bXb9S7LCY8NpiNV9c838LgLPL6rfeue1vMvT5ZWcWW15qEkfhF8xdoP16t5wKWzDxzKDMXA:2:0,solana-mainnet,pump.fun,4jVP2B7hSK7kiKnj5bXb9S7LCY8NpiNV9c838LgLPL6rfeue1vMvT5ZWcWW15qEkfhF8xdoP16t5wKWzDxzKDMXA,451615425,1790677836,2,0,Bhgu9BCqygi5J88CX1wDU8sQj6ZDivjWf8aJvwQ8pump,TokenzQdBNbLqP5VEhdkAS6EPFLC1PHnBqCXEpPxuEb,https://ipfs.io/ipfs/bafkreidrkug6rhjilkmpssplf4fi4nqgiosbki5nxboe66yswwv6d4kuea,pumpfun-create-borsh-v1,success
solana:3nxyPLACvQzWc29xzp8UE5pMucxLQ3VG2WvRGYt7GzzSazN125fyLePuuFUsH6CbvcXxUaNEYAqVJjZdxeqqekRC:2:0,solana-mainnet,pump.fun,3nxyPLACvQzWc29xzp8UE5pMucxLQ3VG2WvRGYt7GzzSazN125fyLePuuFUsH6CbvcXxUaNEYAqVJjZdxeqqekRC,451615421,1790677835,2,0,7GFTCwACmdPb6YJgDVAztrJfJi689F9PyeLnAkbLpump,TokenzQdBNbLqP5VEhdkAS6EPFLC1PHnBqCXEpPxuEb,https://ipfs.io/ipfs/QmXonZWUoum5aqA27YjtJx4ymAVhsQxgzG2vbNCuQW6E2T,pumpfun-create-borsh-v1,success
solana:52rCr3wLrj2idE29B1JpusPxcb8TyBLQANH6kJyVir2RAxFx7qBonu9jnmxTPkhTnn4zLQSSFJz8xEDEJEFbSoPD:2:0,solana-mainnet,pump.fun,52rCr3wLrj2idE29B1JpusPxcb8TyBLQANH6kJyVir2RAxFx7qBonu9jnmxTPkhTnn4zLQSSFJz8xEDEJEFbSoPD,451615420,1790677835,2,0,C4BYeAatceQW2VC7CtNmtNuFniXsKgtPrigs1waTpump,TokenzQdBNbLqP5VEhdkAS6EPFLC1PHnBqCXEpPxuEb,https://ipfs.io/ipfs/QmZoeqrwQ79QB6DNJVRP1XtwjfFSm4RMwfcSeoSdoFVV3q,pumpfun-create-borsh-v1,success
solana:cwdc6oo3jymbxGx4KdTPpAxEeYMJq1E9JyxGs4Af1UH5mD2DK2PfGSCtj92EzgRFgV6sv6ogGufUPV93pgmtCRs:2:0,solana-mainnet,pump.fun,cwdc6oo3jymbxGx4KdTPpAxEeYMJq1E9JyxGs4Af1UH5mD2DK2PfGSCtj92EzgRFgV6sv6ogGufUPV93pgmtCRs,451615416,1790677833,2,0,CpxvxP2Bu18bK65eGYh4SNhSUaKywZyPtmHFWC1bpump,TokenzQdBNbLqP5VEhdkAS6EPFLC1PHnBqCXEpPxuEb,https://meta.uxento.io/data/7bb92306-97bc-4064-9fa7-73cc00a6cd3d,pumpfun-create-borsh-v1,success
solana:34fRYPxi58Jg2XSWE8uqxdw89tPXxUi54V6XiH9tgvA5ScAGRVDUX69bwZo6cuwXPzTiK58V2WpdPiJTCA8RwQD5:0:0,solana-mainnet,pump.fun,34fRYPxi58Jg2XSWE8uqxdw89tPXxUi54V6XiH9tgvA5ScAGRVDUX69bwZo6cuwXPzTiK58V2WpdPiJTCA8RwQD5,451615403,1790677830,0,0,7MUhAAwdR3Kx3H4tbdiyGTZ3uMt5AAtiYP53Uc27BmJX,TokenzQdBNbLqP5VEhdkAS6EPFLC1PHnBqCXEpPxuEb,https://metadata.j7tracker.io/m/ibt3WXOXrB,pumpfun-create-borsh-v1,success
solana:tyFG5pPSKpqHbVwbstdNXRDZiURuzSULSNy7vkVHcDCt8JL48uBmA4nQJv4trTV95cbxdKyCP5Ljnr7GjKRSdQa:0:0,solana-mainnet,pump.fun,tyFG5pPSKpqHbVwbstdNXRDZiURuzSULSNy7vkVHcDCt8JL48uBmA4nQJv4trTV95cbxdKyCP5Ljnr7GjKRSdQa,451615402,1790677830,0,0,9jrVCbqHM6poTFNpokiEYgh4cd34E2v6p64HLhA7hjC3,TokenzQdBNbLqP5VEhdkAS6EPFLC1PHnBqCXEpPxuEb,https://metadata.j7tracker.io/m/BuLAGjVRGm,pumpfun-create-borsh-v1,success
solana:RVjxwt46pbHySqvVNNansjFWiFQsmj9Nb4EKJsHdUjVpVBydMgXqGJ8GHSG3Xi6d6mG7Z3L5s3EkMB6GkC9EVeN:2:0,solana-mainnet,pump.fun,RVjxwt46pbHySqvVNNansjFWiFQsmj9Nb4EKJsHdUjVpVBydMgXqGJ8GHSG3Xi6d6mG7Z3L5s3EkMB6GkC9EVeN,451615400,1790677829,2,0,5nD4GVWqh59NM77CpiZNYGscWxVCQBTRBdFskj9nScqi,TokenzQdBNbLqP5VEhdkAS6EPFLC1PHnBqCXEpPxuEb,https://metadata.j7tracker.io/metadata/nBkF9GT6Z2.json,pumpfun-create-borsh-v1,success
solana:K96CpGPMzkYrznNTaQyhrj93z8YWdyzRYNSu9aptrC6aVr45CCaDEEiYwviDwhghsb17HCpZWp6muRDhMX1yBhG:2:0,solana-mainnet,pump.fun,K96CpGPMzkYrznNTaQyhrj93z8YWdyzRYNSu9aptrC6aVr45CCaDEEiYwviDwhghsb17HCpZWp6muRDhMX1yBhG,451615399,1790677829,2,0,BoahRzrwwUA9Sg9wt2qwDwqKwz4mSharSZQiNqEvpump,TokenzQdBNbLqP5VEhdkAS6EPFLC1PHnBqCXEpPxuEb,https://ipfs.io/ipfs/bafkreiar2orsp77d3qkriy3ns44trsd2mqzv3vtdwi3dg2uejcryqxssaa,pumpfun-create-borsh-v1,success
solana:3CGbemDRDmhmrgBTCG1bUFW38f7D9vqLaWkhz1Z1essVYaWXJJ7y1aC1Lde72FHFsCqcAx4yiyogRtzZTqm1TfvZ:0:0,solana-mainnet,pump.fun,3CGbemDRDmhmrgBTCG1bUFW38f7D9vqLaWkhz1Z1essVYaWXJJ7y1aC1Lde72FHFsCqcAx4yiyogRtzZTqm1TfvZ,451615399,1790677829,0,0,C1EzHp39jTTHmvB9s9RAWxigcUShncwKSZ4o6TFgiDST,TokenzQdBNbLqP5VEhdkAS6EPFLC1PHnBqCXEpPxuEb,https://metadata.j7tracker.io/m/GVo58hn2f2,pumpfun-create-borsh-v1,success
solana:9CC4PZCAoZapBnfbHw2FQJiuh5FSpK8Yk9B8rGAGo11MnNjminuvak8uQpdp2hueesU9HmALPcYiUYKjTZuSxf1:2:0,solana-mainnet,pump.fun,9CC4PZCAoZapBnfbHw2FQJiuh5FSpK8Yk9B8rGAGo11MnNjminuvak8uQpdp2hueesU9HmALPcYiUYKjTZuSxf1,451615398,1790677829,2,0,7c4SVNps7uD4QS8eoBFsk5V5UzPs39GmDbGVYwJ72SXw,TokenzQdBNbLqP5VEhdkAS6EPFLC1PHnBqCXEpPxuEb,https://ipfs.io/ipfs/bafkreieufaydkeycvc2vz2ox6htc5tjjrkha5aakcpt734vsnhyjtsvf5i,pumpfun-create-borsh-v1,success
solana:4u4FvaKMnF9SMAJvMuRWhX9hYcLuDBFRXmxsHPxPh4qxVUCBGEHwXjxuwjgxY14CJ8V7FchGmsPfK7CawR233mfd:0:0,solana-mainnet,pump.fun,4u4FvaKMnF9SMAJvMuRWhX9hYcLuDBFRXmxsHPxPh4qxVUCBGEHwXjxuwjgxY14CJ8V7FchGmsPfK7CawR233mfd,451615398,1790677829,0,0,DtS8qe2LcU7otFfY3amhtQQccqJspPbgGX9mWrzsReME,TokenzQdBNbLqP5VEhdkAS6EPFLC1PHnBqCXEpPxuEb,https://metadata.j7tracker.io/m/ZgHup6ClrD,pumpfun-create-borsh-v1,success
solana:31xrq4tshoknvDW3fbmdTu4BSx2bDx84uGhmkFgMyUsrJ5y2kKmC3MpinuJyFRTYxEDNs7f8cH7RXYkPMDCRmU9f:0:0,solana-mainnet,pump.fun,31xrq4tshoknvDW3fbmdTu4BSx2bDx84uGhmkFgMyUsrJ5y2kKmC3MpinuJyFRTYxEDNs7f8cH7RXYkPMDCRmU9f,451615396,1790677828,0,0,H6nQ8QVMb2kgdzSgotAQXVDo1oAZ8QibvJoYYGWmLacv,TokenzQdBNbLqP5VEhdkAS6EPFLC1PHnBqCXEpPxuEb,https://metadata.j7tracker.io/m/lI5O9q3tcP,pumpfun-create-borsh-v1,success
solana:399yXucbmnP6tSfn8VCu7iyJKmxF3vLtToXtjqsCvt5cPTH7mG7G7YukBBGTU67Woe4y43TqBEEGhjCYEuW7CdQE:2:0,solana-mainnet,pump.fun,399yXucbmnP6tSfn8VCu7iyJKmxF3vLtToXtjqsCvt5cPTH7mG7G7YukBBGTU67Woe4y43TqBEEGhjCYEuW7CdQE,451615386,1790677825,2,0,GjsAhNm2CxpQDirpmpit76dGoShB1HmVSx5hTouSCodJ,TokenzQdBNbLqP5VEhdkAS6EPFLC1PHnBqCXEpPxuEb,https://metadata.j7tracker.io/metadata/spcyDEt83N.json,pumpfun-create-borsh-v1,success
solana:2YBb335UbMsH2XPJwWij84Kp7WVX1vWuqMq1viBopCHg3QVCPAt2P85xMSRDJBd7B2vDv5JgqwRhpGSH99dht34V:2:0,solana-mainnet,pump.fun,2YBb335UbMsH2XPJwWij84Kp7WVX1vWuqMq1viBopCHg3QVCPAt2P85xMSRDJBd7B2vDv5JgqwRhpGSH99dht34V,451615382,1790677824,2,0,4wTV1YmiEkRvAtNtsSGPtUrqRYQMe5SKy2uB4Jjaxnjf,ATokenGPvbdGVxr1b2hvZbsiqW5xWH25efTNsLJA8knL," ",pumpfun-create-borsh-v1,success
solana:5VGS6KfcfwrrhkqikS8FqurtJ5kwQf3LZkBchcN54FJrrTgA3EYYJKpfJJMDwJBib223E4kyrYeyypx1jHpdF2cg:2:0,solana-mainnet,pump.fun,5VGS6KfcfwrrhkqikS8FqurtJ5kwQf3LZkBchcN54FJrrTgA3EYYJKpfJJMDwJBib223E4kyrYeyypx1jHpdF2cg,451615382,1790677824,2,0,4wTV1YmiEkRvAtNtsSGPtUrqRYQMe5SKy2uB4Jjaxnjf,ATokenGPvbdGVxr1b2hvZbsiqW5xWH25efTNsLJA8knL,"  ",pumpfun-create-borsh-v1,success
solana:2oaQTcQE4nRgGT58nh3QAoEUicJb6KbFTLtpPZbPrSeqo2JYWX6NBrNgNoGMVzmEMZk96tGHrXKmyhQ5Ayj71F58:0:0,solana-mainnet,pump.fun,2oaQTcQE4nRgGT58nh3QAoEUicJb6KbFTLtpPZbPrSeqo2JYWX6NBrNgNoGMVzmEMZk96tGHrXKmyhQ5Ayj71F58,451615378,1790677823,0,0,DVUPAhotqWyUuGyFcBxuyfyx8srH2uDBGv6wYrd1pump,TokenzQdBNbLqP5VEhdkAS6EPFLC1PHnBqCXEpPxuEb,https://ipfs.io/ipfs/bafkreia27zdx4r3hmowoj2udnqfjaopiql6bfwyr2y3rgk2riylfpqbgee,pumpfun-create-borsh-v1,success
solana:5KmnG9MZmvv4hLJMhBJC16U6rfwStd4c3Rm1zqxPnxoChEaNsC47PvjM6fCy6WB8QsLpps1seKBXCoFi8F1LNBvh:2:0,solana-mainnet,pump.fun,5KmnG9MZmvv4hLJMhBJC16U6rfwStd4c3Rm1zqxPnxoChEaNsC47PvjM6fCy6WB8QsLpps1seKBXCoFi8F1LNBvh,451615377,1790677823,2,0,2D3CvuAxXee4xq7Y95xmAPSQfy5BhexEfFNVxvTopump,TokenzQdBNbLqP5VEhdkAS6EPFLC1PHnBqCXEpPxuEb,https://ipfs.io/ipfs/QmcKrJYXBiLdwH2PRad5GFisSDcSeKRNGLBfuwocnWSr2T,pumpfun-create-borsh-v1,success
solana:2xUkrZ4yC9z9PpBn2JLNLaLsS5xLDftokRj6BrNB5UTTYEEXaRfo7nAJoR2n1zo97e7xZzJvFRk8V81wdb1Xpqj8:2:0,solana-mainnet,pump.fun,2xUkrZ4yC9z9PpBn2JLNLaLsS5xLDftokRj6BrNB5UTTYEEXaRfo7nAJoR2n1zo97e7xZzJvFRk8V81wdb1Xpqj8,451615376,1790677823,2,0,32vzLCj4XTFqtuy5FLoADGtNhBUW1CHCZQERjM719X4i,TokenzQdBNbLqP5VEhdkAS6EPFLC1PHnBqCXEpPxuEb,https://metadata.j7tracker.io/metadata/UtAjr4Mogd.json,pumpfun-create-borsh-v1,success
solana:D1kd6pdKXL6ed931tbBk7FSh6brpdTeYFmikAmKAJymxPtWX7BFpJZnjMnCoSt7858JQyqqHu2L7ZM4595MoHgA:2:0,solana-mainnet,pump.fun,D1kd6pdKXL6ed931tbBk7FSh6brpdTeYFmikAmKAJymxPtWX7BFpJZnjMnCoSt7858JQyqqHu2L7ZM4595MoHgA,451615366,1790677820,2,0,73uPffvpY1TZNNJKMEtqGZ5TE4YMqdmwtJP6D83qpump,TokenzQdBNbLqP5VEhdkAS6EPFLC1PHnBqCXEpPxuEb,https://ipfs.io/ipfs/bafkreigqft5qthh3mtuit6nxvrdlgsgh7ccomy54llkboeoibeul3g3tem,pumpfun-create-borsh-v1,success
solana:2hiGpKdpLfAUPFj7gnowoMm659y1LoRLDRpPCdQrxgNmLBrJV8vZvSjPPsNPJhhbHXEDy9czt3cYmWXFzNme5RLq:2:0,solana-mainnet,pump.fun,2hiGpKdpLfAUPFj7gnowoMm659y1LoRLDRpPCdQrxgNmLBrJV8vZvSjPPsNPJhhbHXEDy9czt3cYmWXFzNme5RLq,451615344,1790677814,2,0,4wTV1YmiEkRvAtNtsSGPtUrqRYQMe5SKy2uB4Jjaxnjf,ATokenGPvbdGVxr1b2hvZbsiqW5xWH25efTNsLJA8knL,"  ",pumpfun-create-borsh-v1,success
solana:2ujA1BxXiAdushAusWFj24xR7BZHeM5De8KwQky16Z2GFzeaMTSWeCWSya8xA7W5LgvoqQqPCp4gS8gdzvdubzvn:2:0,solana-mainnet,pump.fun,2ujA1BxXiAdushAusWFj24xR7BZHeM5De8KwQky16Z2GFzeaMTSWeCWSya8xA7W5LgvoqQqPCp4gS8gdzvdubzvn,451615344,1790677814,2,0,4wTV1YmiEkRvAtNtsSGPtUrqRYQMe5SKy2uB4Jjaxnjf,ATokenGPvbdGVxr1b2hvZbsiqW5xWH25efTNsLJA8knL,"    ",pumpfun-create-borsh-v1,success
solana:Mh6tqKMRAoM3nVnWQBn8XGhheQUUxBmLZB1YyqST843xV5wKcciHKdEGTs1NdoPbGNiJTem8ofvV7kxdadtDEFs:2:0,solana-mainnet,pump.fun,Mh6tqKMRAoM3nVnWQBn8XGhheQUUxBmLZB1YyqST843xV5wKcciHKdEGTs1NdoPbGNiJTem8ofvV7kxdadtDEFs,451615319,1790677807,2,0,6y7SAZ72xtjZWCx1g5rNqeBxTxG6xQAZgmJKUEt4tiME,TokenzQdBNbLqP5VEhdkAS6EPFLC1PHnBqCXEpPxuEb,https://pump.mypinata.cloud/ipfs/bafkreiexqrmwcaynvsbziytknndv7suhgysxizx4z2fb5xad6kbmohcefe,pumpfun-create-borsh-v1,success
solana:SNSwBhAsTHJr14CkCPNqBgwWWyeA5zhmi6BavFQsqqn9LWwhzGYCDmdMDz1qQ4nQuf4LATvKfW5SHM2aJ5yzyR9:2:0,solana-mainnet,pump.fun,SNSwBhAsTHJr14CkCPNqBgwWWyeA5zhmi6BavFQsqqn9LWwhzGYCDmdMDz1qQ4nQuf4LATvKfW5SHM2aJ5yzyR9,451615317,1790677807,2,0,BoBZ6t4eoU5R5mDs7zxEcxDQoracFuXsW4CDd2NCpump,TokenzQdBNbLqP5VEhdkAS6EPFLC1PHnBqCXEpPxuEb,https://ipfs.io/ipfs/QmfG6fyvymy1qrgjqrsTN3DgazMU6FHjVMh2CBWUqoaKA1,pumpfun-create-borsh-v1,success
solana:HV9QhQwMT3cGAgXm7bih5yGBYEiVhW9eA991wCB2qntWPuoLhFhmbYAXXkhnmCXSDwT4zWpacowTFEmtuR2zayw:2:0,solana-mainnet,pump.fun,HV9QhQwMT3cGAgXm7bih5yGBYEiVhW9eA991wCB2qntWPuoLhFhmbYAXXkhnmCXSDwT4zWpacowTFEmtuR2zayw,451615316,1790677807,2,0,Htc1hFQHWjjft6K5gN5RWaDSixmJyDdDpfdYxq5pump,TokenzQdBNbLqP5VEhdkAS6EPFLC1PHnBqCXEpPxuEb,https://ipfs.io/ipfs/Qmb1jZ6n4yo3oSs4fCaZsM77FnFGRMMvWMFjU16gfQxdDk,pumpfun-create-borsh-v1,success
solana:4ejYpRUCEXr3GdzdDbbkT5i2bQME1V4vKoydNYFtX7gaiLPtAeuwjj6wdbQQD7indDiaMGt13mb5pavbQKbxBqXu:2:0,solana-mainnet,pump.fun,4ejYpRUCEXr3GdzdDbbkT5i2bQME1V4vKoydNYFtX7gaiLPtAeuwjj6wdbQQD7indDiaMGt13mb5pavbQKbxBqXu,451615313,1790677806,2,0,8wEJVKP2zA51hNWyZZbnbrqSQXM8fxGFtnvWTej7pump,TokenzQdBNbLqP5VEhdkAS6EPFLC1PHnBqCXEpPxuEb,https://ipfs.io/ipfs/QmWhabDrLmJ695bntu18rcpEcMwXU5SPYAhJ7eRJErxuKN,pumpfun-create-borsh-v1,success
solana:46k38gvqxfkjVcyDVYUJgVK8pfpSqaL1enz6q1jYd8FdiA3FxbSGWKVDyg9trDgyMA8e4nB1A2tHEhZoAr2St18:2:0,solana-mainnet,pump.fun,46k38gvqxfkjVcyDVYUJgVK8pfpSqaL1enz6q1jYd8FdiA3FxbSGWKVDyg9trDgyMA8e4nB1A2tHEhZoAr2St18,451615310,1790677805,2,0,2w6p7sTbY5YkpMirfk8eunt7ge7kNoTxCZ9ojuo4xQF1,TokenzQdBNbLqP5VEhdkAS6EPFLC1PHnBqCXEpPxuEb,https://metadata.j7tracker.io/metadata/5dcd07c4e7a541b7.json,pumpfun-create-borsh-v1,success
solana:587cyGttZ9whScXqKigmW9rMkmA7zQjQUKYGb9Kz4yijuCxHfHRE6BRERt7cTjJJ8LBUtkPUJYou9PSLpLzJm1dM:2:0,solana-mainnet,pump.fun,587cyGttZ9whScXqKigmW9rMkmA7zQjQUKYGb9Kz4yijuCxHfHRE6BRERt7cTjJJ8LBUtkPUJYou9PSLpLzJm1dM,451615309,1790677805,2,0,6y6QPT3ZHrjWGZgu1NE9n6Ej4vg69ymWckmXhYXHwiwd,TokenzQdBNbLqP5VEhdkAS6EPFLC1PHnBqCXEpPxuEb,ipfs://bafkreihyz7vpg6gvbrcwbrbgwvjqcsmu4fbnp5tvjmgvi4g2ncc2jaif24,pumpfun-create-borsh-v1,success
solana:5QobUyjWTQvvkFWWHcehiyzKviyuCrsfD1kEnD9p4Ha2PgYcg3afzuTT23yUf3bLPA8zgphABcGNfLZ1bXDR1qWp:2:0,solana-mainnet,pump.fun,5QobUyjWTQvvkFWWHcehiyzKviyuCrsfD1kEnD9p4Ha2PgYcg3afzuTT23yUf3bLPA8zgphABcGNfLZ1bXDR1qWp,451615305,1790677804,2,0,4wTV1YmiEkRvAtNtsSGPtUrqRYQMe5SKy2uB4Jjaxnjf,ATokenGPvbdGVxr1b2hvZbsiqW5xWH25efTNsLJA8knL," ",pumpfun-create-borsh-v1,success
solana:2kiiTRD1L5VV8U53sDzm1KBw4jqkxvLn1xYBdsFFdComsBeRD2hrd9cvCyySMp3Vcj2yXSMw57Twf1UbDUHUQufH:2:0,solana-mainnet,pump.fun,2kiiTRD1L5VV8U53sDzm1KBw4jqkxvLn1xYBdsFFdComsBeRD2hrd9cvCyySMp3Vcj2yXSMw57Twf1UbDUHUQufH,451615304,1790677803,2,0,9c52QtQY9hFBxztReLQwwSP1qo3XVG4b8u1Mgsp6pump,TokenzQdBNbLqP5VEhdkAS6EPFLC1PHnBqCXEpPxuEb,https://ipfs.io/ipfs/QmYsq9XgWyeH3JdydHqCzGW7UeQG25f3woxBZwm2HRGD9F,pumpfun-create-borsh-v1,success
solana:5c9NmEUBe85EQ8JbjDiNXSdo7MUgm5q1UAvKkrUZMvrhqbtM2o1drUxJXReCBzYUSqXeozuJY162eakmmUFjvUg1:2:0,solana-mainnet,pump.fun,5c9NmEUBe85EQ8JbjDiNXSdo7MUgm5q1UAvKkrUZMvrhqbtM2o1drUxJXReCBzYUSqXeozuJY162eakmmUFjvUg1,451615304,1790677803,2,0,4wTV1YmiEkRvAtNtsSGPtUrqRYQMe5SKy2uB4Jjaxnjf,ATokenGPvbdGVxr1b2hvZbsiqW5xWH25efTNsLJA8knL,"    ",pumpfun-create-borsh-v1,success
solana:2qeBPZyE9aACYWSQcVxThAa8zHzNTt1eBV24JufYXm6aV6kYvPbx8qTbszxmhSZNUaEAAWqbNmHbx7zktFKv9DoV:2:0,solana-mainnet,pump.fun,2qeBPZyE9aACYWSQcVxThAa8zHzNTt1eBV24JufYXm6aV6kYvPbx8qTbszxmhSZNUaEAAWqbNmHbx7zktFKv9DoV,451615267,1790677793,2,0,9jUQLKF18viF5rpBHxFFE9WiiBzeYDYQxfPqC72Zpump,TokenzQdBNbLqP5VEhdkAS6EPFLC1PHnBqCXEpPxuEb,https://ipfs.io/ipfs/Qmd3XyeHahgjiQB6bVvHrb2x5bJix9KEnzPDs2dBoSEwwG,pumpfun-create-borsh-v1,success
solana:3W1f9r846c3CmhdFbSF1EbEH5Emm44iXqrEScp8qSeeMmhSjTmstwdEjL84fLWeeTVHhNbUQ9T44cGcgWLUfQEK7:2:0,solana-mainnet,pump.fun,3W1f9r846c3CmhdFbSF1EbEH5Emm44iXqrEScp8qSeeMmhSjTmstwdEjL84fLWeeTVHhNbUQ9T44cGcgWLUfQEK7,451615246,1790677787,2,0,3APtR9C85BykP8goYSAmAUFyn7J1V8JLupVU3D5opump,TokenzQdBNbLqP5VEhdkAS6EPFLC1PHnBqCXEpPxuEb,https://ipfs.io/ipfs/QmUHsrNWVoqn1fHUAXgYeAmDQUUtaALVDKpcebTrBRktYG,pumpfun-create-borsh-v1,success
solana:4oWG36P7NU9WUBoL9V7hZepTSs73ofgyiAo8hXXcgPREbUVVvMHVcjTRsESd4ucE4GrWX2XetCM4c7GxtYdno2r7:2:0,solana-mainnet,pump.fun,4oWG36P7NU9WUBoL9V7hZepTSs73ofgyiAo8hXXcgPREbUVVvMHVcjTRsESd4ucE4GrWX2XetCM4c7GxtYdno2r7,451615221,1790677781,2,0,DKHLbVAC2HX8HYzRaNvDAEHMN33teDKfWUAET3DNpump,TokenzQdBNbLqP5VEhdkAS6EPFLC1PHnBqCXEpPxuEb,https://ipfs.io/ipfs/QmS8E9G4WS85Q74reusc7ypZhQYQmiX5cvMNY6RoGY88Yc,pumpfun-create-borsh-v1,success
solana:3DkfwmzKFgjRnuUmVnWxGNSBujLD1GcjSrLyDC38218sAUzCQJguhUxCwWar2r7Z8ZNFPJCBwnYMQktQJUeHy4C1:0:0,solana-mainnet,pump.fun,3DkfwmzKFgjRnuUmVnWxGNSBujLD1GcjSrLyDC38218sAUzCQJguhUxCwWar2r7Z8ZNFPJCBwnYMQktQJUeHy4C1,451615220,1790677781,0,0,647X13ffjpM8uJgpgQ9xfkJF81vwxvrganF52zmSpump,TokenzQdBNbLqP5VEhdkAS6EPFLC1PHnBqCXEpPxuEb,https://ipfs.io/ipfs/bafkreidkc5ebor6pewt47ygchzxkw5xknpgx5bjypyklvwjtpgf4o6fe7y,pumpfun-create-borsh-v1,success
solana:2SSDH6Dxdt3hJQ5oKKzPkX2VaLqwm98YrQv9qkz5jTzWEu6VSzpQU5D9EqVT1cVpCK1d3aBhpbU3cC6sThFVcebb:2:0,solana-mainnet,pump.fun,2SSDH6Dxdt3hJQ5oKKzPkX2VaLqwm98YrQv9qkz5jTzWEu6VSzpQU5D9EqVT1cVpCK1d3aBhpbU3cC6sThFVcebb,451615212,1790677778,2,0,2uNnYyhr62LC7Vp1mG5dMyVDwQcEK8zUPryx1cJ3MzzN,TokenzQdBNbLqP5VEhdkAS6EPFLC1PHnBqCXEpPxuEb,https://metadata.j7tracker.io/metadata/eX7fJTXjQt.json,pumpfun-create-borsh-v1,success
solana:5ysUz1ZKShbuhAPLbxUCgeFL2jAh2nGXL9a4Xmpd5bZDQvcTkVhiEjugpCkuX48PYNvHFVZEVFMHZG6gBhFeWSXg:2:0,solana-mainnet,pump.fun,5ysUz1ZKShbuhAPLbxUCgeFL2jAh2nGXL9a4Xmpd5bZDQvcTkVhiEjugpCkuX48PYNvHFVZEVFMHZG6gBhFeWSXg,451615203,1790677776,2,0,J5WZyqSbWiTCY4uE8QvEv69ys3ZDDSj2cy31VFadpump,TokenzQdBNbLqP5VEhdkAS6EPFLC1PHnBqCXEpPxuEb,https://ipfs.io/ipfs/bafkreiebq5jzlrk44yxsmwkblos7vt7tsdzzoapegwxgkpoelxiylxog24,pumpfun-create-borsh-v1,success
solana:2gtyZJpW8Au4dMtCEKQYvNFPDstDpUVsF371R7xX1cqzpPhTM5Wb1WaM6bJEHnPiTnU1UeNuZ6DP8NkX7K6SVqD4:2:0,solana-mainnet,pump.fun,2gtyZJpW8Au4dMtCEKQYvNFPDstDpUVsF371R7xX1cqzpPhTM5Wb1WaM6bJEHnPiTnU1UeNuZ6DP8NkX7K6SVqD4,451615202,1790677776,2,0,B98mNbyVZJrokzxEDYRCi69CchGYTULGtt5gtYwXpump,TokenzQdBNbLqP5VEhdkAS6EPFLC1PHnBqCXEpPxuEb,https://ipfs.io/ipfs/QmZg9jBiceyo7Mhy3EmpqvVczQCFGhBJXYagxFQtWdroHN,pumpfun-create-borsh-v1,success
solana:2sQhTuLU5Ujx6WKoBEazLU9xzmxRZFyTxA4MG8sqZdrFEgjaD6XgCqfpPLerduTVG4EDvLewej9Furf6MGrApxY6:2:0,solana-mainnet,pump.fun,2sQhTuLU5Ujx6WKoBEazLU9xzmxRZFyTxA4MG8sqZdrFEgjaD6XgCqfpPLerduTVG4EDvLewej9Furf6MGrApxY6,451615187,1790677772,2,0,2qSCRafHUaTHVbNRKUAMANd5zhdxCw6JtTL5V57epump,TokenzQdBNbLqP5VEhdkAS6EPFLC1PHnBqCXEpPxuEb,https://ipfs.io/ipfs/QmbRi6D4ehx9wYsH1cgfgwxvGwzUZpGGH1WEFQJK3TpD53,pumpfun-create-borsh-v1,success
solana:D17fuq6k5XxUsPiLs57rqhRQSUw8WCFidw3wrCMjxJmYuQRSpicHjc8Rn2rTzur1B3aQ5KjZ3zUQXWFXyYc8JzS:2:0,solana-mainnet,pump.fun,D17fuq6k5XxUsPiLs57rqhRQSUw8WCFidw3wrCMjxJmYuQRSpicHjc8Rn2rTzur1B3aQ5KjZ3zUQXWFXyYc8JzS,451615163,1790677765,2,0,53nKfqtd5SH9Pu1Ns919P6nt8KJRFVMSZcQFhLXtpump,TokenzQdBNbLqP5VEhdkAS6EPFLC1PHnBqCXEpPxuEb,https://ipfs.io/ipfs/QmbKe9XeGhau8Ctdx4u2fxLabsY9V5NkJGgKbsgtPhkyrM,pumpfun-create-borsh-v1,success
solana:4hCxW56SAFnpjmwwvzhPFRcZ3aVNDXyyHihzk5C3qc4veYb8JGGbS1XbZoNRkPb3am5YJPHRehYdixFuxRGBeKvt:2:0,solana-mainnet,pump.fun,4hCxW56SAFnpjmwwvzhPFRcZ3aVNDXyyHihzk5C3qc4veYb8JGGbS1XbZoNRkPb3am5YJPHRehYdixFuxRGBeKvt,451615151,1790677762,2,0,G2N1bcaRKtgxhTZMhowAm29QPGY7uDMxnPQZqMSVpump,TokenzQdBNbLqP5VEhdkAS6EPFLC1PHnBqCXEpPxuEb,https://ipfs.io/ipfs/QmTpSDUFjreFSm2mKrGHx9G4pk8w9P1X8sociVeWQYwgPL,pumpfun-create-borsh-v1,success
solana:3MsruZCtd7e9ekGiEAu9bdmBAMX5V4R3Rb7Tcs7W7N8x7VaGGAzy3dUxEqsdNEvPJBFHJetJqEcjJiyH9u3Host8:2:0,solana-mainnet,pump.fun,3MsruZCtd7e9ekGiEAu9bdmBAMX5V4R3Rb7Tcs7W7N8x7VaGGAzy3dUxEqsdNEvPJBFHJetJqEcjJiyH9u3Host8,451615146,1790677760,2,0,EvcSXVwKfmQmDKy3NeetiaZkj1sLDb9HH1c7rn8ipump,TokenzQdBNbLqP5VEhdkAS6EPFLC1PHnBqCXEpPxuEb,https://ipfs.io/ipfs/Qmd3XyeHahgjiQB6bVvHrb2x5bJix9KEnzPDs2dBoSEwwG,pumpfun-create-borsh-v1,success
solana:r1prXD8QZY92v85pLhy3NV2cSdLvTNAUFLoxxZ1Uz7SdSSgZkQntMBVb96iJv4f12WuKsKjvPNTW4Sjzjg7eud5:2:0,solana-mainnet,pump.fun,r1prXD8QZY92v85pLhy3NV2cSdLvTNAUFLoxxZ1Uz7SdSSgZkQntMBVb96iJv4f12WuKsKjvPNTW4Sjzjg7eud5,451615129,1790677756,2,0,9BdrtDrx1qWLm39u2NGD8csA9SYTqeeMQwdAs9o2pngi,TokenzQdBNbLqP5VEhdkAS6EPFLC1PHnBqCXEpPxuEb,https://ipfs.io/ipfs/bafkreiaetn54mrahysofkvjxiaayrmedctxvtj3kkjpsckvjmzvi4iyegm,pumpfun-create-borsh-v1,success
solana:2RSMRajMNmLYZUfcj4M4JVPRfX4mzS2yHFhzg724LcLLHLXZoyZa5bYFwmgBG8dZzP8UbD3xrnU9v29S8E79YZxz:2:0,solana-mainnet,pump.fun,2RSMRajMNmLYZUfcj4M4JVPRfX4mzS2yHFhzg724LcLLHLXZoyZa5bYFwmgBG8dZzP8UbD3xrnU9v29S8E79YZxz,451615118,1790677753,2,0,5zxFjv5WPUzdjdmdfJ2XyDKTJZW9i5Ffdjd8MNypWTVt,TokenzQdBNbLqP5VEhdkAS6EPFLC1PHnBqCXEpPxuEb,https://metadata.j7tracker.io/metadata/9zCFurxta9.json,pumpfun-create-borsh-v1,success
solana:5LUz5YUGPeUtj5jJ3SAnWZuwBThWx2VpC9ecx3CQEjfrpJBoBkr5XiSc7JgkwjtgY3fSWQDhrnfZRJvZJnRvMcNp:0:0,solana-mainnet,pump.fun,5LUz5YUGPeUtj5jJ3SAnWZuwBThWx2VpC9ecx3CQEjfrpJBoBkr5XiSc7JgkwjtgY3fSWQDhrnfZRJvZJnRvMcNp,451615108,1790677750,0,0,5WimBJWmeCxTtRbYfMorfgD4CTSVdUXeTY1Gt1N7keDg,TokenzQdBNbLqP5VEhdkAS6EPFLC1PHnBqCXEpPxuEb,https://metadata.j7tracker.io/metadata/3328157cb954416f.json,pumpfun-create-borsh-v1,success
solana:3gUa6zcF8y8HTUan1d5YR6NhRxHY5tCtAVm2FU9Q7KThkGWBrG3QxrU99XJ6iZ7Qy6CHMp5m8zRNbe5BMLZz3Mad:2:0,solana-mainnet,pump.fun,3gUa6zcF8y8HTUan1d5YR6NhRxHY5tCtAVm2FU9Q7KThkGWBrG3QxrU99XJ6iZ7Qy6CHMp5m8zRNbe5BMLZz3Mad,451615097,1790677747,2,0,532349WJJVCAhdwhyHMYuZuUuLr6BgbcytwW7AEWpump,TokenzQdBNbLqP5VEhdkAS6EPFLC1PHnBqCXEpPxuEb,https://ipfs.io/ipfs/bafkreib5g7dujp6wrtkp3qjwnroljvgp4yulh633b2bfhvc5eu7khfnarq,pumpfun-create-borsh-v1,success
solana:4uZ9kPki3qxr5MEm2LeJJvrFACua6ePAZL1eKhEJvDyWRqWahFJzbuhEeBFwa7DpR8xQUWhhmij8XSxCN568EooF:2:0,solana-mainnet,pump.fun,4uZ9kPki3qxr5MEm2LeJJvrFACua6ePAZL1eKhEJvDyWRqWahFJzbuhEeBFwa7DpR8xQUWhhmij8XSxCN568EooF,451615061,1790677738,2,0,9iDNEsLJtn49FjwqWudfdy9qSUGHdvEdiBLGTTq3pump,TokenzQdBNbLqP5VEhdkAS6EPFLC1PHnBqCXEpPxuEb,https://ipfs.io/ipfs/QmZ8Bge2xn3q2hemgGysdt6Lquj8S529o9ULxksRfHnRiP,pumpfun-create-borsh-v1,success
solana:4f5K5ZDXZH65s3fMzZDvLBjtqR3a6tfxVPspzS9gvK2QSRh5bGo1U6KNDACviqSeg7ZsxoMkioiBnecUHMJZAdqL:2:0,solana-mainnet,pump.fun,4f5K5ZDXZH65s3fMzZDvLBjtqR3a6tfxVPspzS9gvK2QSRh5bGo1U6KNDACviqSeg7ZsxoMkioiBnecUHMJZAdqL,451615047,1790677734,2,0,2av7Yyqi2L9RMKotto8hMXsR9MAha6mAFoV3PUw7pump,TokenzQdBNbLqP5VEhdkAS6EPFLC1PHnBqCXEpPxuEb,https://ipfs.io/ipfs/QmakARkH1tA3FY4zWaAnMBFRraUKrFRCFmnxjzopm8qBpL,pumpfun-create-borsh-v1,success
solana:5sUNPDxYEu6BzzHPWfCaQvjhZgefyoRPsRLL1jZGNxaFXVVd7RPK29qsrGeWcJcAPo4eqBd2ZecHintYeZrQjFun:2:0,solana-mainnet,pump.fun,5sUNPDxYEu6BzzHPWfCaQvjhZgefyoRPsRLL1jZGNxaFXVVd7RPK29qsrGeWcJcAPo4eqBd2ZecHintYeZrQjFun,451615001,1790677722,2,0,BPG86oXiz35gJ23ZCfb5XZbXFy8Jmzpbu82b9MhMWd4q,TokenzQdBNbLqP5VEhdkAS6EPFLC1PHnBqCXEpPxuEb,https://metadata.j7tracker.io/metadata/bb5cec549d19424f.json,pumpfun-create-borsh-v1,success
solana:5SJwKdK3aTDBB1VcKdgW5EMwS1AnTyTy1noR1xDY6643hXoJc1ExWbiRqAvMC4nn4K21x6edcb8LPbpM8zMJLkCs:2:0,solana-mainnet,pump.fun,5SJwKdK3aTDBB1VcKdgW5EMwS1AnTyTy1noR1xDY6643hXoJc1ExWbiRqAvMC4nn4K21x6edcb8LPbpM8zMJLkCs,451614993,1790677720,2,0,GDHuuvQXqmaymd249MdQqkg2DKuAhUfHsya1BMiFpump,TokenzQdBNbLqP5VEhdkAS6EPFLC1PHnBqCXEpPxuEb,https://meta.uxento.io/data/d8b08a2c-cd18-47a2-a54b-8aeafa5b0586,pumpfun-create-borsh-v1,success
solana:5S16bbUmCjDM3Ek4pijr4BHfqLWe4Fijcfd2wURxYwnvrZJnhbsec6FLkh3rZN3qGkWL1Mpsa88sVskDna4MLdKH:2:0,solana-mainnet,pump.fun,5S16bbUmCjDM3Ek4pijr4BHfqLWe4Fijcfd2wURxYwnvrZJnhbsec6FLkh3rZN3qGkWL1Mpsa88sVskDna4MLdKH,451614976,1790677715,2,0,3ghmzX7MmHf3WX2Jg3tzx6mQSprTX2n9aX3nuytypump,TokenzQdBNbLqP5VEhdkAS6EPFLC1PHnBqCXEpPxuEb,https://ipfs.io/ipfs/bafkreiaw6cjxa2cl7mwu37pxrctwu3vloaynnutbvf7tnlaa4jd3mpzvvi,pumpfun-create-borsh-v1,success
solana:5qbAhGsKhtJL3GwmQnBZrTXYS5HYd1VRyhTZki5h7141tskgLnxqAYrThjC1VLfhBrNcvn1VUve2MD5KbtDMDeLY:2:0,solana-mainnet,pump.fun,5qbAhGsKhtJL3GwmQnBZrTXYS5HYd1VRyhTZki5h7141tskgLnxqAYrThjC1VLfhBrNcvn1VUve2MD5KbtDMDeLY,451614976,1790677715,2,0,3x14chjLmuGKuN5MJiNWcZWeP7G5RnWs4imhXuM1pump,TokenzQdBNbLqP5VEhdkAS6EPFLC1PHnBqCXEpPxuEb,https://ipfs.io/ipfs/bafkreicgi74tljm6xycdeb3rst6loyzu7htpgiuozc7q65we5wddqdbbz4,pumpfun-create-borsh-v1,success
solana:KfAoe9bYqrhMUAtXCadGwBW2ruGgoUKkyYC2nMUj2zjsv6GvnSV5oftropfkqHWkrunc23yCikHVRtibReoodfg:2:0,solana-mainnet,pump.fun,KfAoe9bYqrhMUAtXCadGwBW2ruGgoUKkyYC2nMUj2zjsv6GvnSV5oftropfkqHWkrunc23yCikHVRtibReoodfg,451614965,1790677712,2,0,FTcMnjh3B2oNc5begGN8p6bax2DnVo16YhLnGxJyQBJq,TokenzQdBNbLqP5VEhdkAS6EPFLC1PHnBqCXEpPxuEb,https://metadata.j7tracker.io/metadata/067fc71777e54850.json,pumpfun-create-borsh-v1,success
solana:2QxJoCuD1sBCa2PyijUfc9ATmd6rW58yYcqcz7T21ckryHJaDzYnVwtUZysr2MsALg6amrkPhcbFxxABUY6DVaDn:2:0,solana-mainnet,pump.fun,2QxJoCuD1sBCa2PyijUfc9ATmd6rW58yYcqcz7T21ckryHJaDzYnVwtUZysr2MsALg6amrkPhcbFxxABUY6DVaDn,451614964,1790677712,2,0,DKxmUuGdtXGyS4Xk25XLUrg5sdwxS7Pxjyhhc3r5pump,TokenzQdBNbLqP5VEhdkAS6EPFLC1PHnBqCXEpPxuEb,https://meta.uxento.io/data/2bd133a0-5178-47b1-916b-f058fb81182a,pumpfun-create-borsh-v1,success
solana:3t4VcGWBCaEf4E6r5CKAJuaMpoz3Jqspgq24GewL5ghTdAFS8vuroEA1gzSnxCVWu1qL5MnSW2345x5RTyWufxE6:2:0,solana-mainnet,pump.fun,3t4VcGWBCaEf4E6r5CKAJuaMpoz3Jqspgq24GewL5ghTdAFS8vuroEA1gzSnxCVWu1qL5MnSW2345x5RTyWufxE6,451614961,1790677711,2,0,3cciJQtNPCB8EfJBGgoLdFKCAhEupZUw7vrrzWPopump,TokenzQdBNbLqP5VEhdkAS6EPFLC1PHnBqCXEpPxuEb,https://meta.uxento.io/data/6285f660-9f2f-4cb5-a78d-cd6d427ddc81,pumpfun-create-borsh-v1,success
solana:sGKLYkvpMHzPgJXLmNrNCLjyMqnULWXnE2BGLDzaU7EivCTsLjDFZbU7t5mKz6CRS5n4PeLQjwJwJ3V4SGDmg4P:2:0,solana-mainnet,pump.fun,sGKLYkvpMHzPgJXLmNrNCLjyMqnULWXnE2BGLDzaU7EivCTsLjDFZbU7t5mKz6CRS5n4PeLQjwJwJ3V4SGDmg4P,451614958,1790677710,2,0,EcpRyrtxA4BCesi3XqtGMSCMyZcwbVxLxbyoBxr5pump,TokenzQdBNbLqP5VEhdkAS6EPFLC1PHnBqCXEpPxuEb,https://ipfs.io/ipfs/bafkreihtq3buqd3gdttemtahjr4626lmvvz2pmzltiu5jjksqtz2ddcyoa,pumpfun-create-borsh-v1,success
solana:Mst8gu9icbUrr1PMRN3wkrPRYw5wKBcbNDqR1J4kUhszegpF8Ysus8ZLKAiGDFCo2esZP5DHi4GrMywMRaLG5QW:2:1,solana-mainnet,pump.fun,Mst8gu9icbUrr1PMRN3wkrPRYw5wKBcbNDqR1J4kUhszegpF8Ysus8ZLKAiGDFCo2esZP5DHi4GrMywMRaLG5QW,451614953,1790677709,2,1,Btsh1WEtLx6TbKFyidn1aeEJYxTbNLx3wQHn3xdmpump,TokenzQdBNbLqP5VEhdkAS6EPFLC1PHnBqCXEpPxuEb,https://ipfs.io/ipfs/QmUUBqFC5EpnSi2ccZHpDVpn36eKv6MXykwAPtQXz4vP6C,pumpfun-create-borsh-v1,success
solana:3NPKPzsrQwqrwTDJkvEVMgCBLPzvRxgQKtbY4zjyYsGfGcXfxg8aSPgFY8ZGiAcRKb8mT2CQf9EGer8TsNfzaXr6:0:0,solana-mainnet,pump.fun,3NPKPzsrQwqrwTDJkvEVMgCBLPzvRxgQKtbY4zjyYsGfGcXfxg8aSPgFY8ZGiAcRKb8mT2CQf9EGer8TsNfzaXr6,451614939,1790677705,0,0,CgCEVdMYoQK3t698DcfYK97RDNKYoY3WoKgEsMBtpump,TokenzQdBNbLqP5VEhdkAS6EPFLC1PHnBqCXEpPxuEb,https://ipfs.io/ipfs/bafkreidpjntyu44c25p5dx7zxnlbuodidetj62h7lfmzcmu7ukrw5pxykm,pumpfun-create-borsh-v1,success
solana:2TpxQxXr6DXQ5ptd5UtZ71owRvAwPwkjUwamW4uK5rk42LKrQJwWhzjKEmdeWb2NNvh1CLdXeTMgvvGbKcFkB77F:2:0,solana-mainnet,pump.fun,2TpxQxXr6DXQ5ptd5UtZ71owRvAwPwkjUwamW4uK5rk42LKrQJwWhzjKEmdeWb2NNvh1CLdXeTMgvvGbKcFkB77F,451614935,1790677704,2,0,E5kfopcVBFozcsGfyPoDqmNTP76H4mhfnDBRWHPVpump,TokenzQdBNbLqP5VEhdkAS6EPFLC1PHnBqCXEpPxuEb,https://m.rapidlaunch.io/m/a1nWvDkvC,pumpfun-create-borsh-v1,success
solana:45TfHayUnkroNBi38RDvXGoBaHfcPy5bKxdv9p4Q48uHqqeEUqE443FZKemqsquKeUjrqKfBAReyw6vQ3EbykDWG:2:0,solana-mainnet,pump.fun,45TfHayUnkroNBi38RDvXGoBaHfcPy5bKxdv9p4Q48uHqqeEUqE443FZKemqsquKeUjrqKfBAReyw6vQ3EbykDWG,451614911,1790677698,2,0,63BuGGbdDaay3GzJoJzRDKngN4isdz2By1n3kxtspump,TokenzQdBNbLqP5VEhdkAS6EPFLC1PHnBqCXEpPxuEb,https://ipfs.io/ipfs/QmYk3f3VnoVJS8zPGfDS4X6S6YYPLwgfRHN6ttFgGkh5kR,pumpfun-create-borsh-v1,success
solana:DR7PavwjdL6WjuW6UgqH7ggJFoht2SuV9P9oE339rn1dXCqhaJvvEUcgXFwGBwifRB8mwBS9xXz1k1zbaVUq3Sg:2:0,solana-mainnet,pump.fun,DR7PavwjdL6WjuW6UgqH7ggJFoht2SuV9P9oE339rn1dXCqhaJvvEUcgXFwGBwifRB8mwBS9xXz1k1zbaVUq3Sg,451614910,1790677698,2,0,AAmaxh2x2tzdqFCtApwRCrHPRi9nzVK9cwNW1QDypump,TokenzQdBNbLqP5VEhdkAS6EPFLC1PHnBqCXEpPxuEb,https://ipfs.io/ipfs/Qmd3XyeHahgjiQB6bVvHrb2x5bJix9KEnzPDs2dBoSEwwG,pumpfun-create-borsh-v1,success
solana:2tTtbdX5NteyXefhgbDwhh8a1Pv6YPzD2GtiovxgW4LRQvas9vUW6rXEssuPqiKGzv64KiXrZDrsqZDzCzZy93Z8:2:0,solana-mainnet,pump.fun,2tTtbdX5NteyXefhgbDwhh8a1Pv6YPzD2GtiovxgW4LRQvas9vUW6rXEssuPqiKGzv64KiXrZDrsqZDzCzZy93Z8,451614897,1790677694,2,0,2upVS4HTfFaYfNrorKZT5aZ5aV5Phbn1y725CAF6pump,TokenzQdBNbLqP5VEhdkAS6EPFLC1PHnBqCXEpPxuEb,https://ipfs.io/ipfs/QmNsGCZiXUFWrGfDUZgs9MCV7Q8JEZxQGjUbj4Tj2oNMjh,pumpfun-create-borsh-v1,success
solana:3Mhiybs9u6cJ6KBEjDHKMFVqMD1iAj3ozj17DvVYGXdEcw7DE9KzPfDir8fdFAqvn8NY33o3UsbmV4HYSq14xsy9:1:0,solana-mainnet,pump.fun,3Mhiybs9u6cJ6KBEjDHKMFVqMD1iAj3ozj17DvVYGXdEcw7DE9KzPfDir8fdFAqvn8NY33o3UsbmV4HYSq14xsy9,451614896,1790677694,1,0,E9cCiTkREcDeQK2xbUHZoj4KQAh9JBjCVtyZWLt27n16,TokenzQdBNbLqP5VEhdkAS6EPFLC1PHnBqCXEpPxuEb,https://ipfs.io/ipfs/bafkreif7gojak3el6uznkwytd5hgyqsuawnzpz2w476comkik4przi47pi,pumpfun-create-borsh-v1,success
solana:svxumaHBH11A5izDvDfSXi5yGajQsVnKQfbqEvAroYfRW9bUvstHFCM6RcuGx3kFk5PBqZZBZzqWZ52Hs4rck1H:2:0,solana-mainnet,pump.fun,svxumaHBH11A5izDvDfSXi5yGajQsVnKQfbqEvAroYfRW9bUvstHFCM6RcuGx3kFk5PBqZZBZzqWZ52Hs4rck1H,451614886,1790677691,2,0,BmDnAsRxMv4Pmuaw7jQcsXp8bZHe1HsTpqyGvTY1pump,TokenzQdBNbLqP5VEhdkAS6EPFLC1PHnBqCXEpPxuEb,https://ipfs.io/ipfs/bafkreibljf5fukqunweel7lj7eker4mbdme6rqbs4gv57mrrfjf5322u7e,pumpfun-create-borsh-v1,success
solana:3mPiq16upwSVFPrugXWQhxXgwSCe2kCHDgcawSUjVyEYcad43WCMMWmeDFtYRgM8h9NhhsUTCAnf3d1FcK64XaiK:2:0,solana-mainnet,pump.fun,3mPiq16upwSVFPrugXWQhxXgwSCe2kCHDgcawSUjVyEYcad43WCMMWmeDFtYRgM8h9NhhsUTCAnf3d1FcK64XaiK,451614875,1790677688,2,0,G1UoTnPfBUDv1Va8Fp1dWdA5rBuySrtYUMkxP4rxpump,TokenzQdBNbLqP5VEhdkAS6EPFLC1PHnBqCXEpPxuEb,https://ipfs.io/ipfs/QmQZckc2FJC8wzUUaR99n9pXdfFtY2RXemGBySsXZmwZtP,pumpfun-create-borsh-v1,success
solana:2yqvogEbJwoQA79etBwnC9JaTu21KGm2Dfa9oeyW7nkgqn1FJTTkzbPzSmtQQhmRQMgfHBydKjASAnmEF4D19KEL:2:0,solana-mainnet,pump.fun,2yqvogEbJwoQA79etBwnC9JaTu21KGm2Dfa9oeyW7nkgqn1FJTTkzbPzSmtQQhmRQMgfHBydKjASAnmEF4D19KEL,451614864,1790677685,2,0,H4A2VeW9fYy9o9ePZXEfg9qnBhkXg2jpPNVXZomzpump,TokenzQdBNbLqP5VEhdkAS6EPFLC1PHnBqCXEpPxuEb,https://ipfs.io/ipfs/QmXXzkZLFG1aNv4pn4HDDJ9Z2LbNErfR94TxnE99Cb6HUp,pumpfun-create-borsh-v1,success
solana:5msQF3HD6u6YQRcNB68WXbLFY1563cpdfm7TiEEVewk2orpZ7Apf2tGwmhM4n6wDEaJ6jS5vNY2Zi1kbjk952WbQ:2:0,solana-mainnet,pump.fun,5msQF3HD6u6YQRcNB68WXbLFY1563cpdfm7TiEEVewk2orpZ7Apf2tGwmhM4n6wDEaJ6jS5vNY2Zi1kbjk952WbQ,451614857,1790677684,2,0,APk8fADVHRvAGt1vBdjFjznkFzRDjdPxyrxqLGgrpump,TokenzQdBNbLqP5VEhdkAS6EPFLC1PHnBqCXEpPxuEb,https://ipfs.io/ipfs/Qmd3XyeHahgjiQB6bVvHrb2x5bJix9KEnzPDs2dBoSEwwG,pumpfun-create-borsh-v1,success
solana:5M2qFGCrWj3PVNUh6MGgZtCVBvSb5kBM19K7iDcp643V9C6ZUBJC8568ph5zrBZCUyktbUuujWvvioRuUHGjWutZ:2:0,solana-mainnet,pump.fun,5M2qFGCrWj3PVNUh6MGgZtCVBvSb5kBM19K7iDcp643V9C6ZUBJC8568ph5zrBZCUyktbUuujWvvioRuUHGjWutZ,451614856,1790677683,2,0,52cwFPMnJ1YQEHBSKZjDU6J12HiqjwGgi74FKSfCcHy7,TokenzQdBNbLqP5VEhdkAS6EPFLC1PHnBqCXEpPxuEb,https://metadata.j7tracker.io/metadata/iQ40lONXLv.json,pumpfun-create-borsh-v1,success
solana:35G2DHiLixaqWdBVgo3vQK6BgMdEFPUZFcWisgpcX7EJnt9FTDk3RG93wiQrXNMuSm8gyFVgvo6of9zaDUDKqzKD:2:0,solana-mainnet,pump.fun,35G2DHiLixaqWdBVgo3vQK6BgMdEFPUZFcWisgpcX7EJnt9FTDk3RG93wiQrXNMuSm8gyFVgvo6of9zaDUDKqzKD,451614828,1790677676,2,0,HVw83NrX7eU9C2sfpoYAADhP3dMRhjVzzPCJPcy4pump,TokenzQdBNbLqP5VEhdkAS6EPFLC1PHnBqCXEpPxuEb,https://ipfs.io/ipfs/bafkreibxz5jvwbsvr7wfx44rfvgcjtotb2fp3trzwhud5hye2mue4dgysi,pumpfun-create-borsh-v1,success
solana:4VauSSTmaArB4baRyjYFAhzivUDGtvAsegihBxV598UF5PYs2E15YT3oM98L3kZDWDkob11v9eUix6ob4XGPfj34:2:0,solana-mainnet,pump.fun,4VauSSTmaArB4baRyjYFAhzivUDGtvAsegihBxV598UF5PYs2E15YT3oM98L3kZDWDkob11v9eUix6ob4XGPfj34,451614820,1790677674,2,0,9N1dc7UsR1yDZoh5TBvWT7xj8HrqpJGagxx7U4Yypump,TokenzQdBNbLqP5VEhdkAS6EPFLC1PHnBqCXEpPxuEb,https://ipfs.io/ipfs/bafkreigcs53eotclx3cdvz7x4q25iogtsa7c54ysd3dnevgjfzenzupkom,pumpfun-create-borsh-v1,success
solana:2FdeVfUi2ALnMd2dAf1ZVum2JGbC1LUVqgfcfmpJj9Gau84Xs8J5cagHstnrNg417pVYxxV1AeFjJ6kRwnP4tnCM:2:0,solana-mainnet,pump.fun,2FdeVfUi2ALnMd2dAf1ZVum2JGbC1LUVqgfcfmpJj9Gau84Xs8J5cagHstnrNg417pVYxxV1AeFjJ6kRwnP4tnCM,451614806,1790677670,2,0,HA5wX6ANH2PMd46s4nE5KPimcWEXFQVzxQNzYrJnpump,TokenzQdBNbLqP5VEhdkAS6EPFLC1PHnBqCXEpPxuEb,https://ipfs.io/ipfs/bafkreiboco6ojoufzuamcslq53jcqizqbtr3u2opirkkgeb36k6wfouvsy,pumpfun-create-borsh-v1,success
solana:2PpxTBY2D2UdENXHyhZDskEYFMLPoD5fc9MAvcHW9vUF3zMiDgU6YrTE1uJEEFjXkaDDVQyfq9hSTeT6rMa2GmBC:2:0,solana-mainnet,pump.fun,2PpxTBY2D2UdENXHyhZDskEYFMLPoD5fc9MAvcHW9vUF3zMiDgU6YrTE1uJEEFjXkaDDVQyfq9hSTeT6rMa2GmBC,451614802,1790677669,2,0,GVZPUUk5Zozo89A8bFohw34DgH8SWt7nLPVNzY2jtimE,TokenzQdBNbLqP5VEhdkAS6EPFLC1PHnBqCXEpPxuEb,https://pump.mypinata.cloud/ipfs/bafkreif2t3ta4udoegugedeaj2wcoa67yslzqtgm3w45um5oz377nqqq2q,pumpfun-create-borsh-v1,success
solana:5Xc4veeXfHP7ACVDaU1U2RBng8R9h6WMoMNRV1yx2EN9mYeatjo2hDTkFkkBUemP588PpMaCp1hxndzhberPXwRN:2:0,solana-mainnet,pump.fun,5Xc4veeXfHP7ACVDaU1U2RBng8R9h6WMoMNRV1yx2EN9mYeatjo2hDTkFkkBUemP588PpMaCp1hxndzhberPXwRN,451614778,1790677662,2,0,4QQr8ZPTCVvexscRRfmqW1Q9d7fTEgacSS8bPHpMpump,TokenzQdBNbLqP5VEhdkAS6EPFLC1PHnBqCXEpPxuEb,https://ipfs.io/ipfs/QmX2SNV9DuMmakKyGvQh4d4iXSvNnbdtFT33UAeU7tc8Db,pumpfun-create-borsh-v1,success
solana:3AC3ytmo8Y6rCXPuKMrAJDJb37E6RV5WDo7HumnnXvUJUeFY6Wti9TQGDMTbQNYZ4yvGH6PuJJyYxHxCqve5h2m9:2:0,solana-mainnet,pump.fun,3AC3ytmo8Y6rCXPuKMrAJDJb37E6RV5WDo7HumnnXvUJUeFY6Wti9TQGDMTbQNYZ4yvGH6PuJJyYxHxCqve5h2m9,451614768,1790677660,2,0,AHV4z66n6f5qLfj6mWFPR6PvPgGTxnAVJ6L1Cpi2pump,TokenzQdBNbLqP5VEhdkAS6EPFLC1PHnBqCXEpPxuEb,https://ipfs.io/ipfs/Qmd3XyeHahgjiQB6bVvHrb2x5bJix9KEnzPDs2dBoSEwwG,pumpfun-create-borsh-v1,success
solana:28qN85FayJsKY6SsFqgeKhESPopjYjjhjcQq4Dk1PqeJH5EKveeEuN6SwD892n88sf81Fve5BDnr9JrVCvihVb9w:2:0,solana-mainnet,pump.fun,28qN85FayJsKY6SsFqgeKhESPopjYjjhjcQq4Dk1PqeJH5EKveeEuN6SwD892n88sf81Fve5BDnr9JrVCvihVb9w,451614761,1790677658,2,0,ANQj9wdhgqSszDkd1XZQuDZ5aPiv6Q1a8ArbUawtpump,TokenzQdBNbLqP5VEhdkAS6EPFLC1PHnBqCXEpPxuEb,https://ipfs.io/ipfs/bafkreidlpez4f4nanqgqijhjpxjbktl2fmurp2fujbzbr2doy3dyhjphe4,pumpfun-create-borsh-v1,success
solana:m6qjZFxaKXJupVasahdjfvyeAJb3PfC8NVWXbZDSntsVarda5X8WXUE6vtnyfN1XSzrq8wni1K4QSGAQdHYNsi3:2:0,solana-mainnet,pump.fun,m6qjZFxaKXJupVasahdjfvyeAJb3PfC8NVWXbZDSntsVarda5X8WXUE6vtnyfN1XSzrq8wni1K4QSGAQdHYNsi3,451614738,1790677652,2,0,HvjwqCVDKHiXQ1VGprA5KHBbPSPyGVexchQugrCw155D,TokenzQdBNbLqP5VEhdkAS6EPFLC1PHnBqCXEpPxuEb,https://ipfs.io/ipfs/bafkreickerqdddcshptpz5shm2kfrwvn27rusrgaavmn6hogqg7zuq7xca,pumpfun-create-borsh-v1,success
solana:3Bd8V4UBb7s9YgrSK6jVxcqjpy4QV7AhML1Yf7bHxwsjYQMZg4KzNWhAEefUwvS68eyj1B4UvKzP31RVZHd5P8yo:2:0,solana-mainnet,pump.fun,3Bd8V4UBb7s9YgrSK6jVxcqjpy4QV7AhML1Yf7bHxwsjYQMZg4KzNWhAEefUwvS68eyj1B4UvKzP31RVZHd5P8yo,451614725,1790677648,2,0,8nMvRdnpouPsLKqHZ6fodjCoQooRupGg9LVWzmw7pump,TokenzQdBNbLqP5VEhdkAS6EPFLC1PHnBqCXEpPxuEb,https://ipfs.io/ipfs/Qmf9FtsZ1mhMQe3TLYYSAhWuhRbtGP92ueNLt2dAhrHbGW,pumpfun-create-borsh-v1,success
solana:4EbsdtBNvhdMacTz5UaCoMaYRu8SN6ACCoMJWD12ZwmxFA3Zevx2KLeSv73nSSheXWuqfBnJZJug2GaEYe8VHEuJ:2:0,solana-mainnet,pump.fun,4EbsdtBNvhdMacTz5UaCoMaYRu8SN6ACCoMJWD12ZwmxFA3Zevx2KLeSv73nSSheXWuqfBnJZJug2GaEYe8VHEuJ,451614721,1790677647,2,0,J9EjtyaK6vZ5ggq6hPPiRYrYjXJF2ErhXKHnU4afpump,TokenzQdBNbLqP5VEhdkAS6EPFLC1PHnBqCXEpPxuEb,https://ipfs.io/ipfs/Qmcedop4CF159nYBUh8NodVi9bYkz1YdpyLJ77akxnLXPu,pumpfun-create-borsh-v1,success
solana:3v7YYPPTtJFeKBcRhgWBjLQzEhZ6AebRBQKJ6xQAZNimswn2gmR5fyKuTVUPuXfyTUBNkWu97CJXcQjXeXRWZm1B:0:0,solana-mainnet,pump.fun,3v7YYPPTtJFeKBcRhgWBjLQzEhZ6AebRBQKJ6xQAZNimswn2gmR5fyKuTVUPuXfyTUBNkWu97CJXcQjXeXRWZm1B,451614718,1790677646,0,0,Bups4J8E21i5sXoYPoUjVqSrAFjDvrD1EvPzTNrk2cvD,TokenzQdBNbLqP5VEhdkAS6EPFLC1PHnBqCXEpPxuEb,https://metadata.j7tracker.io/m/3QigBKw9cZ,pumpfun-create-borsh-v1,success
solana:2Ch7cVxyFJPJkcuDdhPQraSfhZJUN1VP8XM2B4iGpnLVX6psvC5XskPHhuG228JCd96ETU6CfJTwj4g3Bn5sL5Cb:0:0,solana-mainnet,pump.fun,2Ch7cVxyFJPJkcuDdhPQraSfhZJUN1VP8XM2B4iGpnLVX6psvC5XskPHhuG228JCd96ETU6CfJTwj4g3Bn5sL5Cb,451614715,1790677646,0,0,FSHif44hv36Jt5AWtnZfr9Dx7zyTuQtreXvYderhd9k1,TokenzQdBNbLqP5VEhdkAS6EPFLC1PHnBqCXEpPxuEb,https://metadata.j7tracker.io/m/rYqEPNEsF0,pumpfun-create-borsh-v1,success
solana:2VbTivK1BUnXmipAwaL9Rv6jnDa2m2hcPxTf64xEdcZNyJt9hHuZiA3La75H5U6Ca2f75EEhiHvJBbfSR6BWMwzF:2:0,solana-mainnet,pump.fun,2VbTivK1BUnXmipAwaL9Rv6jnDa2m2hcPxTf64xEdcZNyJt9hHuZiA3La75H5U6Ca2f75EEhiHvJBbfSR6BWMwzF,451614715,1790677646,2,0,5Rw6k7ztujy1UV11uX472gf2ekNTevwAzEV13q4Qpump,TokenzQdBNbLqP5VEhdkAS6EPFLC1PHnBqCXEpPxuEb,https://pump.mypinata.cloud/ipfs/bafkreidxrfcpghswrbs2wrw7y7q4vfegfnz6na2ktxdaa5wmo2gnmwxh7q,pumpfun-create-borsh-v1,success
solana:2m2nT8qGXpXk2g28vZtRN12hTnJtueA6FatmbxNYu7f1PdAqQz4Hayx2KZiEMNRjyt5MwxpbXsTAseV2dHba8ESi:0:0,solana-mainnet,pump.fun,2m2nT8qGXpXk2g28vZtRN12hTnJtueA6FatmbxNYu7f1PdAqQz4Hayx2KZiEMNRjyt5MwxpbXsTAseV2dHba8ESi,451614713,1790677645,0,0,9BuNL4UYQMBBntah6RB9h1Ey6kjoCvk8NjLpCkewGh2X,TokenzQdBNbLqP5VEhdkAS6EPFLC1PHnBqCXEpPxuEb,https://metadata.j7tracker.io/m/U7QDLM8eME,pumpfun-create-borsh-v1,success
solana:3M8tdtPEWf9Mso7cQ7nq4rTWoJ7QJiTqwXyUENcfAMxVPARo6tawagtdiLwWQvgo8Ae6EnGyJUFt8jXkNLM3pWfV:0:0,solana-mainnet,pump.fun,3M8tdtPEWf9Mso7cQ7nq4rTWoJ7QJiTqwXyUENcfAMxVPARo6tawagtdiLwWQvgo8Ae6EnGyJUFt8jXkNLM3pWfV,451614710,1790677644,0,0,EE8t1VsqKWF7U8BcZChitijwr7suzkQHkuWPV62nMVvh,TokenzQdBNbLqP5VEhdkAS6EPFLC1PHnBqCXEpPxuEb,https://metadata.j7tracker.io/m/NT0f6RcApq,pumpfun-create-borsh-v1,success
solana:GMUxncBvsdPirSx4geVBoLQakMmsUSy8Y2jRGEdydwAY4AB7VmT3fG18EjY7tM9x42AHpsPZnGmm4RrvDBjMn6B:2:0,solana-mainnet,pump.fun,GMUxncBvsdPirSx4geVBoLQakMmsUSy8Y2jRGEdydwAY4AB7VmT3fG18EjY7tM9x42AHpsPZnGmm4RrvDBjMn6B,451614671,1790677634,2,0,A3ivZ9Zni45yhTcUuUgc5bzzidC6FNGKvnL2d6Dipump,TokenzQdBNbLqP5VEhdkAS6EPFLC1PHnBqCXEpPxuEb,https://ipfs.io/ipfs/QmYtULBSGFSR2Xxbj8WpWfD8CzrBzPi9RXQAtC7EJ1dr4m,pumpfun-create-borsh-v1,success
